{
    "AQUAINT_MULTI_FOLD_6": {
        "dev_data_path": "/export/home/4kirsano/machamp/temporal_data/temp_bio/aquaint_multi/folds/fold_6/aquaint-val.bio",
        "tasks": {
            "ner": {
                "layers_to_use": [
                    -1
                ],
                "loss_weight": 1,
                "metric": "span_f1",
                "topn": 1,
                "column_idx": 1,
                "task_type": "seq_bio"
            }
        },
        "train_data_path": "/export/home/4kirsano/machamp/temporal_data/temp_bio/aquaint_multi/folds/fold_6/aquaint-train.bio",
        "word_idx": 0
    }
}