{
    "epoch": "7/20",
    "best_epoch": 6,
    "max_gpu_mem": "3.8070",
    "cur_ram": "2.4769",
    "time_epoch": "0:00:08",
    "time_total": "0:01:05",
    "best_train_ner_loss": 25.088779225068933,
    "train_ner_loss": 17.529463562310912,
    "best_train_sum": 0.787878787878788,
    "train_sum": 0.787878787878788,
    "best_dev_ner_loss": 18.25892312186105,
    "dev_ner_loss": 19.951569148472377,
    "best_dev_sum": 0.776978417266187,
    "dev_sum": 0.7310344827586207,
    "best_train_ner_precision": 0.6277495769881557,
    "best_train_ner_recall": 0.6934579439252336,
    "best_train_ner_span_f1": 0.6589698046181172,
    "train_ner_precision": 0.7743682310469314,
    "train_ner_recall": 0.8018691588785046,
    "train_ner_span_f1": 0.787878787878788,
    "best_dev_ner_precision": 0.8059701492537313,
    "best_dev_ner_recall": 0.75,
    "best_dev_ner_span_f1": 0.776978417266187,
    "dev_ner_precision": 0.726027397260274,
    "dev_ner_recall": 0.7361111111111112,
    "dev_ner_span_f1": 0.7310344827586207
}