{
    "epoch": "15/20",
    "best_epoch": 8,
    "max_gpu_mem": "3.8102",
    "cur_ram": "2.4770",
    "time_epoch": "0:00:08",
    "time_total": "0:02:15",
    "best_train_ner_loss": 12.098356359145221,
    "train_ner_loss": 2.0477221245859183,
    "best_train_sum": 0.9832089552238806,
    "train_sum": 0.9832089552238806,
    "best_dev_ner_loss": 19.69583429609026,
    "dev_ner_loss": 24.242950439453125,
    "best_dev_sum": 0.8299319727891157,
    "dev_sum": 0.7887323943661971,
    "best_train_ner_precision": 0.8419117647058824,
    "best_train_ner_recall": 0.8560747663551402,
    "best_train_ner_span_f1": 0.8489341983317887,
    "train_ner_precision": 0.9813780260707635,
    "train_ner_recall": 0.9850467289719627,
    "train_ner_span_f1": 0.9832089552238806,
    "best_dev_ner_precision": 0.8133333333333334,
    "best_dev_ner_recall": 0.8472222222222222,
    "best_dev_ner_span_f1": 0.8299319727891157,
    "dev_ner_precision": 0.8,
    "dev_ner_recall": 0.7777777777777778,
    "dev_ner_span_f1": 0.7887323943661971
}