{
    "epoch": "3/20",
    "best_epoch": 1,
    "max_gpu_mem": "3.8070",
    "cur_ram": "2.4675",
    "time_epoch": "0:00:08",
    "time_total": "0:00:27",
    "best_train_ner_loss": 1890.225782207414,
    "train_ner_loss": 111.58843997880524,
    "best_train_sum": 0.0,
    "train_sum": 0.0,
    "best_dev_ner_loss": 1377.6754390171595,
    "dev_ner_loss": 92.18518829345703,
    "best_dev_sum": 0.0009341429238673517,
    "dev_sum": 0.0,
    "best_train_ner_precision": 0.0005286529921759357,
    "best_train_ner_recall": 0.018691588785046728,
    "best_train_ner_span_f1": 0.0010282247699347077,
    "train_ner_precision": 0.0,
    "train_ner_recall": 0.0,
    "train_ner_span_f1": 0.0,
    "best_dev_ner_precision": 0.0004833252779120348,
    "best_dev_ner_recall": 0.013888888888888888,
    "best_dev_ner_span_f1": 0.0009341429238673517,
    "dev_ner_precision": 0.0,
    "dev_ner_recall": 0.0,
    "dev_ner_span_f1": 0.0
}