{
    "epoch": "6/20",
    "best_epoch": 6,
    "max_gpu_mem": "3.8070",
    "cur_ram": "2.4768",
    "time_epoch": "0:00:08",
    "time_total": "0:00:55",
    "best_train_ner_loss": 25.088779225068933,
    "train_ner_loss": 25.088779225068933,
    "best_train_sum": 0.6589698046181172,
    "train_sum": 0.6589698046181172,
    "best_dev_ner_loss": 18.25892312186105,
    "dev_ner_loss": 18.25892312186105,
    "best_dev_sum": 0.776978417266187,
    "dev_sum": 0.776978417266187,
    "best_train_ner_precision": 0.6277495769881557,
    "best_train_ner_recall": 0.6934579439252336,
    "best_train_ner_span_f1": 0.6589698046181172,
    "train_ner_precision": 0.6277495769881557,
    "train_ner_recall": 0.6934579439252336,
    "train_ner_span_f1": 0.6589698046181172,
    "best_dev_ner_precision": 0.8059701492537313,
    "best_dev_ner_recall": 0.75,
    "best_dev_ner_span_f1": 0.776978417266187,
    "dev_ner_precision": 0.8059701492537313,
    "dev_ner_recall": 0.75,
    "dev_ner_span_f1": 0.776978417266187
}