{
    "epoch": "16/20",
    "best_epoch": 8,
    "max_gpu_mem": "3.8105",
    "cur_ram": "2.4771",
    "time_epoch": "0:00:08",
    "time_total": "0:02:24",
    "best_train_ner_loss": 12.098356359145221,
    "train_ner_loss": 1.6496171016319126,
    "best_train_sum": 0.97856477166822,
    "train_sum": 0.97856477166822,
    "best_dev_ner_loss": 19.69583429609026,
    "dev_ner_loss": 24.447514125279017,
    "best_dev_sum": 0.8299319727891157,
    "dev_sum": 0.8082191780821918,
    "best_train_ner_precision": 0.8419117647058824,
    "best_train_ner_recall": 0.8560747663551402,
    "best_train_ner_span_f1": 0.8489341983317887,
    "train_ner_precision": 0.9758364312267658,
    "train_ner_recall": 0.9813084112149533,
    "train_ner_span_f1": 0.97856477166822,
    "best_dev_ner_precision": 0.8133333333333334,
    "best_dev_ner_recall": 0.8472222222222222,
    "best_dev_ner_span_f1": 0.8299319727891157,
    "dev_ner_precision": 0.7972972972972973,
    "dev_ner_recall": 0.8194444444444444,
    "dev_ner_span_f1": 0.8082191780821918
}