{
    "epoch": "10/20",
    "best_epoch": 8,
    "max_gpu_mem": "3.8102",
    "cur_ram": "2.4770",
    "time_epoch": "0:00:08",
    "time_total": "0:01:32",
    "best_train_ner_loss": 12.098356359145221,
    "train_ner_loss": 6.53255350449506,
    "best_train_sum": 0.9256505576208177,
    "train_sum": 0.9256505576208177,
    "best_dev_ner_loss": 19.69583429609026,
    "dev_ner_loss": 18.942253930228098,
    "best_dev_sum": 0.8299319727891157,
    "dev_sum": 0.7837837837837838,
    "best_train_ner_precision": 0.8419117647058824,
    "best_train_ner_recall": 0.8560747663551402,
    "best_train_ner_span_f1": 0.8489341983317887,
    "train_ner_precision": 0.9205175600739371,
    "train_ner_recall": 0.930841121495327,
    "train_ner_span_f1": 0.9256505576208177,
    "best_dev_ner_precision": 0.8133333333333334,
    "best_dev_ner_recall": 0.8472222222222222,
    "best_dev_ner_span_f1": 0.8299319727891157,
    "dev_ner_precision": 0.7631578947368421,
    "dev_ner_recall": 0.8055555555555556,
    "dev_ner_span_f1": 0.7837837837837838
}