{
    "epoch": "9/20",
    "best_epoch": 8,
    "max_gpu_mem": "3.8070",
    "cur_ram": "2.4770",
    "time_epoch": "0:00:08",
    "time_total": "0:01:23",
    "best_train_ner_loss": 12.098356359145221,
    "train_ner_loss": 10.087758830949372,
    "best_train_sum": 0.8443223443223443,
    "train_sum": 0.8443223443223443,
    "best_dev_ner_loss": 19.69583429609026,
    "dev_ner_loss": 16.18633052280971,
    "best_dev_sum": 0.8299319727891157,
    "dev_sum": 0.8,
    "best_train_ner_precision": 0.8419117647058824,
    "best_train_ner_recall": 0.8560747663551402,
    "best_train_ner_span_f1": 0.8489341983317887,
    "train_ner_precision": 0.8276481149012568,
    "train_ner_recall": 0.8616822429906542,
    "train_ner_span_f1": 0.8443223443223443,
    "best_dev_ner_precision": 0.8133333333333334,
    "best_dev_ner_recall": 0.8472222222222222,
    "best_dev_ner_span_f1": 0.8299319727891157,
    "dev_ner_precision": 0.7945205479452054,
    "dev_ner_recall": 0.8055555555555556,
    "dev_ner_span_f1": 0.8
}