{
    "epoch": "6/20",
    "best_epoch": 5,
    "max_gpu_mem": "2.5855",
    "cur_ram": "2.4541",
    "time_epoch": "0:00:08",
    "time_total": "0:00:50",
    "best_train_ner_loss": 30.619662532806398,
    "train_ner_loss": 17.07235164642334,
    "best_train_sum": 0.7647593097184376,
    "train_sum": 0.7647593097184376,
    "best_dev_ner_loss": 25.441755022321427,
    "dev_ner_loss": 25.420998982020787,
    "best_dev_sum": 0.703448275862069,
    "dev_sum": 0.6794871794871795,
    "best_train_ner_precision": 0.4637904468412943,
    "best_train_ner_recall": 0.5626168224299065,
    "best_train_ner_span_f1": 0.5084459459459459,
    "train_ner_precision": 0.7438162544169611,
    "train_ner_recall": 0.7869158878504673,
    "train_ner_span_f1": 0.7647593097184376,
    "best_dev_ner_precision": 0.6986301369863014,
    "best_dev_ner_recall": 0.7083333333333334,
    "best_dev_ner_span_f1": 0.703448275862069,
    "dev_ner_precision": 0.6309523809523809,
    "dev_ner_recall": 0.7361111111111112,
    "dev_ner_span_f1": 0.6794871794871795
}