{
    "epoch": "5/20",
    "best_epoch": 5,
    "max_gpu_mem": "2.5855",
    "cur_ram": "2.4466",
    "time_epoch": "0:00:08",
    "time_total": "0:00:42",
    "best_train_ner_loss": 30.619662532806398,
    "train_ner_loss": 30.619662532806398,
    "best_train_sum": 0.5084459459459459,
    "train_sum": 0.5084459459459459,
    "best_dev_ner_loss": 25.441755022321427,
    "dev_ner_loss": 25.441755022321427,
    "best_dev_sum": 0.703448275862069,
    "dev_sum": 0.703448275862069,
    "best_train_ner_precision": 0.4637904468412943,
    "best_train_ner_recall": 0.5626168224299065,
    "best_train_ner_span_f1": 0.5084459459459459,
    "train_ner_precision": 0.4637904468412943,
    "train_ner_recall": 0.5626168224299065,
    "train_ner_span_f1": 0.5084459459459459,
    "best_dev_ner_precision": 0.6986301369863014,
    "best_dev_ner_recall": 0.7083333333333334,
    "best_dev_ner_span_f1": 0.703448275862069,
    "dev_ner_precision": 0.6986301369863014,
    "dev_ner_recall": 0.7083333333333334,
    "dev_ner_span_f1": 0.703448275862069
}