{
    "epoch": "8/20",
    "best_epoch": 7,
    "max_gpu_mem": "2.5855",
    "cur_ram": "2.4541",
    "time_epoch": "0:00:08",
    "time_total": "0:01:07",
    "best_train_ner_loss": 11.317107315063476,
    "train_ner_loss": 6.700044708251953,
    "best_train_sum": 0.9111111111111111,
    "train_sum": 0.9111111111111111,
    "best_dev_ner_loss": 23.686975751604354,
    "dev_ner_loss": 30.58428192138672,
    "best_dev_sum": 0.7320261437908497,
    "dev_sum": 0.717948717948718,
    "best_train_ner_precision": 0.8366247755834829,
    "best_train_ner_recall": 0.8710280373831776,
    "best_train_ner_span_f1": 0.8534798534798534,
    "train_ner_precision": 0.9027522935779817,
    "train_ner_recall": 0.9196261682242991,
    "train_ner_span_f1": 0.9111111111111111,
    "best_dev_ner_precision": 0.691358024691358,
    "best_dev_ner_recall": 0.7777777777777778,
    "best_dev_ner_span_f1": 0.7320261437908497,
    "dev_ner_precision": 0.6666666666666666,
    "dev_ner_recall": 0.7777777777777778,
    "dev_ner_span_f1": 0.717948717948718
}