{
    "epoch": "3/20",
    "best_epoch": 1,
    "max_gpu_mem": "2.5777",
    "cur_ram": "2.4413",
    "time_epoch": "0:00:08",
    "time_total": "0:00:25",
    "best_train_ner_loss": 1502.8627563476562,
    "train_ner_loss": 111.68932670593261,
    "best_train_sum": 0.0,
    "train_sum": 0.0,
    "best_dev_ner_loss": 1188.3166242327009,
    "dev_ner_loss": 86.73972484043666,
    "best_dev_sum": 0.0018281535648994515,
    "dev_sum": 0.0,
    "best_train_ner_precision": 0.001468577505443865,
    "best_train_ner_recall": 0.05420560747663551,
    "best_train_ner_span_f1": 0.0028596785326890843,
    "train_ner_precision": 0.0,
    "train_ner_recall": 0.0,
    "train_ner_span_f1": 0.0,
    "best_dev_ner_precision": 0.000945179584120983,
    "best_dev_ner_recall": 0.027777777777777776,
    "best_dev_ner_span_f1": 0.0018281535648994515,
    "dev_ner_precision": 0.0,
    "dev_ner_recall": 0.0,
    "dev_ner_span_f1": 0.0
}