{
    "epoch": "4/20",
    "best_epoch": 4,
    "max_gpu_mem": "2.5798",
    "cur_ram": "2.4413",
    "time_epoch": "0:00:08",
    "time_total": "0:00:33",
    "best_train_ner_loss": 59.63334560394287,
    "train_ner_loss": 59.63334560394287,
    "best_train_sum": 0.2835164835164835,
    "train_sum": 0.2835164835164835,
    "best_dev_ner_loss": 38.577751704624724,
    "dev_ner_loss": 38.577751704624724,
    "best_dev_sum": 0.3204419889502762,
    "dev_sum": 0.3204419889502762,
    "best_train_ner_precision": 0.344,
    "best_train_ner_recall": 0.2411214953271028,
    "best_train_ner_span_f1": 0.2835164835164835,
    "train_ner_precision": 0.344,
    "train_ner_recall": 0.2411214953271028,
    "train_ner_span_f1": 0.2835164835164835,
    "best_dev_ner_precision": 0.26605504587155965,
    "best_dev_ner_recall": 0.4027777777777778,
    "best_dev_ner_span_f1": 0.3204419889502762,
    "dev_ner_precision": 0.26605504587155965,
    "dev_ner_recall": 0.4027777777777778,
    "dev_ner_span_f1": 0.3204419889502762
}