{
  "best_metric": 82.9932,
  "best_model_checkpoint": "output/meta_2023-09-15-02-37-12253_hf_models_uie-base-en_spotasoc_entity_aquaint-old_multi_fold_0_e18_linear_lr1e-4_ls0_b16_wu0.06_n-1_RP_sn0.1_an0.1_run1/checkpoint-840",
  "epoch": 18.0,
  "global_step": 1512,
  "is_hyper_param_search": false,
  "is_local_process_zero": true,
  "is_world_process_zero": true,
  "log_history": [
    {
      "epoch": 1.0,
      "eval_asoc-F1": 0.0,
      "eval_asoc-P": 0.0,
      "eval_asoc-R": 0.0,
      "eval_asoc-gold": 0.0,
      "eval_asoc-pred": 0.0,
      "eval_asoc-tp": 0.0,
      "eval_gen_len": 4.9641,
      "eval_gold_tree": 73,
      "eval_loss": 0.1960468590259552,
      "eval_ordered-record-F1": 68.6567,
      "eval_ordered-record-P": 75.4098,
      "eval_ordered-record-R": 63.0137,
      "eval_ordered-record-gold": 73.0,
      "eval_ordered-record-pred": 61.0,
      "eval_ordered-record-tp": 46.0,
      "eval_overall-F1": 68.6567,
      "eval_pred_tree": 61,
      "eval_record-F1": 68.6567,
      "eval_record-P": 75.4098,
      "eval_record-R": 63.0137,
      "eval_record-gold": 73.0,
      "eval_record-pred": 61.0,
      "eval_record-tp": 46.0,
      "eval_runtime": 1.3845,
      "eval_samples_per_second": 120.623,
      "eval_spot-F1": 68.6567,
      "eval_spot-P": 75.4098,
      "eval_spot-R": 63.0137,
      "eval_spot-gold": 73.0,
      "eval_spot-pred": 61.0,
      "eval_spot-tp": 46.0,
      "eval_well-formed": 167,
      "step": 84
    },
    {
      "epoch": 2.0,
      "eval_asoc-F1": 0.0,
      "eval_asoc-P": 0.0,
      "eval_asoc-R": 0.0,
      "eval_asoc-gold": 0.0,
      "eval_asoc-pred": 0.0,
      "eval_asoc-tp": 0.0,
      "eval_gen_len": 5.2455,
      "eval_gold_tree": 73,
      "eval_loss": 0.15640880167484283,
      "eval_ordered-record-F1": 75.5245,
      "eval_ordered-record-P": 77.1429,
      "eval_ordered-record-R": 73.9726,
      "eval_ordered-record-gold": 73.0,
      "eval_ordered-record-pred": 70.0,
      "eval_ordered-record-tp": 54.0,
      "eval_overall-F1": 75.5245,
      "eval_pred_tree": 70,
      "eval_record-F1": 75.5245,
      "eval_record-P": 77.1429,
      "eval_record-R": 73.9726,
      "eval_record-gold": 73.0,
      "eval_record-pred": 70.0,
      "eval_record-tp": 54.0,
      "eval_runtime": 1.0093,
      "eval_samples_per_second": 165.461,
      "eval_spot-F1": 75.5245,
      "eval_spot-P": 77.1429,
      "eval_spot-R": 73.9726,
      "eval_spot-gold": 73.0,
      "eval_spot-pred": 70.0,
      "eval_spot-tp": 54.0,
      "eval_well-formed": 167,
      "step": 168
    },
    {
      "epoch": 3.0,
      "eval_asoc-F1": 0.0,
      "eval_asoc-P": 0.0,
      "eval_asoc-R": 0.0,
      "eval_asoc-gold": 0.0,
      "eval_asoc-pred": 0.0,
      "eval_asoc-tp": 0.0,
      "eval_gen_len": 5.491,
      "eval_gold_tree": 73,
      "eval_loss": 0.1467124968767166,
      "eval_ordered-record-F1": 78.6667,
      "eval_ordered-record-P": 76.6234,
      "eval_ordered-record-R": 80.8219,
      "eval_ordered-record-gold": 73.0,
      "eval_ordered-record-pred": 77.0,
      "eval_ordered-record-tp": 59.0,
      "eval_overall-F1": 78.6667,
      "eval_pred_tree": 77,
      "eval_record-F1": 78.6667,
      "eval_record-P": 76.6234,
      "eval_record-R": 80.8219,
      "eval_record-gold": 73.0,
      "eval_record-pred": 77.0,
      "eval_record-tp": 59.0,
      "eval_runtime": 1.5257,
      "eval_samples_per_second": 109.458,
      "eval_spot-F1": 78.6667,
      "eval_spot-P": 76.6234,
      "eval_spot-R": 80.8219,
      "eval_spot-gold": 73.0,
      "eval_spot-pred": 77.0,
      "eval_spot-tp": 59.0,
      "eval_well-formed": 167,
      "step": 252
    },
    {
      "epoch": 4.0,
      "eval_asoc-F1": 0.0,
      "eval_asoc-P": 0.0,
      "eval_asoc-R": 0.0,
      "eval_asoc-gold": 0.0,
      "eval_asoc-pred": 0.0,
      "eval_asoc-tp": 0.0,
      "eval_gen_len": 5.2814,
      "eval_gold_tree": 73,
      "eval_loss": 0.1797584742307663,
      "eval_ordered-record-F1": 77.7778,
      "eval_ordered-record-P": 78.8732,
      "eval_ordered-record-R": 76.7123,
      "eval_ordered-record-gold": 73.0,
      "eval_ordered-record-pred": 71.0,
      "eval_ordered-record-tp": 56.0,
      "eval_overall-F1": 77.7778,
      "eval_pred_tree": 71,
      "eval_record-F1": 77.7778,
      "eval_record-P": 78.8732,
      "eval_record-R": 76.7123,
      "eval_record-gold": 73.0,
      "eval_record-pred": 71.0,
      "eval_record-tp": 56.0,
      "eval_runtime": 1.1634,
      "eval_samples_per_second": 143.546,
      "eval_spot-F1": 77.7778,
      "eval_spot-P": 78.8732,
      "eval_spot-R": 76.7123,
      "eval_spot-gold": 73.0,
      "eval_spot-pred": 71.0,
      "eval_spot-tp": 56.0,
      "eval_well-formed": 167,
      "step": 336
    },
    {
      "epoch": 5.0,
      "eval_asoc-F1": 0.0,
      "eval_asoc-P": 0.0,
      "eval_asoc-R": 0.0,
      "eval_asoc-gold": 0.0,
      "eval_asoc-pred": 0.0,
      "eval_asoc-tp": 0.0,
      "eval_gen_len": 5.4012,
      "eval_gold_tree": 73,
      "eval_loss": 0.16053517162799835,
      "eval_ordered-record-F1": 80.2721,
      "eval_ordered-record-P": 79.7297,
      "eval_ordered-record-R": 80.8219,
      "eval_ordered-record-gold": 73.0,
      "eval_ordered-record-pred": 74.0,
      "eval_ordered-record-tp": 59.0,
      "eval_overall-F1": 80.2721,
      "eval_pred_tree": 74,
      "eval_record-F1": 80.2721,
      "eval_record-P": 79.7297,
      "eval_record-R": 80.8219,
      "eval_record-gold": 73.0,
      "eval_record-pred": 74.0,
      "eval_record-tp": 59.0,
      "eval_runtime": 1.5523,
      "eval_samples_per_second": 107.581,
      "eval_spot-F1": 80.2721,
      "eval_spot-P": 79.7297,
      "eval_spot-R": 80.8219,
      "eval_spot-gold": 73.0,
      "eval_spot-pred": 74.0,
      "eval_spot-tp": 59.0,
      "eval_well-formed": 167,
      "step": 420
    },
    {
      "epoch": 5.95,
      "learning_rate": 7.121745249824068e-05,
      "loss": 0.2734,
      "step": 500
    },
    {
      "epoch": 6.0,
      "eval_asoc-F1": 0.0,
      "eval_asoc-P": 0.0,
      "eval_asoc-R": 0.0,
      "eval_asoc-gold": 0.0,
      "eval_asoc-pred": 0.0,
      "eval_asoc-tp": 0.0,
      "eval_gen_len": 5.509,
      "eval_gold_tree": 73,
      "eval_loss": 0.17698629200458527,
      "eval_ordered-record-F1": 81.0811,
      "eval_ordered-record-P": 80.0,
      "eval_ordered-record-R": 82.1918,
      "eval_ordered-record-gold": 73.0,
      "eval_ordered-record-pred": 75.0,
      "eval_ordered-record-tp": 60.0,
      "eval_overall-F1": 81.0811,
      "eval_pred_tree": 77,
      "eval_record-F1": 81.0811,
      "eval_record-P": 80.0,
      "eval_record-R": 82.1918,
      "eval_record-gold": 73.0,
      "eval_record-pred": 75.0,
      "eval_record-tp": 60.0,
      "eval_runtime": 1.6181,
      "eval_samples_per_second": 103.21,
      "eval_spot-F1": 81.0811,
      "eval_spot-P": 80.0,
      "eval_spot-R": 82.1918,
      "eval_spot-gold": 73.0,
      "eval_spot-pred": 75.0,
      "eval_spot-tp": 60.0,
      "eval_well-formed": 167,
      "step": 504
    },
    {
      "epoch": 7.0,
      "eval_asoc-F1": 0.0,
      "eval_asoc-P": 0.0,
      "eval_asoc-R": 0.0,
      "eval_asoc-gold": 0.0,
      "eval_asoc-pred": 0.0,
      "eval_asoc-tp": 0.0,
      "eval_gen_len": 5.5449,
      "eval_gold_tree": 73,
      "eval_loss": 0.207942396402359,
      "eval_ordered-record-F1": 79.1946,
      "eval_ordered-record-P": 77.6316,
      "eval_ordered-record-R": 80.8219,
      "eval_ordered-record-gold": 73.0,
      "eval_ordered-record-pred": 76.0,
      "eval_ordered-record-tp": 59.0,
      "eval_overall-F1": 79.1946,
      "eval_pred_tree": 77,
      "eval_record-F1": 79.1946,
      "eval_record-P": 77.6316,
      "eval_record-R": 80.8219,
      "eval_record-gold": 73.0,
      "eval_record-pred": 76.0,
      "eval_record-tp": 59.0,
      "eval_runtime": 1.54,
      "eval_samples_per_second": 108.438,
      "eval_spot-F1": 79.1946,
      "eval_spot-P": 77.6316,
      "eval_spot-R": 80.8219,
      "eval_spot-gold": 73.0,
      "eval_spot-pred": 76.0,
      "eval_spot-tp": 59.0,
      "eval_well-formed": 167,
      "step": 588
    },
    {
      "epoch": 8.0,
      "eval_asoc-F1": 0.0,
      "eval_asoc-P": 0.0,
      "eval_asoc-R": 0.0,
      "eval_asoc-gold": 0.0,
      "eval_asoc-pred": 0.0,
      "eval_asoc-tp": 0.0,
      "eval_gen_len": 5.4731,
      "eval_gold_tree": 73,
      "eval_loss": 0.1745774894952774,
      "eval_ordered-record-F1": 79.1946,
      "eval_ordered-record-P": 77.6316,
      "eval_ordered-record-R": 80.8219,
      "eval_ordered-record-gold": 73.0,
      "eval_ordered-record-pred": 76.0,
      "eval_ordered-record-tp": 59.0,
      "eval_overall-F1": 79.1946,
      "eval_pred_tree": 76,
      "eval_record-F1": 79.1946,
      "eval_record-P": 77.6316,
      "eval_record-R": 80.8219,
      "eval_record-gold": 73.0,
      "eval_record-pred": 76.0,
      "eval_record-tp": 59.0,
      "eval_runtime": 1.6493,
      "eval_samples_per_second": 101.252,
      "eval_spot-F1": 79.1946,
      "eval_spot-P": 77.6316,
      "eval_spot-R": 80.8219,
      "eval_spot-gold": 73.0,
      "eval_spot-pred": 76.0,
      "eval_spot-tp": 59.0,
      "eval_well-formed": 167,
      "step": 672
    },
    {
      "epoch": 9.0,
      "eval_asoc-F1": 0.0,
      "eval_asoc-P": 0.0,
      "eval_asoc-R": 0.0,
      "eval_asoc-gold": 0.0,
      "eval_asoc-pred": 0.0,
      "eval_asoc-tp": 0.0,
      "eval_gen_len": 5.3473,
      "eval_gold_tree": 73,
      "eval_loss": 0.2223929464817047,
      "eval_ordered-record-F1": 81.3793,
      "eval_ordered-record-P": 81.9444,
      "eval_ordered-record-R": 80.8219,
      "eval_ordered-record-gold": 73.0,
      "eval_ordered-record-pred": 72.0,
      "eval_ordered-record-tp": 59.0,
      "eval_overall-F1": 81.3793,
      "eval_pred_tree": 72,
      "eval_record-F1": 81.3793,
      "eval_record-P": 81.9444,
      "eval_record-R": 80.8219,
      "eval_record-gold": 73.0,
      "eval_record-pred": 72.0,
      "eval_record-tp": 59.0,
      "eval_runtime": 1.6726,
      "eval_samples_per_second": 99.847,
      "eval_spot-F1": 81.3793,
      "eval_spot-P": 81.9444,
      "eval_spot-R": 80.8219,
      "eval_spot-gold": 73.0,
      "eval_spot-pred": 72.0,
      "eval_spot-tp": 59.0,
      "eval_well-formed": 167,
      "step": 756
    },
    {
      "epoch": 10.0,
      "eval_asoc-F1": 0.0,
      "eval_asoc-P": 0.0,
      "eval_asoc-R": 0.0,
      "eval_asoc-gold": 0.0,
      "eval_asoc-pred": 0.0,
      "eval_asoc-tp": 0.0,
      "eval_gen_len": 5.479,
      "eval_gold_tree": 73,
      "eval_loss": 0.249750018119812,
      "eval_ordered-record-F1": 82.9932,
      "eval_ordered-record-P": 82.4324,
      "eval_ordered-record-R": 83.5616,
      "eval_ordered-record-gold": 73.0,
      "eval_ordered-record-pred": 74.0,
      "eval_ordered-record-tp": 61.0,
      "eval_overall-F1": 82.9932,
      "eval_pred_tree": 76,
      "eval_record-F1": 82.9932,
      "eval_record-P": 82.4324,
      "eval_record-R": 83.5616,
      "eval_record-gold": 73.0,
      "eval_record-pred": 74.0,
      "eval_record-tp": 61.0,
      "eval_runtime": 1.5944,
      "eval_samples_per_second": 104.742,
      "eval_spot-F1": 82.9932,
      "eval_spot-P": 82.4324,
      "eval_spot-R": 83.5616,
      "eval_spot-gold": 73.0,
      "eval_spot-pred": 74.0,
      "eval_spot-tp": 61.0,
      "eval_well-formed": 167,
      "step": 840
    },
    {
      "epoch": 11.0,
      "eval_asoc-F1": 0.0,
      "eval_asoc-P": 0.0,
      "eval_asoc-R": 0.0,
      "eval_asoc-gold": 0.0,
      "eval_asoc-pred": 0.0,
      "eval_asoc-tp": 0.0,
      "eval_gen_len": 5.4251,
      "eval_gold_tree": 73,
      "eval_loss": 0.23947353661060333,
      "eval_ordered-record-F1": 82.1918,
      "eval_ordered-record-P": 82.1918,
      "eval_ordered-record-R": 82.1918,
      "eval_ordered-record-gold": 73.0,
      "eval_ordered-record-pred": 73.0,
      "eval_ordered-record-tp": 60.0,
      "eval_overall-F1": 82.1918,
      "eval_pred_tree": 74,
      "eval_record-F1": 82.1918,
      "eval_record-P": 82.1918,
      "eval_record-R": 82.1918,
      "eval_record-gold": 73.0,
      "eval_record-pred": 73.0,
      "eval_record-tp": 60.0,
      "eval_runtime": 1.4465,
      "eval_samples_per_second": 115.453,
      "eval_spot-F1": 82.1918,
      "eval_spot-P": 82.1918,
      "eval_spot-R": 82.1918,
      "eval_spot-gold": 73.0,
      "eval_spot-pred": 73.0,
      "eval_spot-tp": 60.0,
      "eval_well-formed": 167,
      "step": 924
    },
    {
      "epoch": 11.9,
      "learning_rate": 3.603096410978184e-05,
      "loss": 0.0602,
      "step": 1000
    },
    {
      "epoch": 12.0,
      "eval_asoc-F1": 0.0,
      "eval_asoc-P": 0.0,
      "eval_asoc-R": 0.0,
      "eval_asoc-gold": 0.0,
      "eval_asoc-pred": 0.0,
      "eval_asoc-tp": 0.0,
      "eval_gen_len": 5.4072,
      "eval_gold_tree": 73,
      "eval_loss": 0.23024959862232208,
      "eval_ordered-record-F1": 80.8219,
      "eval_ordered-record-P": 80.8219,
      "eval_ordered-record-R": 80.8219,
      "eval_ordered-record-gold": 73.0,
      "eval_ordered-record-pred": 73.0,
      "eval_ordered-record-tp": 59.0,
      "eval_overall-F1": 80.8219,
      "eval_pred_tree": 74,
      "eval_record-F1": 80.8219,
      "eval_record-P": 80.8219,
      "eval_record-R": 80.8219,
      "eval_record-gold": 73.0,
      "eval_record-pred": 73.0,
      "eval_record-tp": 59.0,
      "eval_runtime": 1.5732,
      "eval_samples_per_second": 106.154,
      "eval_spot-F1": 80.8219,
      "eval_spot-P": 80.8219,
      "eval_spot-R": 80.8219,
      "eval_spot-gold": 73.0,
      "eval_spot-pred": 73.0,
      "eval_spot-tp": 59.0,
      "eval_well-formed": 167,
      "step": 1008
    },
    {
      "epoch": 13.0,
      "eval_asoc-F1": 0.0,
      "eval_asoc-P": 0.0,
      "eval_asoc-R": 0.0,
      "eval_asoc-gold": 0.0,
      "eval_asoc-pred": 0.0,
      "eval_asoc-tp": 0.0,
      "eval_gen_len": 5.3713,
      "eval_gold_tree": 73,
      "eval_loss": 0.2556082308292389,
      "eval_ordered-record-F1": 80.0,
      "eval_ordered-record-P": 80.5556,
      "eval_ordered-record-R": 79.4521,
      "eval_ordered-record-gold": 73.0,
      "eval_ordered-record-pred": 72.0,
      "eval_ordered-record-tp": 58.0,
      "eval_overall-F1": 80.0,
      "eval_pred_tree": 73,
      "eval_record-F1": 80.0,
      "eval_record-P": 80.5556,
      "eval_record-R": 79.4521,
      "eval_record-gold": 73.0,
      "eval_record-pred": 72.0,
      "eval_record-tp": 58.0,
      "eval_runtime": 1.5765,
      "eval_samples_per_second": 105.931,
      "eval_spot-F1": 80.0,
      "eval_spot-P": 80.5556,
      "eval_spot-R": 79.4521,
      "eval_spot-gold": 73.0,
      "eval_spot-pred": 72.0,
      "eval_spot-tp": 58.0,
      "eval_well-formed": 167,
      "step": 1092
    },
    {
      "epoch": 14.0,
      "eval_asoc-F1": 0.0,
      "eval_asoc-P": 0.0,
      "eval_asoc-R": 0.0,
      "eval_asoc-gold": 0.0,
      "eval_asoc-pred": 0.0,
      "eval_asoc-tp": 0.0,
      "eval_gen_len": 5.3473,
      "eval_gold_tree": 73,
      "eval_loss": 0.2690209448337555,
      "eval_ordered-record-F1": 81.1189,
      "eval_ordered-record-P": 82.8571,
      "eval_ordered-record-R": 79.4521,
      "eval_ordered-record-gold": 73.0,
      "eval_ordered-record-pred": 70.0,
      "eval_ordered-record-tp": 58.0,
      "eval_overall-F1": 81.1189,
      "eval_pred_tree": 72,
      "eval_record-F1": 81.1189,
      "eval_record-P": 82.8571,
      "eval_record-R": 79.4521,
      "eval_record-gold": 73.0,
      "eval_record-pred": 70.0,
      "eval_record-tp": 58.0,
      "eval_runtime": 1.58,
      "eval_samples_per_second": 105.695,
      "eval_spot-F1": 81.1189,
      "eval_spot-P": 82.8571,
      "eval_spot-R": 79.4521,
      "eval_spot-gold": 73.0,
      "eval_spot-pred": 70.0,
      "eval_spot-tp": 58.0,
      "eval_well-formed": 167,
      "step": 1176
    },
    {
      "epoch": 15.0,
      "eval_asoc-F1": 0.0,
      "eval_asoc-P": 0.0,
      "eval_asoc-R": 0.0,
      "eval_asoc-gold": 0.0,
      "eval_asoc-pred": 0.0,
      "eval_asoc-tp": 0.0,
      "eval_gen_len": 5.4551,
      "eval_gold_tree": 73,
      "eval_loss": 0.28194016218185425,
      "eval_ordered-record-F1": 82.1918,
      "eval_ordered-record-P": 82.1918,
      "eval_ordered-record-R": 82.1918,
      "eval_ordered-record-gold": 73.0,
      "eval_ordered-record-pred": 73.0,
      "eval_ordered-record-tp": 60.0,
      "eval_overall-F1": 82.1918,
      "eval_pred_tree": 75,
      "eval_record-F1": 82.1918,
      "eval_record-P": 82.1918,
      "eval_record-R": 82.1918,
      "eval_record-gold": 73.0,
      "eval_record-pred": 73.0,
      "eval_record-tp": 60.0,
      "eval_runtime": 0.9984,
      "eval_samples_per_second": 167.271,
      "eval_spot-F1": 82.1918,
      "eval_spot-P": 82.1918,
      "eval_spot-R": 82.1918,
      "eval_spot-gold": 73.0,
      "eval_spot-pred": 73.0,
      "eval_spot-tp": 60.0,
      "eval_well-formed": 167,
      "step": 1260
    },
    {
      "epoch": 16.0,
      "eval_asoc-F1": 0.0,
      "eval_asoc-P": 0.0,
      "eval_asoc-R": 0.0,
      "eval_asoc-gold": 0.0,
      "eval_asoc-pred": 0.0,
      "eval_asoc-tp": 0.0,
      "eval_gen_len": 5.4132,
      "eval_gold_tree": 73,
      "eval_loss": 0.27963340282440186,
      "eval_ordered-record-F1": 80.8219,
      "eval_ordered-record-P": 80.8219,
      "eval_ordered-record-R": 80.8219,
      "eval_ordered-record-gold": 73.0,
      "eval_ordered-record-pred": 73.0,
      "eval_ordered-record-tp": 59.0,
      "eval_overall-F1": 80.8219,
      "eval_pred_tree": 74,
      "eval_record-F1": 80.8219,
      "eval_record-P": 80.8219,
      "eval_record-R": 80.8219,
      "eval_record-gold": 73.0,
      "eval_record-pred": 73.0,
      "eval_record-tp": 59.0,
      "eval_runtime": 1.5285,
      "eval_samples_per_second": 109.259,
      "eval_spot-F1": 80.8219,
      "eval_spot-P": 80.8219,
      "eval_spot-R": 80.8219,
      "eval_spot-gold": 73.0,
      "eval_spot-pred": 73.0,
      "eval_spot-tp": 59.0,
      "eval_well-formed": 167,
      "step": 1344
    },
    {
      "epoch": 17.0,
      "eval_asoc-F1": 0.0,
      "eval_asoc-P": 0.0,
      "eval_asoc-R": 0.0,
      "eval_asoc-gold": 0.0,
      "eval_asoc-pred": 0.0,
      "eval_asoc-tp": 0.0,
      "eval_gen_len": 5.4132,
      "eval_gold_tree": 73,
      "eval_loss": 0.2928124964237213,
      "eval_ordered-record-F1": 80.8219,
      "eval_ordered-record-P": 80.8219,
      "eval_ordered-record-R": 80.8219,
      "eval_ordered-record-gold": 73.0,
      "eval_ordered-record-pred": 73.0,
      "eval_ordered-record-tp": 59.0,
      "eval_overall-F1": 80.8219,
      "eval_pred_tree": 74,
      "eval_record-F1": 80.8219,
      "eval_record-P": 80.8219,
      "eval_record-R": 80.8219,
      "eval_record-gold": 73.0,
      "eval_record-pred": 73.0,
      "eval_record-tp": 59.0,
      "eval_runtime": 1.5805,
      "eval_samples_per_second": 105.661,
      "eval_spot-F1": 80.8219,
      "eval_spot-P": 80.8219,
      "eval_spot-R": 80.8219,
      "eval_spot-gold": 73.0,
      "eval_spot-pred": 73.0,
      "eval_spot-tp": 59.0,
      "eval_well-formed": 167,
      "step": 1428
    },
    {
      "epoch": 17.86,
      "learning_rate": 8.44475721323012e-07,
      "loss": 0.0479,
      "step": 1500
    },
    {
      "epoch": 18.0,
      "eval_asoc-F1": 0.0,
      "eval_asoc-P": 0.0,
      "eval_asoc-R": 0.0,
      "eval_asoc-gold": 0.0,
      "eval_asoc-pred": 0.0,
      "eval_asoc-tp": 0.0,
      "eval_gen_len": 5.4132,
      "eval_gold_tree": 73,
      "eval_loss": 0.28898587822914124,
      "eval_ordered-record-F1": 80.8219,
      "eval_ordered-record-P": 80.8219,
      "eval_ordered-record-R": 80.8219,
      "eval_ordered-record-gold": 73.0,
      "eval_ordered-record-pred": 73.0,
      "eval_ordered-record-tp": 59.0,
      "eval_overall-F1": 80.8219,
      "eval_pred_tree": 74,
      "eval_record-F1": 80.8219,
      "eval_record-P": 80.8219,
      "eval_record-R": 80.8219,
      "eval_record-gold": 73.0,
      "eval_record-pred": 73.0,
      "eval_record-tp": 59.0,
      "eval_runtime": 1.6074,
      "eval_samples_per_second": 103.891,
      "eval_spot-F1": 80.8219,
      "eval_spot-P": 80.8219,
      "eval_spot-R": 80.8219,
      "eval_spot-gold": 73.0,
      "eval_spot-pred": 73.0,
      "eval_spot-tp": 59.0,
      "eval_well-formed": 167,
      "step": 1512
    }
  ],
  "max_steps": 1512,
  "num_train_epochs": 18,
  "total_flos": 184287030681600.0,
  "trial_name": null,
  "trial_params": null
}
