{
    "epoch": "12/20",
    "best_epoch": 11,
    "max_gpu_mem": "7.3806",
    "cur_ram": "2.7555",
    "time_epoch": "0:00:13",
    "time_total": "0:02:50",
    "best_train_ner_loss": 2.1092098236083983,
    "train_ner_loss": 1.7945581436157227,
    "best_train_sum": 0.9814471243042672,
    "train_sum": 0.9814471243042672,
    "best_dev_ner_loss": 23.9700802394322,
    "dev_ner_loss": 28.32606397356306,
    "best_dev_sum": 0.8095238095238095,
    "dev_sum": 0.7692307692307692,
    "best_train_ner_precision": 0.9723247232472325,
    "best_train_ner_recall": 0.9795539033457249,
    "best_train_ner_span_f1": 0.975925925925926,
    "train_ner_precision": 0.9796296296296296,
    "train_ner_recall": 0.983271375464684,
    "train_ner_span_f1": 0.9814471243042672,
    "best_dev_ner_precision": 0.7727272727272727,
    "best_dev_ner_recall": 0.85,
    "best_dev_ner_span_f1": 0.8095238095238095,
    "dev_ner_precision": 0.7142857142857143,
    "dev_ner_recall": 0.8333333333333334,
    "dev_ner_span_f1": 0.7692307692307692
}