{
    "epoch": "6/20",
    "best_epoch": 5,
    "max_gpu_mem": "7.3678",
    "cur_ram": "2.7554",
    "time_epoch": "0:00:13",
    "time_total": "0:01:24",
    "best_train_ner_loss": 25.054833488464354,
    "train_ner_loss": 16.42283546447754,
    "best_train_sum": 0.7703568161024703,
    "train_sum": 0.7703568161024703,
    "best_dev_ner_loss": 17.97686004638672,
    "dev_ner_loss": 19.26293890816825,
    "best_dev_sum": 0.746031746031746,
    "dev_sum": 0.7401574803149608,
    "best_train_ner_precision": 0.6715328467153284,
    "best_train_ner_recall": 0.6840148698884758,
    "best_train_ner_span_f1": 0.6777163904235727,
    "train_ner_precision": 0.7585585585585586,
    "train_ner_recall": 0.7825278810408922,
    "train_ner_span_f1": 0.7703568161024703,
    "best_dev_ner_precision": 0.7121212121212122,
    "best_dev_ner_recall": 0.7833333333333333,
    "best_dev_ner_span_f1": 0.746031746031746,
    "dev_ner_precision": 0.7014925373134329,
    "dev_ner_recall": 0.7833333333333333,
    "dev_ner_span_f1": 0.7401574803149608
}