{
    "epoch": "3/20",
    "best_epoch": 3,
    "max_gpu_mem": "7.3678",
    "cur_ram": "2.7547",
    "time_epoch": "0:00:13",
    "time_total": "0:00:39",
    "best_train_ner_loss": 84.9291163635254,
    "train_ner_loss": 84.9291163635254,
    "best_train_sum": 0.04634581105169341,
    "train_sum": 0.04634581105169341,
    "best_dev_ner_loss": 38.3010436466762,
    "dev_ner_loss": 38.3010436466762,
    "best_dev_sum": 0.5217391304347827,
    "dev_sum": 0.5217391304347827,
    "best_train_ner_precision": 0.5652173913043478,
    "best_train_ner_recall": 0.024163568773234202,
    "best_train_ner_span_f1": 0.04634581105169341,
    "train_ner_precision": 0.5652173913043478,
    "train_ner_recall": 0.024163568773234202,
    "train_ner_span_f1": 0.04634581105169341,
    "best_dev_ner_precision": 0.75,
    "best_dev_ner_recall": 0.4,
    "best_dev_ner_span_f1": 0.5217391304347827,
    "dev_ner_precision": 0.75,
    "dev_ner_recall": 0.4,
    "dev_ner_span_f1": 0.5217391304347827
}