{
    "epoch": "8/20",
    "best_epoch": 7,
    "max_gpu_mem": "7.3696",
    "cur_ram": "2.7554",
    "time_epoch": "0:00:13",
    "time_total": "0:01:53",
    "best_train_ner_loss": 10.444229583740235,
    "train_ner_loss": 6.208397521972656,
    "best_train_sum": 0.9195189639222942,
    "train_sum": 0.9195189639222942,
    "best_dev_ner_loss": 20.008968353271484,
    "dev_ner_loss": 23.10890633719308,
    "best_dev_sum": 0.8,
    "dev_sum": 0.7596899224806202,
    "best_train_ner_precision": 0.8420107719928187,
    "best_train_ner_recall": 0.8717472118959108,
    "best_train_ner_span_f1": 0.85662100456621,
    "train_ner_precision": 0.9152854511970534,
    "train_ner_recall": 0.9237918215613383,
    "train_ner_span_f1": 0.9195189639222942,
    "best_dev_ner_precision": 0.7692307692307693,
    "best_dev_ner_recall": 0.8333333333333334,
    "best_dev_ner_span_f1": 0.8,
    "dev_ner_precision": 0.7101449275362319,
    "dev_ner_recall": 0.8166666666666667,
    "dev_ner_span_f1": 0.7596899224806202
}