{
    "epoch": "2/20",
    "best_epoch": 1,
    "max_gpu_mem": "7.3678",
    "cur_ram": "2.7546",
    "time_epoch": "0:00:13",
    "time_total": "0:00:25",
    "best_train_ner_loss": 1172.8211328125,
    "train_ner_loss": 387.56302059173584,
    "best_train_sum": 0.001214329083181542,
    "train_sum": 0.001214329083181542,
    "best_dev_ner_loss": 831.5177361624582,
    "dev_ner_loss": 78.95530046735492,
    "best_dev_sum": 0.0,
    "dev_sum": 0.0,
    "best_train_ner_precision": 0.000495512855805759,
    "best_train_ner_recall": 0.016728624535315983,
    "best_train_ner_span_f1": 0.0009625153735094381,
    "train_ner_precision": 0.0009017132551848512,
    "train_ner_recall": 0.0018587360594795538,
    "train_ner_span_f1": 0.001214329083181542,
    "best_dev_ner_precision": 0.0,
    "best_dev_ner_recall": 0.0,
    "best_dev_ner_span_f1": 0.0,
    "dev_ner_precision": 0.0,
    "dev_ner_recall": 0.0,
    "dev_ner_span_f1": 0.0
}