{
    "epoch": "1/20",
    "best_epoch": 1,
    "max_gpu_mem": "3.3584",
    "cur_ram": "2.7357",
    "time_epoch": "0:00:07",
    "time_total": "0:00:10",
    "best_train_ner_loss": 1172.8211328125,
    "train_ner_loss": 1172.8211328125,
    "best_train_sum": 0.0009625153735094381,
    "train_sum": 0.0009625153735094381,
    "best_dev_ner_loss": 831.5177361624582,
    "dev_ner_loss": 831.5177361624582,
    "best_dev_sum": 0.0,
    "dev_sum": 0.0,
    "best_train_ner_precision": 0.000495512855805759,
    "best_train_ner_recall": 0.016728624535315983,
    "best_train_ner_span_f1": 0.0009625153735094381,
    "train_ner_precision": 0.000495512855805759,
    "train_ner_recall": 0.016728624535315983,
    "train_ner_span_f1": 0.0009625153735094381,
    "best_dev_ner_precision": 0.0,
    "best_dev_ner_recall": 0.0,
    "best_dev_ner_span_f1": 0.0,
    "dev_ner_precision": 0.0,
    "dev_ner_recall": 0.0,
    "dev_ner_span_f1": 0.0
}