{
    "epoch": "4/20",
    "best_epoch": 4,
    "max_gpu_mem": "7.3678",
    "cur_ram": "2.7549",
    "time_epoch": "0:00:13",
    "time_total": "0:00:54",
    "best_train_ner_loss": 42.40988307952881,
    "train_ner_loss": 42.40988307952881,
    "best_train_sum": 0.40313111545988256,
    "train_sum": 0.40313111545988256,
    "best_dev_ner_loss": 22.433055060250418,
    "dev_ner_loss": 22.433055060250418,
    "best_dev_sum": 0.625,
    "dev_sum": 0.625,
    "best_train_ner_precision": 0.4256198347107438,
    "best_train_ner_recall": 0.3828996282527881,
    "best_train_ner_span_f1": 0.40313111545988256,
    "train_ner_precision": 0.4256198347107438,
    "train_ner_recall": 0.3828996282527881,
    "train_ner_span_f1": 0.40313111545988256,
    "best_dev_ner_precision": 0.5882352941176471,
    "best_dev_ner_recall": 0.6666666666666666,
    "best_dev_ner_span_f1": 0.625,
    "dev_ner_precision": 0.5882352941176471,
    "dev_ner_recall": 0.6666666666666666,
    "dev_ner_span_f1": 0.625
}