{
    "epoch": "14/20",
    "best_epoch": 11,
    "max_gpu_mem": "7.3806",
    "cur_ram": "2.7555",
    "time_epoch": "0:00:14",
    "time_total": "0:03:18",
    "best_train_ner_loss": 2.1092098236083983,
    "train_ner_loss": 0.28561920166015625,
    "best_train_sum": 0.9981412639405205,
    "train_sum": 0.9981412639405205,
    "best_dev_ner_loss": 23.9700802394322,
    "dev_ner_loss": 28.503257206508092,
    "best_dev_sum": 0.8095238095238095,
    "dev_sum": 0.7968749999999999,
    "best_train_ner_precision": 0.9723247232472325,
    "best_train_ner_recall": 0.9795539033457249,
    "best_train_ner_span_f1": 0.975925925925926,
    "train_ner_precision": 0.9981412639405205,
    "train_ner_recall": 0.9981412639405205,
    "train_ner_span_f1": 0.9981412639405205,
    "best_dev_ner_precision": 0.7727272727272727,
    "best_dev_ner_recall": 0.85,
    "best_dev_ner_span_f1": 0.8095238095238095,
    "dev_ner_precision": 0.75,
    "dev_ner_recall": 0.85,
    "dev_ner_span_f1": 0.7968749999999999
}