{
    "epoch": "5/20",
    "best_epoch": 5,
    "max_gpu_mem": "7.3678",
    "cur_ram": "2.7550",
    "time_epoch": "0:00:13",
    "time_total": "0:01:09",
    "best_train_ner_loss": 25.054833488464354,
    "train_ner_loss": 25.054833488464354,
    "best_train_sum": 0.6777163904235727,
    "train_sum": 0.6777163904235727,
    "best_dev_ner_loss": 17.97686004638672,
    "dev_ner_loss": 17.97686004638672,
    "best_dev_sum": 0.746031746031746,
    "dev_sum": 0.746031746031746,
    "best_train_ner_precision": 0.6715328467153284,
    "best_train_ner_recall": 0.6840148698884758,
    "best_train_ner_span_f1": 0.6777163904235727,
    "train_ner_precision": 0.6715328467153284,
    "train_ner_recall": 0.6840148698884758,
    "train_ner_span_f1": 0.6777163904235727,
    "best_dev_ner_precision": 0.7121212121212122,
    "best_dev_ner_recall": 0.7833333333333333,
    "best_dev_ner_span_f1": 0.746031746031746,
    "dev_ner_precision": 0.7121212121212122,
    "dev_ner_recall": 0.7833333333333333,
    "dev_ner_span_f1": 0.746031746031746
}