{
    "epoch": "9/20",
    "best_epoch": 7,
    "max_gpu_mem": "7.3696",
    "cur_ram": "2.7554",
    "time_epoch": "0:00:13",
    "time_total": "0:02:07",
    "best_train_ner_loss": 10.444229583740235,
    "train_ner_loss": 3.261797294616699,
    "best_train_sum": 0.9512419503219871,
    "train_sum": 0.9512419503219871,
    "best_dev_ner_loss": 20.008968353271484,
    "dev_ner_loss": 22.448442731584823,
    "best_dev_sum": 0.8,
    "dev_sum": 0.8,
    "best_train_ner_precision": 0.8420107719928187,
    "best_train_ner_recall": 0.8717472118959108,
    "best_train_ner_span_f1": 0.85662100456621,
    "train_ner_precision": 0.941712204007286,
    "train_ner_recall": 0.9609665427509294,
    "train_ner_span_f1": 0.9512419503219871,
    "best_dev_ner_precision": 0.7692307692307693,
    "best_dev_ner_recall": 0.8333333333333334,
    "best_dev_ner_span_f1": 0.8,
    "dev_ner_precision": 0.7692307692307693,
    "dev_ner_recall": 0.8333333333333334,
    "dev_ner_span_f1": 0.8
}