{
    "epoch": "13/20",
    "best_epoch": 11,
    "max_gpu_mem": "7.3806",
    "cur_ram": "2.7555",
    "time_epoch": "0:00:13",
    "time_total": "0:03:04",
    "best_train_ner_loss": 2.1092098236083983,
    "train_ner_loss": 0.6729483795166016,
    "best_train_sum": 0.9935004642525535,
    "train_sum": 0.9935004642525535,
    "best_dev_ner_loss": 23.9700802394322,
    "dev_ner_loss": 26.63416235787528,
    "best_dev_sum": 0.8095238095238095,
    "dev_sum": 0.8031496062992126,
    "best_train_ner_precision": 0.9723247232472325,
    "best_train_ner_recall": 0.9795539033457249,
    "best_train_ner_span_f1": 0.975925925925926,
    "train_ner_precision": 0.9925788497217068,
    "train_ner_recall": 0.9944237918215614,
    "train_ner_span_f1": 0.9935004642525535,
    "best_dev_ner_precision": 0.7727272727272727,
    "best_dev_ner_recall": 0.85,
    "best_dev_ner_span_f1": 0.8095238095238095,
    "dev_ner_precision": 0.7611940298507462,
    "dev_ner_recall": 0.85,
    "dev_ner_span_f1": 0.8031496062992126
}