{
    "epoch": "7/20",
    "best_epoch": 7,
    "max_gpu_mem": "5.2499",
    "cur_ram": "2.4608",
    "time_epoch": "0:00:04",
    "time_total": "0:00:34",
    "best_train_ner_loss": 25.922483507792155,
    "train_ner_loss": 25.922483507792155,
    "best_train_sum": 0.8994437312794181,
    "train_sum": 0.8994437312794181,
    "best_dev_ner_loss": 26.7938289642334,
    "dev_ner_loss": 26.7938289642334,
    "best_dev_sum": 0.9084249084249083,
    "dev_sum": 0.9084249084249083,
    "best_train_ner_precision": 0.8884192730346576,
    "best_train_ner_recall": 0.9107452339688041,
    "best_train_ner_span_f1": 0.8994437312794181,
    "train_ner_precision": 0.8884192730346576,
    "train_ner_recall": 0.9107452339688041,
    "train_ner_span_f1": 0.8994437312794181,
    "best_dev_ner_precision": 0.9117647058823529,
    "best_dev_ner_recall": 0.9051094890510949,
    "best_dev_ner_span_f1": 0.9084249084249083,
    "dev_ner_precision": 0.9117647058823529,
    "dev_ner_recall": 0.9051094890510949,
    "dev_ner_span_f1": 0.9084249084249083
}