{
    "epoch": "19/20",
    "best_epoch": 16,
    "max_gpu_mem": "5.2499",
    "cur_ram": "2.4611",
    "time_epoch": "0:00:04",
    "time_total": "0:01:28",
    "best_train_ner_loss": 2.410573959350586,
    "train_ner_loss": 1.216897964477539,
    "best_train_sum": 0.9978345604157645,
    "train_sum": 0.9978345604157645,
    "best_dev_ner_loss": 16.430241107940674,
    "dev_ner_loss": 19.929051876068115,
    "best_dev_sum": 0.9523809523809523,
    "dev_sum": 0.9338235294117647,
    "best_train_ner_precision": 0.99137187230371,
    "best_train_ner_recall": 0.9956672443674177,
    "best_train_ner_span_f1": 0.993514915693904,
    "train_ner_precision": 0.9974025974025974,
    "train_ner_recall": 0.9982668977469671,
    "train_ner_span_f1": 0.9978345604157645,
    "best_dev_ner_precision": 0.9558823529411765,
    "best_dev_ner_recall": 0.948905109489051,
    "best_dev_ner_span_f1": 0.9523809523809523,
    "dev_ner_precision": 0.9407407407407408,
    "dev_ner_recall": 0.927007299270073,
    "dev_ner_span_f1": 0.9338235294117647
}