{
    "epoch": "13/20",
    "best_epoch": 11,
    "max_gpu_mem": "5.2499",
    "cur_ram": "2.4610",
    "time_epoch": "0:00:04",
    "time_total": "0:01:02",
    "best_train_ner_loss": 7.423912811279297,
    "train_ner_loss": 4.32057081858317,
    "best_train_sum": 0.9900475984422328,
    "train_sum": 0.9900475984422328,
    "best_dev_ner_loss": 19.334819793701172,
    "dev_ner_loss": 16.488876819610596,
    "best_dev_sum": 0.9372693726937269,
    "dev_sum": 0.929889298892989,
    "best_train_ner_precision": 0.9758412424503883,
    "best_train_ner_recall": 0.9800693240901213,
    "best_train_ner_span_f1": 0.9779507133592737,
    "train_ner_precision": 0.9887640449438202,
    "train_ner_recall": 0.9913344887348353,
    "train_ner_span_f1": 0.9900475984422328,
    "best_dev_ner_precision": 0.9477611940298507,
    "best_dev_ner_recall": 0.927007299270073,
    "best_dev_ner_span_f1": 0.9372693726937269,
    "dev_ner_precision": 0.9402985074626866,
    "dev_ner_recall": 0.9197080291970803,
    "dev_ner_span_f1": 0.929889298892989
}