{
    "epoch": "8/20",
    "best_epoch": 7,
    "max_gpu_mem": "5.2499",
    "cur_ram": "2.4608",
    "time_epoch": "0:00:04",
    "time_total": "0:00:39",
    "best_train_ner_loss": 25.922483507792155,
    "train_ner_loss": 16.77943007151286,
    "best_train_sum": 0.9362618432385874,
    "train_sum": 0.9362618432385874,
    "best_dev_ner_loss": 26.7938289642334,
    "dev_ner_loss": 26.45320463180542,
    "best_dev_sum": 0.9084249084249083,
    "dev_sum": 0.9025270758122744,
    "best_train_ner_precision": 0.8884192730346576,
    "best_train_ner_recall": 0.9107452339688041,
    "best_train_ner_span_f1": 0.8994437312794181,
    "train_ner_precision": 0.9306506849315068,
    "train_ner_recall": 0.9419410745233969,
    "train_ner_span_f1": 0.9362618432385874,
    "best_dev_ner_precision": 0.9117647058823529,
    "best_dev_ner_recall": 0.9051094890510949,
    "best_dev_ner_span_f1": 0.9084249084249083,
    "dev_ner_precision": 0.8928571428571429,
    "dev_ner_recall": 0.9124087591240876,
    "dev_ner_span_f1": 0.9025270758122744
}