{
    "epoch": "10/20",
    "best_epoch": 9,
    "max_gpu_mem": "5.2499",
    "cur_ram": "2.4609",
    "time_epoch": "0:00:04",
    "time_total": "0:00:49",
    "best_train_ner_loss": 12.674599965413412,
    "train_ner_loss": 9.135583559672037,
    "best_train_sum": 0.9706896551724137,
    "train_sum": 0.9706896551724137,
    "best_dev_ner_loss": 14.59353256225586,
    "dev_ner_loss": 18.87064838409424,
    "best_dev_sum": 0.9157509157509157,
    "dev_sum": 0.9157509157509157,
    "best_train_ner_precision": 0.9525043177892919,
    "best_train_ner_recall": 0.9558058925476604,
    "best_train_ner_span_f1": 0.9541522491349481,
    "train_ner_precision": 0.9656946826758147,
    "train_ner_recall": 0.975736568457539,
    "train_ner_span_f1": 0.9706896551724137,
    "best_dev_ner_precision": 0.9191176470588235,
    "best_dev_ner_recall": 0.9124087591240876,
    "best_dev_ner_span_f1": 0.9157509157509157,
    "dev_ner_precision": 0.9191176470588235,
    "dev_ner_recall": 0.9124087591240876,
    "dev_ner_span_f1": 0.9157509157509157
}