{
    "epoch": "18/20",
    "best_epoch": 16,
    "max_gpu_mem": "5.2499",
    "cur_ram": "2.4611",
    "time_epoch": "0:00:04",
    "time_total": "0:01:24",
    "best_train_ner_loss": 2.410573959350586,
    "train_ner_loss": 2.2495067596435545,
    "best_train_sum": 0.9891821722198183,
    "train_sum": 0.9891821722198183,
    "best_dev_ner_loss": 16.430241107940674,
    "dev_ner_loss": 20.33964204788208,
    "best_dev_sum": 0.9523809523809523,
    "dev_sum": 0.9230769230769231,
    "best_train_ner_precision": 0.99137187230371,
    "best_train_ner_recall": 0.9956672443674177,
    "best_train_ner_span_f1": 0.993514915693904,
    "train_ner_precision": 0.9878997407087294,
    "train_ner_recall": 0.9904679376083189,
    "train_ner_span_f1": 0.9891821722198183,
    "best_dev_ner_precision": 0.9558823529411765,
    "best_dev_ner_recall": 0.948905109489051,
    "best_dev_ner_span_f1": 0.9523809523809523,
    "dev_ner_precision": 0.9264705882352942,
    "dev_ner_recall": 0.9197080291970803,
    "dev_ner_span_f1": 0.9230769230769231
}