{
    "epoch": "14/20",
    "best_epoch": 11,
    "max_gpu_mem": "5.2499",
    "cur_ram": "2.4610",
    "time_epoch": "0:00:04",
    "time_total": "0:01:06",
    "best_train_ner_loss": 7.423912811279297,
    "train_ner_loss": 4.761921819051107,
    "best_train_sum": 0.9870354364736387,
    "train_sum": 0.9870354364736387,
    "best_dev_ner_loss": 19.334819793701172,
    "dev_ner_loss": 16.37916898727417,
    "best_dev_sum": 0.9372693726937269,
    "dev_sum": 0.9338235294117647,
    "best_train_ner_precision": 0.9758412424503883,
    "best_train_ner_recall": 0.9800693240901213,
    "best_train_ner_span_f1": 0.9779507133592737,
    "train_ner_precision": 0.9844827586206897,
    "train_ner_recall": 0.9896013864818024,
    "train_ner_span_f1": 0.9870354364736387,
    "best_dev_ner_precision": 0.9477611940298507,
    "best_dev_ner_recall": 0.927007299270073,
    "best_dev_ner_span_f1": 0.9372693726937269,
    "dev_ner_precision": 0.9407407407407408,
    "dev_ner_recall": 0.927007299270073,
    "dev_ner_span_f1": 0.9338235294117647
}