{
    "epoch": "5/20",
    "best_epoch": 5,
    "max_gpu_mem": "5.2499",
    "cur_ram": "2.4557",
    "time_epoch": "0:00:04",
    "time_total": "0:00:24",
    "best_train_ner_loss": 83.51482690175375,
    "train_ner_loss": 83.51482690175375,
    "best_train_sum": 0.6599435256151674,
    "train_sum": 0.6599435256151674,
    "best_dev_ner_loss": 48.72123146057129,
    "dev_ner_loss": 48.72123146057129,
    "best_dev_sum": 0.782006920415225,
    "dev_sum": 0.782006920415225,
    "best_train_ner_precision": 0.6173584905660378,
    "best_train_ner_recall": 0.708838821490468,
    "best_train_ner_span_f1": 0.6599435256151674,
    "train_ner_precision": 0.6173584905660378,
    "train_ner_recall": 0.708838821490468,
    "train_ner_span_f1": 0.6599435256151674,
    "best_dev_ner_precision": 0.743421052631579,
    "best_dev_ner_recall": 0.8248175182481752,
    "best_dev_ner_span_f1": 0.782006920415225,
    "dev_ner_precision": 0.743421052631579,
    "dev_ner_recall": 0.8248175182481752,
    "dev_ner_span_f1": 0.782006920415225
}