{
    "epoch": "3/20",
    "best_epoch": 3,
    "max_gpu_mem": "11.0672",
    "cur_ram": "2.8205",
    "time_epoch": "0:00:22",
    "time_total": "0:01:00",
    "best_train_ner_loss": 63.613430482369886,
    "train_ner_loss": 63.613430482369886,
    "best_train_sum": 0.15284552845528454,
    "train_sum": 0.15284552845528454,
    "best_dev_ner_loss": 31.85998317173549,
    "dev_ner_loss": 31.85998317173549,
    "best_dev_sum": 0.4186046511627907,
    "dev_sum": 0.4186046511627907,
    "best_train_ner_precision": 0.5875,
    "best_train_ner_recall": 0.08785046728971962,
    "best_train_ner_span_f1": 0.15284552845528454,
    "train_ner_precision": 0.5875,
    "train_ner_recall": 0.08785046728971962,
    "train_ner_span_f1": 0.15284552845528454,
    "best_dev_ner_precision": 0.4090909090909091,
    "best_dev_ner_recall": 0.42857142857142855,
    "best_dev_ner_span_f1": 0.4186046511627907,
    "dev_ner_precision": 0.4090909090909091,
    "dev_ner_recall": 0.42857142857142855,
    "dev_ner_span_f1": 0.4186046511627907
}