{
    "epoch": "12/20",
    "best_epoch": 10,
    "max_gpu_mem": "11.0740",
    "cur_ram": "2.8216",
    "time_epoch": "0:00:22",
    "time_total": "0:04:32",
    "best_train_ner_loss": 4.476149064523202,
    "train_ner_loss": 2.101314827247902,
    "best_train_sum": 0.9711627906976745,
    "train_sum": 0.9711627906976745,
    "best_dev_ner_loss": 15.813652038574219,
    "dev_ner_loss": 15.83136967250279,
    "best_dev_sum": 0.8461538461538461,
    "dev_sum": 0.7999999999999999,
    "best_train_ner_precision": 0.9072727272727272,
    "best_train_ner_recall": 0.9327102803738317,
    "best_train_ner_span_f1": 0.919815668202765,
    "train_ner_precision": 0.9666666666666667,
    "train_ner_recall": 0.9757009345794393,
    "train_ner_span_f1": 0.9711627906976745,
    "best_dev_ner_precision": 0.8208955223880597,
    "best_dev_ner_recall": 0.873015873015873,
    "best_dev_ner_span_f1": 0.8461538461538461,
    "dev_ner_precision": 0.75,
    "dev_ner_recall": 0.8571428571428571,
    "dev_ner_span_f1": 0.7999999999999999
}