{
    "epoch": "13/20",
    "best_epoch": 10,
    "max_gpu_mem": "11.0740",
    "cur_ram": "2.8216",
    "time_epoch": "0:00:22",
    "time_total": "0:04:55",
    "best_train_ner_loss": 4.476149064523202,
    "train_ner_loss": 1.566562158090097,
    "best_train_sum": 0.976657329598506,
    "train_sum": 0.976657329598506,
    "best_dev_ner_loss": 15.813652038574219,
    "dev_ner_loss": 14.970161982945033,
    "best_dev_sum": 0.8461538461538461,
    "dev_sum": 0.7819548872180451,
    "best_train_ner_precision": 0.9072727272727272,
    "best_train_ner_recall": 0.9327102803738317,
    "best_train_ner_span_f1": 0.919815668202765,
    "train_ner_precision": 0.9757462686567164,
    "train_ner_recall": 0.9775700934579439,
    "train_ner_span_f1": 0.976657329598506,
    "best_dev_ner_precision": 0.8208955223880597,
    "best_dev_ner_recall": 0.873015873015873,
    "best_dev_ner_span_f1": 0.8461538461538461,
    "dev_ner_precision": 0.7428571428571429,
    "dev_ner_recall": 0.8253968253968254,
    "dev_ner_span_f1": 0.7819548872180451
}