{
    "epoch": "6/20",
    "best_epoch": 5,
    "max_gpu_mem": "11.0672",
    "cur_ram": "2.8212",
    "time_epoch": "0:00:22",
    "time_total": "0:02:14",
    "best_train_ner_loss": 20.936056313691317,
    "train_ner_loss": 14.48700781221743,
    "best_train_sum": 0.7845303867403315,
    "train_sum": 0.7845303867403315,
    "best_dev_ner_loss": 15.737858363560267,
    "dev_ner_loss": 17.9264771597726,
    "best_dev_sum": 0.8281250000000001,
    "dev_sum": 0.7480916030534351,
    "best_train_ner_precision": 0.703971119133574,
    "best_train_ner_recall": 0.7289719626168224,
    "best_train_ner_span_f1": 0.7162534435261707,
    "train_ner_precision": 0.7731397459165155,
    "train_ner_recall": 0.7962616822429907,
    "train_ner_span_f1": 0.7845303867403315,
    "best_dev_ner_precision": 0.8153846153846154,
    "best_dev_ner_recall": 0.8412698412698413,
    "best_dev_ner_span_f1": 0.8281250000000001,
    "dev_ner_precision": 0.7205882352941176,
    "dev_ner_recall": 0.7777777777777778,
    "dev_ner_span_f1": 0.7480916030534351
}