{
    "epoch": "7/20",
    "best_epoch": 5,
    "max_gpu_mem": "11.0672",
    "cur_ram": "2.8212",
    "time_epoch": "0:00:22",
    "time_total": "0:02:36",
    "best_train_ner_loss": 20.936056313691317,
    "train_ner_loss": 10.79759007913095,
    "best_train_sum": 0.8322520852641334,
    "train_sum": 0.8322520852641334,
    "best_dev_ner_loss": 15.737858363560267,
    "dev_ner_loss": 15.494371141706194,
    "best_dev_sum": 0.8281250000000001,
    "dev_sum": 0.7559055118110236,
    "best_train_ner_precision": 0.703971119133574,
    "best_train_ner_recall": 0.7289719626168224,
    "best_train_ner_span_f1": 0.7162534435261707,
    "train_ner_precision": 0.8253676470588235,
    "train_ner_recall": 0.8392523364485981,
    "train_ner_span_f1": 0.8322520852641334,
    "best_dev_ner_precision": 0.8153846153846154,
    "best_dev_ner_recall": 0.8412698412698413,
    "best_dev_ner_span_f1": 0.8281250000000001,
    "dev_ner_precision": 0.75,
    "dev_ner_recall": 0.7619047619047619,
    "dev_ner_span_f1": 0.7559055118110236
}