{
    "epoch": "2/20",
    "best_epoch": 1,
    "max_gpu_mem": "11.0672",
    "cur_ram": "2.8204",
    "time_epoch": "0:00:22",
    "time_total": "0:00:38",
    "best_train_ner_loss": 1458.0755174424912,
    "train_ner_loss": 525.4409431528162,
    "best_train_sum": 0.0,
    "train_sum": 0.0,
    "best_dev_ner_loss": 1319.7344970703125,
    "dev_ner_loss": 78.6035385131836,
    "best_dev_sum": 0.0,
    "dev_sum": 0.0,
    "best_train_ner_precision": 0.00014719736222326896,
    "best_train_ner_recall": 0.009345794392523364,
    "best_train_ner_span_f1": 0.0002898298698663884,
    "train_ner_precision": 0.0,
    "train_ner_recall": 0.0,
    "train_ner_span_f1": 0.0,
    "best_dev_ner_precision": 0.0,
    "best_dev_ner_recall": 0.0,
    "best_dev_ner_span_f1": 0.0,
    "dev_ner_precision": 0.0,
    "dev_ner_recall": 0.0,
    "dev_ner_span_f1": 0.0
}