{
    "epoch": "12/20",
    "best_epoch": 9,
    "max_gpu_mem": "7.1731",
    "cur_ram": "2.7913",
    "time_epoch": "0:00:06",
    "time_total": "0:01:27",
    "best_train_ner_loss": 12.9381929397583,
    "train_ner_loss": 8.87335662841797,
    "best_train_sum": 0.9669211195928753,
    "train_sum": 0.9669211195928753,
    "best_dev_ner_loss": 22.214634895324707,
    "dev_ner_loss": 20.512429237365723,
    "best_dev_sum": 0.9600000000000001,
    "dev_sum": 0.9533333333333331,
    "best_train_ner_precision": 0.935,
    "best_train_ner_recall": 0.9622641509433962,
    "best_train_ner_span_f1": 0.94843617920541,
    "train_ner_precision": 0.9563758389261745,
    "train_ner_recall": 0.9777015437392796,
    "train_ner_span_f1": 0.9669211195928753,
    "best_dev_ner_precision": 0.9536423841059603,
    "best_dev_ner_recall": 0.9664429530201343,
    "best_dev_ner_span_f1": 0.9600000000000001,
    "dev_ner_precision": 0.9470198675496688,
    "dev_ner_recall": 0.959731543624161,
    "dev_ner_span_f1": 0.9533333333333331
}