{
    "epoch": "17/20",
    "best_epoch": 13,
    "max_gpu_mem": "7.1731",
    "cur_ram": "2.7914",
    "time_epoch": "0:00:06",
    "time_total": "0:02:02",
    "best_train_ner_loss": 6.622336069742839,
    "train_ner_loss": 4.074971262613932,
    "best_train_sum": 0.9880444064901793,
    "train_sum": 0.9880444064901793,
    "best_dev_ner_loss": 24.086522102355957,
    "dev_ner_loss": 27.49922275543213,
    "best_dev_sum": 0.9634551495016611,
    "dev_sum": 0.9342105263157895,
    "best_train_ner_precision": 0.9695688926458157,
    "best_train_ner_recall": 0.983704974271012,
    "best_train_ner_span_f1": 0.9765857811834823,
    "train_ner_precision": 0.983843537414966,
    "train_ner_recall": 0.9922813036020584,
    "train_ner_span_f1": 0.9880444064901793,
    "best_dev_ner_precision": 0.9539473684210527,
    "best_dev_ner_recall": 0.9731543624161074,
    "best_dev_ner_span_f1": 0.9634551495016611,
    "dev_ner_precision": 0.9161290322580645,
    "dev_ner_recall": 0.9530201342281879,
    "dev_ner_span_f1": 0.9342105263157895
}