{
    "epoch": "6/20",
    "best_epoch": 5,
    "max_gpu_mem": "7.1731",
    "cur_ram": "2.7912",
    "time_epoch": "0:00:06",
    "time_total": "0:00:44",
    "best_train_ner_loss": 41.2195629119873,
    "train_ner_loss": 25.468340746561687,
    "best_train_sum": 0.9087102177554439,
    "train_sum": 0.9087102177554439,
    "best_dev_ner_loss": 29.43630027770996,
    "dev_ner_loss": 26.32417869567871,
    "best_dev_sum": 0.9185667752442996,
    "dev_sum": 0.9150326797385622,
    "best_train_ner_precision": 0.8260175578611333,
    "best_train_ner_recall": 0.8876500857632933,
    "best_train_ner_span_f1": 0.8557255064076064,
    "train_ner_precision": 0.8878887070376432,
    "train_ner_recall": 0.9305317324185248,
    "train_ner_span_f1": 0.9087102177554439,
    "best_dev_ner_precision": 0.8924050632911392,
    "best_dev_ner_recall": 0.9463087248322147,
    "best_dev_ner_span_f1": 0.9185667752442996,
    "dev_ner_precision": 0.89171974522293,
    "dev_ner_recall": 0.9395973154362416,
    "dev_ner_span_f1": 0.9150326797385622
}