{
    "epoch": "8/20",
    "best_epoch": 8,
    "max_gpu_mem": "7.1731",
    "cur_ram": "2.7912",
    "time_epoch": "0:00:06",
    "time_total": "0:00:59",
    "best_train_ner_loss": 17.117987823486327,
    "train_ner_loss": 17.117987823486327,
    "best_train_sum": 0.9337248322147652,
    "train_sum": 0.9337248322147652,
    "best_dev_ner_loss": 21.12118911743164,
    "dev_ner_loss": 21.12118911743164,
    "best_dev_sum": 0.9501661129568106,
    "dev_sum": 0.9501661129568106,
    "best_train_ner_precision": 0.9137931034482759,
    "best_train_ner_recall": 0.9545454545454546,
    "best_train_ner_span_f1": 0.9337248322147652,
    "train_ner_precision": 0.9137931034482759,
    "train_ner_recall": 0.9545454545454546,
    "train_ner_span_f1": 0.9337248322147652,
    "best_dev_ner_precision": 0.9407894736842105,
    "best_dev_ner_recall": 0.959731543624161,
    "best_dev_ner_span_f1": 0.9501661129568106,
    "dev_ner_precision": 0.9407894736842105,
    "dev_ner_recall": 0.959731543624161,
    "dev_ner_span_f1": 0.9501661129568106
}