{
    "epoch": "4/20",
    "best_epoch": 4,
    "max_gpu_mem": "7.1698",
    "cur_ram": "2.7907",
    "time_epoch": "0:00:06",
    "time_total": "0:00:29",
    "best_train_ner_loss": 68.93757979075114,
    "train_ner_loss": 68.93757979075114,
    "best_train_sum": 0.7442424242424241,
    "train_sum": 0.7442424242424241,
    "best_dev_ner_loss": 37.17962837219238,
    "dev_ner_loss": 37.17962837219238,
    "best_dev_sum": 0.8802588996763754,
    "dev_sum": 0.8802588996763754,
    "best_train_ner_precision": 0.7035905271199389,
    "best_train_ner_recall": 0.7898799313893653,
    "best_train_ner_span_f1": 0.7442424242424241,
    "train_ner_precision": 0.7035905271199389,
    "train_ner_recall": 0.7898799313893653,
    "train_ner_span_f1": 0.7442424242424241,
    "best_dev_ner_precision": 0.85,
    "best_dev_ner_recall": 0.912751677852349,
    "best_dev_ner_span_f1": 0.8802588996763754,
    "dev_ner_precision": 0.85,
    "dev_ner_recall": 0.912751677852349,
    "dev_ner_span_f1": 0.8802588996763754
}