{
    "epoch": "20/20",
    "best_epoch": 13,
    "max_gpu_mem": "7.1731",
    "cur_ram": "2.7914",
    "time_epoch": "0:00:06",
    "time_total": "0:02:21",
    "best_train_ner_loss": 6.622336069742839,
    "train_ner_loss": 3.437134552001953,
    "best_train_sum": 0.990166737922189,
    "train_sum": 0.990166737922189,
    "best_dev_ner_loss": 24.086522102355957,
    "dev_ner_loss": 24.92260456085205,
    "best_dev_sum": 0.9634551495016611,
    "dev_sum": 0.9568106312292358,
    "best_train_ner_precision": 0.9695688926458157,
    "best_train_ner_recall": 0.983704974271012,
    "best_train_ner_span_f1": 0.9765857811834823,
    "train_ner_precision": 0.9872122762148338,
    "train_ner_recall": 0.9931389365351629,
    "train_ner_span_f1": 0.990166737922189,
    "best_dev_ner_precision": 0.9539473684210527,
    "best_dev_ner_recall": 0.9731543624161074,
    "best_dev_ner_span_f1": 0.9634551495016611,
    "dev_ner_precision": 0.9473684210526315,
    "dev_ner_recall": 0.9664429530201343,
    "dev_ner_span_f1": 0.9568106312292358
}