{
    "epoch": "11/20",
    "best_epoch": 9,
    "max_gpu_mem": "7.1731",
    "cur_ram": "2.7913",
    "time_epoch": "0:00:06",
    "time_total": "0:01:21",
    "best_train_ner_loss": 12.9381929397583,
    "train_ner_loss": 9.338641993204753,
    "best_train_sum": 0.9626485568760611,
    "train_sum": 0.9626485568760611,
    "best_dev_ner_loss": 22.214634895324707,
    "dev_ner_loss": 20.57731342315674,
    "best_dev_sum": 0.9600000000000001,
    "dev_sum": 0.9536423841059601,
    "best_train_ner_precision": 0.935,
    "best_train_ner_recall": 0.9622641509433962,
    "best_train_ner_span_f1": 0.94843617920541,
    "train_ner_precision": 0.9529411764705882,
    "train_ner_recall": 0.9725557461406518,
    "train_ner_span_f1": 0.9626485568760611,
    "best_dev_ner_precision": 0.9536423841059603,
    "best_dev_ner_recall": 0.9664429530201343,
    "best_dev_ner_span_f1": 0.9600000000000001,
    "dev_ner_precision": 0.9411764705882353,
    "dev_ner_recall": 0.9664429530201343,
    "dev_ner_span_f1": 0.9536423841059601
}