{
    "epoch": "5/20",
    "best_epoch": 5,
    "max_gpu_mem": "7.1698",
    "cur_ram": "2.7908",
    "time_epoch": "0:00:06",
    "time_total": "0:00:37",
    "best_train_ner_loss": 41.2195629119873,
    "train_ner_loss": 41.2195629119873,
    "best_train_sum": 0.8557255064076064,
    "train_sum": 0.8557255064076064,
    "best_dev_ner_loss": 29.43630027770996,
    "dev_ner_loss": 29.43630027770996,
    "best_dev_sum": 0.9185667752442996,
    "dev_sum": 0.9185667752442996,
    "best_train_ner_precision": 0.8260175578611333,
    "best_train_ner_recall": 0.8876500857632933,
    "best_train_ner_span_f1": 0.8557255064076064,
    "train_ner_precision": 0.8260175578611333,
    "train_ner_recall": 0.8876500857632933,
    "train_ner_span_f1": 0.8557255064076064,
    "best_dev_ner_precision": 0.8924050632911392,
    "best_dev_ner_recall": 0.9463087248322147,
    "best_dev_ner_span_f1": 0.9185667752442996,
    "dev_ner_precision": 0.8924050632911392,
    "dev_ner_recall": 0.9463087248322147,
    "dev_ner_span_f1": 0.9185667752442996
}