{
    "epoch": "7/20",
    "best_epoch": 7,
    "max_gpu_mem": "7.1731",
    "cur_ram": "2.7912",
    "time_epoch": "0:00:06",
    "time_total": "0:00:51",
    "best_train_ner_loss": 24.041141192118328,
    "train_ner_loss": 24.041141192118328,
    "best_train_sum": 0.9148846960167715,
    "train_sum": 0.9148846960167715,
    "best_dev_ner_loss": 21.98764705657959,
    "dev_ner_loss": 21.98764705657959,
    "best_dev_sum": 0.919093851132686,
    "dev_sum": 0.919093851132686,
    "best_train_ner_precision": 0.8949958982772764,
    "best_train_ner_recall": 0.9356775300171527,
    "best_train_ner_span_f1": 0.9148846960167715,
    "train_ner_precision": 0.8949958982772764,
    "train_ner_recall": 0.9356775300171527,
    "train_ner_span_f1": 0.9148846960167715,
    "best_dev_ner_precision": 0.8875,
    "best_dev_ner_recall": 0.9530201342281879,
    "best_dev_ner_span_f1": 0.919093851132686,
    "dev_ner_precision": 0.8875,
    "dev_ner_recall": 0.9530201342281879,
    "dev_ner_span_f1": 0.919093851132686
}