{
    "epoch": "2/20",
    "best_epoch": 2,
    "max_gpu_mem": "7.1648",
    "cur_ram": "2.7903",
    "time_epoch": "0:00:06",
    "time_total": "0:00:13",
    "best_train_ner_loss": 564.721332804362,
    "train_ner_loss": 564.721332804362,
    "best_train_sum": 0.010824313072439634,
    "train_sum": 0.010824313072439634,
    "best_dev_ner_loss": 258.42378997802734,
    "dev_ner_loss": 258.42378997802734,
    "best_dev_sum": 0.09606986899563319,
    "dev_sum": 0.09606986899563319,
    "best_train_ner_precision": 0.010517799352750809,
    "best_train_ner_recall": 0.011149228130360206,
    "best_train_ner_span_f1": 0.010824313072439634,
    "train_ner_precision": 0.010517799352750809,
    "train_ner_recall": 0.011149228130360206,
    "train_ner_span_f1": 0.010824313072439634,
    "best_dev_ner_precision": 0.1375,
    "best_dev_ner_recall": 0.0738255033557047,
    "best_dev_ner_span_f1": 0.09606986899563319,
    "dev_ner_precision": 0.1375,
    "dev_ner_recall": 0.0738255033557047,
    "dev_ner_span_f1": 0.09606986899563319
}