{
    "epoch": "3/20",
    "best_epoch": 3,
    "max_gpu_mem": "7.1698",
    "cur_ram": "2.7907",
    "time_epoch": "0:00:06",
    "time_total": "0:00:21",
    "best_train_ner_loss": 177.6779079437256,
    "train_ner_loss": 177.6779079437256,
    "best_train_sum": 0.3986928104575163,
    "train_sum": 0.3986928104575163,
    "best_dev_ner_loss": 67.23686504364014,
    "dev_ner_loss": 67.23686504364014,
    "best_dev_sum": 0.8246753246753248,
    "dev_sum": 0.8246753246753248,
    "best_train_ner_precision": 0.4375,
    "best_train_ner_recall": 0.36620926243567753,
    "best_train_ner_span_f1": 0.3986928104575163,
    "train_ner_precision": 0.4375,
    "train_ner_recall": 0.36620926243567753,
    "train_ner_span_f1": 0.3986928104575163,
    "best_dev_ner_precision": 0.7987421383647799,
    "best_dev_ner_recall": 0.8523489932885906,
    "best_dev_ner_span_f1": 0.8246753246753248,
    "dev_ner_precision": 0.7987421383647799,
    "dev_ner_recall": 0.8523489932885906,
    "dev_ner_span_f1": 0.8246753246753248
}