{
    "epoch": "15/20",
    "best_epoch": 13,
    "max_gpu_mem": "7.1731",
    "cur_ram": "2.7914",
    "time_epoch": "0:00:06",
    "time_total": "0:01:48",
    "best_train_ner_loss": 6.622336069742839,
    "train_ner_loss": 5.663472366333008,
    "best_train_sum": 0.987190435525192,
    "train_sum": 0.987190435525192,
    "best_dev_ner_loss": 24.086522102355957,
    "dev_ner_loss": 21.636791229248047,
    "best_dev_sum": 0.9634551495016611,
    "dev_sum": 0.9600000000000001,
    "best_train_ner_precision": 0.9695688926458157,
    "best_train_ner_recall": 0.983704974271012,
    "best_train_ner_span_f1": 0.9765857811834823,
    "train_ner_precision": 0.9829931972789115,
    "train_ner_recall": 0.9914236706689536,
    "train_ner_span_f1": 0.987190435525192,
    "best_dev_ner_precision": 0.9539473684210527,
    "best_dev_ner_recall": 0.9731543624161074,
    "best_dev_ner_span_f1": 0.9634551495016611,
    "dev_ner_precision": 0.9536423841059603,
    "dev_ner_recall": 0.9664429530201343,
    "dev_ner_span_f1": 0.9600000000000001
}