{
    "epoch": "1/20",
    "best_epoch": 1,
    "max_gpu_mem": "2.8822",
    "cur_ram": "2.7715",
    "time_epoch": "0:00:03",
    "time_total": "0:00:06",
    "best_train_ner_loss": 999.2573038736979,
    "train_ner_loss": 999.2573038736979,
    "best_train_sum": 0.010427010923535256,
    "train_sum": 0.010427010923535256,
    "best_dev_ner_loss": 869.0426025390625,
    "dev_ner_loss": 869.0426025390625,
    "best_dev_sum": 0.0,
    "dev_sum": 0.0,
    "best_train_ner_precision": 0.007337526205450734,
    "best_train_ner_recall": 0.018010291595197257,
    "best_train_ner_span_f1": 0.010427010923535256,
    "train_ner_precision": 0.007337526205450734,
    "train_ner_recall": 0.018010291595197257,
    "train_ner_span_f1": 0.010427010923535256,
    "best_dev_ner_precision": 0.0,
    "best_dev_ner_recall": 0.0,
    "best_dev_ner_span_f1": 0.0,
    "dev_ner_precision": 0.0,
    "dev_ner_recall": 0.0,
    "dev_ner_span_f1": 0.0
}