{
    "epoch": "16/20",
    "best_epoch": 13,
    "max_gpu_mem": "7.1731",
    "cur_ram": "2.7914",
    "time_epoch": "0:00:06",
    "time_total": "0:01:55",
    "best_train_ner_loss": 6.622336069742839,
    "train_ner_loss": 5.098559888203939,
    "best_train_sum": 0.9816474605206998,
    "train_sum": 0.9816474605206998,
    "best_dev_ner_loss": 24.086522102355957,
    "dev_ner_loss": 24.58571434020996,
    "best_dev_sum": 0.9634551495016611,
    "dev_sum": 0.9438943894389439,
    "best_train_ner_precision": 0.9695688926458157,
    "best_train_ner_recall": 0.983704974271012,
    "best_train_ner_span_f1": 0.9765857811834823,
    "train_ner_precision": 0.9770603228547153,
    "train_ner_recall": 0.9862778730703259,
    "train_ner_span_f1": 0.9816474605206998,
    "best_dev_ner_precision": 0.9539473684210527,
    "best_dev_ner_recall": 0.9731543624161074,
    "best_dev_ner_span_f1": 0.9634551495016611,
    "dev_ner_precision": 0.9285714285714286,
    "dev_ner_recall": 0.959731543624161,
    "dev_ner_span_f1": 0.9438943894389439
}