{
    "epoch": "12/20",
    "best_epoch": 10,
    "max_gpu_mem": "3.6834",
    "cur_ram": "2.5012",
    "time_epoch": "0:00:08",
    "time_total": "0:01:51",
    "best_train_ner_loss": 2.8958793714934705,
    "train_ner_loss": 1.3311398076076133,
    "best_train_sum": 0.9820143884892086,
    "train_sum": 0.9820143884892086,
    "best_dev_ner_loss": 17.017274584089005,
    "dev_ner_loss": 19.43056379045759,
    "best_dev_sum": 0.8387096774193549,
    "dev_sum": 0.8196721311475409,
    "best_train_ner_precision": 0.9469964664310954,
    "best_train_ner_recall": 0.969258589511754,
    "best_train_ner_span_f1": 0.9579982126899016,
    "train_ner_precision": 0.9767441860465116,
    "train_ner_recall": 0.9873417721518988,
    "train_ner_span_f1": 0.9820143884892086,
    "best_dev_ner_precision": 0.7878787878787878,
    "best_dev_ner_recall": 0.896551724137931,
    "best_dev_ner_span_f1": 0.8387096774193549,
    "dev_ner_precision": 0.78125,
    "dev_ner_recall": 0.8620689655172413,
    "dev_ner_span_f1": 0.8196721311475409
}