{
    "epoch": "3/20",
    "best_epoch": 3,
    "max_gpu_mem": "3.6761",
    "cur_ram": "2.4960",
    "time_epoch": "0:00:08",
    "time_total": "0:00:27",
    "best_train_ner_loss": 78.91712686127308,
    "train_ner_loss": 78.91712686127308,
    "best_train_sum": 0.05733558178752108,
    "train_sum": 0.05733558178752108,
    "best_dev_ner_loss": 31.503341129847936,
    "dev_ner_loss": 31.503341129847936,
    "best_dev_sum": 0.3076923076923077,
    "dev_sum": 0.3076923076923077,
    "best_train_ner_precision": 0.425,
    "best_train_ner_recall": 0.03074141048824593,
    "best_train_ner_span_f1": 0.05733558178752108,
    "train_ner_precision": 0.425,
    "train_ner_recall": 0.03074141048824593,
    "train_ner_span_f1": 0.05733558178752108,
    "best_dev_ner_precision": 0.34782608695652173,
    "best_dev_ner_recall": 0.27586206896551724,
    "best_dev_ner_span_f1": 0.3076923076923077,
    "dev_ner_precision": 0.34782608695652173,
    "dev_ner_recall": 0.27586206896551724,
    "dev_ner_span_f1": 0.3076923076923077
}