{
    "epoch": "9/20",
    "best_epoch": 9,
    "max_gpu_mem": "3.6834",
    "cur_ram": "2.4988",
    "time_epoch": "0:00:08",
    "time_total": "0:01:23",
    "best_train_ner_loss": 4.1743270275639555,
    "train_ner_loss": 4.1743270275639555,
    "best_train_sum": 0.936436884512086,
    "train_sum": 0.936436884512086,
    "best_dev_ner_loss": 16.03594262259347,
    "dev_ner_loss": 16.03594262259347,
    "best_dev_sum": 0.8360655737704917,
    "dev_sum": 0.8360655737704917,
    "best_train_ner_precision": 0.9273049645390071,
    "best_train_ner_recall": 0.945750452079566,
    "best_train_ner_span_f1": 0.936436884512086,
    "train_ner_precision": 0.9273049645390071,
    "train_ner_recall": 0.945750452079566,
    "train_ner_span_f1": 0.936436884512086,
    "best_dev_ner_precision": 0.796875,
    "best_dev_ner_recall": 0.8793103448275862,
    "best_dev_ner_span_f1": 0.8360655737704917,
    "dev_ner_precision": 0.796875,
    "dev_ner_recall": 0.8793103448275862,
    "dev_ner_span_f1": 0.8360655737704917
}