{
    "epoch": "6/20",
    "best_epoch": 6,
    "max_gpu_mem": "3.6761",
    "cur_ram": "2.4987",
    "time_epoch": "0:00:08",
    "time_total": "0:00:56",
    "best_train_ner_loss": 10.479534803652296,
    "train_ner_loss": 10.479534803652296,
    "best_train_sum": 0.859180035650624,
    "train_sum": 0.859180035650624,
    "best_dev_ner_loss": 11.40957260131836,
    "dev_ner_loss": 11.40957260131836,
    "best_dev_sum": 0.7899159663865546,
    "dev_sum": 0.7899159663865546,
    "best_train_ner_precision": 0.8471001757469244,
    "best_train_ner_recall": 0.8716094032549728,
    "best_train_ner_span_f1": 0.859180035650624,
    "train_ner_precision": 0.8471001757469244,
    "train_ner_recall": 0.8716094032549728,
    "train_ner_span_f1": 0.859180035650624,
    "best_dev_ner_precision": 0.7704918032786885,
    "best_dev_ner_recall": 0.8103448275862069,
    "best_dev_ner_span_f1": 0.7899159663865546,
    "dev_ner_precision": 0.7704918032786885,
    "dev_ner_recall": 0.8103448275862069,
    "dev_ner_span_f1": 0.7899159663865546
}