{
    "epoch": "5/20",
    "best_epoch": 5,
    "max_gpu_mem": "3.6761",
    "cur_ram": "2.4961",
    "time_epoch": "0:00:08",
    "time_total": "0:00:46",
    "best_train_ner_loss": 17.893681395287608,
    "train_ner_loss": 17.893681395287608,
    "best_train_sum": 0.7212276214833759,
    "train_sum": 0.7212276214833759,
    "best_dev_ner_loss": 14.46300915309361,
    "dev_ner_loss": 14.46300915309361,
    "best_dev_sum": 0.7230769230769231,
    "dev_sum": 0.7230769230769231,
    "best_train_ner_precision": 0.682258064516129,
    "best_train_ner_recall": 0.7649186256781193,
    "best_train_ner_span_f1": 0.7212276214833759,
    "train_ner_precision": 0.682258064516129,
    "train_ner_recall": 0.7649186256781193,
    "train_ner_span_f1": 0.7212276214833759,
    "best_dev_ner_precision": 0.6527777777777778,
    "best_dev_ner_recall": 0.8103448275862069,
    "best_dev_ner_span_f1": 0.7230769230769231,
    "dev_ner_precision": 0.6527777777777778,
    "dev_ner_recall": 0.8103448275862069,
    "dev_ner_span_f1": 0.7230769230769231
}