{
    "epoch": "2/20",
    "best_epoch": 1,
    "max_gpu_mem": "3.6761",
    "cur_ram": "2.4957",
    "time_epoch": "0:00:08",
    "time_total": "0:00:18",
    "best_train_ner_loss": 860.6882647346048,
    "train_ner_loss": 246.79252381418266,
    "best_train_sum": 0.0174503150751333,
    "train_sum": 0.0174503150751333,
    "best_dev_ner_loss": 622.7566528320312,
    "dev_ner_loss": 77.35743359157017,
    "best_dev_sum": 0.012213740458015267,
    "dev_sum": 0.0,
    "best_train_ner_precision": 0.009277442947111803,
    "best_train_ner_recall": 0.24773960216998192,
    "best_train_ner_span_f1": 0.01788511749347258,
    "train_ner_precision": 0.011920529801324504,
    "train_ner_recall": 0.0325497287522604,
    "train_ner_span_f1": 0.0174503150751333,
    "best_dev_ner_precision": 0.006389776357827476,
    "best_dev_ner_recall": 0.13793103448275862,
    "best_dev_ner_span_f1": 0.012213740458015267,
    "dev_ner_precision": 0.0,
    "dev_ner_recall": 0.0,
    "dev_ner_span_f1": 0.0
}