{
    "epoch": "8/20",
    "best_epoch": 7,
    "max_gpu_mem": "3.6834",
    "cur_ram": "2.4988",
    "time_epoch": "0:00:08",
    "time_total": "0:01:15",
    "best_train_ner_loss": 7.490795752581428,
    "train_ner_loss": 5.869633020139208,
    "best_train_sum": 0.9252925292529254,
    "train_sum": 0.9252925292529254,
    "best_dev_ner_loss": 15.255338941301618,
    "dev_ner_loss": 13.870394570486885,
    "best_dev_sum": 0.8305084745762712,
    "dev_sum": 0.796875,
    "best_train_ner_precision": 0.8732638888888888,
    "best_train_ner_recall": 0.9095840867992767,
    "best_train_ner_span_f1": 0.8910540301151462,
    "train_ner_precision": 0.921146953405018,
    "train_ner_recall": 0.9294755877034359,
    "train_ner_span_f1": 0.9252925292529254,
    "best_dev_ner_precision": 0.8166666666666667,
    "best_dev_ner_recall": 0.8448275862068966,
    "best_dev_ner_span_f1": 0.8305084745762712,
    "dev_ner_precision": 0.7285714285714285,
    "dev_ner_recall": 0.8793103448275862,
    "dev_ner_span_f1": 0.796875
}