{
    "epoch": "17/20",
    "best_epoch": 10,
    "max_gpu_mem": "3.6834",
    "cur_ram": "2.5014",
    "time_epoch": "0:00:08",
    "time_total": "0:02:35",
    "best_train_ner_loss": 2.8958793714934705,
    "train_ner_loss": 0.40474865483302697,
    "best_train_sum": 0.995483288166215,
    "train_sum": 0.995483288166215,
    "best_dev_ner_loss": 17.017274584089005,
    "dev_ner_loss": 18.88364519391741,
    "best_dev_sum": 0.8387096774193549,
    "dev_sum": 0.7804878048780489,
    "best_train_ner_precision": 0.9469964664310954,
    "best_train_ner_recall": 0.969258589511754,
    "best_train_ner_span_f1": 0.9579982126899016,
    "train_ner_precision": 0.9945848375451264,
    "train_ner_recall": 0.9963833634719711,
    "train_ner_span_f1": 0.995483288166215,
    "best_dev_ner_precision": 0.7878787878787878,
    "best_dev_ner_recall": 0.896551724137931,
    "best_dev_ner_span_f1": 0.8387096774193549,
    "dev_ner_precision": 0.7384615384615385,
    "dev_ner_recall": 0.8275862068965517,
    "dev_ner_span_f1": 0.7804878048780489
}