{
    "epoch": "20/20",
    "best_epoch": 10,
    "max_gpu_mem": "3.6834",
    "cur_ram": "2.5015",
    "time_epoch": "0:00:08",
    "time_total": "0:03:01",
    "best_train_ner_loss": 2.8958793714934705,
    "train_ner_loss": 0.5816121942856732,
    "best_train_sum": 0.995475113122172,
    "train_sum": 0.995475113122172,
    "best_dev_ner_loss": 17.017274584089005,
    "dev_ner_loss": 19.919234684535436,
    "best_dev_sum": 0.8387096774193549,
    "dev_sum": 0.7999999999999999,
    "best_train_ner_precision": 0.9469964664310954,
    "best_train_ner_recall": 0.969258589511754,
    "best_train_ner_span_f1": 0.9579982126899016,
    "train_ner_precision": 0.9963768115942029,
    "train_ner_recall": 0.9945750452079566,
    "train_ner_span_f1": 0.995475113122172,
    "best_dev_ner_precision": 0.7878787878787878,
    "best_dev_ner_recall": 0.896551724137931,
    "best_dev_ner_span_f1": 0.8387096774193549,
    "dev_ner_precision": 0.7741935483870968,
    "dev_ner_recall": 0.8275862068965517,
    "dev_ner_span_f1": 0.7999999999999999
}