{
    "epoch": "16/20",
    "best_epoch": 10,
    "max_gpu_mem": "3.6939",
    "cur_ram": "2.4868",
    "time_epoch": "0:00:08",
    "time_total": "0:02:23",
    "best_train_ner_loss": 3.080082575480143,
    "train_ner_loss": 0.7670877120074104,
    "best_train_sum": 0.9918552036199095,
    "train_sum": 0.9918552036199095,
    "best_dev_ner_loss": 21.075923374720983,
    "dev_ner_loss": 29.02731704711914,
    "best_dev_sum": 0.873015873015873,
    "dev_sum": 0.8372093023255814,
    "best_train_ner_precision": 0.9605026929982047,
    "best_train_ner_recall": 0.9709618874773139,
    "best_train_ner_span_f1": 0.9657039711191335,
    "train_ner_precision": 0.9891696750902527,
    "train_ner_recall": 0.9945553539019963,
    "train_ner_span_f1": 0.9918552036199095,
    "best_dev_ner_precision": 0.9016393442622951,
    "best_dev_ner_recall": 0.8461538461538461,
    "best_dev_ner_span_f1": 0.873015873015873,
    "dev_ner_precision": 0.84375,
    "dev_ner_recall": 0.8307692307692308,
    "dev_ner_span_f1": 0.8372093023255814
}