{
    "epoch": "13/20",
    "best_epoch": 10,
    "max_gpu_mem": "3.6939",
    "cur_ram": "2.4867",
    "time_epoch": "0:00:08",
    "time_total": "0:01:57",
    "best_train_ner_loss": 3.080082575480143,
    "train_ner_loss": 1.5292061824424594,
    "best_train_sum": 0.9819168173598553,
    "train_sum": 0.9819168173598553,
    "best_dev_ner_loss": 21.075923374720983,
    "dev_ner_loss": 24.48389516557966,
    "best_dev_sum": 0.873015873015873,
    "dev_sum": 0.8346456692913387,
    "best_train_ner_precision": 0.9605026929982047,
    "best_train_ner_recall": 0.9709618874773139,
    "best_train_ner_span_f1": 0.9657039711191335,
    "train_ner_precision": 0.9783783783783784,
    "train_ner_recall": 0.985480943738657,
    "train_ner_span_f1": 0.9819168173598553,
    "best_dev_ner_precision": 0.9016393442622951,
    "best_dev_ner_recall": 0.8461538461538461,
    "best_dev_ner_span_f1": 0.873015873015873,
    "dev_ner_precision": 0.8548387096774194,
    "dev_ner_recall": 0.8153846153846154,
    "dev_ner_span_f1": 0.8346456692913387
}