{
    "epoch": "5/20",
    "best_epoch": 5,
    "max_gpu_mem": "3.6939",
    "cur_ram": "2.4859",
    "time_epoch": "0:00:08",
    "time_total": "0:00:46",
    "best_train_ner_loss": 17.72382857752781,
    "train_ner_loss": 17.72382857752781,
    "best_train_sum": 0.7250859106529209,
    "train_sum": 0.7250859106529209,
    "best_dev_ner_loss": 16.6866945539202,
    "dev_ner_loss": 16.6866945539202,
    "best_dev_sum": 0.8120300751879699,
    "dev_sum": 0.8120300751879699,
    "best_train_ner_precision": 0.6884176182707994,
    "best_train_ner_recall": 0.7658802177858439,
    "best_train_ner_span_f1": 0.7250859106529209,
    "train_ner_precision": 0.6884176182707994,
    "train_ner_recall": 0.7658802177858439,
    "train_ner_span_f1": 0.7250859106529209,
    "best_dev_ner_precision": 0.7941176470588235,
    "best_dev_ner_recall": 0.8307692307692308,
    "best_dev_ner_span_f1": 0.8120300751879699,
    "dev_ner_precision": 0.7941176470588235,
    "dev_ner_recall": 0.8307692307692308,
    "dev_ner_span_f1": 0.8120300751879699
}