{
    "epoch": "15/20",
    "best_epoch": 10,
    "max_gpu_mem": "3.6939",
    "cur_ram": "2.4868",
    "time_epoch": "0:00:08",
    "time_total": "0:02:15",
    "best_train_ner_loss": 3.080082575480143,
    "train_ner_loss": 0.6695514379763136,
    "best_train_sum": 0.9963702359346642,
    "train_sum": 0.9963702359346642,
    "best_dev_ner_loss": 21.075923374720983,
    "dev_ner_loss": 30.82966641017369,
    "best_dev_sum": 0.873015873015873,
    "dev_sum": 0.803030303030303,
    "best_train_ner_precision": 0.9605026929982047,
    "best_train_ner_recall": 0.9709618874773139,
    "best_train_ner_span_f1": 0.9657039711191335,
    "train_ner_precision": 0.9963702359346642,
    "train_ner_recall": 0.9963702359346642,
    "train_ner_span_f1": 0.9963702359346642,
    "best_dev_ner_precision": 0.9016393442622951,
    "best_dev_ner_recall": 0.8461538461538461,
    "best_dev_ner_span_f1": 0.873015873015873,
    "dev_ner_precision": 0.7910447761194029,
    "dev_ner_recall": 0.8153846153846154,
    "dev_ner_span_f1": 0.803030303030303
}