{
    "epoch": "7/20",
    "best_epoch": 6,
    "max_gpu_mem": "3.6939",
    "cur_ram": "2.4865",
    "time_epoch": "0:00:08",
    "time_total": "0:01:04",
    "best_train_ner_loss": 10.602387970569087,
    "train_ner_loss": 7.6313893187279795,
    "best_train_sum": 0.9010791366906475,
    "train_sum": 0.9010791366906475,
    "best_dev_ner_loss": 17.355788367135183,
    "dev_ner_loss": 18.902461188180105,
    "best_dev_sum": 0.8130081300813008,
    "dev_sum": 0.7906976744186046,
    "best_train_ner_precision": 0.8180242634315424,
    "best_train_ner_recall": 0.8566243194192378,
    "best_train_ner_span_f1": 0.8368794326241135,
    "train_ner_precision": 0.893048128342246,
    "train_ner_recall": 0.9092558983666061,
    "train_ner_span_f1": 0.9010791366906475,
    "best_dev_ner_precision": 0.8620689655172413,
    "best_dev_ner_recall": 0.7692307692307693,
    "best_dev_ner_span_f1": 0.8130081300813008,
    "dev_ner_precision": 0.796875,
    "dev_ner_recall": 0.7846153846153846,
    "dev_ner_span_f1": 0.7906976744186046
}