{
    "epoch": "19/20",
    "best_epoch": 10,
    "max_gpu_mem": "3.6939",
    "cur_ram": "2.4869",
    "time_epoch": "0:00:08",
    "time_total": "0:02:49",
    "best_train_ner_loss": 3.080082575480143,
    "train_ner_loss": 0.24025864694632737,
    "best_train_sum": 0.9972801450589303,
    "train_sum": 0.9972801450589303,
    "best_dev_ner_loss": 21.075923374720983,
    "dev_ner_loss": 31.811277662004745,
    "best_dev_sum": 0.873015873015873,
    "dev_sum": 0.8217054263565892,
    "best_train_ner_precision": 0.9605026929982047,
    "best_train_ner_recall": 0.9709618874773139,
    "best_train_ner_span_f1": 0.9657039711191335,
    "train_ner_precision": 0.9963768115942029,
    "train_ner_recall": 0.9981851179673321,
    "train_ner_span_f1": 0.9972801450589303,
    "best_dev_ner_precision": 0.9016393442622951,
    "best_dev_ner_recall": 0.8461538461538461,
    "best_dev_ner_span_f1": 0.873015873015873,
    "dev_ner_precision": 0.828125,
    "dev_ner_recall": 0.8153846153846154,
    "dev_ner_span_f1": 0.8217054263565892
}