{
    "epoch": "3/20",
    "best_epoch": 3,
    "max_gpu_mem": "3.6880",
    "cur_ram": "2.4821",
    "time_epoch": "0:00:08",
    "time_total": "0:00:27",
    "best_train_ner_loss": 77.4183889276841,
    "train_ner_loss": 77.4183889276841,
    "best_train_sum": 0.07705192629815746,
    "train_sum": 0.07705192629815746,
    "best_dev_ner_loss": 40.31994301932199,
    "dev_ner_loss": 40.31994301932199,
    "best_dev_sum": 0.1864406779661017,
    "dev_sum": 0.1864406779661017,
    "best_train_ner_precision": 0.5,
    "best_train_ner_recall": 0.041742286751361164,
    "best_train_ner_span_f1": 0.07705192629815746,
    "train_ner_precision": 0.5,
    "train_ner_recall": 0.041742286751361164,
    "train_ner_span_f1": 0.07705192629815746,
    "best_dev_ner_precision": 0.20754716981132076,
    "best_dev_ner_recall": 0.16923076923076924,
    "best_dev_ner_span_f1": 0.1864406779661017,
    "dev_ner_precision": 0.20754716981132076,
    "dev_ner_recall": 0.16923076923076924,
    "dev_ner_span_f1": 0.1864406779661017
}