{
    "epoch": "4/20",
    "best_epoch": 4,
    "max_gpu_mem": "3.6923",
    "cur_ram": "2.4833",
    "time_epoch": "0:00:08",
    "time_total": "0:00:36",
    "best_train_ner_loss": 32.22404729618746,
    "train_ner_loss": 32.22404729618746,
    "best_train_sum": 0.41981528127623846,
    "train_sum": 0.41981528127623846,
    "best_dev_ner_loss": 23.043646948678152,
    "dev_ner_loss": 23.043646948678152,
    "best_dev_sum": 0.5179856115107914,
    "dev_sum": 0.5179856115107914,
    "best_train_ner_precision": 0.390625,
    "best_train_ner_recall": 0.4537205081669691,
    "best_train_ner_span_f1": 0.41981528127623846,
    "train_ner_precision": 0.390625,
    "train_ner_recall": 0.4537205081669691,
    "train_ner_span_f1": 0.41981528127623846,
    "best_dev_ner_precision": 0.4864864864864865,
    "best_dev_ner_recall": 0.5538461538461539,
    "best_dev_ner_span_f1": 0.5179856115107914,
    "dev_ner_precision": 0.4864864864864865,
    "dev_ner_recall": 0.5538461538461539,
    "dev_ner_span_f1": 0.5179856115107914
}