{
    "epoch": "9/20",
    "best_epoch": 6,
    "max_gpu_mem": "3.6939",
    "cur_ram": "2.4865",
    "time_epoch": "0:00:08",
    "time_total": "0:01:22",
    "best_train_ner_loss": 10.602387970569087,
    "train_ner_loss": 3.2863018559474573,
    "best_train_sum": 0.9504057709648333,
    "train_sum": 0.9504057709648333,
    "best_dev_ner_loss": 17.355788367135183,
    "dev_ner_loss": 23.18416895185198,
    "best_dev_sum": 0.8130081300813008,
    "dev_sum": 0.7681159420289856,
    "best_train_ner_precision": 0.8180242634315424,
    "best_train_ner_recall": 0.8566243194192378,
    "best_train_ner_span_f1": 0.8368794326241135,
    "train_ner_precision": 0.9444444444444444,
    "train_ner_recall": 0.956442831215971,
    "train_ner_span_f1": 0.9504057709648333,
    "best_dev_ner_precision": 0.8620689655172413,
    "best_dev_ner_recall": 0.7692307692307693,
    "best_dev_ner_span_f1": 0.8130081300813008,
    "dev_ner_precision": 0.726027397260274,
    "dev_ner_recall": 0.8153846153846154,
    "dev_ner_span_f1": 0.7681159420289856
}