{
    "epoch": "2/20",
    "best_epoch": 1,
    "max_gpu_mem": "3.6880",
    "cur_ram": "2.4820",
    "time_epoch": "0:00:08",
    "time_total": "0:00:18",
    "best_train_ner_loss": 860.0912314022289,
    "train_ner_loss": 246.25294459099862,
    "best_train_sum": 0.014918414918414918,
    "train_sum": 0.014918414918414918,
    "best_dev_ner_loss": 621.4718758719308,
    "dev_ner_loss": 88.96762302943638,
    "best_dev_sum": 0.015255530129672006,
    "dev_sum": 0.0,
    "best_train_ner_precision": 0.009364319890635681,
    "best_train_ner_recall": 0.24863883847549909,
    "best_train_ner_span_f1": 0.018048876885580663,
    "train_ner_precision": 0.010037641154328732,
    "train_ner_recall": 0.029038112522686024,
    "train_ner_span_f1": 0.014918414918414918,
    "best_dev_ner_precision": 0.008025682182985553,
    "best_dev_ner_recall": 0.15384615384615385,
    "best_dev_ner_span_f1": 0.015255530129672006,
    "dev_ner_precision": 0.0,
    "dev_ner_recall": 0.0,
    "dev_ner_span_f1": 0.0
}