{
    "epoch": "13/20",
    "best_epoch": 12,
    "max_gpu_mem": "7.1095",
    "cur_ram": "2.7442",
    "time_epoch": "0:00:06",
    "time_total": "0:01:27",
    "best_train_ner_loss": 1.2895793279012044,
    "train_ner_loss": 0.9387496948242188,
    "best_train_sum": 0.9965694682675815,
    "train_sum": 0.9965694682675815,
    "best_dev_ner_loss": 13.144937515258789,
    "dev_ner_loss": 14.230029106140137,
    "best_dev_sum": 0.9603174603174602,
    "dev_sum": 0.9402390438247011,
    "best_train_ner_precision": 0.9940017137960583,
    "best_train_ner_recall": 0.9957081545064378,
    "best_train_ner_span_f1": 0.9948542024013722,
    "train_ner_precision": 0.9957155098543273,
    "train_ner_recall": 0.9974248927038627,
    "train_ner_span_f1": 0.9965694682675815,
    "best_dev_ner_precision": 0.952755905511811,
    "best_dev_ner_recall": 0.968,
    "best_dev_ner_span_f1": 0.9603174603174602,
    "dev_ner_precision": 0.9365079365079365,
    "dev_ner_recall": 0.944,
    "dev_ner_span_f1": 0.9402390438247011
}