{
    "epoch": "9/20",
    "best_epoch": 8,
    "max_gpu_mem": "7.1016",
    "cur_ram": "2.7440",
    "time_epoch": "0:00:06",
    "time_total": "0:01:01",
    "best_train_ner_loss": 6.982387542724609,
    "train_ner_loss": 3.7419742584228515,
    "best_train_sum": 0.9918559794256323,
    "train_sum": 0.9918559794256323,
    "best_dev_ner_loss": 14.235587120056152,
    "dev_ner_loss": 14.5685453414917,
    "best_dev_sum": 0.96,
    "dev_sum": 0.9482071713147411,
    "best_train_ner_precision": 0.9720101781170484,
    "best_train_ner_recall": 0.9836909871244636,
    "best_train_ner_span_f1": 0.9778156996587031,
    "train_ner_precision": 0.990582191780822,
    "train_ner_recall": 0.9931330472103004,
    "train_ner_span_f1": 0.9918559794256323,
    "best_dev_ner_precision": 0.96,
    "best_dev_ner_recall": 0.96,
    "best_dev_ner_span_f1": 0.96,
    "dev_ner_precision": 0.9444444444444444,
    "dev_ner_recall": 0.952,
    "dev_ner_span_f1": 0.9482071713147411
}