{
    "epoch": "10/20",
    "best_epoch": 8,
    "max_gpu_mem": "7.1016",
    "cur_ram": "2.7440",
    "time_epoch": "0:00:06",
    "time_total": "0:01:08",
    "best_train_ner_loss": 6.982387542724609,
    "train_ner_loss": 2.0108895619710285,
    "best_train_sum": 0.9952850407201028,
    "train_sum": 0.9952850407201028,
    "best_dev_ner_loss": 14.235587120056152,
    "dev_ner_loss": 15.173612594604492,
    "best_dev_sum": 0.96,
    "dev_sum": 0.9596774193548387,
    "best_train_ner_precision": 0.9720101781170484,
    "best_train_ner_recall": 0.9836909871244636,
    "best_train_ner_span_f1": 0.9778156996587031,
    "train_ner_precision": 0.9940068493150684,
    "train_ner_recall": 0.9965665236051502,
    "train_ner_span_f1": 0.9952850407201028,
    "best_dev_ner_precision": 0.96,
    "best_dev_ner_recall": 0.96,
    "best_dev_ner_span_f1": 0.96,
    "dev_ner_precision": 0.967479674796748,
    "dev_ner_recall": 0.952,
    "dev_ner_span_f1": 0.9596774193548387
}