{
    "epoch": "3/20",
    "best_epoch": 3,
    "max_gpu_mem": "7.0855",
    "cur_ram": "2.7431",
    "time_epoch": "0:00:06",
    "time_total": "0:00:19",
    "best_train_ner_loss": 174.18014856974284,
    "train_ner_loss": 174.18014856974284,
    "best_train_sum": 0.4840132304299891,
    "train_sum": 0.4840132304299891,
    "best_dev_ner_loss": 67.98950958251953,
    "dev_ner_loss": 67.98950958251953,
    "best_dev_sum": 0.72,
    "dev_sum": 0.72,
    "best_train_ner_precision": 0.6764252696456087,
    "best_train_ner_recall": 0.37682403433476397,
    "best_train_ner_span_f1": 0.4840132304299891,
    "train_ner_precision": 0.6764252696456087,
    "train_ner_recall": 0.37682403433476397,
    "train_ner_span_f1": 0.4840132304299891,
    "best_dev_ner_precision": 0.72,
    "best_dev_ner_recall": 0.72,
    "best_dev_ner_span_f1": 0.72,
    "dev_ner_precision": 0.72,
    "dev_ner_recall": 0.72,
    "dev_ner_span_f1": 0.72
}