{
    "epoch": "11/20",
    "best_epoch": 8,
    "max_gpu_mem": "7.1095",
    "cur_ram": "2.7440",
    "time_epoch": "0:00:06",
    "time_total": "0:01:14",
    "best_train_ner_loss": 6.982387542724609,
    "train_ner_loss": 2.1515680313110352,
    "best_train_sum": 0.9944277753964853,
    "train_sum": 0.9944277753964853,
    "best_dev_ner_loss": 14.235587120056152,
    "dev_ner_loss": 17.30143165588379,
    "best_dev_sum": 0.96,
    "dev_sum": 0.9596774193548387,
    "best_train_ner_precision": 0.9720101781170484,
    "best_train_ner_recall": 0.9836909871244636,
    "best_train_ner_span_f1": 0.9778156996587031,
    "train_ner_precision": 0.9931506849315068,
    "train_ner_recall": 0.9957081545064378,
    "train_ner_span_f1": 0.9944277753964853,
    "best_dev_ner_precision": 0.96,
    "best_dev_ner_recall": 0.96,
    "best_dev_ner_span_f1": 0.96,
    "dev_ner_precision": 0.967479674796748,
    "dev_ner_recall": 0.952,
    "dev_ner_span_f1": 0.9596774193548387
}