{
    "epoch": "4/20",
    "best_epoch": 4,
    "max_gpu_mem": "7.0985",
    "cur_ram": "2.7434",
    "time_epoch": "0:00:06",
    "time_total": "0:00:26",
    "best_train_ner_loss": 59.95326703389485,
    "train_ner_loss": 59.95326703389485,
    "best_train_sum": 0.8108776266996293,
    "train_sum": 0.8108776266996293,
    "best_dev_ner_loss": 31.30952787399292,
    "dev_ner_loss": 31.30952787399292,
    "best_dev_sum": 0.8313725490196078,
    "dev_sum": 0.8313725490196078,
    "best_train_ner_precision": 0.7797147385103012,
    "best_train_ner_recall": 0.8446351931330472,
    "best_train_ner_span_f1": 0.8108776266996293,
    "train_ner_precision": 0.7797147385103012,
    "train_ner_recall": 0.8446351931330472,
    "train_ner_span_f1": 0.8108776266996293,
    "best_dev_ner_precision": 0.8153846153846154,
    "best_dev_ner_recall": 0.848,
    "best_dev_ner_span_f1": 0.8313725490196078,
    "dev_ner_precision": 0.8153846153846154,
    "dev_ner_recall": 0.848,
    "dev_ner_span_f1": 0.8313725490196078
}