{
    "epoch": "5/20",
    "best_epoch": 5,
    "max_gpu_mem": "7.0985",
    "cur_ram": "2.7434",
    "time_epoch": "0:00:06",
    "time_total": "0:00:33",
    "best_train_ner_loss": 28.586845270792644,
    "train_ner_loss": 28.586845270792644,
    "best_train_sum": 0.9114671163575041,
    "train_sum": 0.9114671163575041,
    "best_dev_ner_loss": 17.702733039855957,
    "dev_ner_loss": 17.702733039855957,
    "best_dev_sum": 0.9193548387096775,
    "dev_sum": 0.9193548387096775,
    "best_train_ner_precision": 0.8956089478044739,
    "best_train_ner_recall": 0.9278969957081545,
    "best_train_ner_span_f1": 0.9114671163575041,
    "train_ner_precision": 0.8956089478044739,
    "train_ner_recall": 0.9278969957081545,
    "train_ner_span_f1": 0.9114671163575041,
    "best_dev_ner_precision": 0.926829268292683,
    "best_dev_ner_recall": 0.912,
    "best_dev_ner_span_f1": 0.9193548387096775,
    "dev_ner_precision": 0.926829268292683,
    "dev_ner_recall": 0.912,
    "dev_ner_span_f1": 0.9193548387096775
}