{
    "epoch": "2/20",
    "best_epoch": 1,
    "max_gpu_mem": "7.0855",
    "cur_ram": "2.7431",
    "time_epoch": "0:00:06",
    "time_total": "0:00:13",
    "best_train_ner_loss": 812.7754913330078,
    "train_ner_loss": 477.57481180826824,
    "best_train_sum": 0.013451029844472467,
    "train_sum": 0.013451029844472467,
    "best_dev_ner_loss": 646.4758911132812,
    "dev_ner_loss": 212.33428192138672,
    "best_dev_sum": 0.009273570324574962,
    "dev_sum": 0.0,
    "best_train_ner_precision": 0.008823089576790788,
    "best_train_ner_recall": 0.050643776824034335,
    "best_train_ner_span_f1": 0.015028018339276616,
    "train_ner_precision": 0.013179571663920923,
    "train_ner_recall": 0.013733905579399141,
    "train_ner_span_f1": 0.013451029844472467,
    "best_dev_ner_precision": 0.005747126436781609,
    "best_dev_ner_recall": 0.024,
    "best_dev_ner_span_f1": 0.009273570324574962,
    "dev_ner_precision": 0.0,
    "dev_ner_recall": 0.0,
    "dev_ner_span_f1": 0.0
}