{
    "epoch": "6/20",
    "best_epoch": 6,
    "max_gpu_mem": "7.0985",
    "cur_ram": "2.7439",
    "time_epoch": "0:00:06",
    "time_total": "0:00:41",
    "best_train_ner_loss": 15.396800867716472,
    "train_ner_loss": 15.396800867716472,
    "best_train_sum": 0.9499151103565364,
    "train_sum": 0.9499151103565364,
    "best_dev_ner_loss": 18.20565700531006,
    "dev_ner_loss": 18.20565700531006,
    "best_dev_sum": 0.9397590361445783,
    "dev_sum": 0.9397590361445783,
    "best_train_ner_precision": 0.9395465994962217,
    "best_train_ner_recall": 0.9605150214592275,
    "best_train_ner_span_f1": 0.9499151103565364,
    "train_ner_precision": 0.9395465994962217,
    "train_ner_recall": 0.9605150214592275,
    "train_ner_span_f1": 0.9499151103565364,
    "best_dev_ner_precision": 0.9435483870967742,
    "best_dev_ner_recall": 0.936,
    "best_dev_ner_span_f1": 0.9397590361445783,
    "dev_ner_precision": 0.9435483870967742,
    "dev_ner_recall": 0.936,
    "dev_ner_span_f1": 0.9397590361445783
}