{
    "epoch": "6/20",
    "best_epoch": 6,
    "max_gpu_mem": "2.8064",
    "cur_ram": "2.4915",
    "time_epoch": "0:00:08",
    "time_total": "0:00:54",
    "best_train_ner_loss": 21.625827859949183,
    "train_ner_loss": 21.625827859949183,
    "best_train_sum": 0.6975023126734505,
    "train_sum": 0.6975023126734505,
    "best_dev_ner_loss": 26.157027108328684,
    "dev_ner_loss": 26.157027108328684,
    "best_dev_sum": 0.728476821192053,
    "dev_sum": 0.728476821192053,
    "best_train_ner_precision": 0.6904761904761905,
    "best_train_ner_recall": 0.7046728971962617,
    "best_train_ner_span_f1": 0.6975023126734505,
    "train_ner_precision": 0.6904761904761905,
    "train_ner_recall": 0.7046728971962617,
    "train_ner_span_f1": 0.6975023126734505,
    "best_dev_ner_precision": 0.7051282051282052,
    "best_dev_ner_recall": 0.7534246575342466,
    "best_dev_ner_span_f1": 0.728476821192053,
    "dev_ner_precision": 0.7051282051282052,
    "dev_ner_recall": 0.7534246575342466,
    "dev_ner_span_f1": 0.728476821192053
}