{
    "epoch": "2/20",
    "best_epoch": 1,
    "max_gpu_mem": "2.8055",
    "cur_ram": "2.4835",
    "time_epoch": "0:00:08",
    "time_total": "0:00:18",
    "best_train_ner_loss": 1062.0147784197773,
    "train_ner_loss": 412.7658189844202,
    "best_train_sum": 0.0,
    "train_sum": 0.0,
    "best_dev_ner_loss": 968.0543736049107,
    "dev_ner_loss": 99.72257777622768,
    "best_dev_sum": 0.0,
    "dev_sum": 0.0,
    "best_train_ner_precision": 0.00021668472372697725,
    "best_train_ner_recall": 0.001869158878504673,
    "best_train_ner_span_f1": 0.00038834951456310677,
    "train_ner_precision": 0.0,
    "train_ner_recall": 0.0,
    "train_ner_span_f1": 0.0,
    "best_dev_ner_precision": 0.0,
    "best_dev_ner_recall": 0.0,
    "best_dev_ner_span_f1": 0.0,
    "dev_ner_precision": 0.0,
    "dev_ner_recall": 0.0,
    "dev_ner_span_f1": 0.0
}