{
    "epoch": "9/20",
    "best_epoch": 7,
    "max_gpu_mem": "2.8203",
    "cur_ram": "2.4915",
    "time_epoch": "0:00:08",
    "time_total": "0:01:20",
    "best_train_ner_loss": 15.043109858477557,
    "train_ner_loss": 9.119625974584508,
    "best_train_sum": 0.8613678373382625,
    "train_sum": 0.8613678373382625,
    "best_dev_ner_loss": 20.710687364850724,
    "dev_ner_loss": 28.572241646902903,
    "best_dev_sum": 0.8053691275167785,
    "dev_sum": 0.7581699346405228,
    "best_train_ner_precision": 0.7842401500938087,
    "best_train_ner_recall": 0.7813084112149533,
    "best_train_ner_span_f1": 0.7827715355805245,
    "train_ner_precision": 0.8519195612431444,
    "train_ner_recall": 0.8710280373831776,
    "train_ner_span_f1": 0.8613678373382625,
    "best_dev_ner_precision": 0.7894736842105263,
    "best_dev_ner_recall": 0.821917808219178,
    "best_dev_ner_span_f1": 0.8053691275167785,
    "dev_ner_precision": 0.725,
    "dev_ner_recall": 0.7945205479452054,
    "dev_ner_span_f1": 0.7581699346405228
}