{
    "epoch": "19/20",
    "best_epoch": 11,
    "max_gpu_mem": "2.8203",
    "cur_ram": "2.4917",
    "time_epoch": "0:00:08",
    "time_total": "0:02:47",
    "best_train_ner_loss": 4.679995960659451,
    "train_ner_loss": 0.7550972479361074,
    "best_train_sum": 0.9841269841269842,
    "train_sum": 0.9841269841269842,
    "best_dev_ner_loss": 26.162296567644393,
    "dev_ner_loss": 30.008328574044363,
    "best_dev_sum": 0.821917808219178,
    "dev_sum": 0.7972972972972971,
    "best_train_ner_precision": 0.9442379182156134,
    "best_train_ner_recall": 0.9495327102803738,
    "best_train_ner_span_f1": 0.9468779123951537,
    "train_ner_precision": 0.9832089552238806,
    "train_ner_recall": 0.9850467289719627,
    "train_ner_span_f1": 0.9841269841269842,
    "best_dev_ner_precision": 0.821917808219178,
    "best_dev_ner_recall": 0.821917808219178,
    "best_dev_ner_span_f1": 0.821917808219178,
    "dev_ner_precision": 0.7866666666666666,
    "dev_ner_recall": 0.8082191780821918,
    "dev_ner_span_f1": 0.7972972972972971
}