{
    "epoch": "14/20",
    "best_epoch": 11,
    "max_gpu_mem": "2.8203",
    "cur_ram": "2.4917",
    "time_epoch": "0:00:08",
    "time_total": "0:02:04",
    "best_train_ner_loss": 4.679995960659451,
    "train_ner_loss": 2.1100523560135453,
    "best_train_sum": 0.968342644320298,
    "train_sum": 0.968342644320298,
    "best_dev_ner_loss": 26.162296567644393,
    "dev_ner_loss": 25.568460736955917,
    "best_dev_sum": 0.821917808219178,
    "dev_sum": 0.7866666666666666,
    "best_train_ner_precision": 0.9442379182156134,
    "best_train_ner_recall": 0.9495327102803738,
    "best_train_ner_span_f1": 0.9468779123951537,
    "train_ner_precision": 0.9647495361781077,
    "train_ner_recall": 0.9719626168224299,
    "train_ner_span_f1": 0.968342644320298,
    "best_dev_ner_precision": 0.821917808219178,
    "best_dev_ner_recall": 0.821917808219178,
    "best_dev_ner_span_f1": 0.821917808219178,
    "dev_ner_precision": 0.7662337662337663,
    "dev_ner_recall": 0.8082191780821918,
    "dev_ner_span_f1": 0.7866666666666666
}