{
    "epoch": "1/20",
    "best_epoch": 1,
    "max_gpu_mem": "1.2918",
    "cur_ram": "2.4689",
    "time_epoch": "0:00:06",
    "time_total": "0:00:09",
    "best_train_ner_loss": 1062.0147784197773,
    "train_ner_loss": 1062.0147784197773,
    "best_train_sum": 0.00038834951456310677,
    "train_sum": 0.00038834951456310677,
    "best_dev_ner_loss": 968.0543736049107,
    "dev_ner_loss": 968.0543736049107,
    "best_dev_sum": 0.0,
    "dev_sum": 0.0,
    "best_train_ner_precision": 0.00021668472372697725,
    "best_train_ner_recall": 0.001869158878504673,
    "best_train_ner_span_f1": 0.00038834951456310677,
    "train_ner_precision": 0.00021668472372697725,
    "train_ner_recall": 0.001869158878504673,
    "train_ner_span_f1": 0.00038834951456310677,
    "best_dev_ner_precision": 0.0,
    "best_dev_ner_recall": 0.0,
    "best_dev_ner_span_f1": 0.0,
    "dev_ner_precision": 0.0,
    "dev_ner_recall": 0.0,
    "dev_ner_span_f1": 0.0
}