{
    "epoch": "12/20",
    "best_epoch": 11,
    "max_gpu_mem": "2.8203",
    "cur_ram": "2.4917",
    "time_epoch": "0:00:08",
    "time_total": "0:01:47",
    "best_train_ner_loss": 4.679995960659451,
    "train_ner_loss": 4.391475288956253,
    "best_train_sum": 0.9394221808014911,
    "train_sum": 0.9394221808014911,
    "best_dev_ner_loss": 26.162296567644393,
    "dev_ner_loss": 28.248518535069056,
    "best_dev_sum": 0.821917808219178,
    "dev_sum": 0.7862068965517242,
    "best_train_ner_precision": 0.9442379182156134,
    "best_train_ner_recall": 0.9495327102803738,
    "best_train_ner_span_f1": 0.9468779123951537,
    "train_ner_precision": 0.9368029739776952,
    "train_ner_recall": 0.9420560747663551,
    "train_ner_span_f1": 0.9394221808014911,
    "best_dev_ner_precision": 0.821917808219178,
    "best_dev_ner_recall": 0.821917808219178,
    "best_dev_ner_span_f1": 0.821917808219178,
    "dev_ner_precision": 0.7916666666666666,
    "dev_ner_recall": 0.7808219178082192,
    "dev_ner_span_f1": 0.7862068965517242
}