{
    "epoch": "16/20",
    "best_epoch": 11,
    "max_gpu_mem": "2.8203",
    "cur_ram": "2.4917",
    "time_epoch": "0:00:08",
    "time_total": "0:02:21",
    "best_train_ner_loss": 4.679995960659451,
    "train_ner_loss": 1.6484619776407878,
    "best_train_sum": 0.9775700934579439,
    "train_sum": 0.9775700934579439,
    "best_dev_ner_loss": 26.162296567644393,
    "dev_ner_loss": 27.82504517691476,
    "best_dev_sum": 0.821917808219178,
    "dev_sum": 0.7837837837837838,
    "best_train_ner_precision": 0.9442379182156134,
    "best_train_ner_recall": 0.9495327102803738,
    "best_train_ner_span_f1": 0.9468779123951537,
    "train_ner_precision": 0.9775700934579439,
    "train_ner_recall": 0.9775700934579439,
    "train_ner_span_f1": 0.9775700934579439,
    "best_dev_ner_precision": 0.821917808219178,
    "best_dev_ner_recall": 0.821917808219178,
    "best_dev_ner_span_f1": 0.821917808219178,
    "dev_ner_precision": 0.7733333333333333,
    "dev_ner_recall": 0.7945205479452054,
    "dev_ner_span_f1": 0.7837837837837838
}