{
    "epoch": "5/20",
    "best_epoch": 5,
    "max_gpu_mem": "2.8111",
    "cur_ram": "2.4858",
    "time_epoch": "0:00:08",
    "time_total": "0:00:44",
    "best_train_ner_loss": 29.737479086275453,
    "train_ner_loss": 29.737479086275453,
    "best_train_sum": 0.5283018867924528,
    "train_sum": 0.5283018867924528,
    "best_dev_ner_loss": 23.523314339773997,
    "dev_ner_loss": 23.523314339773997,
    "best_dev_sum": 0.696969696969697,
    "dev_sum": 0.696969696969697,
    "best_train_ner_precision": 0.5113043478260869,
    "best_train_ner_recall": 0.5464684014869888,
    "best_train_ner_span_f1": 0.5283018867924528,
    "train_ner_precision": 0.5113043478260869,
    "train_ner_recall": 0.5464684014869888,
    "train_ner_span_f1": 0.5283018867924528,
    "best_dev_ner_precision": 0.6388888888888888,
    "best_dev_ner_recall": 0.7666666666666667,
    "best_dev_ner_span_f1": 0.696969696969697,
    "dev_ner_precision": 0.6388888888888888,
    "dev_ner_recall": 0.7666666666666667,
    "dev_ner_span_f1": 0.696969696969697
}