{
    "epoch": "2/20",
    "best_epoch": 1,
    "max_gpu_mem": "2.7921",
    "cur_ram": "2.4804",
    "time_epoch": "0:00:08",
    "time_total": "0:00:18",
    "best_train_ner_loss": 1058.1806798864293,
    "train_ner_loss": 411.50931443108453,
    "best_train_sum": 0.0,
    "train_sum": 0.0,
    "best_dev_ner_loss": 941.1028791155134,
    "dev_ner_loss": 83.74522290910993,
    "best_dev_sum": 0.0,
    "dev_sum": 0.0,
    "best_train_ner_precision": 0.001145475372279496,
    "best_train_ner_recall": 0.0037174721189591076,
    "best_train_ner_span_f1": 0.0017513134851138354,
    "train_ner_precision": 0.0,
    "train_ner_recall": 0.0,
    "train_ner_span_f1": 0.0,
    "best_dev_ner_precision": 0.0,
    "best_dev_ner_recall": 0.0,
    "best_dev_ner_span_f1": 0.0,
    "dev_ner_precision": 0.0,
    "dev_ner_recall": 0.0,
    "dev_ner_span_f1": 0.0
}