{
    "epoch": "4/20",
    "best_epoch": 4,
    "max_gpu_mem": "2.8111",
    "cur_ram": "2.4807",
    "time_epoch": "0:00:08",
    "time_total": "0:00:35",
    "best_train_ner_loss": 49.93273749174895,
    "train_ner_loss": 49.93273749174895,
    "best_train_sum": 0.25120772946859904,
    "train_sum": 0.25120772946859904,
    "best_dev_ner_loss": 25.841712951660156,
    "dev_ner_loss": 25.841712951660156,
    "best_dev_sum": 0.573529411764706,
    "dev_sum": 0.573529411764706,
    "best_train_ner_precision": 0.3586206896551724,
    "best_train_ner_recall": 0.19330855018587362,
    "best_train_ner_span_f1": 0.25120772946859904,
    "train_ner_precision": 0.3586206896551724,
    "train_ner_recall": 0.19330855018587362,
    "train_ner_span_f1": 0.25120772946859904,
    "best_dev_ner_precision": 0.5131578947368421,
    "best_dev_ner_recall": 0.65,
    "best_dev_ner_span_f1": 0.573529411764706,
    "dev_ner_precision": 0.5131578947368421,
    "dev_ner_recall": 0.65,
    "dev_ner_span_f1": 0.573529411764706
}