{
    "epoch": "3/20",
    "best_epoch": 1,
    "max_gpu_mem": "2.8111",
    "cur_ram": "2.4807",
    "time_epoch": "0:00:08",
    "time_total": "0:00:27",
    "best_train_ner_loss": 1058.1806798864293,
    "train_ner_loss": 93.6188420896177,
    "best_train_sum": 0.0,
    "train_sum": 0.0,
    "best_dev_ner_loss": 941.1028791155134,
    "dev_ner_loss": 52.30591910226004,
    "best_dev_sum": 0.0,
    "dev_sum": 0.0,
    "best_train_ner_precision": 0.001145475372279496,
    "best_train_ner_recall": 0.0037174721189591076,
    "best_train_ner_span_f1": 0.0017513134851138354,
    "train_ner_precision": 0.0,
    "train_ner_recall": 0.0,
    "train_ner_span_f1": 0.0,
    "best_dev_ner_precision": 0.0,
    "best_dev_ner_recall": 0.0,
    "best_dev_ner_span_f1": 0.0,
    "dev_ner_precision": 0.0,
    "dev_ner_recall": 0.0,
    "dev_ner_span_f1": 0.0
}