{
    "epoch": "10/20",
    "best_epoch": 7,
    "max_gpu_mem": "2.8111",
    "cur_ram": "2.4886",
    "time_epoch": "0:00:08",
    "time_total": "0:01:28",
    "best_train_ner_loss": 15.509395634686506,
    "train_ner_loss": 6.375000777067961,
    "best_train_sum": 0.8909426987060998,
    "train_sum": 0.8909426987060998,
    "best_dev_ner_loss": 19.149525778634207,
    "dev_ner_loss": 21.977850777762278,
    "best_dev_sum": 0.7868852459016393,
    "dev_sum": 0.768,
    "best_train_ner_precision": 0.8022598870056498,
    "best_train_ner_recall": 0.79182156133829,
    "best_train_ner_span_f1": 0.7970065481758652,
    "train_ner_precision": 0.8860294117647058,
    "train_ner_recall": 0.895910780669145,
    "train_ner_span_f1": 0.8909426987060998,
    "best_dev_ner_precision": 0.7741935483870968,
    "best_dev_ner_recall": 0.8,
    "best_dev_ner_span_f1": 0.7868852459016393,
    "dev_ner_precision": 0.7384615384615385,
    "dev_ner_recall": 0.8,
    "dev_ner_span_f1": 0.768
}