{
    "epoch": "15/20",
    "best_epoch": 12,
    "max_gpu_mem": "2.8111",
    "cur_ram": "2.4890",
    "time_epoch": "0:00:08",
    "time_total": "0:02:12",
    "best_train_ner_loss": 3.3795700426454895,
    "train_ner_loss": 1.267269734983091,
    "best_train_sum": 0.9804651162790697,
    "train_sum": 0.9804651162790697,
    "best_dev_ner_loss": 23.55746786934989,
    "dev_ner_loss": 31.37432316371373,
    "best_dev_sum": 0.7967479674796747,
    "dev_sum": 0.748091603053435,
    "best_train_ner_precision": 0.9451553930530164,
    "best_train_ner_recall": 0.9609665427509294,
    "best_train_ner_span_f1": 0.9529953917050691,
    "train_ner_precision": 0.9813780260707635,
    "train_ner_recall": 0.9795539033457249,
    "train_ner_span_f1": 0.9804651162790697,
    "best_dev_ner_precision": 0.7777777777777778,
    "best_dev_ner_recall": 0.8166666666666667,
    "best_dev_ner_span_f1": 0.7967479674796747,
    "dev_ner_precision": 0.6901408450704225,
    "dev_ner_recall": 0.8166666666666667,
    "dev_ner_span_f1": 0.748091603053435
}