{
    "epoch": "6/20",
    "best_epoch": 6,
    "max_gpu_mem": "2.8111",
    "cur_ram": "2.4885",
    "time_epoch": "0:00:08",
    "time_total": "0:00:53",
    "best_train_ner_loss": 21.18495421939426,
    "train_ner_loss": 21.18495421939426,
    "best_train_sum": 0.7163904235727441,
    "train_sum": 0.7163904235727441,
    "best_dev_ner_loss": 19.14730943952288,
    "dev_ner_loss": 19.14730943952288,
    "best_dev_sum": 0.7596899224806202,
    "dev_sum": 0.7596899224806202,
    "best_train_ner_precision": 0.7098540145985401,
    "best_train_ner_recall": 0.7230483271375465,
    "best_train_ner_span_f1": 0.7163904235727441,
    "train_ner_precision": 0.7098540145985401,
    "train_ner_recall": 0.7230483271375465,
    "train_ner_span_f1": 0.7163904235727441,
    "best_dev_ner_precision": 0.7101449275362319,
    "best_dev_ner_recall": 0.8166666666666667,
    "best_dev_ner_span_f1": 0.7596899224806202,
    "dev_ner_precision": 0.7101449275362319,
    "dev_ner_recall": 0.8166666666666667,
    "dev_ner_span_f1": 0.7596899224806202
}