{
    "epoch": "19/20",
    "best_epoch": 17,
    "max_gpu_mem": "2.8111",
    "cur_ram": "2.4890",
    "time_epoch": "0:00:08",
    "time_total": "0:02:47",
    "best_train_ner_loss": 0.6777899000379775,
    "train_ner_loss": 0.4376251079418041,
    "best_train_sum": 0.9925650557620818,
    "train_sum": 0.9925650557620818,
    "best_dev_ner_loss": 28.381425585065568,
    "dev_ner_loss": 29.41238784790039,
    "best_dev_sum": 0.8130081300813008,
    "dev_sum": 0.8064516129032259,
    "best_train_ner_precision": 0.987037037037037,
    "best_train_ner_recall": 0.9907063197026023,
    "best_train_ner_span_f1": 0.9888682745825602,
    "train_ner_precision": 0.9925650557620818,
    "train_ner_recall": 0.9925650557620818,
    "train_ner_span_f1": 0.9925650557620818,
    "best_dev_ner_precision": 0.7936507936507936,
    "best_dev_ner_recall": 0.8333333333333334,
    "best_dev_ner_span_f1": 0.8130081300813008,
    "dev_ner_precision": 0.78125,
    "dev_ner_recall": 0.8333333333333334,
    "dev_ner_span_f1": 0.8064516129032259
}