{
    "epoch": "11/20",
    "best_epoch": 7,
    "max_gpu_mem": "2.8111",
    "cur_ram": "2.4886",
    "time_epoch": "0:00:08",
    "time_total": "0:01:37",
    "best_train_ner_loss": 15.509395634686506,
    "train_ner_loss": 4.343519881919578,
    "best_train_sum": 0.936405529953917,
    "train_sum": 0.936405529953917,
    "best_dev_ner_loss": 19.149525778634207,
    "dev_ner_loss": 24.971391950334823,
    "best_dev_sum": 0.7868852459016393,
    "dev_sum": 0.7596899224806202,
    "best_train_ner_precision": 0.8022598870056498,
    "best_train_ner_recall": 0.79182156133829,
    "best_train_ner_span_f1": 0.7970065481758652,
    "train_ner_precision": 0.9287020109689214,
    "train_ner_recall": 0.9442379182156134,
    "train_ner_span_f1": 0.936405529953917,
    "best_dev_ner_precision": 0.7741935483870968,
    "best_dev_ner_recall": 0.8,
    "best_dev_ner_span_f1": 0.7868852459016393,
    "dev_ner_precision": 0.7101449275362319,
    "dev_ner_recall": 0.8166666666666667,
    "dev_ner_span_f1": 0.7596899224806202
}