{
    "epoch": "7/20",
    "best_epoch": 7,
    "max_gpu_mem": "5.2706",
    "cur_ram": "2.4412",
    "time_epoch": "0:00:09",
    "time_total": "0:01:09",
    "best_train_ner_loss": 19.946725810015643,
    "train_ner_loss": 19.946725810015643,
    "best_train_sum": 0.7170868347338936,
    "train_sum": 0.7170868347338936,
    "best_dev_ner_loss": 25.509301321847097,
    "dev_ner_loss": 25.509301321847097,
    "best_dev_sum": 0.6861313868613138,
    "dev_sum": 0.6861313868613138,
    "best_train_ner_precision": 0.6994535519125683,
    "best_train_ner_recall": 0.735632183908046,
    "best_train_ner_span_f1": 0.7170868347338936,
    "train_ner_precision": 0.6994535519125683,
    "train_ner_recall": 0.735632183908046,
    "train_ner_span_f1": 0.7170868347338936,
    "best_dev_ner_precision": 0.6351351351351351,
    "best_dev_ner_recall": 0.746031746031746,
    "best_dev_ner_span_f1": 0.6861313868613138,
    "dev_ner_precision": 0.6351351351351351,
    "dev_ner_recall": 0.746031746031746,
    "dev_ner_span_f1": 0.6861313868613138
}