{
    "epoch": "14/20",
    "best_epoch": 8,
    "max_gpu_mem": "5.2716",
    "cur_ram": "2.4415",
    "time_epoch": "0:00:09",
    "time_total": "0:02:17",
    "best_train_ner_loss": 14.874307173269766,
    "train_ner_loss": 2.864490826924642,
    "best_train_sum": 0.9542857142857143,
    "train_sum": 0.9542857142857143,
    "best_dev_ner_loss": 22.472739628383092,
    "dev_ner_loss": 27.325526646205358,
    "best_dev_sum": 0.7596899224806201,
    "dev_sum": 0.7244094488188977,
    "best_train_ner_precision": 0.7939508506616257,
    "best_train_ner_recall": 0.8045977011494253,
    "best_train_ner_span_f1": 0.7992388201712654,
    "train_ner_precision": 0.9488636363636364,
    "train_ner_recall": 0.9597701149425287,
    "train_ner_span_f1": 0.9542857142857143,
    "best_dev_ner_precision": 0.7424242424242424,
    "best_dev_ner_recall": 0.7777777777777778,
    "best_dev_ner_span_f1": 0.7596899224806201,
    "dev_ner_precision": 0.71875,
    "dev_ner_recall": 0.7301587301587301,
    "dev_ner_span_f1": 0.7244094488188977
}