{
    "epoch": "3/20",
    "best_epoch": 1,
    "max_gpu_mem": "5.2690",
    "cur_ram": "2.4312",
    "time_epoch": "0:00:09",
    "time_total": "0:00:29",
    "best_train_ner_loss": 1586.7076167353878,
    "train_ner_loss": 104.30800512101915,
    "best_train_sum": 0.0,
    "train_sum": 0.0,
    "best_dev_ner_loss": 1446.7377232142858,
    "dev_ner_loss": 95.53934914725167,
    "best_dev_sum": 0.0,
    "dev_sum": 0.0,
    "best_train_ner_precision": 0.0,
    "best_train_ner_recall": 0.0,
    "best_train_ner_span_f1": 0.0,
    "train_ner_precision": 0.0,
    "train_ner_recall": 0.0,
    "train_ner_span_f1": 0.0,
    "best_dev_ner_precision": 0.0,
    "best_dev_ner_recall": 0.0,
    "best_dev_ner_span_f1": 0.0,
    "dev_ner_precision": 0.0,
    "dev_ner_recall": 0.0,
    "dev_ner_span_f1": 0.0
}