{
    "epoch": "12/20",
    "best_epoch": 8,
    "max_gpu_mem": "5.2716",
    "cur_ram": "2.4413",
    "time_epoch": "0:00:09",
    "time_total": "0:01:59",
    "best_train_ner_loss": 14.874307173269766,
    "train_ner_loss": 7.394197711238155,
    "best_train_sum": 0.8979206049149338,
    "train_sum": 0.8979206049149338,
    "best_dev_ner_loss": 22.472739628383092,
    "dev_ner_loss": 24.150554656982422,
    "best_dev_sum": 0.7596899224806201,
    "dev_sum": 0.6771653543307087,
    "best_train_ner_precision": 0.7939508506616257,
    "best_train_ner_recall": 0.8045977011494253,
    "best_train_ner_span_f1": 0.7992388201712654,
    "train_ner_precision": 0.8861940298507462,
    "train_ner_recall": 0.9099616858237548,
    "train_ner_span_f1": 0.8979206049149338,
    "best_dev_ner_precision": 0.7424242424242424,
    "best_dev_ner_recall": 0.7777777777777778,
    "best_dev_ner_span_f1": 0.7596899224806201,
    "dev_ner_precision": 0.671875,
    "dev_ner_recall": 0.6825396825396826,
    "dev_ner_span_f1": 0.6771653543307087
}