{
    "epoch": "10/20",
    "best_epoch": 9,
    "max_gpu_mem": "11.1088",
    "cur_ram": "2.8170",
    "time_epoch": "0:00:19",
    "time_total": "0:03:17",
    "best_train_ner_loss": 6.430484418515806,
    "train_ner_loss": 3.636424947668005,
    "best_train_sum": 0.9343200740055504,
    "train_sum": 0.9343200740055504,
    "best_dev_ner_loss": 26.53491701398577,
    "dev_ner_loss": 33.715938568115234,
    "best_dev_sum": 0.7972972972972971,
    "dev_sum": 0.7702702702702703,
    "best_train_ner_precision": 0.8933092224231465,
    "best_train_ner_recall": 0.9233644859813084,
    "best_train_ner_span_f1": 0.9080882352941176,
    "train_ner_precision": 0.924908424908425,
    "train_ner_recall": 0.9439252336448598,
    "train_ner_span_f1": 0.9343200740055504,
    "best_dev_ner_precision": 0.7866666666666666,
    "best_dev_ner_recall": 0.8082191780821918,
    "best_dev_ner_span_f1": 0.7972972972972971,
    "dev_ner_precision": 0.76,
    "dev_ner_recall": 0.7808219178082192,
    "dev_ner_span_f1": 0.7702702702702703
}