{
    "epoch": "11/20",
    "best_epoch": 9,
    "max_gpu_mem": "11.1088",
    "cur_ram": "2.8170",
    "time_epoch": "0:00:20",
    "time_total": "0:03:38",
    "best_train_ner_loss": 6.430484418515806,
    "train_ner_loss": 3.8826867562753185,
    "best_train_sum": 0.935064935064935,
    "train_sum": 0.935064935064935,
    "best_dev_ner_loss": 26.53491701398577,
    "dev_ner_loss": 29.983401162283762,
    "best_dev_sum": 0.7972972972972971,
    "dev_sum": 0.7972972972972971,
    "best_train_ner_precision": 0.8933092224231465,
    "best_train_ner_recall": 0.9233644859813084,
    "best_train_ner_span_f1": 0.9080882352941176,
    "train_ner_precision": 0.9281767955801105,
    "train_ner_recall": 0.9420560747663551,
    "train_ner_span_f1": 0.935064935064935,
    "best_dev_ner_precision": 0.7866666666666666,
    "best_dev_ner_recall": 0.8082191780821918,
    "best_dev_ner_span_f1": 0.7972972972972971,
    "dev_ner_precision": 0.7866666666666666,
    "dev_ner_recall": 0.8082191780821918,
    "dev_ner_span_f1": 0.7972972972972971
}