{
    "epoch": "8/20",
    "best_epoch": 8,
    "max_gpu_mem": "11.1088",
    "cur_ram": "2.8168",
    "time_epoch": "0:00:19",
    "time_total": "0:02:32",
    "best_train_ner_loss": 8.750622925934968,
    "train_ner_loss": 8.750622925934968,
    "best_train_sum": 0.8600182982616651,
    "train_sum": 0.8600182982616651,
    "best_dev_ner_loss": 30.66359874180385,
    "dev_ner_loss": 30.66359874180385,
    "best_dev_sum": 0.761904761904762,
    "dev_sum": 0.761904761904762,
    "best_train_ner_precision": 0.8422939068100358,
    "best_train_ner_recall": 0.8785046728971962,
    "best_train_ner_span_f1": 0.8600182982616651,
    "train_ner_precision": 0.8422939068100358,
    "train_ner_recall": 0.8785046728971962,
    "train_ner_span_f1": 0.8600182982616651,
    "best_dev_ner_precision": 0.7567567567567568,
    "best_dev_ner_recall": 0.7671232876712328,
    "best_dev_ner_span_f1": 0.761904761904762,
    "dev_ner_precision": 0.7567567567567568,
    "dev_ner_recall": 0.7671232876712328,
    "dev_ner_span_f1": 0.761904761904762
}