{
    "epoch": "1/20",
    "best_epoch": 1,
    "max_gpu_mem": "4.3898",
    "cur_ram": "2.7970",
    "time_epoch": "0:00:08",
    "time_total": "0:00:11",
    "best_train_ner_loss": 1461.4683261447483,
    "train_ner_loss": 1461.4683261447483,
    "best_train_sum": 0.001022233580373115,
    "train_sum": 0.001022233580373115,
    "best_dev_ner_loss": 1324.9583740234375,
    "dev_ner_loss": 1324.9583740234375,
    "best_dev_sum": 0.0,
    "dev_sum": 0.0,
    "best_train_ner_precision": 0.0005920663114268798,
    "best_train_ner_recall": 0.003738317757009346,
    "best_train_ner_span_f1": 0.001022233580373115,
    "train_ner_precision": 0.0005920663114268798,
    "train_ner_recall": 0.003738317757009346,
    "train_ner_span_f1": 0.001022233580373115,
    "best_dev_ner_precision": 0.0,
    "best_dev_ner_recall": 0.0,
    "best_dev_ner_span_f1": 0.0,
    "dev_ner_precision": 0.0,
    "dev_ner_recall": 0.0,
    "dev_ner_span_f1": 0.0
}