{
    "epoch": "4/20",
    "best_epoch": 4,
    "max_gpu_mem": "11.1043",
    "cur_ram": "2.8161",
    "time_epoch": "0:00:20",
    "time_total": "0:01:08",
    "best_train_ner_loss": 34.433074439013446,
    "train_ner_loss": 34.433074439013446,
    "best_train_sum": 0.48847926267281105,
    "train_sum": 0.48847926267281105,
    "best_dev_ner_loss": 25.58572905404227,
    "dev_ner_loss": 25.58572905404227,
    "best_dev_sum": 0.6666666666666666,
    "dev_sum": 0.6666666666666666,
    "best_train_ner_precision": 0.4818181818181818,
    "best_train_ner_recall": 0.4953271028037383,
    "best_train_ner_span_f1": 0.48847926267281105,
    "train_ner_precision": 0.4818181818181818,
    "train_ner_recall": 0.4953271028037383,
    "train_ner_span_f1": 0.48847926267281105,
    "best_dev_ner_precision": 0.6375,
    "best_dev_ner_recall": 0.6986301369863014,
    "best_dev_ner_span_f1": 0.6666666666666666,
    "dev_ner_precision": 0.6375,
    "dev_ner_recall": 0.6986301369863014,
    "dev_ner_span_f1": 0.6666666666666666
}