{
    "epoch": "6/20",
    "best_epoch": 5,
    "max_gpu_mem": "11.1088",
    "cur_ram": "2.8168",
    "time_epoch": "0:00:19",
    "time_total": "0:01:52",
    "best_train_ner_loss": 20.468996895684135,
    "train_ner_loss": 14.735141895435474,
    "best_train_sum": 0.7785977859778599,
    "train_sum": 0.7785977859778599,
    "best_dev_ner_loss": 23.47663688659668,
    "dev_ner_loss": 21.678855895996094,
    "best_dev_sum": 0.7612903225806452,
    "dev_sum": 0.759493670886076,
    "best_train_ner_precision": 0.7064220183486238,
    "best_train_ner_recall": 0.719626168224299,
    "best_train_ner_span_f1": 0.7129629629629629,
    "train_ner_precision": 0.7686703096539163,
    "train_ner_recall": 0.788785046728972,
    "train_ner_span_f1": 0.7785977859778599,
    "best_dev_ner_precision": 0.7195121951219512,
    "best_dev_ner_recall": 0.8082191780821918,
    "best_dev_ner_span_f1": 0.7612903225806452,
    "dev_ner_precision": 0.7058823529411765,
    "dev_ner_recall": 0.821917808219178,
    "dev_ner_span_f1": 0.759493670886076
}