{
    "epoch": "12/20",
    "best_epoch": 9,
    "max_gpu_mem": "11.1182",
    "cur_ram": "2.8170",
    "time_epoch": "0:00:19",
    "time_total": "0:03:57",
    "best_train_ner_loss": 6.430484418515806,
    "train_ner_loss": 2.644635589034469,
    "best_train_sum": 0.962686567164179,
    "train_sum": 0.962686567164179,
    "best_dev_ner_loss": 26.53491701398577,
    "dev_ner_loss": 31.45144489833287,
    "best_dev_sum": 0.7972972972972971,
    "dev_sum": 0.781456953642384,
    "best_train_ner_precision": 0.8933092224231465,
    "best_train_ner_recall": 0.9233644859813084,
    "best_train_ner_span_f1": 0.9080882352941176,
    "train_ner_precision": 0.9608938547486033,
    "train_ner_recall": 0.9644859813084112,
    "train_ner_span_f1": 0.962686567164179,
    "best_dev_ner_precision": 0.7866666666666666,
    "best_dev_ner_recall": 0.8082191780821918,
    "best_dev_ner_span_f1": 0.7972972972972971,
    "dev_ner_precision": 0.7564102564102564,
    "dev_ner_recall": 0.8082191780821918,
    "dev_ner_span_f1": 0.781456953642384
}