{
    "epoch": "13/20",
    "best_epoch": 9,
    "max_gpu_mem": "11.1182",
    "cur_ram": "2.8170",
    "time_epoch": "0:00:19",
    "time_total": "0:04:17",
    "best_train_ner_loss": 6.430484418515806,
    "train_ner_loss": 1.5361191784894024,
    "best_train_sum": 0.9747899159663865,
    "train_sum": 0.9747899159663865,
    "best_dev_ner_loss": 26.53491701398577,
    "dev_ner_loss": 32.422725677490234,
    "best_dev_sum": 0.7972972972972971,
    "dev_sum": 0.7651006711409396,
    "best_train_ner_precision": 0.8933092224231465,
    "best_train_ner_recall": 0.9233644859813084,
    "best_train_ner_span_f1": 0.9080882352941176,
    "train_ner_precision": 0.9738805970149254,
    "train_ner_recall": 0.9757009345794393,
    "train_ner_span_f1": 0.9747899159663865,
    "best_dev_ner_precision": 0.7866666666666666,
    "best_dev_ner_recall": 0.8082191780821918,
    "best_dev_ner_span_f1": 0.7972972972972971,
    "dev_ner_precision": 0.75,
    "dev_ner_recall": 0.7808219178082192,
    "dev_ner_span_f1": 0.7651006711409396
}