{
    "epoch": "17/20",
    "best_epoch": 9,
    "max_gpu_mem": "11.1182",
    "cur_ram": "2.8170",
    "time_epoch": "0:00:20",
    "time_total": "0:05:39",
    "best_train_ner_loss": 6.430484418515806,
    "train_ner_loss": 0.4775656947383174,
    "best_train_sum": 0.9897292250233426,
    "train_sum": 0.9897292250233426,
    "best_dev_ner_loss": 26.53491701398577,
    "dev_ner_loss": 41.86390740530832,
    "best_dev_sum": 0.7972972972972971,
    "dev_sum": 0.7702702702702703,
    "best_train_ner_precision": 0.8933092224231465,
    "best_train_ner_recall": 0.9233644859813084,
    "best_train_ner_span_f1": 0.9080882352941176,
    "train_ner_precision": 0.9888059701492538,
    "train_ner_recall": 0.9906542056074766,
    "train_ner_span_f1": 0.9897292250233426,
    "best_dev_ner_precision": 0.7866666666666666,
    "best_dev_ner_recall": 0.8082191780821918,
    "best_dev_ner_span_f1": 0.7972972972972971,
    "dev_ner_precision": 0.76,
    "dev_ner_recall": 0.7808219178082192,
    "dev_ner_span_f1": 0.7702702702702703
}