{
    "epoch": "7/20",
    "best_epoch": 5,
    "max_gpu_mem": "11.1088",
    "cur_ram": "2.8168",
    "time_epoch": "0:00:20",
    "time_total": "0:02:12",
    "best_train_ner_loss": 20.468996895684135,
    "train_ner_loss": 10.84369941993996,
    "best_train_sum": 0.8424908424908425,
    "train_sum": 0.8424908424908425,
    "best_dev_ner_loss": 23.47663688659668,
    "dev_ner_loss": 34.84696224757603,
    "best_dev_sum": 0.7612903225806452,
    "dev_sum": 0.7586206896551725,
    "best_train_ner_precision": 0.7064220183486238,
    "best_train_ner_recall": 0.719626168224299,
    "best_train_ner_span_f1": 0.7129629629629629,
    "train_ner_precision": 0.8258527827648114,
    "train_ner_recall": 0.8598130841121495,
    "train_ner_span_f1": 0.8424908424908425,
    "best_dev_ner_precision": 0.7195121951219512,
    "best_dev_ner_recall": 0.8082191780821918,
    "best_dev_ner_span_f1": 0.7612903225806452,
    "dev_ner_precision": 0.7638888888888888,
    "dev_ner_recall": 0.7534246575342466,
    "dev_ner_span_f1": 0.7586206896551725
}