{
    "epoch": "5/20",
    "best_epoch": 5,
    "max_gpu_mem": "11.1043",
    "cur_ram": "2.8162",
    "time_epoch": "0:00:20",
    "time_total": "0:01:30",
    "best_train_ner_loss": 20.468996895684135,
    "train_ner_loss": 20.468996895684135,
    "best_train_sum": 0.7129629629629629,
    "train_sum": 0.7129629629629629,
    "best_dev_ner_loss": 23.47663688659668,
    "dev_ner_loss": 23.47663688659668,
    "best_dev_sum": 0.7612903225806452,
    "dev_sum": 0.7612903225806452,
    "best_train_ner_precision": 0.7064220183486238,
    "best_train_ner_recall": 0.719626168224299,
    "best_train_ner_span_f1": 0.7129629629629629,
    "train_ner_precision": 0.7064220183486238,
    "train_ner_recall": 0.719626168224299,
    "train_ner_span_f1": 0.7129629629629629,
    "best_dev_ner_precision": 0.7195121951219512,
    "best_dev_ner_recall": 0.8082191780821918,
    "best_dev_ner_span_f1": 0.7612903225806452,
    "dev_ner_precision": 0.7195121951219512,
    "dev_ner_recall": 0.8082191780821918,
    "dev_ner_span_f1": 0.7612903225806452
}