{
    "epoch": "2/20",
    "best_epoch": 1,
    "max_gpu_mem": "11.1733",
    "cur_ram": "2.8267",
    "time_epoch": "0:00:16",
    "time_total": "0:00:29",
    "best_train_ner_loss": 1465.27603036386,
    "train_ner_loss": 523.3802561583342,
    "best_train_sum": 0.0008689040947105464,
    "train_sum": 0.0008689040947105464,
    "best_dev_ner_loss": 1333.209681919643,
    "dev_ner_loss": 101.0316881452288,
    "best_dev_sum": 0.0,
    "dev_sum": 0.0,
    "best_train_ner_precision": 0.00026335810850354073,
    "best_train_ner_recall": 0.016791044776119403,
    "best_train_ner_span_f1": 0.0005185825410544512,
    "train_ner_precision": 0.0004613078076346442,
    "train_ner_recall": 0.007462686567164179,
    "train_ner_span_f1": 0.0008689040947105464,
    "best_dev_ner_precision": 0.0,
    "best_dev_ner_recall": 0.0,
    "best_dev_ner_span_f1": 0.0,
    "dev_ner_precision": 0.0,
    "dev_ner_recall": 0.0,
    "dev_ner_span_f1": 0.0
}