{
    "epoch": "9/20",
    "best_epoch": 7,
    "max_gpu_mem": "11.1733",
    "cur_ram": "2.8277",
    "time_epoch": "0:00:16",
    "time_total": "0:02:33",
    "best_train_ner_loss": 13.208608556676793,
    "train_ner_loss": 6.318220491762514,
    "best_train_sum": 0.9060465116279071,
    "train_sum": 0.9060465116279071,
    "best_dev_ner_loss": 16.431332451956614,
    "dev_ner_loss": 14.988888331821986,
    "best_dev_sum": 0.8873239436619719,
    "dev_sum": 0.8799999999999999,
    "best_train_ner_precision": 0.7992700729927007,
    "best_train_ner_recall": 0.8171641791044776,
    "best_train_ner_span_f1": 0.8081180811808119,
    "train_ner_precision": 0.9035250463821892,
    "train_ner_recall": 0.9085820895522388,
    "train_ner_span_f1": 0.9060465116279071,
    "best_dev_ner_precision": 0.9,
    "best_dev_ner_recall": 0.875,
    "best_dev_ner_span_f1": 0.8873239436619719,
    "dev_ner_precision": 0.8461538461538461,
    "dev_ner_recall": 0.9166666666666666,
    "dev_ner_span_f1": 0.8799999999999999
}