{
    "epoch": "8/20",
    "best_epoch": 7,
    "max_gpu_mem": "11.1733",
    "cur_ram": "2.8277",
    "time_epoch": "0:00:16",
    "time_total": "0:02:16",
    "best_train_ner_loss": 13.208608556676793,
    "train_ner_loss": 9.72410050144902,
    "best_train_sum": 0.8534562211981567,
    "train_sum": 0.8534562211981567,
    "best_dev_ner_loss": 16.431332451956614,
    "dev_ner_loss": 14.524834769112724,
    "best_dev_sum": 0.8873239436619719,
    "dev_sum": 0.875,
    "best_train_ner_precision": 0.7992700729927007,
    "best_train_ner_recall": 0.8171641791044776,
    "best_train_ner_span_f1": 0.8081180811808119,
    "train_ner_precision": 0.843351548269581,
    "train_ner_recall": 0.8638059701492538,
    "train_ner_span_f1": 0.8534562211981567,
    "best_dev_ner_precision": 0.9,
    "best_dev_ner_recall": 0.875,
    "best_dev_ner_span_f1": 0.8873239436619719,
    "dev_ner_precision": 0.875,
    "dev_ner_recall": 0.875,
    "dev_ner_span_f1": 0.875
}