{
    "epoch": "10/20",
    "best_epoch": 7,
    "max_gpu_mem": "11.1733",
    "cur_ram": "2.8277",
    "time_epoch": "0:00:16",
    "time_total": "0:02:49",
    "best_train_ner_loss": 13.208608556676793,
    "train_ner_loss": 5.099702093336317,
    "best_train_sum": 0.9344413665743305,
    "train_sum": 0.9344413665743305,
    "best_dev_ner_loss": 16.431332451956614,
    "dev_ner_loss": 14.507286071777344,
    "best_dev_sum": 0.8873239436619719,
    "dev_sum": 0.8533333333333333,
    "best_train_ner_precision": 0.7992700729927007,
    "best_train_ner_recall": 0.8171641791044776,
    "best_train_ner_span_f1": 0.8081180811808119,
    "train_ner_precision": 0.9250457038391224,
    "train_ner_recall": 0.9440298507462687,
    "train_ner_span_f1": 0.9344413665743305,
    "best_dev_ner_precision": 0.9,
    "best_dev_ner_recall": 0.875,
    "best_dev_ner_span_f1": 0.8873239436619719,
    "dev_ner_precision": 0.8205128205128205,
    "dev_ner_recall": 0.8888888888888888,
    "dev_ner_span_f1": 0.8533333333333333
}