{
    "epoch": "15/20",
    "best_epoch": 11,
    "max_gpu_mem": "11.1802",
    "cur_ram": "2.8279",
    "time_epoch": "0:00:16",
    "time_total": "0:04:14",
    "best_train_ner_loss": 4.6956366786250365,
    "train_ner_loss": 1.1210756655092593,
    "best_train_sum": 0.9822595704948647,
    "train_sum": 0.9822595704948647,
    "best_dev_ner_loss": 12.95622307913644,
    "dev_ner_loss": 19.419337136404856,
    "best_dev_sum": 0.9166666666666666,
    "dev_sum": 0.8344370860927153,
    "best_train_ner_precision": 0.922365988909427,
    "best_train_ner_recall": 0.9309701492537313,
    "best_train_ner_span_f1": 0.9266480965645312,
    "train_ner_precision": 0.983177570093458,
    "train_ner_recall": 0.9813432835820896,
    "train_ner_span_f1": 0.9822595704948647,
    "best_dev_ner_precision": 0.9166666666666666,
    "best_dev_ner_recall": 0.9166666666666666,
    "best_dev_ner_span_f1": 0.9166666666666666,
    "dev_ner_precision": 0.7974683544303798,
    "dev_ner_recall": 0.875,
    "dev_ner_span_f1": 0.8344370860927153
}