{
    "epoch": "1/20",
    "best_epoch": 1,
    "max_gpu_mem": "4.4509",
    "cur_ram": "2.8079",
    "time_epoch": "0:00:08",
    "time_total": "0:00:11",
    "best_train_ner_loss": 1465.27603036386,
    "train_ner_loss": 1465.27603036386,
    "best_train_sum": 0.0005185825410544512,
    "train_sum": 0.0005185825410544512,
    "best_dev_ner_loss": 1333.209681919643,
    "dev_ner_loss": 1333.209681919643,
    "best_dev_sum": 0.0,
    "dev_sum": 0.0,
    "best_train_ner_precision": 0.00026335810850354073,
    "best_train_ner_recall": 0.016791044776119403,
    "best_train_ner_span_f1": 0.0005185825410544512,
    "train_ner_precision": 0.00026335810850354073,
    "train_ner_recall": 0.016791044776119403,
    "train_ner_span_f1": 0.0005185825410544512,
    "best_dev_ner_precision": 0.0,
    "best_dev_ner_recall": 0.0,
    "best_dev_ner_span_f1": 0.0,
    "dev_ner_precision": 0.0,
    "dev_ner_recall": 0.0,
    "dev_ner_span_f1": 0.0
}