{
    "epoch": "19/20",
    "best_epoch": 11,
    "max_gpu_mem": "11.1802",
    "cur_ram": "2.8279",
    "time_epoch": "0:00:16",
    "time_total": "0:05:21",
    "best_train_ner_loss": 4.6956366786250365,
    "train_ner_loss": 0.5505121019151475,
    "best_train_sum": 0.996268656716418,
    "train_sum": 0.996268656716418,
    "best_dev_ner_loss": 12.95622307913644,
    "dev_ner_loss": 16.485133579799108,
    "best_dev_sum": 0.9166666666666666,
    "dev_sum": 0.8843537414965987,
    "best_train_ner_precision": 0.922365988909427,
    "best_train_ner_recall": 0.9309701492537313,
    "best_train_ner_span_f1": 0.9266480965645312,
    "train_ner_precision": 0.996268656716418,
    "train_ner_recall": 0.996268656716418,
    "train_ner_span_f1": 0.996268656716418,
    "best_dev_ner_precision": 0.9166666666666666,
    "best_dev_ner_recall": 0.9166666666666666,
    "best_dev_ner_span_f1": 0.9166666666666666,
    "dev_ner_precision": 0.8666666666666667,
    "dev_ner_recall": 0.9027777777777778,
    "dev_ner_span_f1": 0.8843537414965987
}