{
    "epoch": "17/20",
    "best_epoch": 11,
    "max_gpu_mem": "11.1802",
    "cur_ram": "2.8279",
    "time_epoch": "0:00:16",
    "time_total": "0:04:47",
    "best_train_ner_loss": 4.6956366786250365,
    "train_ner_loss": 0.35682607580114295,
    "best_train_sum": 0.996268656716418,
    "train_sum": 0.996268656716418,
    "best_dev_ner_loss": 12.95622307913644,
    "dev_ner_loss": 17.113548823765345,
    "best_dev_sum": 0.9166666666666666,
    "dev_sum": 0.87248322147651,
    "best_train_ner_precision": 0.922365988909427,
    "best_train_ner_recall": 0.9309701492537313,
    "best_train_ner_span_f1": 0.9266480965645312,
    "train_ner_precision": 0.996268656716418,
    "train_ner_recall": 0.996268656716418,
    "train_ner_span_f1": 0.996268656716418,
    "best_dev_ner_precision": 0.9166666666666666,
    "best_dev_ner_recall": 0.9166666666666666,
    "best_dev_ner_span_f1": 0.9166666666666666,
    "dev_ner_precision": 0.8441558441558441,
    "dev_ner_recall": 0.9027777777777778,
    "dev_ner_span_f1": 0.87248322147651
}