{
    "epoch": "3/20",
    "best_epoch": 1,
    "max_gpu_mem": "2.5671",
    "cur_ram": "2.4295",
    "time_epoch": "0:00:07",
    "time_total": "0:00:25",
    "best_train_ner_loss": 1505.04248046875,
    "train_ner_loss": 113.65944591522216,
    "best_train_sum": 0.0,
    "train_sum": 0.0,
    "best_dev_ner_loss": 1219.1784842354912,
    "dev_ner_loss": 76.44410269601005,
    "best_dev_sum": 0.016863406408094438,
    "dev_sum": 0.0,
    "best_train_ner_precision": 0.006640573464092529,
    "best_train_ner_recall": 0.2822429906542056,
    "best_train_ner_span_f1": 0.01297585288304546,
    "train_ner_precision": 0.0,
    "train_ner_recall": 0.0,
    "train_ner_span_f1": 0.0,
    "best_dev_ner_precision": 0.008699434536755112,
    "best_dev_ner_recall": 0.273972602739726,
    "best_dev_ner_span_f1": 0.016863406408094438,
    "dev_ner_precision": 0.0,
    "dev_ner_recall": 0.0,
    "dev_ner_span_f1": 0.0
}