{
    "epoch": "20/20",
    "best_epoch": 13,
    "max_gpu_mem": "2.5671",
    "cur_ram": "2.4402",
    "time_epoch": "0:00:08",
    "time_total": "0:02:43",
    "best_train_ner_loss": 1.3420298385620117,
    "train_ner_loss": 0.40844223022460935,
    "best_train_sum": 0.9934518241347053,
    "train_sum": 0.9934518241347053,
    "best_dev_ner_loss": 30.34091595241002,
    "dev_ner_loss": 35.93538774762835,
    "best_dev_sum": 0.821917808219178,
    "dev_sum": 0.7837837837837838,
    "best_train_ner_precision": 0.9795918367346939,
    "best_train_ner_recall": 0.9869158878504672,
    "best_train_ner_span_f1": 0.9832402234636871,
    "train_ner_precision": 0.9943820224719101,
    "train_ner_recall": 0.9925233644859813,
    "train_ner_span_f1": 0.9934518241347053,
    "best_dev_ner_precision": 0.821917808219178,
    "best_dev_ner_recall": 0.821917808219178,
    "best_dev_ner_span_f1": 0.821917808219178,
    "dev_ner_precision": 0.7733333333333333,
    "dev_ner_recall": 0.7945205479452054,
    "dev_ner_span_f1": 0.7837837837837838
}