{
    "epoch": "2/20",
    "best_epoch": 1,
    "max_gpu_mem": "2.5572",
    "cur_ram": "2.4295",
    "time_epoch": "0:00:07",
    "time_total": "0:00:17",
    "best_train_ner_loss": 1505.04248046875,
    "train_ner_loss": 739.0455400085449,
    "best_train_sum": 0.003244646333549643,
    "train_sum": 0.003244646333549643,
    "best_dev_ner_loss": 1219.1784842354912,
    "dev_ner_loss": 119.36109270368304,
    "best_dev_sum": 0.016863406408094438,
    "dev_sum": 0.0,
    "best_train_ner_precision": 0.006640573464092529,
    "best_train_ner_recall": 0.2822429906542056,
    "best_train_ner_span_f1": 0.01297585288304546,
    "train_ner_precision": 0.0017765144785930006,
    "train_ner_recall": 0.018691588785046728,
    "train_ner_span_f1": 0.003244646333549643,
    "best_dev_ner_precision": 0.008699434536755112,
    "best_dev_ner_recall": 0.273972602739726,
    "best_dev_ner_span_f1": 0.016863406408094438,
    "dev_ner_precision": 0.0,
    "dev_ner_recall": 0.0,
    "dev_ner_span_f1": 0.0
}