{
    "epoch": "13/20",
    "best_epoch": 13,
    "max_gpu_mem": "2.5671",
    "cur_ram": "2.4401",
    "time_epoch": "0:00:07",
    "time_total": "0:01:46",
    "best_train_ner_loss": 1.3420298385620117,
    "train_ner_loss": 1.3420298385620117,
    "best_train_sum": 0.9832402234636871,
    "train_sum": 0.9832402234636871,
    "best_dev_ner_loss": 30.34091595241002,
    "dev_ner_loss": 30.34091595241002,
    "best_dev_sum": 0.821917808219178,
    "dev_sum": 0.821917808219178,
    "best_train_ner_precision": 0.9795918367346939,
    "best_train_ner_recall": 0.9869158878504672,
    "best_train_ner_span_f1": 0.9832402234636871,
    "train_ner_precision": 0.9795918367346939,
    "train_ner_recall": 0.9869158878504672,
    "train_ner_span_f1": 0.9832402234636871,
    "best_dev_ner_precision": 0.821917808219178,
    "best_dev_ner_recall": 0.821917808219178,
    "best_dev_ner_span_f1": 0.821917808219178,
    "dev_ner_precision": 0.821917808219178,
    "dev_ner_recall": 0.821917808219178,
    "dev_ner_span_f1": 0.821917808219178
}