{
    "epoch": "17/20",
    "best_epoch": 13,
    "max_gpu_mem": "2.5671",
    "cur_ram": "2.4402",
    "time_epoch": "0:00:08",
    "time_total": "0:02:18",
    "best_train_ner_loss": 1.3420298385620117,
    "train_ner_loss": 0.3695808792114258,
    "best_train_sum": 0.9906716417910447,
    "train_sum": 0.9906716417910447,
    "best_dev_ner_loss": 30.34091595241002,
    "dev_ner_loss": 34.77298028128488,
    "best_dev_sum": 0.821917808219178,
    "dev_sum": 0.7945205479452053,
    "best_train_ner_precision": 0.9795918367346939,
    "best_train_ner_recall": 0.9869158878504672,
    "best_train_ner_span_f1": 0.9832402234636871,
    "train_ner_precision": 0.9888268156424581,
    "train_ner_recall": 0.9925233644859813,
    "train_ner_span_f1": 0.9906716417910447,
    "best_dev_ner_precision": 0.821917808219178,
    "best_dev_ner_recall": 0.821917808219178,
    "best_dev_ner_span_f1": 0.821917808219178,
    "dev_ner_precision": 0.7945205479452054,
    "dev_ner_recall": 0.7945205479452054,
    "dev_ner_span_f1": 0.7945205479452053
}