{
    "epoch": "8/20",
    "best_epoch": 7,
    "max_gpu_mem": "2.5671",
    "cur_ram": "2.4400",
    "time_epoch": "0:00:07",
    "time_total": "0:01:06",
    "best_train_ner_loss": 11.806648845672607,
    "train_ner_loss": 8.146419563293456,
    "best_train_sum": 0.902867715078631,
    "train_sum": 0.902867715078631,
    "best_dev_ner_loss": 33.055485589163645,
    "dev_ner_loss": 28.323593957083567,
    "best_dev_sum": 0.7500000000000001,
    "dev_sum": 0.7450980392156863,
    "best_train_ner_precision": 0.8240574506283662,
    "best_train_ner_recall": 0.8579439252336448,
    "best_train_ner_span_f1": 0.8406593406593407,
    "train_ner_precision": 0.8937728937728938,
    "train_ner_recall": 0.9121495327102803,
    "train_ner_span_f1": 0.902867715078631,
    "best_dev_ner_precision": 0.7215189873417721,
    "best_dev_ner_recall": 0.7808219178082192,
    "best_dev_ner_span_f1": 0.7500000000000001,
    "dev_ner_precision": 0.7125,
    "dev_ner_recall": 0.7808219178082192,
    "dev_ner_span_f1": 0.7450980392156863
}