{
    "epoch": "10/20",
    "best_epoch": 9,
    "max_gpu_mem": "2.5671",
    "cur_ram": "2.4400",
    "time_epoch": "0:00:07",
    "time_total": "0:01:22",
    "best_train_ner_loss": 5.08987060546875,
    "train_ner_loss": 2.9808514404296873,
    "best_train_sum": 0.9591078066914498,
    "train_sum": 0.9591078066914498,
    "best_dev_ner_loss": 28.78989028930664,
    "dev_ner_loss": 29.230720247541154,
    "best_dev_sum": 0.794701986754967,
    "dev_sum": 0.7651006711409396,
    "best_train_ner_precision": 0.9264705882352942,
    "best_train_ner_recall": 0.9420560747663551,
    "best_train_ner_span_f1": 0.9341983317886932,
    "train_ner_precision": 0.9537892791127541,
    "train_ner_recall": 0.9644859813084112,
    "train_ner_span_f1": 0.9591078066914498,
    "best_dev_ner_precision": 0.7692307692307693,
    "best_dev_ner_recall": 0.821917808219178,
    "best_dev_ner_span_f1": 0.794701986754967,
    "dev_ner_precision": 0.75,
    "dev_ner_recall": 0.7808219178082192,
    "dev_ner_span_f1": 0.7651006711409396
}