{
    "epoch": "18/20",
    "best_epoch": 13,
    "max_gpu_mem": "2.5671",
    "cur_ram": "2.4402",
    "time_epoch": "0:00:08",
    "time_total": "0:02:27",
    "best_train_ner_loss": 1.3420298385620117,
    "train_ner_loss": 0.6393804931640625,
    "best_train_sum": 0.9915809167446211,
    "train_sum": 0.9915809167446211,
    "best_dev_ner_loss": 30.34091595241002,
    "dev_ner_loss": 36.43309347970145,
    "best_dev_sum": 0.821917808219178,
    "dev_sum": 0.7500000000000001,
    "best_train_ner_precision": 0.9795918367346939,
    "best_train_ner_recall": 0.9869158878504672,
    "best_train_ner_span_f1": 0.9832402234636871,
    "train_ner_precision": 0.9925093632958801,
    "train_ner_recall": 0.9906542056074766,
    "train_ner_span_f1": 0.9915809167446211,
    "best_dev_ner_precision": 0.821917808219178,
    "best_dev_ner_recall": 0.821917808219178,
    "best_dev_ner_span_f1": 0.821917808219178,
    "dev_ner_precision": 0.7215189873417721,
    "dev_ner_recall": 0.7808219178082192,
    "dev_ner_span_f1": 0.7500000000000001
}