{
    "epoch": "2/20",
    "best_epoch": 1,
    "max_gpu_mem": "11.0783",
    "cur_ram": "2.8263",
    "time_epoch": "0:00:22",
    "time_total": "0:00:38",
    "best_train_ner_loss": 1457.7148595739293,
    "train_ner_loss": 524.5829809330128,
    "best_train_sum": 0.00043606235691703914,
    "train_sum": 0.00043606235691703914,
    "best_dev_ner_loss": 1306.0635288783483,
    "dev_ner_loss": 110.89810126168388,
    "best_dev_sum": 0.000447127207690588,
    "dev_sum": 0.0,
    "best_train_ner_precision": 0.00014689896289332198,
    "best_train_ner_recall": 0.009523809523809525,
    "best_train_ner_span_f1": 0.0002893351079219953,
    "train_ner_precision": 0.00023126734505087883,
    "train_ner_recall": 0.0038095238095238095,
    "train_ner_span_f1": 0.00043606235691703914,
    "best_dev_ner_precision": 0.00022789425706472196,
    "best_dev_ner_recall": 0.011764705882352941,
    "best_dev_ner_span_f1": 0.000447127207690588,
    "dev_ner_precision": 0.0,
    "dev_ner_recall": 0.0,
    "dev_ner_span_f1": 0.0
}