{
    "epoch": "14/20",
    "best_epoch": 12,
    "max_gpu_mem": "11.0783",
    "cur_ram": "2.8276",
    "time_epoch": "0:00:21",
    "time_total": "0:05:19",
    "best_train_ner_loss": 2.9668597468623408,
    "train_ner_loss": 1.1078604945430048,
    "best_train_sum": 0.9791271347248577,
    "train_sum": 0.9791271347248577,
    "best_dev_ner_loss": 20.62832532610212,
    "dev_ner_loss": 31.914679391043528,
    "best_dev_sum": 0.8114285714285714,
    "dev_sum": 0.8095238095238095,
    "best_train_ner_precision": 0.9619771863117871,
    "best_train_ner_recall": 0.9638095238095238,
    "best_train_ner_span_f1": 0.9628924833491913,
    "train_ner_precision": 0.9754253308128544,
    "train_ner_recall": 0.9828571428571429,
    "train_ner_span_f1": 0.9791271347248577,
    "best_dev_ner_precision": 0.7888888888888889,
    "best_dev_ner_recall": 0.8352941176470589,
    "best_dev_ner_span_f1": 0.8114285714285714,
    "dev_ner_precision": 0.8192771084337349,
    "dev_ner_recall": 0.8,
    "dev_ner_span_f1": 0.8095238095238095
}