{
    "epoch": "9/20",
    "best_epoch": 9,
    "max_gpu_mem": "11.0783",
    "cur_ram": "2.8273",
    "time_epoch": "0:00:21",
    "time_total": "0:03:21",
    "best_train_ner_loss": 6.332786171524613,
    "train_ner_loss": 6.332786171524613,
    "best_train_sum": 0.8955785512699904,
    "train_sum": 0.8955785512699904,
    "best_dev_ner_loss": 28.116613115583146,
    "dev_ner_loss": 28.116613115583146,
    "best_dev_sum": 0.7757575757575759,
    "dev_sum": 0.7757575757575759,
    "best_train_ner_precision": 0.8847583643122676,
    "best_train_ner_recall": 0.9066666666666666,
    "best_train_ner_span_f1": 0.8955785512699904,
    "train_ner_precision": 0.8847583643122676,
    "train_ner_recall": 0.9066666666666666,
    "train_ner_span_f1": 0.8955785512699904,
    "best_dev_ner_precision": 0.8,
    "best_dev_ner_recall": 0.7529411764705882,
    "best_dev_ner_span_f1": 0.7757575757575759,
    "dev_ner_precision": 0.8,
    "dev_ner_recall": 0.7529411764705882,
    "dev_ner_span_f1": 0.7757575757575759
}