{
    "epoch": "10/20",
    "best_epoch": 10,
    "max_gpu_mem": "11.0783",
    "cur_ram": "2.8274",
    "time_epoch": "0:00:22",
    "time_total": "0:03:46",
    "best_train_ner_loss": 4.317736060531051,
    "train_ner_loss": 4.317736060531051,
    "best_train_sum": 0.9345971563981043,
    "train_sum": 0.9345971563981043,
    "best_dev_ner_loss": 23.187102726527623,
    "dev_ner_loss": 23.187102726527623,
    "best_dev_sum": 0.7954545454545454,
    "dev_sum": 0.7954545454545454,
    "best_train_ner_precision": 0.930188679245283,
    "best_train_ner_recall": 0.939047619047619,
    "best_train_ner_span_f1": 0.9345971563981043,
    "train_ner_precision": 0.930188679245283,
    "train_ner_recall": 0.939047619047619,
    "train_ner_span_f1": 0.9345971563981043,
    "best_dev_ner_precision": 0.7692307692307693,
    "best_dev_ner_recall": 0.8235294117647058,
    "best_dev_ner_span_f1": 0.7954545454545454,
    "dev_ner_precision": 0.7692307692307693,
    "dev_ner_recall": 0.8235294117647058,
    "dev_ner_span_f1": 0.7954545454545454
}