{
    "epoch": "11/20",
    "best_epoch": 11,
    "max_gpu_mem": "11.0783",
    "cur_ram": "2.8275",
    "time_epoch": "0:00:21",
    "time_total": "0:04:09",
    "best_train_ner_loss": 2.53566222720676,
    "train_ner_loss": 2.53566222720676,
    "best_train_sum": 0.9638783269961978,
    "train_sum": 0.9638783269961978,
    "best_dev_ner_loss": 29.892106737409318,
    "dev_ner_loss": 29.892106737409318,
    "best_dev_sum": 0.8000000000000002,
    "dev_sum": 0.8000000000000002,
    "best_train_ner_precision": 0.9620493358633776,
    "best_train_ner_recall": 0.9657142857142857,
    "best_train_ner_span_f1": 0.9638783269961978,
    "train_ner_precision": 0.9620493358633776,
    "train_ner_recall": 0.9657142857142857,
    "train_ner_span_f1": 0.9638783269961978,
    "best_dev_ner_precision": 0.8,
    "best_dev_ner_recall": 0.8,
    "best_dev_ner_span_f1": 0.8000000000000002,
    "dev_ner_precision": 0.8,
    "dev_ner_recall": 0.8,
    "dev_ner_span_f1": 0.8000000000000002
}