{
    "epoch": "3/20",
    "best_epoch": 3,
    "max_gpu_mem": "11.0783",
    "cur_ram": "2.8263",
    "time_epoch": "0:00:22",
    "time_total": "0:01:01",
    "best_train_ner_loss": 61.46055931515164,
    "train_ner_loss": 61.46055931515164,
    "best_train_sum": 0.17391304347826086,
    "train_sum": 0.17391304347826086,
    "best_dev_ner_loss": 47.53289958408901,
    "dev_ner_loss": 47.53289958408901,
    "best_dev_sum": 0.3954802259887006,
    "dev_sum": 0.3954802259887006,
    "best_train_ner_precision": 0.5625,
    "best_train_ner_recall": 0.10285714285714286,
    "best_train_ner_span_f1": 0.17391304347826086,
    "train_ner_precision": 0.5625,
    "train_ner_recall": 0.10285714285714286,
    "train_ner_span_f1": 0.17391304347826086,
    "best_dev_ner_precision": 0.3804347826086957,
    "best_dev_ner_recall": 0.4117647058823529,
    "best_dev_ner_span_f1": 0.3954802259887006,
    "dev_ner_precision": 0.3804347826086957,
    "dev_ner_recall": 0.4117647058823529,
    "dev_ner_span_f1": 0.3954802259887006
}