{
    "epoch": "5/20",
    "best_epoch": 5,
    "max_gpu_mem": "11.0783",
    "cur_ram": "2.8267",
    "time_epoch": "0:00:20",
    "time_total": "0:01:48",
    "best_train_ner_loss": 22.38142126577872,
    "train_ner_loss": 22.38142126577872,
    "best_train_sum": 0.7037392138063279,
    "train_sum": 0.7037392138063279,
    "best_dev_ner_loss": 27.003880092075892,
    "dev_ner_loss": 27.003880092075892,
    "best_dev_sum": 0.7045454545454546,
    "dev_sum": 0.7045454545454546,
    "best_train_ner_precision": 0.7084942084942085,
    "best_train_ner_recall": 0.699047619047619,
    "best_train_ner_span_f1": 0.7037392138063279,
    "train_ner_precision": 0.7084942084942085,
    "train_ner_recall": 0.699047619047619,
    "train_ner_span_f1": 0.7037392138063279,
    "best_dev_ner_precision": 0.6813186813186813,
    "best_dev_ner_recall": 0.7294117647058823,
    "best_dev_ner_span_f1": 0.7045454545454546,
    "dev_ner_precision": 0.6813186813186813,
    "dev_ner_recall": 0.7294117647058823,
    "dev_ner_span_f1": 0.7045454545454546
}