{
  "best_metric": 79.6992,
  "best_model_checkpoint": "output/meta_2023-09-18-00-22-4247_hf_models_uie-large-en_spotasoc_entity_aquaint-old_multi_fold_1_e18_linear_lr1e-4_ls0_b8_wu0.06_n-1_RP_sn0.1_an0.1_run1/checkpoint-2016",
  "epoch": 18.0,
  "global_step": 3024,
  "is_hyper_param_search": false,
  "is_local_process_zero": true,
  "is_world_process_zero": true,
  "log_history": [
    {
      "epoch": 1.0,
      "eval_asoc-F1": 0.0,
      "eval_asoc-P": 0.0,
      "eval_asoc-R": 0.0,
      "eval_asoc-gold": 0.0,
      "eval_asoc-pred": 0.0,
      "eval_asoc-tp": 0.0,
      "eval_gen_len": 5.2455,
      "eval_gold_tree": 62,
      "eval_loss": 0.16196972131729126,
      "eval_ordered-record-F1": 64.5669,
      "eval_ordered-record-P": 63.0769,
      "eval_ordered-record-R": 66.129,
      "eval_ordered-record-gold": 62.0,
      "eval_ordered-record-pred": 65.0,
      "eval_ordered-record-tp": 41.0,
      "eval_overall-F1": 64.5669,
      "eval_pred_tree": 65,
      "eval_record-F1": 64.5669,
      "eval_record-P": 63.0769,
      "eval_record-R": 66.129,
      "eval_record-gold": 62.0,
      "eval_record-pred": 65.0,
      "eval_record-tp": 41.0,
      "eval_runtime": 2.9074,
      "eval_samples_per_second": 57.44,
      "eval_spot-F1": 64.5669,
      "eval_spot-P": 63.0769,
      "eval_spot-R": 66.129,
      "eval_spot-gold": 62.0,
      "eval_spot-pred": 65.0,
      "eval_spot-tp": 41.0,
      "eval_well-formed": 167,
      "step": 168
    },
    {
      "epoch": 2.0,
      "eval_asoc-F1": 0.0,
      "eval_asoc-P": 0.0,
      "eval_asoc-R": 0.0,
      "eval_asoc-gold": 0.0,
      "eval_asoc-pred": 0.0,
      "eval_asoc-tp": 0.0,
      "eval_gen_len": 5.3653,
      "eval_gold_tree": 62,
      "eval_loss": 0.1358613669872284,
      "eval_ordered-record-F1": 75.3846,
      "eval_ordered-record-P": 72.0588,
      "eval_ordered-record-R": 79.0323,
      "eval_ordered-record-gold": 62.0,
      "eval_ordered-record-pred": 68.0,
      "eval_ordered-record-tp": 49.0,
      "eval_overall-F1": 75.3846,
      "eval_pred_tree": 69,
      "eval_record-F1": 75.3846,
      "eval_record-P": 72.0588,
      "eval_record-R": 79.0323,
      "eval_record-gold": 62.0,
      "eval_record-pred": 68.0,
      "eval_record-tp": 49.0,
      "eval_runtime": 3.0098,
      "eval_samples_per_second": 55.486,
      "eval_spot-F1": 75.3846,
      "eval_spot-P": 72.0588,
      "eval_spot-R": 79.0323,
      "eval_spot-gold": 62.0,
      "eval_spot-pred": 68.0,
      "eval_spot-tp": 49.0,
      "eval_well-formed": 167,
      "step": 336
    },
    {
      "epoch": 2.98,
      "learning_rate": 8.88106966924701e-05,
      "loss": 0.285,
      "step": 500
    },
    {
      "epoch": 3.0,
      "eval_asoc-F1": 0.0,
      "eval_asoc-P": 0.0,
      "eval_asoc-R": 0.0,
      "eval_asoc-gold": 0.0,
      "eval_asoc-pred": 0.0,
      "eval_asoc-tp": 0.0,
      "eval_gen_len": 5.2994,
      "eval_gold_tree": 62,
      "eval_loss": 0.12913456559181213,
      "eval_ordered-record-F1": 79.0698,
      "eval_ordered-record-P": 76.1194,
      "eval_ordered-record-R": 82.2581,
      "eval_ordered-record-gold": 62.0,
      "eval_ordered-record-pred": 67.0,
      "eval_ordered-record-tp": 51.0,
      "eval_overall-F1": 79.0698,
      "eval_pred_tree": 67,
      "eval_record-F1": 79.0698,
      "eval_record-P": 76.1194,
      "eval_record-R": 82.2581,
      "eval_record-gold": 62.0,
      "eval_record-pred": 67.0,
      "eval_record-tp": 51.0,
      "eval_runtime": 3.0342,
      "eval_samples_per_second": 55.04,
      "eval_spot-F1": 79.0698,
      "eval_spot-P": 76.1194,
      "eval_spot-R": 82.2581,
      "eval_spot-gold": 62.0,
      "eval_spot-pred": 67.0,
      "eval_spot-tp": 51.0,
      "eval_well-formed": 167,
      "step": 504
    },
    {
      "epoch": 4.0,
      "eval_asoc-F1": 0.0,
      "eval_asoc-P": 0.0,
      "eval_asoc-R": 0.0,
      "eval_asoc-gold": 0.0,
      "eval_asoc-pred": 0.0,
      "eval_asoc-tp": 0.0,
      "eval_gen_len": 5.3653,
      "eval_gold_tree": 62,
      "eval_loss": 0.1802258938550949,
      "eval_ordered-record-F1": 71.2121,
      "eval_ordered-record-P": 67.1429,
      "eval_ordered-record-R": 75.8065,
      "eval_ordered-record-gold": 62.0,
      "eval_ordered-record-pred": 70.0,
      "eval_ordered-record-tp": 47.0,
      "eval_overall-F1": 71.2121,
      "eval_pred_tree": 70,
      "eval_record-F1": 71.2121,
      "eval_record-P": 67.1429,
      "eval_record-R": 75.8065,
      "eval_record-gold": 62.0,
      "eval_record-pred": 70.0,
      "eval_record-tp": 47.0,
      "eval_runtime": 3.0883,
      "eval_samples_per_second": 54.075,
      "eval_spot-F1": 71.2121,
      "eval_spot-P": 67.1429,
      "eval_spot-R": 75.8065,
      "eval_spot-gold": 62.0,
      "eval_spot-pred": 70.0,
      "eval_spot-tp": 47.0,
      "eval_well-formed": 167,
      "step": 672
    },
    {
      "epoch": 5.0,
      "eval_asoc-F1": 0.0,
      "eval_asoc-P": 0.0,
      "eval_asoc-R": 0.0,
      "eval_asoc-gold": 0.0,
      "eval_asoc-pred": 0.0,
      "eval_asoc-tp": 0.0,
      "eval_gen_len": 5.2216,
      "eval_gold_tree": 62,
      "eval_loss": 0.13652265071868896,
      "eval_ordered-record-F1": 75.5906,
      "eval_ordered-record-P": 73.8462,
      "eval_ordered-record-R": 77.4194,
      "eval_ordered-record-gold": 62.0,
      "eval_ordered-record-pred": 65.0,
      "eval_ordered-record-tp": 48.0,
      "eval_overall-F1": 75.5906,
      "eval_pred_tree": 65,
      "eval_record-F1": 75.5906,
      "eval_record-P": 73.8462,
      "eval_record-R": 77.4194,
      "eval_record-gold": 62.0,
      "eval_record-pred": 65.0,
      "eval_record-tp": 48.0,
      "eval_runtime": 3.0481,
      "eval_samples_per_second": 54.789,
      "eval_spot-F1": 75.5906,
      "eval_spot-P": 73.8462,
      "eval_spot-R": 77.4194,
      "eval_spot-gold": 62.0,
      "eval_spot-pred": 65.0,
      "eval_spot-tp": 48.0,
      "eval_well-formed": 167,
      "step": 840
    },
    {
      "epoch": 5.95,
      "learning_rate": 7.121745249824068e-05,
      "loss": 0.0627,
      "step": 1000
    },
    {
      "epoch": 6.0,
      "eval_asoc-F1": 0.0,
      "eval_asoc-P": 0.0,
      "eval_asoc-R": 0.0,
      "eval_asoc-gold": 0.0,
      "eval_asoc-pred": 0.0,
      "eval_asoc-tp": 0.0,
      "eval_gen_len": 5.2335,
      "eval_gold_tree": 62,
      "eval_loss": 0.21101884543895721,
      "eval_ordered-record-F1": 73.4375,
      "eval_ordered-record-P": 71.2121,
      "eval_ordered-record-R": 75.8065,
      "eval_ordered-record-gold": 62.0,
      "eval_ordered-record-pred": 66.0,
      "eval_ordered-record-tp": 47.0,
      "eval_overall-F1": 73.4375,
      "eval_pred_tree": 66,
      "eval_record-F1": 73.4375,
      "eval_record-P": 71.2121,
      "eval_record-R": 75.8065,
      "eval_record-gold": 62.0,
      "eval_record-pred": 66.0,
      "eval_record-tp": 47.0,
      "eval_runtime": 3.0869,
      "eval_samples_per_second": 54.1,
      "eval_spot-F1": 73.4375,
      "eval_spot-P": 71.2121,
      "eval_spot-R": 75.8065,
      "eval_spot-gold": 62.0,
      "eval_spot-pred": 66.0,
      "eval_spot-tp": 47.0,
      "eval_well-formed": 167,
      "step": 1008
    },
    {
      "epoch": 7.0,
      "eval_asoc-F1": 0.0,
      "eval_asoc-P": 0.0,
      "eval_asoc-R": 0.0,
      "eval_asoc-gold": 0.0,
      "eval_asoc-pred": 0.0,
      "eval_asoc-tp": 0.0,
      "eval_gen_len": 5.3234,
      "eval_gold_tree": 62,
      "eval_loss": 0.22348621487617493,
      "eval_ordered-record-F1": 75.3846,
      "eval_ordered-record-P": 72.0588,
      "eval_ordered-record-R": 79.0323,
      "eval_ordered-record-gold": 62.0,
      "eval_ordered-record-pred": 68.0,
      "eval_ordered-record-tp": 49.0,
      "eval_overall-F1": 75.3846,
      "eval_pred_tree": 68,
      "eval_record-F1": 75.3846,
      "eval_record-P": 72.0588,
      "eval_record-R": 79.0323,
      "eval_record-gold": 62.0,
      "eval_record-pred": 68.0,
      "eval_record-tp": 49.0,
      "eval_runtime": 3.0453,
      "eval_samples_per_second": 54.839,
      "eval_spot-F1": 75.3846,
      "eval_spot-P": 72.0588,
      "eval_spot-R": 79.0323,
      "eval_spot-gold": 62.0,
      "eval_spot-pred": 68.0,
      "eval_spot-tp": 49.0,
      "eval_well-formed": 167,
      "step": 1176
    },
    {
      "epoch": 8.0,
      "eval_asoc-F1": 0.0,
      "eval_asoc-P": 0.0,
      "eval_asoc-R": 0.0,
      "eval_asoc-gold": 0.0,
      "eval_asoc-pred": 0.0,
      "eval_asoc-tp": 0.0,
      "eval_gen_len": 5.2096,
      "eval_gold_tree": 62,
      "eval_loss": 0.25973543524742126,
      "eval_ordered-record-F1": 73.0159,
      "eval_ordered-record-P": 71.875,
      "eval_ordered-record-R": 74.1935,
      "eval_ordered-record-gold": 62.0,
      "eval_ordered-record-pred": 64.0,
      "eval_ordered-record-tp": 46.0,
      "eval_overall-F1": 73.0159,
      "eval_pred_tree": 64,
      "eval_record-F1": 73.0159,
      "eval_record-P": 71.875,
      "eval_record-R": 74.1935,
      "eval_record-gold": 62.0,
      "eval_record-pred": 64.0,
      "eval_record-tp": 46.0,
      "eval_runtime": 3.0689,
      "eval_samples_per_second": 54.418,
      "eval_spot-F1": 73.0159,
      "eval_spot-P": 71.875,
      "eval_spot-R": 74.1935,
      "eval_spot-gold": 62.0,
      "eval_spot-pred": 64.0,
      "eval_spot-tp": 46.0,
      "eval_well-formed": 167,
      "step": 1344
    },
    {
      "epoch": 8.93,
      "learning_rate": 5.362420830401126e-05,
      "loss": 0.0421,
      "step": 1500
    },
    {
      "epoch": 9.0,
      "eval_asoc-F1": 0.0,
      "eval_asoc-P": 0.0,
      "eval_asoc-R": 0.0,
      "eval_asoc-gold": 0.0,
      "eval_asoc-pred": 0.0,
      "eval_asoc-tp": 0.0,
      "eval_gen_len": 5.2515,
      "eval_gold_tree": 62,
      "eval_loss": 0.21076828241348267,
      "eval_ordered-record-F1": 76.5625,
      "eval_ordered-record-P": 74.2424,
      "eval_ordered-record-R": 79.0323,
      "eval_ordered-record-gold": 62.0,
      "eval_ordered-record-pred": 66.0,
      "eval_ordered-record-tp": 49.0,
      "eval_overall-F1": 76.5625,
      "eval_pred_tree": 66,
      "eval_record-F1": 76.5625,
      "eval_record-P": 74.2424,
      "eval_record-R": 79.0323,
      "eval_record-gold": 62.0,
      "eval_record-pred": 66.0,
      "eval_record-tp": 49.0,
      "eval_runtime": 3.087,
      "eval_samples_per_second": 54.098,
      "eval_spot-F1": 76.5625,
      "eval_spot-P": 74.2424,
      "eval_spot-R": 79.0323,
      "eval_spot-gold": 62.0,
      "eval_spot-pred": 66.0,
      "eval_spot-tp": 49.0,
      "eval_well-formed": 167,
      "step": 1512
    },
    {
      "epoch": 10.0,
      "eval_asoc-F1": 0.0,
      "eval_asoc-P": 0.0,
      "eval_asoc-R": 0.0,
      "eval_asoc-gold": 0.0,
      "eval_asoc-pred": 0.0,
      "eval_asoc-tp": 0.0,
      "eval_gen_len": 5.4132,
      "eval_gold_tree": 62,
      "eval_loss": 0.30147552490234375,
      "eval_ordered-record-F1": 76.3359,
      "eval_ordered-record-P": 72.4638,
      "eval_ordered-record-R": 80.6452,
      "eval_ordered-record-gold": 62.0,
      "eval_ordered-record-pred": 69.0,
      "eval_ordered-record-tp": 50.0,
      "eval_overall-F1": 76.3359,
      "eval_pred_tree": 70,
      "eval_record-F1": 76.3359,
      "eval_record-P": 72.4638,
      "eval_record-R": 80.6452,
      "eval_record-gold": 62.0,
      "eval_record-pred": 69.0,
      "eval_record-tp": 50.0,
      "eval_runtime": 3.1437,
      "eval_samples_per_second": 53.121,
      "eval_spot-F1": 76.3359,
      "eval_spot-P": 72.4638,
      "eval_spot-R": 80.6452,
      "eval_spot-gold": 62.0,
      "eval_spot-pred": 69.0,
      "eval_spot-tp": 50.0,
      "eval_well-formed": 167,
      "step": 1680
    },
    {
      "epoch": 11.0,
      "eval_asoc-F1": 0.0,
      "eval_asoc-P": 0.0,
      "eval_asoc-R": 0.0,
      "eval_asoc-gold": 0.0,
      "eval_asoc-pred": 0.0,
      "eval_asoc-tp": 0.0,
      "eval_gen_len": 5.3353,
      "eval_gold_tree": 62,
      "eval_loss": 0.31141021847724915,
      "eval_ordered-record-F1": 76.9231,
      "eval_ordered-record-P": 73.5294,
      "eval_ordered-record-R": 80.6452,
      "eval_ordered-record-gold": 62.0,
      "eval_ordered-record-pred": 68.0,
      "eval_ordered-record-tp": 50.0,
      "eval_overall-F1": 76.9231,
      "eval_pred_tree": 68,
      "eval_record-F1": 76.9231,
      "eval_record-P": 73.5294,
      "eval_record-R": 80.6452,
      "eval_record-gold": 62.0,
      "eval_record-pred": 68.0,
      "eval_record-tp": 50.0,
      "eval_runtime": 3.0406,
      "eval_samples_per_second": 54.924,
      "eval_spot-F1": 76.9231,
      "eval_spot-P": 73.5294,
      "eval_spot-R": 80.6452,
      "eval_spot-gold": 62.0,
      "eval_spot-pred": 68.0,
      "eval_spot-tp": 50.0,
      "eval_well-formed": 167,
      "step": 1848
    },
    {
      "epoch": 11.9,
      "learning_rate": 3.603096410978184e-05,
      "loss": 0.0384,
      "step": 2000
    },
    {
      "epoch": 12.0,
      "eval_asoc-F1": 0.0,
      "eval_asoc-P": 0.0,
      "eval_asoc-R": 0.0,
      "eval_asoc-gold": 0.0,
      "eval_asoc-pred": 0.0,
      "eval_asoc-tp": 0.0,
      "eval_gen_len": 5.4611,
      "eval_gold_tree": 62,
      "eval_loss": 0.30594977736473083,
      "eval_ordered-record-F1": 79.6992,
      "eval_ordered-record-P": 74.6479,
      "eval_ordered-record-R": 85.4839,
      "eval_ordered-record-gold": 62.0,
      "eval_ordered-record-pred": 71.0,
      "eval_ordered-record-tp": 53.0,
      "eval_overall-F1": 79.6992,
      "eval_pred_tree": 71,
      "eval_record-F1": 79.6992,
      "eval_record-P": 74.6479,
      "eval_record-R": 85.4839,
      "eval_record-gold": 62.0,
      "eval_record-pred": 71.0,
      "eval_record-tp": 53.0,
      "eval_runtime": 3.0328,
      "eval_samples_per_second": 55.064,
      "eval_spot-F1": 79.6992,
      "eval_spot-P": 74.6479,
      "eval_spot-R": 85.4839,
      "eval_spot-gold": 62.0,
      "eval_spot-pred": 71.0,
      "eval_spot-tp": 53.0,
      "eval_well-formed": 167,
      "step": 2016
    },
    {
      "epoch": 13.0,
      "eval_asoc-F1": 0.0,
      "eval_asoc-P": 0.0,
      "eval_asoc-R": 0.0,
      "eval_asoc-gold": 0.0,
      "eval_asoc-pred": 0.0,
      "eval_asoc-tp": 0.0,
      "eval_gen_len": 5.4132,
      "eval_gold_tree": 62,
      "eval_loss": 0.2914173901081085,
      "eval_ordered-record-F1": 74.2424,
      "eval_ordered-record-P": 70.0,
      "eval_ordered-record-R": 79.0323,
      "eval_ordered-record-gold": 62.0,
      "eval_ordered-record-pred": 70.0,
      "eval_ordered-record-tp": 49.0,
      "eval_overall-F1": 74.2424,
      "eval_pred_tree": 70,
      "eval_record-F1": 74.2424,
      "eval_record-P": 70.0,
      "eval_record-R": 79.0323,
      "eval_record-gold": 62.0,
      "eval_record-pred": 70.0,
      "eval_record-tp": 49.0,
      "eval_runtime": 3.0349,
      "eval_samples_per_second": 55.027,
      "eval_spot-F1": 74.2424,
      "eval_spot-P": 70.0,
      "eval_spot-R": 79.0323,
      "eval_spot-gold": 62.0,
      "eval_spot-pred": 70.0,
      "eval_spot-tp": 49.0,
      "eval_well-formed": 167,
      "step": 2184
    },
    {
      "epoch": 14.0,
      "eval_asoc-F1": 0.0,
      "eval_asoc-P": 0.0,
      "eval_asoc-R": 0.0,
      "eval_asoc-gold": 0.0,
      "eval_asoc-pred": 0.0,
      "eval_asoc-tp": 0.0,
      "eval_gen_len": 5.3473,
      "eval_gold_tree": 62,
      "eval_loss": 0.30572786927223206,
      "eval_ordered-record-F1": 76.9231,
      "eval_ordered-record-P": 73.5294,
      "eval_ordered-record-R": 80.6452,
      "eval_ordered-record-gold": 62.0,
      "eval_ordered-record-pred": 68.0,
      "eval_ordered-record-tp": 50.0,
      "eval_overall-F1": 76.9231,
      "eval_pred_tree": 69,
      "eval_record-F1": 76.9231,
      "eval_record-P": 73.5294,
      "eval_record-R": 80.6452,
      "eval_record-gold": 62.0,
      "eval_record-pred": 68.0,
      "eval_record-tp": 50.0,
      "eval_runtime": 3.1486,
      "eval_samples_per_second": 53.04,
      "eval_spot-F1": 76.9231,
      "eval_spot-P": 73.5294,
      "eval_spot-R": 80.6452,
      "eval_spot-gold": 62.0,
      "eval_spot-pred": 68.0,
      "eval_spot-tp": 50.0,
      "eval_well-formed": 167,
      "step": 2352
    },
    {
      "epoch": 14.88,
      "learning_rate": 1.8437719915552427e-05,
      "loss": 0.0356,
      "step": 2500
    },
    {
      "epoch": 15.0,
      "eval_asoc-F1": 0.0,
      "eval_asoc-P": 0.0,
      "eval_asoc-R": 0.0,
      "eval_asoc-gold": 0.0,
      "eval_asoc-pred": 0.0,
      "eval_asoc-tp": 0.0,
      "eval_gen_len": 5.4731,
      "eval_gold_tree": 62,
      "eval_loss": 0.33044445514678955,
      "eval_ordered-record-F1": 78.1955,
      "eval_ordered-record-P": 73.2394,
      "eval_ordered-record-R": 83.871,
      "eval_ordered-record-gold": 62.0,
      "eval_ordered-record-pred": 71.0,
      "eval_ordered-record-tp": 52.0,
      "eval_overall-F1": 78.1955,
      "eval_pred_tree": 72,
      "eval_record-F1": 78.1955,
      "eval_record-P": 73.2394,
      "eval_record-R": 83.871,
      "eval_record-gold": 62.0,
      "eval_record-pred": 71.0,
      "eval_record-tp": 52.0,
      "eval_runtime": 3.126,
      "eval_samples_per_second": 53.422,
      "eval_spot-F1": 78.1955,
      "eval_spot-P": 73.2394,
      "eval_spot-R": 83.871,
      "eval_spot-gold": 62.0,
      "eval_spot-pred": 71.0,
      "eval_spot-tp": 52.0,
      "eval_well-formed": 167,
      "step": 2520
    },
    {
      "epoch": 16.0,
      "eval_asoc-F1": 0.0,
      "eval_asoc-P": 0.0,
      "eval_asoc-R": 0.0,
      "eval_asoc-gold": 0.0,
      "eval_asoc-pred": 0.0,
      "eval_asoc-tp": 0.0,
      "eval_gen_len": 5.3952,
      "eval_gold_tree": 62,
      "eval_loss": 0.32832834124565125,
      "eval_ordered-record-F1": 76.3359,
      "eval_ordered-record-P": 72.4638,
      "eval_ordered-record-R": 80.6452,
      "eval_ordered-record-gold": 62.0,
      "eval_ordered-record-pred": 69.0,
      "eval_ordered-record-tp": 50.0,
      "eval_overall-F1": 76.3359,
      "eval_pred_tree": 70,
      "eval_record-F1": 76.3359,
      "eval_record-P": 72.4638,
      "eval_record-R": 80.6452,
      "eval_record-gold": 62.0,
      "eval_record-pred": 69.0,
      "eval_record-tp": 50.0,
      "eval_runtime": 3.1321,
      "eval_samples_per_second": 53.318,
      "eval_spot-F1": 76.3359,
      "eval_spot-P": 72.4638,
      "eval_spot-R": 80.6452,
      "eval_spot-gold": 62.0,
      "eval_spot-pred": 69.0,
      "eval_spot-tp": 50.0,
      "eval_well-formed": 167,
      "step": 2688
    },
    {
      "epoch": 17.0,
      "eval_asoc-F1": 0.0,
      "eval_asoc-P": 0.0,
      "eval_asoc-R": 0.0,
      "eval_asoc-gold": 0.0,
      "eval_asoc-pred": 0.0,
      "eval_asoc-tp": 0.0,
      "eval_gen_len": 5.3952,
      "eval_gold_tree": 62,
      "eval_loss": 0.33693745732307434,
      "eval_ordered-record-F1": 76.3359,
      "eval_ordered-record-P": 72.4638,
      "eval_ordered-record-R": 80.6452,
      "eval_ordered-record-gold": 62.0,
      "eval_ordered-record-pred": 69.0,
      "eval_ordered-record-tp": 50.0,
      "eval_overall-F1": 76.3359,
      "eval_pred_tree": 70,
      "eval_record-F1": 76.3359,
      "eval_record-P": 72.4638,
      "eval_record-R": 80.6452,
      "eval_record-gold": 62.0,
      "eval_record-pred": 69.0,
      "eval_record-tp": 50.0,
      "eval_runtime": 3.1269,
      "eval_samples_per_second": 53.407,
      "eval_spot-F1": 76.3359,
      "eval_spot-P": 72.4638,
      "eval_spot-R": 80.6452,
      "eval_spot-gold": 62.0,
      "eval_spot-pred": 69.0,
      "eval_spot-tp": 50.0,
      "eval_well-formed": 167,
      "step": 2856
    },
    {
      "epoch": 17.86,
      "learning_rate": 8.44475721323012e-07,
      "loss": 0.0315,
      "step": 3000
    },
    {
      "epoch": 18.0,
      "eval_asoc-F1": 0.0,
      "eval_asoc-P": 0.0,
      "eval_asoc-R": 0.0,
      "eval_asoc-gold": 0.0,
      "eval_asoc-pred": 0.0,
      "eval_asoc-tp": 0.0,
      "eval_gen_len": 5.4431,
      "eval_gold_tree": 62,
      "eval_loss": 0.33849427103996277,
      "eval_ordered-record-F1": 77.2727,
      "eval_ordered-record-P": 72.8571,
      "eval_ordered-record-R": 82.2581,
      "eval_ordered-record-gold": 62.0,
      "eval_ordered-record-pred": 70.0,
      "eval_ordered-record-tp": 51.0,
      "eval_overall-F1": 77.2727,
      "eval_pred_tree": 71,
      "eval_record-F1": 77.2727,
      "eval_record-P": 72.8571,
      "eval_record-R": 82.2581,
      "eval_record-gold": 62.0,
      "eval_record-pred": 70.0,
      "eval_record-tp": 51.0,
      "eval_runtime": 3.1146,
      "eval_samples_per_second": 53.618,
      "eval_spot-F1": 77.2727,
      "eval_spot-P": 72.8571,
      "eval_spot-R": 82.2581,
      "eval_spot-gold": 62.0,
      "eval_spot-pred": 70.0,
      "eval_spot-tp": 51.0,
      "eval_well-formed": 167,
      "step": 3024
    },
    {
      "epoch": 18.0,
      "step": 3024,
      "total_flos": 0,
      "train_runtime": 909.1952,
      "train_samples_per_second": 3.326
    }
  ],
  "max_steps": 3024,
  "num_train_epochs": 18,
  "total_flos": 0,
  "trial_name": null,
  "trial_params": null
}
