{
    "epoch": "16/20",
    "best_epoch": 15,
    "max_gpu_mem": "2.2472",
    "cur_ram": "2.4638",
    "time_epoch": "0:00:03",
    "time_total": "0:01:01",
    "best_train_ner_loss": 0.788398806254069,
    "train_ner_loss": 0.774638811747233,
    "best_train_sum": 0.9986928104575163,
    "train_sum": 0.9986928104575163,
    "best_dev_ner_loss": 20.487829208374023,
    "dev_ner_loss": 21.495326042175293,
    "best_dev_sum": 0.948051948051948,
    "dev_sum": 0.935064935064935,
    "best_train_ner_precision": 0.9973913043478261,
    "best_train_ner_recall": 0.9991289198606271,
    "best_train_ner_span_f1": 0.9982593559617058,
    "train_ner_precision": 0.999128160418483,
    "train_ner_recall": 0.9982578397212544,
    "train_ner_span_f1": 0.9986928104575163,
    "best_dev_ner_precision": 0.9240506329113924,
    "best_dev_ner_recall": 0.9733333333333334,
    "best_dev_ner_span_f1": 0.948051948051948,
    "dev_ner_precision": 0.9113924050632911,
    "dev_ner_recall": 0.96,
    "dev_ner_span_f1": 0.935064935064935
}