{
    "epoch": "2/20",
    "best_epoch": 1,
    "max_gpu_mem": "2.2472",
    "cur_ram": "2.4445",
    "time_epoch": "0:00:03",
    "time_total": "0:00:09",
    "best_train_ner_loss": 945.6988098144532,
    "train_ner_loss": 700.2575927734375,
    "best_train_sum": 0.01814478800222181,
    "train_sum": 0.01814478800222181,
    "best_dev_ner_loss": 845.9939880371094,
    "dev_ner_loss": 352.5546569824219,
    "best_dev_sum": 0.005535055350553505,
    "dev_sum": 0.0,
    "best_train_ner_precision": 0.008383676488719023,
    "best_train_ner_recall": 0.059233449477351915,
    "best_train_ner_span_f1": 0.014688411275515711,
    "train_ner_precision": 0.011521279097107923,
    "train_ner_recall": 0.042682926829268296,
    "train_ner_span_f1": 0.01814478800222181,
    "best_dev_ner_precision": 0.0032119914346895075,
    "best_dev_ner_recall": 0.02,
    "best_dev_ner_span_f1": 0.005535055350553505,
    "dev_ner_precision": 0.0,
    "dev_ner_recall": 0.0,
    "dev_ner_span_f1": 0.0
}