{
    "epoch": "7/20",
    "best_epoch": 7,
    "max_gpu_mem": "2.2472",
    "cur_ram": "2.4635",
    "time_epoch": "0:00:03",
    "time_total": "0:00:28",
    "best_train_ner_loss": 12.709565989176433,
    "train_ner_loss": 12.709565989176433,
    "best_train_sum": 0.958207669108143,
    "train_sum": 0.958207669108143,
    "best_dev_ner_loss": 22.62129497528076,
    "dev_ner_loss": 22.62129497528076,
    "best_dev_sum": 0.9155844155844156,
    "dev_sum": 0.9155844155844156,
    "best_train_ner_precision": 0.947996589940324,
    "best_train_ner_recall": 0.9686411149825784,
    "best_train_ner_span_f1": 0.958207669108143,
    "train_ner_precision": 0.947996589940324,
    "train_ner_recall": 0.9686411149825784,
    "train_ner_span_f1": 0.958207669108143,
    "best_dev_ner_precision": 0.8924050632911392,
    "best_dev_ner_recall": 0.94,
    "best_dev_ner_span_f1": 0.9155844155844156,
    "dev_ner_precision": 0.8924050632911392,
    "dev_ner_recall": 0.94,
    "dev_ner_span_f1": 0.9155844155844156
}