{
    "epoch": "12/20",
    "best_epoch": 12,
    "max_gpu_mem": "2.2472",
    "cur_ram": "2.4636",
    "time_epoch": "0:00:03",
    "time_total": "0:00:46",
    "best_train_ner_loss": 1.976534907023112,
    "train_ner_loss": 1.976534907023112,
    "best_train_sum": 0.9969551979121357,
    "train_sum": 0.9969551979121357,
    "best_dev_ner_loss": 17.50885009765625,
    "dev_ner_loss": 17.50885009765625,
    "best_dev_sum": 0.9315960912052117,
    "dev_sum": 0.9315960912052117,
    "best_train_ner_precision": 0.9956559513466551,
    "best_train_ner_recall": 0.9982578397212544,
    "best_train_ner_span_f1": 0.9969551979121357,
    "train_ner_precision": 0.9956559513466551,
    "train_ner_recall": 0.9982578397212544,
    "train_ner_span_f1": 0.9969551979121357,
    "best_dev_ner_precision": 0.910828025477707,
    "best_dev_ner_recall": 0.9533333333333334,
    "best_dev_ner_span_f1": 0.9315960912052117,
    "dev_ner_precision": 0.910828025477707,
    "dev_ner_recall": 0.9533333333333334,
    "dev_ner_span_f1": 0.9315960912052117
}