{
    "epoch": "8/20",
    "best_epoch": 7,
    "max_gpu_mem": "2.2472",
    "cur_ram": "2.4636",
    "time_epoch": "0:00:03",
    "time_total": "0:00:32",
    "best_train_ner_loss": 12.709565989176433,
    "train_ner_loss": 9.167837778727213,
    "best_train_sum": 0.9714779602420052,
    "train_sum": 0.9714779602420052,
    "best_dev_ner_loss": 22.62129497528076,
    "dev_ner_loss": 26.30227279663086,
    "best_dev_sum": 0.9155844155844156,
    "dev_sum": 0.8896103896103896,
    "best_train_ner_precision": 0.947996589940324,
    "best_train_ner_recall": 0.9686411149825784,
    "best_train_ner_span_f1": 0.958207669108143,
    "train_ner_precision": 0.9639794168096055,
    "train_ner_recall": 0.9790940766550522,
    "train_ner_span_f1": 0.9714779602420052,
    "best_dev_ner_precision": 0.8924050632911392,
    "best_dev_ner_recall": 0.94,
    "best_dev_ner_span_f1": 0.9155844155844156,
    "dev_ner_precision": 0.8670886075949367,
    "dev_ner_recall": 0.9133333333333333,
    "dev_ner_span_f1": 0.8896103896103896
}