{
    "epoch": "6/20",
    "best_epoch": 6,
    "max_gpu_mem": "2.2472",
    "cur_ram": "2.4518",
    "time_epoch": "0:00:03",
    "time_total": "0:00:24",
    "best_train_ner_loss": 22.953123982747396,
    "train_ner_loss": 22.953123982747396,
    "best_train_sum": 0.8996155489107218,
    "train_sum": 0.8996155489107218,
    "best_dev_ner_loss": 22.5206298828125,
    "dev_ner_loss": 22.5206298828125,
    "best_dev_sum": 0.8974358974358974,
    "dev_sum": 0.8974358974358974,
    "best_train_ner_precision": 0.8826487845766974,
    "best_train_ner_recall": 0.9172473867595818,
    "best_train_ner_span_f1": 0.8996155489107218,
    "train_ner_precision": 0.8826487845766974,
    "train_ner_recall": 0.9172473867595818,
    "train_ner_span_f1": 0.8996155489107218,
    "best_dev_ner_precision": 0.8641975308641975,
    "best_dev_ner_recall": 0.9333333333333333,
    "best_dev_ner_span_f1": 0.8974358974358974,
    "dev_ner_precision": 0.8641975308641975,
    "dev_ner_recall": 0.9333333333333333,
    "dev_ner_span_f1": 0.8974358974358974
}