{
    "epoch": "4/20",
    "best_epoch": 4,
    "max_gpu_mem": "2.2472",
    "cur_ram": "2.4490",
    "time_epoch": "0:00:03",
    "time_total": "0:00:16",
    "best_train_ner_loss": 94.6973747253418,
    "train_ner_loss": 94.6973747253418,
    "best_train_sum": 0.6458778299871849,
    "train_sum": 0.6458778299871849,
    "best_dev_ner_loss": 54.18311405181885,
    "dev_ner_loss": 54.18311405181885,
    "best_dev_sum": 0.7781350482315113,
    "dev_sum": 0.7781350482315113,
    "best_train_ner_precision": 0.633696563285834,
    "best_train_ner_recall": 0.6585365853658537,
    "best_train_ner_span_f1": 0.6458778299871849,
    "train_ner_precision": 0.633696563285834,
    "train_ner_recall": 0.6585365853658537,
    "train_ner_span_f1": 0.6458778299871849,
    "best_dev_ner_precision": 0.7515527950310559,
    "best_dev_ner_recall": 0.8066666666666666,
    "best_dev_ner_span_f1": 0.7781350482315113,
    "dev_ner_precision": 0.7515527950310559,
    "dev_ner_recall": 0.8066666666666666,
    "dev_ner_span_f1": 0.7781350482315113
}