{
    "epoch": "14/20",
    "best_epoch": 13,
    "max_gpu_mem": "2.2472",
    "cur_ram": "2.4637",
    "time_epoch": "0:00:03",
    "time_total": "0:00:54",
    "best_train_ner_loss": 1.4747083028157553,
    "train_ner_loss": 1.2015268325805664,
    "best_train_sum": 0.9986928104575163,
    "train_sum": 0.9986928104575163,
    "best_dev_ner_loss": 17.94648265838623,
    "dev_ner_loss": 21.043755531311035,
    "best_dev_sum": 0.9377049180327869,
    "dev_sum": 0.9290322580645162,
    "best_train_ner_precision": 0.997384481255449,
    "best_train_ner_recall": 0.9965156794425087,
    "best_train_ner_span_f1": 0.9969498910675382,
    "train_ner_precision": 0.999128160418483,
    "train_ner_recall": 0.9982578397212544,
    "train_ner_span_f1": 0.9986928104575163,
    "best_dev_ner_precision": 0.9225806451612903,
    "best_dev_ner_recall": 0.9533333333333334,
    "best_dev_ner_span_f1": 0.9377049180327869,
    "dev_ner_precision": 0.9,
    "dev_ner_recall": 0.96,
    "dev_ner_span_f1": 0.9290322580645162
}