{
    "epoch": "14/20",
    "best_epoch": 13,
    "max_gpu_mem": "2.8702",
    "cur_ram": "2.4714",
    "time_epoch": "0:00:08",
    "time_total": "0:02:03",
    "best_train_ner_loss": 3.6434564237241394,
    "train_ner_loss": 2.2565958234998913,
    "best_train_sum": 0.9691300280636109,
    "train_sum": 0.9691300280636109,
    "best_dev_ner_loss": 24.866458892822266,
    "dev_ner_loss": 22.156632014683314,
    "best_dev_sum": 0.8028169014084506,
    "dev_sum": 0.7763157894736842,
    "best_train_ner_precision": 0.9297597042513863,
    "best_train_ner_recall": 0.9401869158878504,
    "best_train_ner_span_f1": 0.9349442379182156,
    "train_ner_precision": 0.9700374531835206,
    "train_ner_recall": 0.9682242990654205,
    "train_ner_span_f1": 0.9691300280636109,
    "best_dev_ner_precision": 0.8142857142857143,
    "best_dev_ner_recall": 0.7916666666666666,
    "best_dev_ner_span_f1": 0.8028169014084506,
    "dev_ner_precision": 0.7375,
    "dev_ner_recall": 0.8194444444444444,
    "dev_ner_span_f1": 0.7763157894736842
}