{
    "epoch": "7/20",
    "best_epoch": 7,
    "max_gpu_mem": "2.8702",
    "cur_ram": "2.4713",
    "time_epoch": "0:00:08",
    "time_total": "0:01:02",
    "best_train_ner_loss": 14.545682024072718,
    "train_ner_loss": 14.545682024072718,
    "best_train_sum": 0.783427495291902,
    "train_sum": 0.783427495291902,
    "best_dev_ner_loss": 18.386615753173828,
    "dev_ner_loss": 18.386615753173828,
    "best_dev_sum": 0.7692307692307692,
    "dev_sum": 0.7692307692307692,
    "best_train_ner_precision": 0.7893738140417458,
    "best_train_ner_recall": 0.7775700934579439,
    "best_train_ner_span_f1": 0.783427495291902,
    "train_ner_precision": 0.7893738140417458,
    "train_ner_recall": 0.7775700934579439,
    "train_ner_span_f1": 0.783427495291902,
    "best_dev_ner_precision": 0.7746478873239436,
    "best_dev_ner_recall": 0.7638888888888888,
    "best_dev_ner_span_f1": 0.7692307692307692,
    "dev_ner_precision": 0.7746478873239436,
    "dev_ner_recall": 0.7638888888888888,
    "dev_ner_span_f1": 0.7692307692307692
}