{
    "epoch": "11/20",
    "best_epoch": 8,
    "max_gpu_mem": "2.8702",
    "cur_ram": "2.4713",
    "time_epoch": "0:00:08",
    "time_total": "0:01:37",
    "best_train_ner_loss": 10.827444747642234,
    "train_ner_loss": 4.764453499405472,
    "best_train_sum": 0.922077922077922,
    "train_sum": 0.922077922077922,
    "best_dev_ner_loss": 16.6646728515625,
    "dev_ner_loss": 18.440255846296036,
    "best_dev_sum": 0.7862068965517242,
    "dev_sum": 0.7586206896551725,
    "best_train_ner_precision": 0.8427787934186471,
    "best_train_ner_recall": 0.8616822429906542,
    "best_train_ner_span_f1": 0.8521256931608133,
    "train_ner_precision": 0.9152854511970534,
    "train_ner_recall": 0.9289719626168225,
    "train_ner_span_f1": 0.922077922077922,
    "best_dev_ner_precision": 0.7808219178082192,
    "best_dev_ner_recall": 0.7916666666666666,
    "best_dev_ner_span_f1": 0.7862068965517242,
    "dev_ner_precision": 0.7534246575342466,
    "dev_ner_recall": 0.7638888888888888,
    "dev_ner_span_f1": 0.7586206896551725
}