{
    "epoch": "16/20",
    "best_epoch": 15,
    "max_gpu_mem": "2.8702",
    "cur_ram": "2.4714",
    "time_epoch": "0:00:08",
    "time_total": "0:02:20",
    "best_train_ner_loss": 1.3730009220264576,
    "train_ner_loss": 1.261945229989511,
    "best_train_sum": 0.9757462686567164,
    "train_sum": 0.9757462686567164,
    "best_dev_ner_loss": 24.546724591936385,
    "dev_ner_loss": 26.28784125191825,
    "best_dev_sum": 0.8251748251748252,
    "dev_sum": 0.816326530612245,
    "best_train_ner_precision": 0.9721706864564007,
    "best_train_ner_recall": 0.9794392523364486,
    "best_train_ner_span_f1": 0.9757914338919926,
    "train_ner_precision": 0.9739292364990689,
    "train_ner_recall": 0.9775700934579439,
    "train_ner_span_f1": 0.9757462686567164,
    "best_dev_ner_precision": 0.8309859154929577,
    "best_dev_ner_recall": 0.8194444444444444,
    "best_dev_ner_span_f1": 0.8251748251748252,
    "dev_ner_precision": 0.8,
    "dev_ner_recall": 0.8333333333333334,
    "dev_ner_span_f1": 0.816326530612245
}