{
    "epoch": "2/20",
    "best_epoch": 1,
    "max_gpu_mem": "2.8484",
    "cur_ram": "2.4609",
    "time_epoch": "0:00:08",
    "time_total": "0:00:18",
    "best_train_ner_loss": 1060.3260271990741,
    "train_ner_loss": 410.647885216607,
    "best_train_sum": 0.0,
    "train_sum": 0.0,
    "best_dev_ner_loss": 940.4957929338727,
    "dev_ner_loss": 110.12723650251117,
    "best_dev_sum": 0.0,
    "dev_sum": 0.0,
    "best_train_ner_precision": 0.0,
    "best_train_ner_recall": 0.0,
    "best_train_ner_span_f1": 0.0,
    "train_ner_precision": 0.0,
    "train_ner_recall": 0.0,
    "train_ner_span_f1": 0.0,
    "best_dev_ner_precision": 0.0,
    "best_dev_ner_recall": 0.0,
    "best_dev_ner_span_f1": 0.0,
    "dev_ner_precision": 0.0,
    "dev_ner_recall": 0.0,
    "dev_ner_span_f1": 0.0
}