{
    "epoch": "6/20",
    "best_epoch": 6,
    "max_gpu_mem": "2.8702",
    "cur_ram": "2.4712",
    "time_epoch": "0:00:08",
    "time_total": "0:00:53",
    "best_train_ner_loss": 19.444662853523536,
    "train_ner_loss": 19.444662853523536,
    "best_train_sum": 0.7238805970149254,
    "train_sum": 0.7238805970149254,
    "best_dev_ner_loss": 20.655127934047155,
    "dev_ner_loss": 20.655127934047155,
    "best_dev_sum": 0.7605633802816902,
    "dev_sum": 0.7605633802816902,
    "best_train_ner_precision": 0.7225325884543762,
    "best_train_ner_recall": 0.7252336448598131,
    "best_train_ner_span_f1": 0.7238805970149254,
    "train_ner_precision": 0.7225325884543762,
    "train_ner_recall": 0.7252336448598131,
    "train_ner_span_f1": 0.7238805970149254,
    "best_dev_ner_precision": 0.7714285714285715,
    "best_dev_ner_recall": 0.75,
    "best_dev_ner_span_f1": 0.7605633802816902,
    "dev_ner_precision": 0.7714285714285715,
    "dev_ner_recall": 0.75,
    "dev_ner_span_f1": 0.7605633802816902
}