{
    "epoch": "10/20",
    "best_epoch": 8,
    "max_gpu_mem": "2.8702",
    "cur_ram": "2.4713",
    "time_epoch": "0:00:08",
    "time_total": "0:01:29",
    "best_train_ner_loss": 10.827444747642234,
    "train_ner_loss": 5.984342610394513,
    "best_train_sum": 0.8936170212765957,
    "train_sum": 0.8936170212765957,
    "best_dev_ner_loss": 16.6646728515625,
    "dev_ner_loss": 17.461426871163503,
    "best_dev_sum": 0.7862068965517242,
    "dev_sum": 0.7755102040816326,
    "best_train_ner_precision": 0.8427787934186471,
    "best_train_ner_recall": 0.8616822429906542,
    "best_train_ner_span_f1": 0.8521256931608133,
    "train_ner_precision": 0.8846153846153846,
    "train_ner_recall": 0.902803738317757,
    "train_ner_span_f1": 0.8936170212765957,
    "best_dev_ner_precision": 0.7808219178082192,
    "best_dev_ner_recall": 0.7916666666666666,
    "best_dev_ner_span_f1": 0.7862068965517242,
    "dev_ner_precision": 0.76,
    "dev_ner_recall": 0.7916666666666666,
    "dev_ner_span_f1": 0.7755102040816326
}