{
    "epoch": "7/20",
    "best_epoch": 7,
    "max_gpu_mem": "5.2529",
    "cur_ram": "2.4441",
    "time_epoch": "0:00:04",
    "time_total": "0:00:36",
    "best_train_ner_loss": 24.627452723185222,
    "train_ner_loss": 24.627452723185222,
    "best_train_sum": 0.9098712446351931,
    "train_sum": 0.9098712446351931,
    "best_dev_ner_loss": 27.460384368896484,
    "dev_ner_loss": 27.460384368896484,
    "best_dev_sum": 0.896774193548387,
    "dev_sum": 0.896774193548387,
    "best_train_ner_precision": 0.8967851099830795,
    "best_train_ner_recall": 0.9233449477351916,
    "best_train_ner_span_f1": 0.9098712446351931,
    "train_ner_precision": 0.8967851099830795,
    "train_ner_recall": 0.9233449477351916,
    "train_ner_span_f1": 0.9098712446351931,
    "best_dev_ner_precision": 0.86875,
    "best_dev_ner_recall": 0.9266666666666666,
    "best_dev_ner_span_f1": 0.896774193548387,
    "dev_ner_precision": 0.86875,
    "dev_ner_recall": 0.9266666666666666,
    "dev_ner_span_f1": 0.896774193548387
}