{
    "epoch": "2/20",
    "best_epoch": 1,
    "max_gpu_mem": "5.2529",
    "cur_ram": "2.4368",
    "time_epoch": "0:00:04",
    "time_total": "0:00:11",
    "best_train_ner_loss": 1044.5059000651042,
    "train_ner_loss": 904.0779205322266,
    "best_train_sum": 0.0037721614485099956,
    "train_sum": 0.0037721614485099956,
    "best_dev_ner_loss": 953.5497131347656,
    "dev_ner_loss": 509.7709426879883,
    "best_dev_sum": 0.0,
    "dev_sum": 0.0,
    "best_train_ner_precision": 0.0,
    "best_train_ner_recall": 0.0,
    "best_train_ner_span_f1": 0.0,
    "train_ner_precision": 0.00332667997338656,
    "train_ner_recall": 0.004355400696864111,
    "train_ner_span_f1": 0.0037721614485099956,
    "best_dev_ner_precision": 0.0,
    "best_dev_ner_recall": 0.0,
    "best_dev_ner_span_f1": 0.0,
    "dev_ner_precision": 0.0,
    "dev_ner_recall": 0.0,
    "dev_ner_span_f1": 0.0
}