{
    "epoch": "1/20",
    "best_epoch": 1,
    "max_gpu_mem": "1.7096",
    "cur_ram": "2.4247",
    "time_epoch": "0:00:02",
    "time_total": "0:00:05",
    "best_train_ner_loss": 1044.5059000651042,
    "train_ner_loss": 1044.5059000651042,
    "best_train_sum": 0.0,
    "train_sum": 0.0,
    "best_dev_ner_loss": 953.5497131347656,
    "dev_ner_loss": 953.5497131347656,
    "best_dev_sum": 0.0,
    "dev_sum": 0.0,
    "best_train_ner_precision": 0.0,
    "best_train_ner_recall": 0.0,
    "best_train_ner_span_f1": 0.0,
    "train_ner_precision": 0.0,
    "train_ner_recall": 0.0,
    "train_ner_span_f1": 0.0,
    "best_dev_ner_precision": 0.0,
    "best_dev_ner_recall": 0.0,
    "best_dev_ner_span_f1": 0.0,
    "dev_ner_precision": 0.0,
    "dev_ner_recall": 0.0,
    "dev_ner_span_f1": 0.0
}