{
    "epoch": "19/20",
    "best_epoch": 19,
    "max_gpu_mem": "5.2529",
    "cur_ram": "2.4490",
    "time_epoch": "0:00:04",
    "time_total": "0:01:32",
    "best_train_ner_loss": 1.5804939270019531,
    "train_ner_loss": 1.5804939270019531,
    "best_train_sum": 0.9969498910675382,
    "train_sum": 0.9969498910675382,
    "best_dev_ner_loss": 25.99072551727295,
    "dev_ner_loss": 25.99072551727295,
    "best_dev_sum": 0.9636963696369638,
    "dev_sum": 0.9636963696369638,
    "best_train_ner_precision": 0.997384481255449,
    "best_train_ner_recall": 0.9965156794425087,
    "best_train_ner_span_f1": 0.9969498910675382,
    "train_ner_precision": 0.997384481255449,
    "train_ner_recall": 0.9965156794425087,
    "train_ner_span_f1": 0.9969498910675382,
    "best_dev_ner_precision": 0.954248366013072,
    "best_dev_ner_recall": 0.9733333333333334,
    "best_dev_ner_span_f1": 0.9636963696369638,
    "dev_ner_precision": 0.954248366013072,
    "dev_ner_recall": 0.9733333333333334,
    "dev_ner_span_f1": 0.9636963696369638
}