{
    "epoch": "6/20",
    "best_epoch": 6,
    "max_gpu_mem": "5.2529",
    "cur_ram": "2.4441",
    "time_epoch": "0:00:04",
    "time_total": "0:00:30",
    "best_train_ner_loss": 42.907069238026935,
    "train_ner_loss": 42.907069238026935,
    "best_train_sum": 0.82920688208141,
    "train_sum": 0.82920688208141,
    "best_dev_ner_loss": 36.438453674316406,
    "dev_ner_loss": 36.438453674316406,
    "best_dev_sum": 0.888157894736842,
    "dev_sum": 0.888157894736842,
    "best_train_ner_precision": 0.8,
    "best_train_ner_recall": 0.8606271777003485,
    "best_train_ner_span_f1": 0.82920688208141,
    "train_ner_precision": 0.8,
    "train_ner_recall": 0.8606271777003485,
    "train_ner_span_f1": 0.82920688208141,
    "best_dev_ner_precision": 0.8766233766233766,
    "best_dev_ner_recall": 0.9,
    "best_dev_ner_span_f1": 0.888157894736842,
    "dev_ner_precision": 0.8766233766233766,
    "dev_ner_recall": 0.9,
    "dev_ner_span_f1": 0.888157894736842
}