{
    "epoch": "5/20",
    "best_epoch": 5,
    "max_gpu_mem": "5.2529",
    "cur_ram": "2.4436",
    "time_epoch": "0:00:04",
    "time_total": "0:00:25",
    "best_train_ner_loss": 80.58617674509684,
    "train_ner_loss": 80.58617674509684,
    "best_train_sum": 0.6263345195729538,
    "train_sum": 0.6263345195729538,
    "best_dev_ner_loss": 57.034281730651855,
    "dev_ner_loss": 57.034281730651855,
    "best_dev_sum": 0.725,
    "dev_sum": 0.725,
    "best_train_ner_precision": 0.5734974656046343,
    "best_train_ner_recall": 0.6898954703832753,
    "best_train_ner_span_f1": 0.6263345195729538,
    "train_ner_precision": 0.5734974656046343,
    "train_ner_recall": 0.6898954703832753,
    "train_ner_span_f1": 0.6263345195729538,
    "best_dev_ner_precision": 0.6823529411764706,
    "best_dev_ner_recall": 0.7733333333333333,
    "best_dev_ner_span_f1": 0.725,
    "dev_ner_precision": 0.6823529411764706,
    "dev_ner_recall": 0.7733333333333333,
    "dev_ner_span_f1": 0.725
}