{
    "epoch": "13/20",
    "best_epoch": 11,
    "max_gpu_mem": "5.2529",
    "cur_ram": "2.4489",
    "time_epoch": "0:00:04",
    "time_total": "0:01:06",
    "best_train_ner_loss": 6.3467809677124025,
    "train_ner_loss": 5.478042157491048,
    "best_train_sum": 0.9834638816362054,
    "train_sum": 0.9834638816362054,
    "best_dev_ner_loss": 22.981064796447754,
    "dev_ner_loss": 23.04536724090576,
    "best_dev_sum": 0.9570957095709571,
    "dev_sum": 0.9536423841059603,
    "best_train_ner_precision": 0.9818024263431543,
    "best_train_ner_recall": 0.9869337979094077,
    "best_train_ner_span_f1": 0.9843614248479583,
    "train_ner_precision": 0.9826086956521739,
    "train_ner_recall": 0.9843205574912892,
    "train_ner_span_f1": 0.9834638816362054,
    "best_dev_ner_precision": 0.9477124183006536,
    "best_dev_ner_recall": 0.9666666666666667,
    "best_dev_ner_span_f1": 0.9570957095709571,
    "dev_ner_precision": 0.9473684210526315,
    "dev_ner_recall": 0.96,
    "dev_ner_span_f1": 0.9536423841059603
}