{
    "epoch": "12/20",
    "best_epoch": 11,
    "max_gpu_mem": "5.2529",
    "cur_ram": "2.4489",
    "time_epoch": "0:00:04",
    "time_total": "0:01:02",
    "best_train_ner_loss": 6.3467809677124025,
    "train_ner_loss": 6.2373310089111325,
    "best_train_sum": 0.9834782608695651,
    "train_sum": 0.9834782608695651,
    "best_dev_ner_loss": 22.981064796447754,
    "dev_ner_loss": 25.9323091506958,
    "best_dev_sum": 0.9570957095709571,
    "dev_sum": 0.9504950495049505,
    "best_train_ner_precision": 0.9818024263431543,
    "best_train_ner_recall": 0.9869337979094077,
    "best_train_ner_span_f1": 0.9843614248479583,
    "train_ner_precision": 0.9817708333333334,
    "train_ner_recall": 0.985191637630662,
    "train_ner_span_f1": 0.9834782608695651,
    "best_dev_ner_precision": 0.9477124183006536,
    "best_dev_ner_recall": 0.9666666666666667,
    "best_dev_ner_span_f1": 0.9570957095709571,
    "dev_ner_precision": 0.9411764705882353,
    "dev_ner_recall": 0.96,
    "dev_ner_span_f1": 0.9504950495049505
}