{
    "epoch": "18/20",
    "best_epoch": 15,
    "max_gpu_mem": "5.2529",
    "cur_ram": "2.4490",
    "time_epoch": "0:00:04",
    "time_total": "0:01:28",
    "best_train_ner_loss": 2.6253889719645183,
    "train_ner_loss": 2.394594256083171,
    "best_train_sum": 0.9925990422289942,
    "train_sum": 0.9925990422289942,
    "best_dev_ner_loss": 25.31954860687256,
    "dev_ner_loss": 26.189576148986816,
    "best_dev_sum": 0.9634551495016612,
    "dev_sum": 0.9536423841059603,
    "best_train_ner_precision": 0.9887250650477016,
    "best_train_ner_recall": 0.9930313588850174,
    "best_train_ner_span_f1": 0.9908735332464146,
    "train_ner_precision": 0.9921671018276762,
    "train_ner_recall": 0.9930313588850174,
    "train_ner_span_f1": 0.9925990422289942,
    "best_dev_ner_precision": 0.9602649006622517,
    "best_dev_ner_recall": 0.9666666666666667,
    "best_dev_ner_span_f1": 0.9634551495016612,
    "dev_ner_precision": 0.9473684210526315,
    "dev_ner_recall": 0.96,
    "dev_ner_span_f1": 0.9536423841059603
}