{
  "best_metric": 86.1789,
  "best_model_checkpoint": "output/meta_2023-09-15-03-41-19822_hf_models_uie-base-en_spotasoc_entity_aquaint-old_multi_fold_9_e18_linear_lr1e-4_ls0_b16_wu0.06_n-1_RP_sn0.1_an0.1_run1/checkpoint-672",
  "epoch": 18.0,
  "global_step": 1512,
  "is_hyper_param_search": false,
  "is_local_process_zero": true,
  "is_world_process_zero": true,
  "log_history": [
    {
      "epoch": 1.0,
      "eval_asoc-F1": 0.0,
      "eval_asoc-P": 0.0,
      "eval_asoc-R": 0.0,
      "eval_asoc-gold": 0.0,
      "eval_asoc-pred": 0.0,
      "eval_asoc-tp": 0.0,
      "eval_gen_len": 4.6012,
      "eval_gold_tree": 62,
      "eval_loss": 0.1955721527338028,
      "eval_ordered-record-F1": 55.0459,
      "eval_ordered-record-P": 63.8298,
      "eval_ordered-record-R": 48.3871,
      "eval_ordered-record-gold": 62.0,
      "eval_ordered-record-pred": 47.0,
      "eval_ordered-record-tp": 30.0,
      "eval_overall-F1": 55.0459,
      "eval_pred_tree": 47,
      "eval_record-F1": 55.0459,
      "eval_record-P": 63.8298,
      "eval_record-R": 48.3871,
      "eval_record-gold": 62.0,
      "eval_record-pred": 47.0,
      "eval_record-tp": 30.0,
      "eval_runtime": 1.4691,
      "eval_samples_per_second": 114.354,
      "eval_spot-F1": 55.0459,
      "eval_spot-P": 63.8298,
      "eval_spot-R": 48.3871,
      "eval_spot-gold": 62.0,
      "eval_spot-pred": 47.0,
      "eval_spot-tp": 30.0,
      "eval_well-formed": 168,
      "step": 84
    },
    {
      "epoch": 2.0,
      "eval_asoc-F1": 0.0,
      "eval_asoc-P": 0.0,
      "eval_asoc-R": 0.0,
      "eval_asoc-gold": 0.0,
      "eval_asoc-pred": 0.0,
      "eval_asoc-tp": 0.0,
      "eval_gen_len": 5.1905,
      "eval_gold_tree": 62,
      "eval_loss": 0.11417059600353241,
      "eval_ordered-record-F1": 70.8661,
      "eval_ordered-record-P": 69.2308,
      "eval_ordered-record-R": 72.5806,
      "eval_ordered-record-gold": 62.0,
      "eval_ordered-record-pred": 65.0,
      "eval_ordered-record-tp": 45.0,
      "eval_overall-F1": 70.8661,
      "eval_pred_tree": 65,
      "eval_record-F1": 70.8661,
      "eval_record-P": 69.2308,
      "eval_record-R": 72.5806,
      "eval_record-gold": 62.0,
      "eval_record-pred": 65.0,
      "eval_record-tp": 45.0,
      "eval_runtime": 1.5339,
      "eval_samples_per_second": 109.525,
      "eval_spot-F1": 70.8661,
      "eval_spot-P": 69.2308,
      "eval_spot-R": 72.5806,
      "eval_spot-gold": 62.0,
      "eval_spot-pred": 65.0,
      "eval_spot-tp": 45.0,
      "eval_well-formed": 168,
      "step": 168
    },
    {
      "epoch": 3.0,
      "eval_asoc-F1": 0.0,
      "eval_asoc-P": 0.0,
      "eval_asoc-R": 0.0,
      "eval_asoc-gold": 0.0,
      "eval_asoc-pred": 0.0,
      "eval_asoc-tp": 0.0,
      "eval_gen_len": 5.381,
      "eval_gold_tree": 62,
      "eval_loss": 0.12778767943382263,
      "eval_ordered-record-F1": 77.2727,
      "eval_ordered-record-P": 72.8571,
      "eval_ordered-record-R": 82.2581,
      "eval_ordered-record-gold": 62.0,
      "eval_ordered-record-pred": 70.0,
      "eval_ordered-record-tp": 51.0,
      "eval_overall-F1": 77.2727,
      "eval_pred_tree": 71,
      "eval_record-F1": 77.2727,
      "eval_record-P": 72.8571,
      "eval_record-R": 82.2581,
      "eval_record-gold": 62.0,
      "eval_record-pred": 70.0,
      "eval_record-tp": 51.0,
      "eval_runtime": 1.5647,
      "eval_samples_per_second": 107.37,
      "eval_spot-F1": 77.2727,
      "eval_spot-P": 72.8571,
      "eval_spot-R": 82.2581,
      "eval_spot-gold": 62.0,
      "eval_spot-pred": 70.0,
      "eval_spot-tp": 51.0,
      "eval_well-formed": 168,
      "step": 252
    },
    {
      "epoch": 4.0,
      "eval_asoc-F1": 0.0,
      "eval_asoc-P": 0.0,
      "eval_asoc-R": 0.0,
      "eval_asoc-gold": 0.0,
      "eval_asoc-pred": 0.0,
      "eval_asoc-tp": 0.0,
      "eval_gen_len": 5.1726,
      "eval_gold_tree": 62,
      "eval_loss": 0.10965575277805328,
      "eval_ordered-record-F1": 77.7778,
      "eval_ordered-record-P": 76.5625,
      "eval_ordered-record-R": 79.0323,
      "eval_ordered-record-gold": 62.0,
      "eval_ordered-record-pred": 64.0,
      "eval_ordered-record-tp": 49.0,
      "eval_overall-F1": 77.7778,
      "eval_pred_tree": 64,
      "eval_record-F1": 77.7778,
      "eval_record-P": 76.5625,
      "eval_record-R": 79.0323,
      "eval_record-gold": 62.0,
      "eval_record-pred": 64.0,
      "eval_record-tp": 49.0,
      "eval_runtime": 1.522,
      "eval_samples_per_second": 110.38,
      "eval_spot-F1": 77.7778,
      "eval_spot-P": 76.5625,
      "eval_spot-R": 79.0323,
      "eval_spot-gold": 62.0,
      "eval_spot-pred": 64.0,
      "eval_spot-tp": 49.0,
      "eval_well-formed": 168,
      "step": 336
    },
    {
      "epoch": 5.0,
      "eval_asoc-F1": 0.0,
      "eval_asoc-P": 0.0,
      "eval_asoc-R": 0.0,
      "eval_asoc-gold": 0.0,
      "eval_asoc-pred": 0.0,
      "eval_asoc-tp": 0.0,
      "eval_gen_len": 5.0774,
      "eval_gold_tree": 62,
      "eval_loss": 0.10477034002542496,
      "eval_ordered-record-F1": 76.4228,
      "eval_ordered-record-P": 77.0492,
      "eval_ordered-record-R": 75.8065,
      "eval_ordered-record-gold": 62.0,
      "eval_ordered-record-pred": 61.0,
      "eval_ordered-record-tp": 47.0,
      "eval_overall-F1": 76.4228,
      "eval_pred_tree": 61,
      "eval_record-F1": 76.4228,
      "eval_record-P": 77.0492,
      "eval_record-R": 75.8065,
      "eval_record-gold": 62.0,
      "eval_record-pred": 61.0,
      "eval_record-tp": 47.0,
      "eval_runtime": 1.5553,
      "eval_samples_per_second": 108.014,
      "eval_spot-F1": 76.4228,
      "eval_spot-P": 77.0492,
      "eval_spot-R": 75.8065,
      "eval_spot-gold": 62.0,
      "eval_spot-pred": 61.0,
      "eval_spot-tp": 47.0,
      "eval_well-formed": 168,
      "step": 420
    },
    {
      "epoch": 5.95,
      "learning_rate": 7.121745249824068e-05,
      "loss": 0.2788,
      "step": 500
    },
    {
      "epoch": 6.0,
      "eval_asoc-F1": 0.0,
      "eval_asoc-P": 0.0,
      "eval_asoc-R": 0.0,
      "eval_asoc-gold": 0.0,
      "eval_asoc-pred": 0.0,
      "eval_asoc-tp": 0.0,
      "eval_gen_len": 5.2619,
      "eval_gold_tree": 62,
      "eval_loss": 0.11871179193258286,
      "eval_ordered-record-F1": 76.5625,
      "eval_ordered-record-P": 74.2424,
      "eval_ordered-record-R": 79.0323,
      "eval_ordered-record-gold": 62.0,
      "eval_ordered-record-pred": 66.0,
      "eval_ordered-record-tp": 49.0,
      "eval_overall-F1": 76.5625,
      "eval_pred_tree": 67,
      "eval_record-F1": 76.5625,
      "eval_record-P": 74.2424,
      "eval_record-R": 79.0323,
      "eval_record-gold": 62.0,
      "eval_record-pred": 66.0,
      "eval_record-tp": 49.0,
      "eval_runtime": 1.6952,
      "eval_samples_per_second": 99.105,
      "eval_spot-F1": 76.5625,
      "eval_spot-P": 74.2424,
      "eval_spot-R": 79.0323,
      "eval_spot-gold": 62.0,
      "eval_spot-pred": 66.0,
      "eval_spot-tp": 49.0,
      "eval_well-formed": 168,
      "step": 504
    },
    {
      "epoch": 7.0,
      "eval_asoc-F1": 0.0,
      "eval_asoc-P": 0.0,
      "eval_asoc-R": 0.0,
      "eval_asoc-gold": 0.0,
      "eval_asoc-pred": 0.0,
      "eval_asoc-tp": 0.0,
      "eval_gen_len": 5.1726,
      "eval_gold_tree": 62,
      "eval_loss": 0.14026039838790894,
      "eval_ordered-record-F1": 80.9524,
      "eval_ordered-record-P": 79.6875,
      "eval_ordered-record-R": 82.2581,
      "eval_ordered-record-gold": 62.0,
      "eval_ordered-record-pred": 64.0,
      "eval_ordered-record-tp": 51.0,
      "eval_overall-F1": 80.9524,
      "eval_pred_tree": 64,
      "eval_record-F1": 80.9524,
      "eval_record-P": 79.6875,
      "eval_record-R": 82.2581,
      "eval_record-gold": 62.0,
      "eval_record-pred": 64.0,
      "eval_record-tp": 51.0,
      "eval_runtime": 1.404,
      "eval_samples_per_second": 119.66,
      "eval_spot-F1": 80.9524,
      "eval_spot-P": 79.6875,
      "eval_spot-R": 82.2581,
      "eval_spot-gold": 62.0,
      "eval_spot-pred": 64.0,
      "eval_spot-tp": 51.0,
      "eval_well-formed": 168,
      "step": 588
    },
    {
      "epoch": 8.0,
      "eval_asoc-F1": 0.0,
      "eval_asoc-P": 0.0,
      "eval_asoc-R": 0.0,
      "eval_asoc-gold": 0.0,
      "eval_asoc-pred": 0.0,
      "eval_asoc-tp": 0.0,
      "eval_gen_len": 5.0952,
      "eval_gold_tree": 62,
      "eval_loss": 0.12940919399261475,
      "eval_ordered-record-F1": 86.1789,
      "eval_ordered-record-P": 86.8852,
      "eval_ordered-record-R": 85.4839,
      "eval_ordered-record-gold": 62.0,
      "eval_ordered-record-pred": 61.0,
      "eval_ordered-record-tp": 53.0,
      "eval_overall-F1": 86.1789,
      "eval_pred_tree": 61,
      "eval_record-F1": 86.1789,
      "eval_record-P": 86.8852,
      "eval_record-R": 85.4839,
      "eval_record-gold": 62.0,
      "eval_record-pred": 61.0,
      "eval_record-tp": 53.0,
      "eval_runtime": 0.9301,
      "eval_samples_per_second": 180.631,
      "eval_spot-F1": 86.1789,
      "eval_spot-P": 86.8852,
      "eval_spot-R": 85.4839,
      "eval_spot-gold": 62.0,
      "eval_spot-pred": 61.0,
      "eval_spot-tp": 53.0,
      "eval_well-formed": 168,
      "step": 672
    },
    {
      "epoch": 9.0,
      "eval_asoc-F1": 0.0,
      "eval_asoc-P": 0.0,
      "eval_asoc-R": 0.0,
      "eval_asoc-gold": 0.0,
      "eval_asoc-pred": 0.0,
      "eval_asoc-tp": 0.0,
      "eval_gen_len": 5.119,
      "eval_gold_tree": 62,
      "eval_loss": 0.14583326876163483,
      "eval_ordered-record-F1": 83.871,
      "eval_ordered-record-P": 83.871,
      "eval_ordered-record-R": 83.871,
      "eval_ordered-record-gold": 62.0,
      "eval_ordered-record-pred": 62.0,
      "eval_ordered-record-tp": 52.0,
      "eval_overall-F1": 83.871,
      "eval_pred_tree": 62,
      "eval_record-F1": 83.871,
      "eval_record-P": 83.871,
      "eval_record-R": 83.871,
      "eval_record-gold": 62.0,
      "eval_record-pred": 62.0,
      "eval_record-tp": 52.0,
      "eval_runtime": 0.9346,
      "eval_samples_per_second": 179.748,
      "eval_spot-F1": 83.871,
      "eval_spot-P": 83.871,
      "eval_spot-R": 83.871,
      "eval_spot-gold": 62.0,
      "eval_spot-pred": 62.0,
      "eval_spot-tp": 52.0,
      "eval_well-formed": 168,
      "step": 756
    },
    {
      "epoch": 10.0,
      "eval_asoc-F1": 0.0,
      "eval_asoc-P": 0.0,
      "eval_asoc-R": 0.0,
      "eval_asoc-gold": 0.0,
      "eval_asoc-pred": 0.0,
      "eval_asoc-tp": 0.0,
      "eval_gen_len": 5.1369,
      "eval_gold_tree": 62,
      "eval_loss": 0.149558886885643,
      "eval_ordered-record-F1": 84.8,
      "eval_ordered-record-P": 84.127,
      "eval_ordered-record-R": 85.4839,
      "eval_ordered-record-gold": 62.0,
      "eval_ordered-record-pred": 63.0,
      "eval_ordered-record-tp": 53.0,
      "eval_overall-F1": 84.8,
      "eval_pred_tree": 63,
      "eval_record-F1": 84.8,
      "eval_record-P": 84.127,
      "eval_record-R": 85.4839,
      "eval_record-gold": 62.0,
      "eval_record-pred": 63.0,
      "eval_record-tp": 53.0,
      "eval_runtime": 0.9264,
      "eval_samples_per_second": 181.357,
      "eval_spot-F1": 84.8,
      "eval_spot-P": 84.127,
      "eval_spot-R": 85.4839,
      "eval_spot-gold": 62.0,
      "eval_spot-pred": 63.0,
      "eval_spot-tp": 53.0,
      "eval_well-formed": 168,
      "step": 840
    },
    {
      "epoch": 11.0,
      "eval_asoc-F1": 0.0,
      "eval_asoc-P": 0.0,
      "eval_asoc-R": 0.0,
      "eval_asoc-gold": 0.0,
      "eval_asoc-pred": 0.0,
      "eval_asoc-tp": 0.0,
      "eval_gen_len": 5.1667,
      "eval_gold_tree": 62,
      "eval_loss": 0.1730385571718216,
      "eval_ordered-record-F1": 85.7143,
      "eval_ordered-record-P": 84.375,
      "eval_ordered-record-R": 87.0968,
      "eval_ordered-record-gold": 62.0,
      "eval_ordered-record-pred": 64.0,
      "eval_ordered-record-tp": 54.0,
      "eval_overall-F1": 85.7143,
      "eval_pred_tree": 64,
      "eval_record-F1": 85.7143,
      "eval_record-P": 84.375,
      "eval_record-R": 87.0968,
      "eval_record-gold": 62.0,
      "eval_record-pred": 64.0,
      "eval_record-tp": 54.0,
      "eval_runtime": 1.62,
      "eval_samples_per_second": 103.706,
      "eval_spot-F1": 85.7143,
      "eval_spot-P": 84.375,
      "eval_spot-R": 87.0968,
      "eval_spot-gold": 62.0,
      "eval_spot-pred": 64.0,
      "eval_spot-tp": 54.0,
      "eval_well-formed": 168,
      "step": 924
    },
    {
      "epoch": 11.9,
      "learning_rate": 3.603096410978184e-05,
      "loss": 0.0604,
      "step": 1000
    },
    {
      "epoch": 12.0,
      "eval_asoc-F1": 0.0,
      "eval_asoc-P": 0.0,
      "eval_asoc-R": 0.0,
      "eval_asoc-gold": 0.0,
      "eval_asoc-pred": 0.0,
      "eval_asoc-tp": 0.0,
      "eval_gen_len": 5.0714,
      "eval_gold_tree": 62,
      "eval_loss": 0.1800857037305832,
      "eval_ordered-record-F1": 82.9268,
      "eval_ordered-record-P": 83.6066,
      "eval_ordered-record-R": 82.2581,
      "eval_ordered-record-gold": 62.0,
      "eval_ordered-record-pred": 61.0,
      "eval_ordered-record-tp": 51.0,
      "eval_overall-F1": 82.9268,
      "eval_pred_tree": 61,
      "eval_record-F1": 82.9268,
      "eval_record-P": 83.6066,
      "eval_record-R": 82.2581,
      "eval_record-gold": 62.0,
      "eval_record-pred": 61.0,
      "eval_record-tp": 51.0,
      "eval_runtime": 1.5094,
      "eval_samples_per_second": 111.302,
      "eval_spot-F1": 82.9268,
      "eval_spot-P": 83.6066,
      "eval_spot-R": 82.2581,
      "eval_spot-gold": 62.0,
      "eval_spot-pred": 61.0,
      "eval_spot-tp": 51.0,
      "eval_well-formed": 168,
      "step": 1008
    },
    {
      "epoch": 13.0,
      "eval_asoc-F1": 0.0,
      "eval_asoc-P": 0.0,
      "eval_asoc-R": 0.0,
      "eval_asoc-gold": 0.0,
      "eval_asoc-pred": 0.0,
      "eval_asoc-tp": 0.0,
      "eval_gen_len": 5.0655,
      "eval_gold_tree": 62,
      "eval_loss": 0.18745608627796173,
      "eval_ordered-record-F1": 81.3008,
      "eval_ordered-record-P": 81.9672,
      "eval_ordered-record-R": 80.6452,
      "eval_ordered-record-gold": 62.0,
      "eval_ordered-record-pred": 61.0,
      "eval_ordered-record-tp": 50.0,
      "eval_overall-F1": 81.3008,
      "eval_pred_tree": 61,
      "eval_record-F1": 81.3008,
      "eval_record-P": 81.9672,
      "eval_record-R": 80.6452,
      "eval_record-gold": 62.0,
      "eval_record-pred": 61.0,
      "eval_record-tp": 50.0,
      "eval_runtime": 1.5152,
      "eval_samples_per_second": 110.879,
      "eval_spot-F1": 81.3008,
      "eval_spot-P": 81.9672,
      "eval_spot-R": 80.6452,
      "eval_spot-gold": 62.0,
      "eval_spot-pred": 61.0,
      "eval_spot-tp": 50.0,
      "eval_well-formed": 168,
      "step": 1092
    },
    {
      "epoch": 14.0,
      "eval_asoc-F1": 0.0,
      "eval_asoc-P": 0.0,
      "eval_asoc-R": 0.0,
      "eval_asoc-gold": 0.0,
      "eval_asoc-pred": 0.0,
      "eval_asoc-tp": 0.0,
      "eval_gen_len": 5.0714,
      "eval_gold_tree": 62,
      "eval_loss": 0.18138299882411957,
      "eval_ordered-record-F1": 81.3008,
      "eval_ordered-record-P": 81.9672,
      "eval_ordered-record-R": 80.6452,
      "eval_ordered-record-gold": 62.0,
      "eval_ordered-record-pred": 61.0,
      "eval_ordered-record-tp": 50.0,
      "eval_overall-F1": 81.3008,
      "eval_pred_tree": 61,
      "eval_record-F1": 81.3008,
      "eval_record-P": 81.9672,
      "eval_record-R": 80.6452,
      "eval_record-gold": 62.0,
      "eval_record-pred": 61.0,
      "eval_record-tp": 50.0,
      "eval_runtime": 1.2172,
      "eval_samples_per_second": 138.02,
      "eval_spot-F1": 81.3008,
      "eval_spot-P": 81.9672,
      "eval_spot-R": 80.6452,
      "eval_spot-gold": 62.0,
      "eval_spot-pred": 61.0,
      "eval_spot-tp": 50.0,
      "eval_well-formed": 168,
      "step": 1176
    },
    {
      "epoch": 15.0,
      "eval_asoc-F1": 0.0,
      "eval_asoc-P": 0.0,
      "eval_asoc-R": 0.0,
      "eval_asoc-gold": 0.0,
      "eval_asoc-pred": 0.0,
      "eval_asoc-tp": 0.0,
      "eval_gen_len": 5.2202,
      "eval_gold_tree": 62,
      "eval_loss": 0.20154181122779846,
      "eval_ordered-record-F1": 83.2,
      "eval_ordered-record-P": 82.5397,
      "eval_ordered-record-R": 83.871,
      "eval_ordered-record-gold": 62.0,
      "eval_ordered-record-pred": 63.0,
      "eval_ordered-record-tp": 52.0,
      "eval_overall-F1": 83.2,
      "eval_pred_tree": 65,
      "eval_record-F1": 83.2,
      "eval_record-P": 82.5397,
      "eval_record-R": 83.871,
      "eval_record-gold": 62.0,
      "eval_record-pred": 63.0,
      "eval_record-tp": 52.0,
      "eval_runtime": 1.6036,
      "eval_samples_per_second": 104.762,
      "eval_spot-F1": 83.2,
      "eval_spot-P": 82.5397,
      "eval_spot-R": 83.871,
      "eval_spot-gold": 62.0,
      "eval_spot-pred": 63.0,
      "eval_spot-tp": 52.0,
      "eval_well-formed": 168,
      "step": 1260
    },
    {
      "epoch": 16.0,
      "eval_asoc-F1": 0.0,
      "eval_asoc-P": 0.0,
      "eval_asoc-R": 0.0,
      "eval_asoc-gold": 0.0,
      "eval_asoc-pred": 0.0,
      "eval_asoc-tp": 0.0,
      "eval_gen_len": 5.1012,
      "eval_gold_tree": 62,
      "eval_loss": 0.19761177897453308,
      "eval_ordered-record-F1": 83.871,
      "eval_ordered-record-P": 83.871,
      "eval_ordered-record-R": 83.871,
      "eval_ordered-record-gold": 62.0,
      "eval_ordered-record-pred": 62.0,
      "eval_ordered-record-tp": 52.0,
      "eval_overall-F1": 83.871,
      "eval_pred_tree": 62,
      "eval_record-F1": 83.871,
      "eval_record-P": 83.871,
      "eval_record-R": 83.871,
      "eval_record-gold": 62.0,
      "eval_record-pred": 62.0,
      "eval_record-tp": 52.0,
      "eval_runtime": 1.5119,
      "eval_samples_per_second": 111.121,
      "eval_spot-F1": 83.871,
      "eval_spot-P": 83.871,
      "eval_spot-R": 83.871,
      "eval_spot-gold": 62.0,
      "eval_spot-pred": 62.0,
      "eval_spot-tp": 52.0,
      "eval_well-formed": 168,
      "step": 1344
    },
    {
      "epoch": 17.0,
      "eval_asoc-F1": 0.0,
      "eval_asoc-P": 0.0,
      "eval_asoc-R": 0.0,
      "eval_asoc-gold": 0.0,
      "eval_asoc-pred": 0.0,
      "eval_asoc-tp": 0.0,
      "eval_gen_len": 5.1131,
      "eval_gold_tree": 62,
      "eval_loss": 0.20162150263786316,
      "eval_ordered-record-F1": 82.2581,
      "eval_ordered-record-P": 82.2581,
      "eval_ordered-record-R": 82.2581,
      "eval_ordered-record-gold": 62.0,
      "eval_ordered-record-pred": 62.0,
      "eval_ordered-record-tp": 51.0,
      "eval_overall-F1": 82.2581,
      "eval_pred_tree": 62,
      "eval_record-F1": 82.2581,
      "eval_record-P": 82.2581,
      "eval_record-R": 82.2581,
      "eval_record-gold": 62.0,
      "eval_record-pred": 62.0,
      "eval_record-tp": 51.0,
      "eval_runtime": 1.512,
      "eval_samples_per_second": 111.109,
      "eval_spot-F1": 82.2581,
      "eval_spot-P": 82.2581,
      "eval_spot-R": 82.2581,
      "eval_spot-gold": 62.0,
      "eval_spot-pred": 62.0,
      "eval_spot-tp": 51.0,
      "eval_well-formed": 168,
      "step": 1428
    },
    {
      "epoch": 17.86,
      "learning_rate": 8.44475721323012e-07,
      "loss": 0.0462,
      "step": 1500
    },
    {
      "epoch": 18.0,
      "eval_asoc-F1": 0.0,
      "eval_asoc-P": 0.0,
      "eval_asoc-R": 0.0,
      "eval_asoc-gold": 0.0,
      "eval_asoc-pred": 0.0,
      "eval_asoc-tp": 0.0,
      "eval_gen_len": 5.1131,
      "eval_gold_tree": 62,
      "eval_loss": 0.20044530928134918,
      "eval_ordered-record-F1": 82.2581,
      "eval_ordered-record-P": 82.2581,
      "eval_ordered-record-R": 82.2581,
      "eval_ordered-record-gold": 62.0,
      "eval_ordered-record-pred": 62.0,
      "eval_ordered-record-tp": 51.0,
      "eval_overall-F1": 82.2581,
      "eval_pred_tree": 62,
      "eval_record-F1": 82.2581,
      "eval_record-P": 82.2581,
      "eval_record-R": 82.2581,
      "eval_record-gold": 62.0,
      "eval_record-pred": 62.0,
      "eval_record-tp": 51.0,
      "eval_runtime": 1.5205,
      "eval_samples_per_second": 110.491,
      "eval_spot-F1": 82.2581,
      "eval_spot-P": 82.2581,
      "eval_spot-R": 82.2581,
      "eval_spot-gold": 62.0,
      "eval_spot-pred": 62.0,
      "eval_spot-tp": 51.0,
      "eval_well-formed": 168,
      "step": 1512
    }
  ],
  "max_steps": 1512,
  "num_train_epochs": 18,
  "total_flos": 185392039956480.0,
  "trial_name": null,
  "trial_params": null
}
