{
    "epoch": "10/20",
    "best_epoch": 10,
    "max_gpu_mem": "11.0770",
    "cur_ram": "2.8195",
    "time_epoch": "0:00:22",
    "time_total": "0:03:19",
    "best_train_ner_loss": 4.8249043711909545,
    "train_ner_loss": 4.8249043711909545,
    "best_train_sum": 0.9135135135135135,
    "train_sum": 0.9135135135135135,
    "best_dev_ner_loss": 22.376475197928293,
    "dev_ner_loss": 22.376475197928293,
    "best_dev_sum": 0.8135593220338982,
    "dev_sum": 0.8135593220338982,
    "best_train_ner_precision": 0.9037433155080213,
    "best_train_ner_recall": 0.9234972677595629,
    "best_train_ner_span_f1": 0.9135135135135135,
    "train_ner_precision": 0.9037433155080213,
    "train_ner_recall": 0.9234972677595629,
    "train_ner_span_f1": 0.9135135135135135,
    "best_dev_ner_precision": 0.8,
    "best_dev_ner_recall": 0.8275862068965517,
    "best_dev_ner_span_f1": 0.8135593220338982,
    "dev_ner_precision": 0.8,
    "dev_ner_recall": 0.8275862068965517,
    "dev_ner_span_f1": 0.8135593220338982
}