{
    "epoch": "2/20",
    "best_epoch": 1,
    "max_gpu_mem": "11.0747",
    "cur_ram": "2.8186",
    "time_epoch": "0:00:18",
    "time_total": "0:00:32",
    "best_train_ner_loss": 1455.8780314127605,
    "train_ner_loss": 529.3236323815805,
    "best_train_sum": 0.0008517887563884157,
    "train_sum": 0.0008517887563884157,
    "best_dev_ner_loss": 1314.5462820870537,
    "dev_ner_loss": 76.41618864876884,
    "best_dev_sum": 0.0,
    "dev_sum": 0.0,
    "best_train_ner_precision": 0.00014736655958030005,
    "best_train_ner_recall": 0.009107468123861567,
    "best_train_ner_span_f1": 0.0002900400255235223,
    "train_ner_precision": 0.00045233518036865317,
    "train_ner_recall": 0.007285974499089253,
    "train_ner_span_f1": 0.0008517887563884157,
    "best_dev_ner_precision": 0.0,
    "best_dev_ner_recall": 0.0,
    "best_dev_ner_span_f1": 0.0,
    "dev_ner_precision": 0.0,
    "dev_ner_recall": 0.0,
    "dev_ner_span_f1": 0.0
}