{
    "epoch": "11/20",
    "best_epoch": 10,
    "max_gpu_mem": "11.0770",
    "cur_ram": "2.8197",
    "time_epoch": "0:00:22",
    "time_total": "0:03:43",
    "best_train_ner_loss": 4.8249043711909545,
    "train_ner_loss": 4.741746196040401,
    "best_train_sum": 0.9200359389038634,
    "train_sum": 0.9200359389038634,
    "best_dev_ner_loss": 22.376475197928293,
    "dev_ner_loss": 17.629332951137,
    "best_dev_sum": 0.8135593220338982,
    "dev_sum": 0.7479674796747967,
    "best_train_ner_precision": 0.9037433155080213,
    "best_train_ner_recall": 0.9234972677595629,
    "best_train_ner_span_f1": 0.9135135135135135,
    "train_ner_precision": 0.9078014184397163,
    "train_ner_recall": 0.9326047358834244,
    "train_ner_span_f1": 0.9200359389038634,
    "best_dev_ner_precision": 0.8,
    "best_dev_ner_recall": 0.8275862068965517,
    "best_dev_ner_span_f1": 0.8135593220338982,
    "dev_ner_precision": 0.7076923076923077,
    "dev_ner_recall": 0.7931034482758621,
    "dev_ner_span_f1": 0.7479674796747967
}