{
    "epoch": "15/20",
    "best_epoch": 15,
    "max_gpu_mem": "11.0771",
    "cur_ram": "2.8199",
    "time_epoch": "0:00:22",
    "time_total": "0:05:15",
    "best_train_ner_loss": 1.728171737105758,
    "train_ner_loss": 1.728171737105758,
    "best_train_sum": 0.9790718835304824,
    "train_sum": 0.9790718835304824,
    "best_dev_ner_loss": 16.193780626569474,
    "dev_ner_loss": 16.193780626569474,
    "best_dev_sum": 0.847457627118644,
    "dev_sum": 0.847457627118644,
    "best_train_ner_precision": 0.9781818181818182,
    "best_train_ner_recall": 0.9799635701275046,
    "best_train_ner_span_f1": 0.9790718835304824,
    "train_ner_precision": 0.9781818181818182,
    "train_ner_recall": 0.9799635701275046,
    "train_ner_span_f1": 0.9790718835304824,
    "best_dev_ner_precision": 0.8333333333333334,
    "best_dev_ner_recall": 0.8620689655172413,
    "best_dev_ner_span_f1": 0.847457627118644,
    "dev_ner_precision": 0.8333333333333334,
    "dev_ner_recall": 0.8620689655172413,
    "dev_ner_span_f1": 0.847457627118644
}