{
    "epoch": "1/20",
    "best_epoch": 1,
    "max_gpu_mem": "4.3484",
    "cur_ram": "2.8000",
    "time_epoch": "0:00:08",
    "time_total": "0:00:12",
    "best_train_ner_loss": 1455.8780314127605,
    "train_ner_loss": 1455.8780314127605,
    "best_train_sum": 0.0002900400255235223,
    "train_sum": 0.0002900400255235223,
    "best_dev_ner_loss": 1314.5462820870537,
    "dev_ner_loss": 1314.5462820870537,
    "best_dev_sum": 0.0,
    "dev_sum": 0.0,
    "best_train_ner_precision": 0.00014736655958030005,
    "best_train_ner_recall": 0.009107468123861567,
    "best_train_ner_span_f1": 0.0002900400255235223,
    "train_ner_precision": 0.00014736655958030005,
    "train_ner_recall": 0.009107468123861567,
    "train_ner_span_f1": 0.0002900400255235223,
    "best_dev_ner_precision": 0.0,
    "best_dev_ner_recall": 0.0,
    "best_dev_ner_span_f1": 0.0,
    "dev_ner_precision": 0.0,
    "dev_ner_recall": 0.0,
    "dev_ner_span_f1": 0.0
}