{
  "best_metric": 81.5385,
  "best_model_checkpoint": "output/meta_2023-09-15-02-44-21262_hf_models_uie-base-en_spotasoc_entity_aquaint-old_multi_fold_1_e18_linear_lr1e-4_ls0_b16_wu0.06_n-1_RP_sn0.1_an0.1_run1/checkpoint-1176",
  "epoch": 18.0,
  "global_step": 1512,
  "is_hyper_param_search": false,
  "is_local_process_zero": true,
  "is_world_process_zero": true,
  "log_history": [
    {
      "epoch": 1.0,
      "eval_asoc-F1": 0.0,
      "eval_asoc-P": 0.0,
      "eval_asoc-R": 0.0,
      "eval_asoc-gold": 0.0,
      "eval_asoc-pred": 0.0,
      "eval_asoc-tp": 0.0,
      "eval_gen_len": 4.8563,
      "eval_gold_tree": 62,
      "eval_loss": 0.21501347422599792,
      "eval_ordered-record-F1": 61.0169,
      "eval_ordered-record-P": 64.2857,
      "eval_ordered-record-R": 58.0645,
      "eval_ordered-record-gold": 62.0,
      "eval_ordered-record-pred": 56.0,
      "eval_ordered-record-tp": 36.0,
      "eval_overall-F1": 61.0169,
      "eval_pred_tree": 56,
      "eval_record-F1": 61.0169,
      "eval_record-P": 64.2857,
      "eval_record-R": 58.0645,
      "eval_record-gold": 62.0,
      "eval_record-pred": 56.0,
      "eval_record-tp": 36.0,
      "eval_runtime": 1.4571,
      "eval_samples_per_second": 114.611,
      "eval_spot-F1": 61.0169,
      "eval_spot-P": 64.2857,
      "eval_spot-R": 58.0645,
      "eval_spot-gold": 62.0,
      "eval_spot-pred": 56.0,
      "eval_spot-tp": 36.0,
      "eval_well-formed": 167,
      "step": 84
    },
    {
      "epoch": 2.0,
      "eval_asoc-F1": 0.0,
      "eval_asoc-P": 0.0,
      "eval_asoc-R": 0.0,
      "eval_asoc-gold": 0.0,
      "eval_asoc-pred": 0.0,
      "eval_asoc-tp": 0.0,
      "eval_gen_len": 5.1138,
      "eval_gold_tree": 62,
      "eval_loss": 0.14659778773784637,
      "eval_ordered-record-F1": 70.4,
      "eval_ordered-record-P": 69.8413,
      "eval_ordered-record-R": 70.9677,
      "eval_ordered-record-gold": 62.0,
      "eval_ordered-record-pred": 63.0,
      "eval_ordered-record-tp": 44.0,
      "eval_overall-F1": 70.4,
      "eval_pred_tree": 63,
      "eval_record-F1": 70.4,
      "eval_record-P": 69.8413,
      "eval_record-R": 70.9677,
      "eval_record-gold": 62.0,
      "eval_record-pred": 63.0,
      "eval_record-tp": 44.0,
      "eval_runtime": 1.4115,
      "eval_samples_per_second": 118.315,
      "eval_spot-F1": 70.4,
      "eval_spot-P": 69.8413,
      "eval_spot-R": 70.9677,
      "eval_spot-gold": 62.0,
      "eval_spot-pred": 63.0,
      "eval_spot-tp": 44.0,
      "eval_well-formed": 167,
      "step": 168
    },
    {
      "epoch": 3.0,
      "eval_asoc-F1": 0.0,
      "eval_asoc-P": 0.0,
      "eval_asoc-R": 0.0,
      "eval_asoc-gold": 0.0,
      "eval_asoc-pred": 0.0,
      "eval_asoc-tp": 0.0,
      "eval_gen_len": 5.515,
      "eval_gold_tree": 62,
      "eval_loss": 0.1675410270690918,
      "eval_ordered-record-F1": 72.5926,
      "eval_ordered-record-P": 67.1233,
      "eval_ordered-record-R": 79.0323,
      "eval_ordered-record-gold": 62.0,
      "eval_ordered-record-pred": 73.0,
      "eval_ordered-record-tp": 49.0,
      "eval_overall-F1": 72.5926,
      "eval_pred_tree": 73,
      "eval_record-F1": 72.5926,
      "eval_record-P": 67.1233,
      "eval_record-R": 79.0323,
      "eval_record-gold": 62.0,
      "eval_record-pred": 73.0,
      "eval_record-tp": 49.0,
      "eval_runtime": 1.5045,
      "eval_samples_per_second": 110.997,
      "eval_spot-F1": 72.5926,
      "eval_spot-P": 67.1233,
      "eval_spot-R": 79.0323,
      "eval_spot-gold": 62.0,
      "eval_spot-pred": 73.0,
      "eval_spot-tp": 49.0,
      "eval_well-formed": 167,
      "step": 252
    },
    {
      "epoch": 4.0,
      "eval_asoc-F1": 0.0,
      "eval_asoc-P": 0.0,
      "eval_asoc-R": 0.0,
      "eval_asoc-gold": 0.0,
      "eval_asoc-pred": 0.0,
      "eval_asoc-tp": 0.0,
      "eval_gen_len": 5.3713,
      "eval_gold_tree": 62,
      "eval_loss": 0.1420489251613617,
      "eval_ordered-record-F1": 74.2424,
      "eval_ordered-record-P": 70.0,
      "eval_ordered-record-R": 79.0323,
      "eval_ordered-record-gold": 62.0,
      "eval_ordered-record-pred": 70.0,
      "eval_ordered-record-tp": 49.0,
      "eval_overall-F1": 74.2424,
      "eval_pred_tree": 70,
      "eval_record-F1": 74.2424,
      "eval_record-P": 70.0,
      "eval_record-R": 79.0323,
      "eval_record-gold": 62.0,
      "eval_record-pred": 70.0,
      "eval_record-tp": 49.0,
      "eval_runtime": 1.4525,
      "eval_samples_per_second": 114.972,
      "eval_spot-F1": 74.2424,
      "eval_spot-P": 70.0,
      "eval_spot-R": 79.0323,
      "eval_spot-gold": 62.0,
      "eval_spot-pred": 70.0,
      "eval_spot-tp": 49.0,
      "eval_well-formed": 167,
      "step": 336
    },
    {
      "epoch": 5.0,
      "eval_asoc-F1": 0.0,
      "eval_asoc-P": 0.0,
      "eval_asoc-R": 0.0,
      "eval_asoc-gold": 0.0,
      "eval_asoc-pred": 0.0,
      "eval_asoc-tp": 0.0,
      "eval_gen_len": 5.2036,
      "eval_gold_tree": 62,
      "eval_loss": 0.1381942331790924,
      "eval_ordered-record-F1": 71.875,
      "eval_ordered-record-P": 69.697,
      "eval_ordered-record-R": 74.1935,
      "eval_ordered-record-gold": 62.0,
      "eval_ordered-record-pred": 66.0,
      "eval_ordered-record-tp": 46.0,
      "eval_overall-F1": 71.875,
      "eval_pred_tree": 66,
      "eval_record-F1": 71.875,
      "eval_record-P": 69.697,
      "eval_record-R": 74.1935,
      "eval_record-gold": 62.0,
      "eval_record-pred": 66.0,
      "eval_record-tp": 46.0,
      "eval_runtime": 1.5342,
      "eval_samples_per_second": 108.849,
      "eval_spot-F1": 71.875,
      "eval_spot-P": 69.697,
      "eval_spot-R": 74.1935,
      "eval_spot-gold": 62.0,
      "eval_spot-pred": 66.0,
      "eval_spot-tp": 46.0,
      "eval_well-formed": 167,
      "step": 420
    },
    {
      "epoch": 5.95,
      "learning_rate": 7.121745249824068e-05,
      "loss": 0.2816,
      "step": 500
    },
    {
      "epoch": 6.0,
      "eval_asoc-F1": 0.0,
      "eval_asoc-P": 0.0,
      "eval_asoc-R": 0.0,
      "eval_asoc-gold": 0.0,
      "eval_asoc-pred": 0.0,
      "eval_asoc-tp": 0.0,
      "eval_gen_len": 5.2635,
      "eval_gold_tree": 62,
      "eval_loss": 0.12903720140457153,
      "eval_ordered-record-F1": 77.5194,
      "eval_ordered-record-P": 74.6269,
      "eval_ordered-record-R": 80.6452,
      "eval_ordered-record-gold": 62.0,
      "eval_ordered-record-pred": 67.0,
      "eval_ordered-record-tp": 50.0,
      "eval_overall-F1": 77.5194,
      "eval_pred_tree": 67,
      "eval_record-F1": 77.5194,
      "eval_record-P": 74.6269,
      "eval_record-R": 80.6452,
      "eval_record-gold": 62.0,
      "eval_record-pred": 67.0,
      "eval_record-tp": 50.0,
      "eval_runtime": 1.5195,
      "eval_samples_per_second": 109.902,
      "eval_spot-F1": 77.5194,
      "eval_spot-P": 74.6269,
      "eval_spot-R": 80.6452,
      "eval_spot-gold": 62.0,
      "eval_spot-pred": 67.0,
      "eval_spot-tp": 50.0,
      "eval_well-formed": 167,
      "step": 504
    },
    {
      "epoch": 7.0,
      "eval_asoc-F1": 0.0,
      "eval_asoc-P": 0.0,
      "eval_asoc-R": 0.0,
      "eval_asoc-gold": 0.0,
      "eval_asoc-pred": 0.0,
      "eval_asoc-tp": 0.0,
      "eval_gen_len": 5.3353,
      "eval_gold_tree": 62,
      "eval_loss": 0.17376303672790527,
      "eval_ordered-record-F1": 74.8092,
      "eval_ordered-record-P": 71.0145,
      "eval_ordered-record-R": 79.0323,
      "eval_ordered-record-gold": 62.0,
      "eval_ordered-record-pred": 69.0,
      "eval_ordered-record-tp": 49.0,
      "eval_overall-F1": 74.8092,
      "eval_pred_tree": 69,
      "eval_record-F1": 74.8092,
      "eval_record-P": 71.0145,
      "eval_record-R": 79.0323,
      "eval_record-gold": 62.0,
      "eval_record-pred": 69.0,
      "eval_record-tp": 49.0,
      "eval_runtime": 1.4603,
      "eval_samples_per_second": 114.357,
      "eval_spot-F1": 74.8092,
      "eval_spot-P": 71.0145,
      "eval_spot-R": 79.0323,
      "eval_spot-gold": 62.0,
      "eval_spot-pred": 69.0,
      "eval_spot-tp": 49.0,
      "eval_well-formed": 167,
      "step": 588
    },
    {
      "epoch": 8.0,
      "eval_asoc-F1": 0.0,
      "eval_asoc-P": 0.0,
      "eval_asoc-R": 0.0,
      "eval_asoc-gold": 0.0,
      "eval_asoc-pred": 0.0,
      "eval_asoc-tp": 0.0,
      "eval_gen_len": 5.3713,
      "eval_gold_tree": 62,
      "eval_loss": 0.18034884333610535,
      "eval_ordered-record-F1": 72.7273,
      "eval_ordered-record-P": 68.5714,
      "eval_ordered-record-R": 77.4194,
      "eval_ordered-record-gold": 62.0,
      "eval_ordered-record-pred": 70.0,
      "eval_ordered-record-tp": 48.0,
      "eval_overall-F1": 72.7273,
      "eval_pred_tree": 70,
      "eval_record-F1": 72.7273,
      "eval_record-P": 68.5714,
      "eval_record-R": 77.4194,
      "eval_record-gold": 62.0,
      "eval_record-pred": 70.0,
      "eval_record-tp": 48.0,
      "eval_runtime": 1.2182,
      "eval_samples_per_second": 137.088,
      "eval_spot-F1": 72.7273,
      "eval_spot-P": 68.5714,
      "eval_spot-R": 77.4194,
      "eval_spot-gold": 62.0,
      "eval_spot-pred": 70.0,
      "eval_spot-tp": 48.0,
      "eval_well-formed": 167,
      "step": 672
    },
    {
      "epoch": 9.0,
      "eval_asoc-F1": 0.0,
      "eval_asoc-P": 0.0,
      "eval_asoc-R": 0.0,
      "eval_asoc-gold": 0.0,
      "eval_asoc-pred": 0.0,
      "eval_asoc-tp": 0.0,
      "eval_gen_len": 5.2934,
      "eval_gold_tree": 62,
      "eval_loss": 0.18943358957767487,
      "eval_ordered-record-F1": 75.3846,
      "eval_ordered-record-P": 72.0588,
      "eval_ordered-record-R": 79.0323,
      "eval_ordered-record-gold": 62.0,
      "eval_ordered-record-pred": 68.0,
      "eval_ordered-record-tp": 49.0,
      "eval_overall-F1": 75.3846,
      "eval_pred_tree": 68,
      "eval_record-F1": 75.3846,
      "eval_record-P": 72.0588,
      "eval_record-R": 79.0323,
      "eval_record-gold": 62.0,
      "eval_record-pred": 68.0,
      "eval_record-tp": 49.0,
      "eval_runtime": 1.58,
      "eval_samples_per_second": 105.697,
      "eval_spot-F1": 75.3846,
      "eval_spot-P": 72.0588,
      "eval_spot-R": 79.0323,
      "eval_spot-gold": 62.0,
      "eval_spot-pred": 68.0,
      "eval_spot-tp": 49.0,
      "eval_well-formed": 167,
      "step": 756
    },
    {
      "epoch": 10.0,
      "eval_asoc-F1": 0.0,
      "eval_asoc-P": 0.0,
      "eval_asoc-R": 0.0,
      "eval_asoc-gold": 0.0,
      "eval_asoc-pred": 0.0,
      "eval_asoc-tp": 0.0,
      "eval_gen_len": 5.3353,
      "eval_gold_tree": 62,
      "eval_loss": 0.21294201910495758,
      "eval_ordered-record-F1": 74.8092,
      "eval_ordered-record-P": 71.0145,
      "eval_ordered-record-R": 79.0323,
      "eval_ordered-record-gold": 62.0,
      "eval_ordered-record-pred": 69.0,
      "eval_ordered-record-tp": 49.0,
      "eval_overall-F1": 74.8092,
      "eval_pred_tree": 69,
      "eval_record-F1": 74.8092,
      "eval_record-P": 71.0145,
      "eval_record-R": 79.0323,
      "eval_record-gold": 62.0,
      "eval_record-pred": 69.0,
      "eval_record-tp": 49.0,
      "eval_runtime": 1.572,
      "eval_samples_per_second": 106.235,
      "eval_spot-F1": 74.8092,
      "eval_spot-P": 71.0145,
      "eval_spot-R": 79.0323,
      "eval_spot-gold": 62.0,
      "eval_spot-pred": 69.0,
      "eval_spot-tp": 49.0,
      "eval_well-formed": 167,
      "step": 840
    },
    {
      "epoch": 11.0,
      "eval_asoc-F1": 0.0,
      "eval_asoc-P": 0.0,
      "eval_asoc-R": 0.0,
      "eval_asoc-gold": 0.0,
      "eval_asoc-pred": 0.0,
      "eval_asoc-tp": 0.0,
      "eval_gen_len": 5.3293,
      "eval_gold_tree": 62,
      "eval_loss": 0.20847272872924805,
      "eval_ordered-record-F1": 76.3359,
      "eval_ordered-record-P": 72.4638,
      "eval_ordered-record-R": 80.6452,
      "eval_ordered-record-gold": 62.0,
      "eval_ordered-record-pred": 69.0,
      "eval_ordered-record-tp": 50.0,
      "eval_overall-F1": 76.3359,
      "eval_pred_tree": 69,
      "eval_record-F1": 76.3359,
      "eval_record-P": 72.4638,
      "eval_record-R": 80.6452,
      "eval_record-gold": 62.0,
      "eval_record-pred": 69.0,
      "eval_record-tp": 50.0,
      "eval_runtime": 1.5076,
      "eval_samples_per_second": 110.773,
      "eval_spot-F1": 76.3359,
      "eval_spot-P": 72.4638,
      "eval_spot-R": 80.6452,
      "eval_spot-gold": 62.0,
      "eval_spot-pred": 69.0,
      "eval_spot-tp": 50.0,
      "eval_well-formed": 167,
      "step": 924
    },
    {
      "epoch": 11.9,
      "learning_rate": 3.603096410978184e-05,
      "loss": 0.0637,
      "step": 1000
    },
    {
      "epoch": 12.0,
      "eval_asoc-F1": 0.0,
      "eval_asoc-P": 0.0,
      "eval_asoc-R": 0.0,
      "eval_asoc-gold": 0.0,
      "eval_asoc-pred": 0.0,
      "eval_asoc-tp": 0.0,
      "eval_gen_len": 5.3473,
      "eval_gold_tree": 62,
      "eval_loss": 0.22641466557979584,
      "eval_ordered-record-F1": 77.8626,
      "eval_ordered-record-P": 73.913,
      "eval_ordered-record-R": 82.2581,
      "eval_ordered-record-gold": 62.0,
      "eval_ordered-record-pred": 69.0,
      "eval_ordered-record-tp": 51.0,
      "eval_overall-F1": 77.8626,
      "eval_pred_tree": 69,
      "eval_record-F1": 77.8626,
      "eval_record-P": 73.913,
      "eval_record-R": 82.2581,
      "eval_record-gold": 62.0,
      "eval_record-pred": 69.0,
      "eval_record-tp": 51.0,
      "eval_runtime": 1.6641,
      "eval_samples_per_second": 100.353,
      "eval_spot-F1": 77.8626,
      "eval_spot-P": 73.913,
      "eval_spot-R": 82.2581,
      "eval_spot-gold": 62.0,
      "eval_spot-pred": 69.0,
      "eval_spot-tp": 51.0,
      "eval_well-formed": 167,
      "step": 1008
    },
    {
      "epoch": 13.0,
      "eval_asoc-F1": 0.0,
      "eval_asoc-P": 0.0,
      "eval_asoc-R": 0.0,
      "eval_asoc-gold": 0.0,
      "eval_asoc-pred": 0.0,
      "eval_asoc-tp": 0.0,
      "eval_gen_len": 5.3114,
      "eval_gold_tree": 62,
      "eval_loss": 0.24520699679851532,
      "eval_ordered-record-F1": 78.4615,
      "eval_ordered-record-P": 75.0,
      "eval_ordered-record-R": 82.2581,
      "eval_ordered-record-gold": 62.0,
      "eval_ordered-record-pred": 68.0,
      "eval_ordered-record-tp": 51.0,
      "eval_overall-F1": 78.4615,
      "eval_pred_tree": 68,
      "eval_record-F1": 78.4615,
      "eval_record-P": 75.0,
      "eval_record-R": 82.2581,
      "eval_record-gold": 62.0,
      "eval_record-pred": 68.0,
      "eval_record-tp": 51.0,
      "eval_runtime": 1.4815,
      "eval_samples_per_second": 112.722,
      "eval_spot-F1": 78.4615,
      "eval_spot-P": 75.0,
      "eval_spot-R": 82.2581,
      "eval_spot-gold": 62.0,
      "eval_spot-pred": 68.0,
      "eval_spot-tp": 51.0,
      "eval_well-formed": 167,
      "step": 1092
    },
    {
      "epoch": 14.0,
      "eval_asoc-F1": 0.0,
      "eval_asoc-P": 0.0,
      "eval_asoc-R": 0.0,
      "eval_asoc-gold": 0.0,
      "eval_asoc-pred": 0.0,
      "eval_asoc-tp": 0.0,
      "eval_gen_len": 5.3293,
      "eval_gold_tree": 62,
      "eval_loss": 0.24197213351726532,
      "eval_ordered-record-F1": 81.5385,
      "eval_ordered-record-P": 77.9412,
      "eval_ordered-record-R": 85.4839,
      "eval_ordered-record-gold": 62.0,
      "eval_ordered-record-pred": 68.0,
      "eval_ordered-record-tp": 53.0,
      "eval_overall-F1": 81.5385,
      "eval_pred_tree": 68,
      "eval_record-F1": 81.5385,
      "eval_record-P": 77.9412,
      "eval_record-R": 85.4839,
      "eval_record-gold": 62.0,
      "eval_record-pred": 68.0,
      "eval_record-tp": 53.0,
      "eval_runtime": 1.5963,
      "eval_samples_per_second": 104.616,
      "eval_spot-F1": 81.5385,
      "eval_spot-P": 77.9412,
      "eval_spot-R": 85.4839,
      "eval_spot-gold": 62.0,
      "eval_spot-pred": 68.0,
      "eval_spot-tp": 53.0,
      "eval_well-formed": 167,
      "step": 1176
    },
    {
      "epoch": 15.0,
      "eval_asoc-F1": 0.0,
      "eval_asoc-P": 0.0,
      "eval_asoc-R": 0.0,
      "eval_asoc-gold": 0.0,
      "eval_asoc-pred": 0.0,
      "eval_asoc-tp": 0.0,
      "eval_gen_len": 5.3234,
      "eval_gold_tree": 62,
      "eval_loss": 0.25096559524536133,
      "eval_ordered-record-F1": 80.0,
      "eval_ordered-record-P": 76.4706,
      "eval_ordered-record-R": 83.871,
      "eval_ordered-record-gold": 62.0,
      "eval_ordered-record-pred": 68.0,
      "eval_ordered-record-tp": 52.0,
      "eval_overall-F1": 80.0,
      "eval_pred_tree": 68,
      "eval_record-F1": 80.0,
      "eval_record-P": 76.4706,
      "eval_record-R": 83.871,
      "eval_record-gold": 62.0,
      "eval_record-pred": 68.0,
      "eval_record-tp": 52.0,
      "eval_runtime": 0.9248,
      "eval_samples_per_second": 180.571,
      "eval_spot-F1": 80.0,
      "eval_spot-P": 76.4706,
      "eval_spot-R": 83.871,
      "eval_spot-gold": 62.0,
      "eval_spot-pred": 68.0,
      "eval_spot-tp": 52.0,
      "eval_well-formed": 167,
      "step": 1260
    },
    {
      "epoch": 16.0,
      "eval_asoc-F1": 0.0,
      "eval_asoc-P": 0.0,
      "eval_asoc-R": 0.0,
      "eval_asoc-gold": 0.0,
      "eval_asoc-pred": 0.0,
      "eval_asoc-tp": 0.0,
      "eval_gen_len": 5.2994,
      "eval_gold_tree": 62,
      "eval_loss": 0.23328065872192383,
      "eval_ordered-record-F1": 81.5385,
      "eval_ordered-record-P": 77.9412,
      "eval_ordered-record-R": 85.4839,
      "eval_ordered-record-gold": 62.0,
      "eval_ordered-record-pred": 68.0,
      "eval_ordered-record-tp": 53.0,
      "eval_overall-F1": 81.5385,
      "eval_pred_tree": 68,
      "eval_record-F1": 81.5385,
      "eval_record-P": 77.9412,
      "eval_record-R": 85.4839,
      "eval_record-gold": 62.0,
      "eval_record-pred": 68.0,
      "eval_record-tp": 53.0,
      "eval_runtime": 1.4842,
      "eval_samples_per_second": 112.515,
      "eval_spot-F1": 81.5385,
      "eval_spot-P": 77.9412,
      "eval_spot-R": 85.4839,
      "eval_spot-gold": 62.0,
      "eval_spot-pred": 68.0,
      "eval_spot-tp": 53.0,
      "eval_well-formed": 167,
      "step": 1344
    },
    {
      "epoch": 17.0,
      "eval_asoc-F1": 0.0,
      "eval_asoc-P": 0.0,
      "eval_asoc-R": 0.0,
      "eval_asoc-gold": 0.0,
      "eval_asoc-pred": 0.0,
      "eval_asoc-tp": 0.0,
      "eval_gen_len": 5.3234,
      "eval_gold_tree": 62,
      "eval_loss": 0.24496644735336304,
      "eval_ordered-record-F1": 80.0,
      "eval_ordered-record-P": 76.4706,
      "eval_ordered-record-R": 83.871,
      "eval_ordered-record-gold": 62.0,
      "eval_ordered-record-pred": 68.0,
      "eval_ordered-record-tp": 52.0,
      "eval_overall-F1": 80.0,
      "eval_pred_tree": 68,
      "eval_record-F1": 80.0,
      "eval_record-P": 76.4706,
      "eval_record-R": 83.871,
      "eval_record-gold": 62.0,
      "eval_record-pred": 68.0,
      "eval_record-tp": 52.0,
      "eval_runtime": 1.476,
      "eval_samples_per_second": 113.142,
      "eval_spot-F1": 80.0,
      "eval_spot-P": 76.4706,
      "eval_spot-R": 83.871,
      "eval_spot-gold": 62.0,
      "eval_spot-pred": 68.0,
      "eval_spot-tp": 52.0,
      "eval_well-formed": 167,
      "step": 1428
    },
    {
      "epoch": 17.86,
      "learning_rate": 8.44475721323012e-07,
      "loss": 0.0477,
      "step": 1500
    },
    {
      "epoch": 18.0,
      "eval_asoc-F1": 0.0,
      "eval_asoc-P": 0.0,
      "eval_asoc-R": 0.0,
      "eval_asoc-gold": 0.0,
      "eval_asoc-pred": 0.0,
      "eval_asoc-tp": 0.0,
      "eval_gen_len": 5.3234,
      "eval_gold_tree": 62,
      "eval_loss": 0.25039124488830566,
      "eval_ordered-record-F1": 80.0,
      "eval_ordered-record-P": 76.4706,
      "eval_ordered-record-R": 83.871,
      "eval_ordered-record-gold": 62.0,
      "eval_ordered-record-pred": 68.0,
      "eval_ordered-record-tp": 52.0,
      "eval_overall-F1": 80.0,
      "eval_pred_tree": 68,
      "eval_record-F1": 80.0,
      "eval_record-P": 76.4706,
      "eval_record-R": 83.871,
      "eval_record-gold": 62.0,
      "eval_record-pred": 68.0,
      "eval_record-tp": 52.0,
      "eval_runtime": 1.5256,
      "eval_samples_per_second": 109.464,
      "eval_spot-F1": 80.0,
      "eval_spot-P": 76.4706,
      "eval_spot-R": 83.871,
      "eval_spot-gold": 62.0,
      "eval_spot-pred": 68.0,
      "eval_spot-tp": 52.0,
      "eval_well-formed": 167,
      "step": 1512
    },
    {
      "epoch": 18.0,
      "step": 1512,
      "total_flos": 0,
      "train_runtime": 383.4011,
      "train_samples_per_second": 3.944
    }
  ],
  "max_steps": 1512,
  "num_train_epochs": 18,
  "total_flos": 0,
  "trial_name": null,
  "trial_params": null
}
