{
    "epoch": "8/20",
    "best_epoch": 8,
    "max_gpu_mem": "2.5658",
    "cur_ram": "2.4887",
    "time_epoch": "0:00:03",
    "time_total": "0:00:33",
    "best_train_ner_loss": 13.322308095296224,
    "train_ner_loss": 13.322308095296224,
    "best_train_sum": 0.955819881053526,
    "train_sum": 0.955819881053526,
    "best_dev_ner_loss": 19.13462734222412,
    "dev_ner_loss": 19.13462734222412,
    "best_dev_sum": 0.9435215946843853,
    "dev_sum": 0.9435215946843853,
    "best_train_ner_precision": 0.946969696969697,
    "best_train_ner_recall": 0.9648370497427101,
    "best_train_ner_span_f1": 0.955819881053526,
    "train_ner_precision": 0.946969696969697,
    "train_ner_recall": 0.9648370497427101,
    "train_ner_span_f1": 0.955819881053526,
    "best_dev_ner_precision": 0.9342105263157895,
    "best_dev_ner_recall": 0.9530201342281879,
    "best_dev_ner_span_f1": 0.9435215946843853,
    "dev_ner_precision": 0.9342105263157895,
    "dev_ner_recall": 0.9530201342281879,
    "dev_ner_span_f1": 0.9435215946843853
}