{
    "epoch": "2/20",
    "best_epoch": 1,
    "max_gpu_mem": "2.5649",
    "cur_ram": "2.4768",
    "time_epoch": "0:00:03",
    "time_total": "0:00:09",
    "best_train_ner_loss": 802.8622253417968,
    "train_ner_loss": 554.7213419596354,
    "best_train_sum": 0.0,
    "train_sum": 0.0,
    "best_dev_ner_loss": 721.5773468017578,
    "dev_ner_loss": 294.342716217041,
    "best_dev_sum": 0.0,
    "dev_sum": 0.0,
    "best_train_ner_precision": 0.001718213058419244,
    "best_train_ner_recall": 0.0017152658662092624,
    "best_train_ner_span_f1": 0.0017167381974248928,
    "train_ner_precision": 0.0,
    "train_ner_recall": 0.0,
    "train_ner_span_f1": 0.0,
    "best_dev_ner_precision": 0.0,
    "best_dev_ner_recall": 0.0,
    "best_dev_ner_span_f1": 0.0,
    "dev_ner_precision": 0.0,
    "dev_ner_recall": 0.0,
    "dev_ner_span_f1": 0.0
}