{
    "epoch": "1/20",
    "best_epoch": 1,
    "max_gpu_mem": "1.0600",
    "cur_ram": "2.4645",
    "time_epoch": "0:00:02",
    "time_total": "0:00:05",
    "best_train_ner_loss": 802.8622253417968,
    "train_ner_loss": 802.8622253417968,
    "best_train_sum": 0.0017167381974248928,
    "train_sum": 0.0017167381974248928,
    "best_dev_ner_loss": 721.5773468017578,
    "dev_ner_loss": 721.5773468017578,
    "best_dev_sum": 0.0,
    "dev_sum": 0.0,
    "best_train_ner_precision": 0.001718213058419244,
    "best_train_ner_recall": 0.0017152658662092624,
    "best_train_ner_span_f1": 0.0017167381974248928,
    "train_ner_precision": 0.001718213058419244,
    "train_ner_recall": 0.0017152658662092624,
    "train_ner_span_f1": 0.0017167381974248928,
    "best_dev_ner_precision": 0.0,
    "best_dev_ner_recall": 0.0,
    "best_dev_ner_span_f1": 0.0,
    "dev_ner_precision": 0.0,
    "dev_ner_recall": 0.0,
    "dev_ner_span_f1": 0.0
}