{
    "epoch": "6/20",
    "best_epoch": 6,
    "max_gpu_mem": "2.5658",
    "cur_ram": "2.4886",
    "time_epoch": "0:00:03",
    "time_total": "0:00:25",
    "best_train_ner_loss": 31.18914966583252,
    "train_ner_loss": 31.18914966583252,
    "best_train_sum": 0.8825263157894737,
    "train_sum": 0.8825263157894737,
    "best_dev_ner_loss": 26.95635986328125,
    "dev_ner_loss": 26.95635986328125,
    "best_dev_sum": 0.9025974025974026,
    "dev_sum": 0.9025974025974026,
    "best_train_ner_precision": 0.8668320926385442,
    "best_train_ner_recall": 0.8987993138936535,
    "best_train_ner_span_f1": 0.8825263157894737,
    "train_ner_precision": 0.8668320926385442,
    "train_ner_recall": 0.8987993138936535,
    "train_ner_span_f1": 0.8825263157894737,
    "best_dev_ner_precision": 0.8742138364779874,
    "best_dev_ner_recall": 0.9328859060402684,
    "best_dev_ner_span_f1": 0.9025974025974026,
    "dev_ner_precision": 0.8742138364779874,
    "dev_ner_recall": 0.9328859060402684,
    "dev_ner_span_f1": 0.9025974025974026
}