{
    "epoch": "12/20",
    "best_epoch": 9,
    "max_gpu_mem": "2.5719",
    "cur_ram": "2.4888",
    "time_epoch": "0:00:03",
    "time_total": "0:00:49",
    "best_train_ner_loss": 10.185927518208821,
    "train_ner_loss": 5.128847312927246,
    "best_train_sum": 0.981631781290047,
    "train_sum": 0.981631781290047,
    "best_dev_ner_loss": 17.434931755065918,
    "dev_ner_loss": 20.002735137939453,
    "best_dev_sum": 0.9731543624161074,
    "dev_sum": 0.9632107023411371,
    "best_train_ner_precision": 0.9527027027027027,
    "best_train_ner_recall": 0.967409948542024,
    "best_train_ner_span_f1": 0.9600000000000001,
    "train_ner_precision": 0.977872340425532,
    "train_ner_recall": 0.9854202401372213,
    "train_ner_span_f1": 0.981631781290047,
    "best_dev_ner_precision": 0.9731543624161074,
    "best_dev_ner_recall": 0.9731543624161074,
    "best_dev_ner_span_f1": 0.9731543624161074,
    "dev_ner_precision": 0.96,
    "dev_ner_recall": 0.9664429530201343,
    "dev_ner_span_f1": 0.9632107023411371
}