{
    "epoch": "4/20",
    "best_epoch": 4,
    "max_gpu_mem": "2.5658",
    "cur_ram": "2.4836",
    "time_epoch": "0:00:03",
    "time_total": "0:00:17",
    "best_train_ner_loss": 110.02314338684081,
    "train_ner_loss": 110.02314338684081,
    "best_train_sum": 0.6140277194456111,
    "train_sum": 0.6140277194456111,
    "best_dev_ner_loss": 51.04459476470947,
    "dev_ner_loss": 51.04459476470947,
    "best_dev_sum": 0.832258064516129,
    "dev_sum": 0.832258064516129,
    "best_train_ner_precision": 0.6016460905349794,
    "best_train_ner_recall": 0.6269296740994854,
    "best_train_ner_span_f1": 0.6140277194456111,
    "train_ner_precision": 0.6016460905349794,
    "train_ner_recall": 0.6269296740994854,
    "train_ner_span_f1": 0.6140277194456111,
    "best_dev_ner_precision": 0.8012422360248447,
    "best_dev_ner_recall": 0.8657718120805369,
    "best_dev_ner_span_f1": 0.832258064516129,
    "dev_ner_precision": 0.8012422360248447,
    "dev_ner_recall": 0.8657718120805369,
    "dev_ner_span_f1": 0.832258064516129
}