{
    "epoch": "16/20",
    "best_epoch": 9,
    "max_gpu_mem": "2.5719",
    "cur_ram": "2.4888",
    "time_epoch": "0:00:03",
    "time_total": "0:01:03",
    "best_train_ner_loss": 10.185927518208821,
    "train_ner_loss": 2.7420216242472333,
    "best_train_sum": 0.9923011120615911,
    "train_sum": 0.9923011120615911,
    "best_dev_ner_loss": 17.434931755065918,
    "dev_ner_loss": 20.989434242248535,
    "best_dev_sum": 0.9731543624161074,
    "dev_sum": 0.9632107023411371,
    "best_train_ner_precision": 0.9527027027027027,
    "best_train_ner_recall": 0.967409948542024,
    "best_train_ner_span_f1": 0.9600000000000001,
    "train_ner_precision": 0.9897610921501706,
    "train_ner_recall": 0.9948542024013722,
    "train_ner_span_f1": 0.9923011120615911,
    "best_dev_ner_precision": 0.9731543624161074,
    "best_dev_ner_recall": 0.9731543624161074,
    "best_dev_ner_span_f1": 0.9731543624161074,
    "dev_ner_precision": 0.96,
    "dev_ner_recall": 0.9664429530201343,
    "dev_ner_span_f1": 0.9632107023411371
}