{
    "epoch": "18/20",
    "best_epoch": 9,
    "max_gpu_mem": "2.5719",
    "cur_ram": "2.4888",
    "time_epoch": "0:00:03",
    "time_total": "0:01:10",
    "best_train_ner_loss": 10.185927518208821,
    "train_ner_loss": 1.960869344075521,
    "best_train_sum": 0.9927132447492498,
    "train_sum": 0.9927132447492498,
    "best_dev_ner_loss": 17.434931755065918,
    "dev_ner_loss": 19.54564380645752,
    "best_dev_sum": 0.9731543624161074,
    "dev_sum": 0.9533333333333331,
    "best_train_ner_precision": 0.9527027027027027,
    "best_train_ner_recall": 0.967409948542024,
    "best_train_ner_span_f1": 0.9600000000000001,
    "train_ner_precision": 0.9922879177377892,
    "train_ner_recall": 0.9931389365351629,
    "train_ner_span_f1": 0.9927132447492498,
    "best_dev_ner_precision": 0.9731543624161074,
    "best_dev_ner_recall": 0.9731543624161074,
    "best_dev_ner_span_f1": 0.9731543624161074,
    "dev_ner_precision": 0.9470198675496688,
    "dev_ner_recall": 0.959731543624161,
    "dev_ner_span_f1": 0.9533333333333331
}