{
    "epoch": "2/20",
    "best_epoch": 1,
    "max_gpu_mem": "7.8288",
    "cur_ram": "2.7874",
    "time_epoch": "0:00:16",
    "time_total": "0:00:28",
    "best_train_ner_loss": 1276.4946729871963,
    "train_ner_loss": 345.03226834756356,
    "best_train_sum": 0.004118050789293068,
    "train_sum": 0.004118050789293068,
    "best_dev_ner_loss": 1013.5253470284598,
    "dev_ner_loss": 81.10930797031948,
    "best_dev_sum": 0.0,
    "dev_sum": 0.0,
    "best_train_ner_precision": 0.0027159152634437804,
    "best_train_ner_recall": 0.01818181818181818,
    "best_train_ner_span_f1": 0.004725897920604915,
    "train_ner_precision": 0.0033076074972436605,
    "train_ner_recall": 0.005454545454545455,
    "train_ner_span_f1": 0.004118050789293068,
    "best_dev_ner_precision": 0.0,
    "best_dev_ner_recall": 0.0,
    "best_dev_ner_span_f1": 0.0,
    "dev_ner_precision": 0.0,
    "dev_ner_recall": 0.0,
    "dev_ner_span_f1": 0.0
}