{
    "epoch": "3/20",
    "best_epoch": 3,
    "max_gpu_mem": "7.8288",
    "cur_ram": "2.7877",
    "time_epoch": "0:00:16",
    "time_total": "0:00:45",
    "best_train_ner_loss": 60.889963150024414,
    "train_ner_loss": 60.889963150024414,
    "best_train_sum": 0.16935483870967744,
    "train_sum": 0.16935483870967744,
    "best_dev_ner_loss": 32.07690593174526,
    "dev_ner_loss": 32.07690593174526,
    "best_dev_sum": 0.38509316770186336,
    "dev_sum": 0.38509316770186336,
    "best_train_ner_precision": 0.3247422680412371,
    "best_train_ner_recall": 0.11454545454545455,
    "best_train_ner_span_f1": 0.16935483870967744,
    "train_ner_precision": 0.3247422680412371,
    "train_ner_recall": 0.11454545454545455,
    "train_ner_span_f1": 0.16935483870967744,
    "best_dev_ner_precision": 0.31313131313131315,
    "best_dev_ner_recall": 0.5,
    "best_dev_ner_span_f1": 0.38509316770186336,
    "dev_ner_precision": 0.31313131313131315,
    "dev_ner_recall": 0.5,
    "dev_ner_span_f1": 0.38509316770186336
}