{
    "epoch": "13/20",
    "best_epoch": 9,
    "max_gpu_mem": "7.8288",
    "cur_ram": "2.7885",
    "time_epoch": "0:00:16",
    "time_total": "0:03:40",
    "best_train_ner_loss": 8.81722531495271,
    "train_ner_loss": 3.2530060167665833,
    "best_train_sum": 0.948509485094851,
    "train_sum": 0.948509485094851,
    "best_dev_ner_loss": 20.98699406215123,
    "dev_ner_loss": 26.95928410121373,
    "best_dev_sum": 0.7538461538461538,
    "dev_sum": 0.7272727272727272,
    "best_train_ner_precision": 0.8579040852575488,
    "best_train_ner_recall": 0.8781818181818182,
    "best_train_ner_span_f1": 0.8679245283018867,
    "train_ner_precision": 0.9425493716337523,
    "train_ner_recall": 0.9545454545454546,
    "train_ner_span_f1": 0.948509485094851,
    "best_dev_ner_precision": 0.7205882352941176,
    "best_dev_ner_recall": 0.7903225806451613,
    "best_dev_ner_span_f1": 0.7538461538461538,
    "dev_ner_precision": 0.6857142857142857,
    "dev_ner_recall": 0.7741935483870968,
    "dev_ner_span_f1": 0.7272727272727272
}