{
    "epoch": "11/20",
    "best_epoch": 9,
    "max_gpu_mem": "7.8288",
    "cur_ram": "2.7885",
    "time_epoch": "0:00:16",
    "time_total": "0:03:06",
    "best_train_ner_loss": 8.81722531495271,
    "train_ner_loss": 5.767387990598325,
    "best_train_sum": 0.9391462306993642,
    "train_sum": 0.9391462306993642,
    "best_dev_ner_loss": 20.98699406215123,
    "dev_ner_loss": 20.714681352887833,
    "best_dev_sum": 0.7538461538461538,
    "dev_sum": 0.682170542635659,
    "best_train_ner_precision": 0.8579040852575488,
    "best_train_ner_recall": 0.8781818181818182,
    "best_train_ner_span_f1": 0.8679245283018867,
    "train_ner_precision": 0.9382940108892922,
    "train_ner_recall": 0.94,
    "train_ner_span_f1": 0.9391462306993642,
    "best_dev_ner_precision": 0.7205882352941176,
    "best_dev_ner_recall": 0.7903225806451613,
    "best_dev_ner_span_f1": 0.7538461538461538,
    "dev_ner_precision": 0.6567164179104478,
    "dev_ner_recall": 0.7096774193548387,
    "dev_ner_span_f1": 0.682170542635659
}