{
    "epoch": "6/20",
    "best_epoch": 6,
    "max_gpu_mem": "7.8288",
    "cur_ram": "2.7885",
    "time_epoch": "0:00:17",
    "time_total": "0:01:39",
    "best_train_ner_loss": 18.682167530059814,
    "train_ner_loss": 18.682167530059814,
    "best_train_sum": 0.7828467153284672,
    "train_sum": 0.7828467153284672,
    "best_dev_ner_loss": 18.66126687186105,
    "dev_ner_loss": 18.66126687186105,
    "best_dev_sum": 0.7313432835820894,
    "dev_sum": 0.7313432835820894,
    "best_train_ner_precision": 0.7857142857142857,
    "best_train_ner_recall": 0.78,
    "best_train_ner_span_f1": 0.7828467153284672,
    "train_ner_precision": 0.7857142857142857,
    "train_ner_recall": 0.78,
    "train_ner_span_f1": 0.7828467153284672,
    "best_dev_ner_precision": 0.6805555555555556,
    "best_dev_ner_recall": 0.7903225806451613,
    "best_dev_ner_span_f1": 0.7313432835820894,
    "dev_ner_precision": 0.6805555555555556,
    "dev_ner_recall": 0.7903225806451613,
    "dev_ner_span_f1": 0.7313432835820894
}