{
    "epoch": "4/20",
    "best_epoch": 4,
    "max_gpu_mem": "7.8288",
    "cur_ram": "2.7878",
    "time_epoch": "0:00:16",
    "time_total": "0:01:03",
    "best_train_ner_loss": 29.05523118266353,
    "train_ner_loss": 29.05523118266353,
    "best_train_sum": 0.5766871165644173,
    "train_sum": 0.5766871165644173,
    "best_dev_ner_loss": 26.41747283935547,
    "dev_ner_loss": 26.41747283935547,
    "best_dev_sum": 0.6716417910447761,
    "dev_sum": 0.6716417910447761,
    "best_train_ner_precision": 0.55668358714044,
    "best_train_ner_recall": 0.5981818181818181,
    "best_train_ner_span_f1": 0.5766871165644173,
    "train_ner_precision": 0.55668358714044,
    "train_ner_recall": 0.5981818181818181,
    "train_ner_span_f1": 0.5766871165644173,
    "best_dev_ner_precision": 0.625,
    "best_dev_ner_recall": 0.7258064516129032,
    "best_dev_ner_span_f1": 0.6716417910447761,
    "dev_ner_precision": 0.625,
    "dev_ner_recall": 0.7258064516129032,
    "dev_ner_span_f1": 0.6716417910447761
}