{
    "epoch": "7/20",
    "best_epoch": 6,
    "max_gpu_mem": "7.8288",
    "cur_ram": "2.7885",
    "time_epoch": "0:00:16",
    "time_total": "0:01:57",
    "best_train_ner_loss": 18.682167530059814,
    "train_ner_loss": 14.870274225870768,
    "best_train_sum": 0.8108108108108109,
    "train_sum": 0.8108108108108109,
    "best_dev_ner_loss": 18.66126687186105,
    "dev_ner_loss": 24.568790980747767,
    "best_dev_sum": 0.7313432835820894,
    "dev_sum": 0.6906474820143885,
    "best_train_ner_precision": 0.7857142857142857,
    "best_train_ner_recall": 0.78,
    "best_train_ner_span_f1": 0.7828467153284672,
    "train_ner_precision": 0.8035714285714286,
    "train_ner_recall": 0.8181818181818182,
    "train_ner_span_f1": 0.8108108108108109,
    "best_dev_ner_precision": 0.6805555555555556,
    "best_dev_ner_recall": 0.7903225806451613,
    "best_dev_ner_span_f1": 0.7313432835820894,
    "dev_ner_precision": 0.6233766233766234,
    "dev_ner_recall": 0.7741935483870968,
    "dev_ner_span_f1": 0.6906474820143885
}