{
    "epoch": "1/20",
    "best_epoch": 1,
    "max_gpu_mem": "3.5557",
    "cur_ram": "2.7683",
    "time_epoch": "0:00:08",
    "time_total": "0:00:11",
    "best_train_ner_loss": 1276.4946729871963,
    "train_ner_loss": 1276.4946729871963,
    "best_train_sum": 0.004725897920604915,
    "train_sum": 0.004725897920604915,
    "best_dev_ner_loss": 1013.5253470284598,
    "dev_ner_loss": 1013.5253470284598,
    "best_dev_sum": 0.0,
    "dev_sum": 0.0,
    "best_train_ner_precision": 0.0027159152634437804,
    "best_train_ner_recall": 0.01818181818181818,
    "best_train_ner_span_f1": 0.004725897920604915,
    "train_ner_precision": 0.0027159152634437804,
    "train_ner_recall": 0.01818181818181818,
    "train_ner_span_f1": 0.004725897920604915,
    "best_dev_ner_precision": 0.0,
    "best_dev_ner_recall": 0.0,
    "best_dev_ner_span_f1": 0.0,
    "dev_ner_precision": 0.0,
    "dev_ner_recall": 0.0,
    "dev_ner_span_f1": 0.0
}