{
    "epoch": "12/20",
    "best_epoch": 9,
    "max_gpu_mem": "7.8288",
    "cur_ram": "2.7885",
    "time_epoch": "0:00:16",
    "time_total": "0:03:23",
    "best_train_ner_loss": 8.81722531495271,
    "train_ner_loss": 4.43039936489529,
    "best_train_sum": 0.9404332129963899,
    "train_sum": 0.9404332129963899,
    "best_dev_ner_loss": 20.98699406215123,
    "dev_ner_loss": 23.960995265415736,
    "best_dev_sum": 0.7538461538461538,
    "dev_sum": 0.6865671641791045,
    "best_train_ner_precision": 0.8579040852575488,
    "best_train_ner_recall": 0.8781818181818182,
    "best_train_ner_span_f1": 0.8679245283018867,
    "train_ner_precision": 0.9336917562724014,
    "train_ner_recall": 0.9472727272727273,
    "train_ner_span_f1": 0.9404332129963899,
    "best_dev_ner_precision": 0.7205882352941176,
    "best_dev_ner_recall": 0.7903225806451613,
    "best_dev_ner_span_f1": 0.7538461538461538,
    "dev_ner_precision": 0.6388888888888888,
    "dev_ner_recall": 0.7419354838709677,
    "dev_ner_span_f1": 0.6865671641791045
}