{
    "epoch": "15/20",
    "best_epoch": 9,
    "max_gpu_mem": "7.8288",
    "cur_ram": "2.7885",
    "time_epoch": "0:00:19",
    "time_total": "0:04:16",
    "best_train_ner_loss": 8.81722531495271,
    "train_ner_loss": 2.1447988439489296,
    "best_train_sum": 0.9809264305177112,
    "train_sum": 0.9809264305177112,
    "best_dev_ner_loss": 20.98699406215123,
    "dev_ner_loss": 21.08966282435826,
    "best_dev_sum": 0.7538461538461538,
    "dev_sum": 0.732824427480916,
    "best_train_ner_precision": 0.8579040852575488,
    "best_train_ner_recall": 0.8781818181818182,
    "best_train_ner_span_f1": 0.8679245283018867,
    "train_ner_precision": 0.9800362976406534,
    "train_ner_recall": 0.9818181818181818,
    "train_ner_span_f1": 0.9809264305177112,
    "best_dev_ner_precision": 0.7205882352941176,
    "best_dev_ner_recall": 0.7903225806451613,
    "best_dev_ner_span_f1": 0.7538461538461538,
    "dev_ner_precision": 0.6956521739130435,
    "dev_ner_recall": 0.7741935483870968,
    "dev_ner_span_f1": 0.732824427480916
}