{
    "epoch": "5/20",
    "best_epoch": 5,
    "max_gpu_mem": "7.8288",
    "cur_ram": "2.7879",
    "time_epoch": "0:00:16",
    "time_total": "0:01:21",
    "best_train_ner_loss": 21.35378369578609,
    "train_ner_loss": 21.35378369578609,
    "best_train_sum": 0.7470956210902592,
    "train_sum": 0.7470956210902592,
    "best_dev_ner_loss": 20.317263466971262,
    "dev_ner_loss": 20.317263466971262,
    "best_dev_sum": 0.682170542635659,
    "dev_sum": 0.682170542635659,
    "best_train_ner_precision": 0.7346221441124781,
    "best_train_ner_recall": 0.76,
    "best_train_ner_span_f1": 0.7470956210902592,
    "train_ner_precision": 0.7346221441124781,
    "train_ner_recall": 0.76,
    "train_ner_span_f1": 0.7470956210902592,
    "best_dev_ner_precision": 0.6567164179104478,
    "best_dev_ner_recall": 0.7096774193548387,
    "best_dev_ner_span_f1": 0.682170542635659,
    "dev_ner_precision": 0.6567164179104478,
    "dev_ner_recall": 0.7096774193548387,
    "dev_ner_span_f1": 0.682170542635659
}