{
    "epoch": "17/20",
    "best_epoch": 17,
    "max_gpu_mem": "7.8288",
    "cur_ram": "2.7886",
    "time_epoch": "0:00:20",
    "time_total": "0:04:58",
    "best_train_ner_loss": 1.6006170908610027,
    "train_ner_loss": 1.6006170908610027,
    "best_train_sum": 0.9828054298642533,
    "train_sum": 0.9828054298642533,
    "best_dev_ner_loss": 21.59946005684989,
    "dev_ner_loss": 21.59946005684989,
    "best_dev_sum": 0.768,
    "dev_sum": 0.768,
    "best_train_ner_precision": 0.9783783783783784,
    "best_train_ner_recall": 0.9872727272727273,
    "best_train_ner_span_f1": 0.9828054298642533,
    "train_ner_precision": 0.9783783783783784,
    "train_ner_recall": 0.9872727272727273,
    "train_ner_span_f1": 0.9828054298642533,
    "best_dev_ner_precision": 0.7619047619047619,
    "best_dev_ner_recall": 0.7741935483870968,
    "best_dev_ner_span_f1": 0.768,
    "dev_ner_precision": 0.7619047619047619,
    "dev_ner_recall": 0.7741935483870968,
    "dev_ner_span_f1": 0.768
}