{
    "epoch": "8/20",
    "best_epoch": 6,
    "max_gpu_mem": "7.8288",
    "cur_ram": "2.7885",
    "time_epoch": "0:00:16",
    "time_total": "0:02:14",
    "best_train_ner_loss": 18.682167530059814,
    "train_ner_loss": 12.042507065667046,
    "best_train_sum": 0.8330373001776199,
    "train_sum": 0.8330373001776199,
    "best_dev_ner_loss": 18.66126687186105,
    "dev_ner_loss": 20.772221156529017,
    "best_dev_sum": 0.7313432835820894,
    "dev_sum": 0.7301587301587302,
    "best_train_ner_precision": 0.7857142857142857,
    "best_train_ner_recall": 0.78,
    "best_train_ner_span_f1": 0.7828467153284672,
    "train_ner_precision": 0.8142361111111112,
    "train_ner_recall": 0.8527272727272728,
    "train_ner_span_f1": 0.8330373001776199,
    "best_dev_ner_precision": 0.6805555555555556,
    "best_dev_ner_recall": 0.7903225806451613,
    "best_dev_ner_span_f1": 0.7313432835820894,
    "dev_ner_precision": 0.71875,
    "dev_ner_recall": 0.7419354838709677,
    "dev_ner_span_f1": 0.7301587301587302
}