{
    "epoch": "1/20",
    "best_epoch": 1,
    "max_gpu_mem": "1.3023",
    "cur_ram": "2.4695",
    "time_epoch": "0:00:06",
    "time_total": "0:00:09",
    "best_train_ner_loss": 1058.988835087529,
    "train_ner_loss": 1058.988835087529,
    "best_train_sum": 0.0,
    "train_sum": 0.0,
    "best_dev_ner_loss": 944.1559273856027,
    "dev_ner_loss": 944.1559273856027,
    "best_dev_sum": 0.0,
    "dev_sum": 0.0,
    "best_train_ner_precision": 0.0,
    "best_train_ner_recall": 0.0,
    "best_train_ner_span_f1": 0.0,
    "train_ner_precision": 0.0,
    "train_ner_recall": 0.0,
    "train_ner_span_f1": 0.0,
    "best_dev_ner_precision": 0.0,
    "best_dev_ner_recall": 0.0,
    "best_dev_ner_span_f1": 0.0,
    "dev_ner_precision": 0.0,
    "dev_ner_recall": 0.0,
    "dev_ner_span_f1": 0.0
}