{
    "epoch": "8/20",
    "best_epoch": 6,
    "max_gpu_mem": "2.8317",
    "cur_ram": "2.4922",
    "time_epoch": "0:00:08",
    "time_total": "0:01:11",
    "best_train_ner_loss": 17.041098771271884,
    "train_ner_loss": 11.202310844703957,
    "best_train_sum": 0.853868194842407,
    "train_sum": 0.853868194842407,
    "best_dev_ner_loss": 27.091772079467773,
    "dev_ner_loss": 21.490807124546595,
    "best_dev_sum": 0.7022900763358779,
    "dev_sum": 0.7022900763358779,
    "best_train_ner_precision": 0.7673076923076924,
    "best_train_ner_recall": 0.764367816091954,
    "best_train_ner_span_f1": 0.7658349328214972,
    "train_ner_precision": 0.8514285714285714,
    "train_ner_recall": 0.8563218390804598,
    "train_ner_span_f1": 0.853868194842407,
    "best_dev_ner_precision": 0.6764705882352942,
    "best_dev_ner_recall": 0.7301587301587301,
    "best_dev_ner_span_f1": 0.7022900763358779,
    "dev_ner_precision": 0.6764705882352942,
    "dev_ner_recall": 0.7301587301587301,
    "dev_ner_span_f1": 0.7022900763358779
}