{
    "epoch": "14/20",
    "best_epoch": 9,
    "max_gpu_mem": "2.8317",
    "cur_ram": "2.4923",
    "time_epoch": "0:00:08",
    "time_total": "0:02:02",
    "best_train_ner_loss": 7.718810258088289,
    "train_ner_loss": 2.176631079779731,
    "best_train_sum": 0.965648854961832,
    "train_sum": 0.965648854961832,
    "best_dev_ner_loss": 28.872129712785995,
    "dev_ner_loss": 28.44298607962472,
    "best_dev_sum": 0.7286821705426357,
    "dev_sum": 0.7272727272727272,
    "best_train_ner_precision": 0.8630393996247655,
    "best_train_ner_recall": 0.8812260536398467,
    "best_train_ner_span_f1": 0.8720379146919431,
    "train_ner_precision": 0.9619771863117871,
    "train_ner_recall": 0.9693486590038314,
    "train_ner_span_f1": 0.965648854961832,
    "best_dev_ner_precision": 0.7121212121212122,
    "best_dev_ner_recall": 0.746031746031746,
    "best_dev_ner_span_f1": 0.7286821705426357,
    "dev_ner_precision": 0.6956521739130435,
    "dev_ner_recall": 0.7619047619047619,
    "dev_ner_span_f1": 0.7272727272727272
}