{
    "epoch": "18/20",
    "best_epoch": 17,
    "max_gpu_mem": "2.8317",
    "cur_ram": "2.4924",
    "time_epoch": "0:00:08",
    "time_total": "0:02:37",
    "best_train_ner_loss": 1.218240879200123,
    "train_ner_loss": 0.8438528555410879,
    "best_train_sum": 0.987535953978907,
    "train_sum": 0.987535953978907,
    "best_dev_ner_loss": 30.250233786446707,
    "dev_ner_loss": 31.47345188685826,
    "best_dev_sum": 0.7596899224806201,
    "dev_sum": 0.7424242424242424,
    "best_train_ner_precision": 0.9753320683111955,
    "best_train_ner_recall": 0.9846743295019157,
    "best_train_ner_span_f1": 0.9799809342230695,
    "train_ner_precision": 0.9884836852207294,
    "train_ner_recall": 0.9865900383141762,
    "train_ner_span_f1": 0.987535953978907,
    "best_dev_ner_precision": 0.7424242424242424,
    "best_dev_ner_recall": 0.7777777777777778,
    "best_dev_ner_span_f1": 0.7596899224806201,
    "dev_ner_precision": 0.7101449275362319,
    "dev_ner_recall": 0.7777777777777778,
    "dev_ner_span_f1": 0.7424242424242424
}