{
    "epoch": "13/20",
    "best_epoch": 9,
    "max_gpu_mem": "2.8317",
    "cur_ram": "2.4923",
    "time_epoch": "0:00:08",
    "time_total": "0:01:54",
    "best_train_ner_loss": 7.718810258088289,
    "train_ner_loss": 2.9219918427643954,
    "best_train_sum": 0.9570200573065902,
    "train_sum": 0.9570200573065902,
    "best_dev_ner_loss": 28.872129712785995,
    "dev_ner_loss": 32.45460673740932,
    "best_dev_sum": 0.7286821705426357,
    "dev_sum": 0.7014925373134329,
    "best_train_ner_precision": 0.8630393996247655,
    "best_train_ner_recall": 0.8812260536398467,
    "best_train_ner_span_f1": 0.8720379146919431,
    "train_ner_precision": 0.9542857142857143,
    "train_ner_recall": 0.9597701149425287,
    "train_ner_span_f1": 0.9570200573065902,
    "best_dev_ner_precision": 0.7121212121212122,
    "best_dev_ner_recall": 0.746031746031746,
    "best_dev_ner_span_f1": 0.7286821705426357,
    "dev_ner_precision": 0.6619718309859155,
    "dev_ner_recall": 0.746031746031746,
    "dev_ner_span_f1": 0.7014925373134329
}