{
    "epoch": "3/20",
    "best_epoch": 1,
    "max_gpu_mem": "2.8317",
    "cur_ram": "2.4819",
    "time_epoch": "0:00:08",
    "time_total": "0:00:27",
    "best_train_ner_loss": 1058.988835087529,
    "train_ner_loss": 87.6199082268609,
    "best_train_sum": 0.0,
    "train_sum": 0.0,
    "best_dev_ner_loss": 944.1559273856027,
    "dev_ner_loss": 57.07344709123884,
    "best_dev_sum": 0.0,
    "dev_sum": 0.0,
    "best_train_ner_precision": 0.0,
    "best_train_ner_recall": 0.0,
    "best_train_ner_span_f1": 0.0,
    "train_ner_precision": 0.0,
    "train_ner_recall": 0.0,
    "train_ner_span_f1": 0.0,
    "best_dev_ner_precision": 0.0,
    "best_dev_ner_recall": 0.0,
    "best_dev_ner_span_f1": 0.0,
    "dev_ner_precision": 0.0,
    "dev_ner_recall": 0.0,
    "dev_ner_span_f1": 0.0
}