{
    "epoch": "2/20",
    "best_epoch": 1,
    "max_gpu_mem": "2.8106",
    "cur_ram": "2.4818",
    "time_epoch": "0:00:08",
    "time_total": "0:00:18",
    "best_train_ner_loss": 1058.988835087529,
    "train_ner_loss": 410.3774084161829,
    "best_train_sum": 0.0,
    "train_sum": 0.0,
    "best_dev_ner_loss": 944.1559273856027,
    "dev_ner_loss": 101.61241803850446,
    "best_dev_sum": 0.0,
    "dev_sum": 0.0,
    "best_train_ner_precision": 0.0,
    "best_train_ner_recall": 0.0,
    "best_train_ner_span_f1": 0.0,
    "train_ner_precision": 0.0,
    "train_ner_recall": 0.0,
    "train_ner_span_f1": 0.0,
    "best_dev_ner_precision": 0.0,
    "best_dev_ner_recall": 0.0,
    "best_dev_ner_span_f1": 0.0,
    "dev_ner_precision": 0.0,
    "dev_ner_recall": 0.0,
    "dev_ner_span_f1": 0.0
}