{
    "epoch": "3/20",
    "best_epoch": 1,
    "max_gpu_mem": "5.3147",
    "cur_ram": "2.4635",
    "time_epoch": "0:00:09",
    "time_total": "0:00:30",
    "best_train_ner_loss": 1592.9955286096645,
    "train_ner_loss": 109.02197590580693,
    "best_train_sum": 0.0,
    "train_sum": 0.0,
    "best_dev_ner_loss": 1490.36226109096,
    "dev_ner_loss": 103.57188470023019,
    "best_dev_sum": 0.0,
    "dev_sum": 0.0,
    "best_train_ner_precision": 0.0,
    "best_train_ner_recall": 0.0,
    "best_train_ner_span_f1": 0.0,
    "train_ner_precision": 0.0,
    "train_ner_recall": 0.0,
    "train_ner_span_f1": 0.0,
    "best_dev_ner_precision": 0.0,
    "best_dev_ner_recall": 0.0,
    "best_dev_ner_span_f1": 0.0,
    "dev_ner_precision": 0.0,
    "dev_ner_recall": 0.0,
    "dev_ner_span_f1": 0.0
}