{
    "epoch": "6/20",
    "best_epoch": 6,
    "max_gpu_mem": "5.3147",
    "cur_ram": "2.4692",
    "time_epoch": "0:00:09",
    "time_total": "0:00:59",
    "best_train_ner_loss": 31.196397286874276,
    "train_ner_loss": 31.196397286874276,
    "best_train_sum": 0.4245723172628305,
    "train_sum": 0.4245723172628305,
    "best_dev_ner_loss": 21.476592472621373,
    "dev_ner_loss": 21.476592472621373,
    "best_dev_sum": 0.49696969696969695,
    "dev_sum": 0.49696969696969695,
    "best_train_ner_precision": 0.364,
    "best_train_ner_recall": 0.5093283582089553,
    "best_train_ner_span_f1": 0.4245723172628305,
    "train_ner_precision": 0.364,
    "train_ner_recall": 0.5093283582089553,
    "train_ner_span_f1": 0.4245723172628305,
    "best_dev_ner_precision": 0.44086021505376344,
    "best_dev_ner_recall": 0.5694444444444444,
    "best_dev_ner_span_f1": 0.49696969696969695,
    "dev_ner_precision": 0.44086021505376344,
    "dev_ner_recall": 0.5694444444444444,
    "dev_ner_span_f1": 0.49696969696969695
}