{
    "epoch": "16/20",
    "best_epoch": 16,
    "max_gpu_mem": "5.3151",
    "cur_ram": "2.4744",
    "time_epoch": "0:00:09",
    "time_total": "0:02:42",
    "best_train_ner_loss": 3.4512944044890226,
    "train_ner_loss": 3.4512944044890226,
    "best_train_sum": 0.9573283858998145,
    "train_sum": 0.9573283858998145,
    "best_dev_ner_loss": 17.05995069231306,
    "dev_ner_loss": 17.05995069231306,
    "best_dev_sum": 0.896551724137931,
    "dev_sum": 0.896551724137931,
    "best_train_ner_precision": 0.9520295202952029,
    "best_train_ner_recall": 0.9626865671641791,
    "best_train_ner_span_f1": 0.9573283858998145,
    "train_ner_precision": 0.9520295202952029,
    "train_ner_recall": 0.9626865671641791,
    "train_ner_span_f1": 0.9573283858998145,
    "best_dev_ner_precision": 0.8904109589041096,
    "best_dev_ner_recall": 0.9027777777777778,
    "best_dev_ner_span_f1": 0.896551724137931,
    "dev_ner_precision": 0.8904109589041096,
    "dev_ner_recall": 0.9027777777777778,
    "dev_ner_span_f1": 0.896551724137931
}