{
    "epoch": "9/20",
    "best_epoch": 8,
    "max_gpu_mem": "5.3151",
    "cur_ram": "2.4695",
    "time_epoch": "0:00:09",
    "time_total": "0:01:31",
    "best_train_ner_loss": 15.645080354478624,
    "train_ner_loss": 12.739854741979528,
    "best_train_sum": 0.8291782086795938,
    "train_sum": 0.8291782086795938,
    "best_dev_ner_loss": 14.200095585414342,
    "dev_ner_loss": 13.614874703543526,
    "best_dev_sum": 0.8732394366197184,
    "dev_sum": 0.8689655172413793,
    "best_train_ner_precision": 0.8014981273408239,
    "best_train_ner_recall": 0.7985074626865671,
    "best_train_ner_span_f1": 0.7999999999999999,
    "train_ner_precision": 0.8208409506398537,
    "train_ner_recall": 0.8376865671641791,
    "train_ner_span_f1": 0.8291782086795938,
    "best_dev_ner_precision": 0.8857142857142857,
    "best_dev_ner_recall": 0.8611111111111112,
    "best_dev_ner_span_f1": 0.8732394366197184,
    "dev_ner_precision": 0.863013698630137,
    "dev_ner_recall": 0.875,
    "dev_ner_span_f1": 0.8689655172413793
}