{
    "epoch": "5/20",
    "best_epoch": 5,
    "max_gpu_mem": "5.3147",
    "cur_ram": "2.4635",
    "time_epoch": "0:00:09",
    "time_total": "0:00:49",
    "best_train_ner_loss": 50.7225723973027,
    "train_ner_loss": 50.7225723973027,
    "best_train_sum": 0.18433179723502305,
    "train_sum": 0.18433179723502305,
    "best_dev_ner_loss": 33.536412375313894,
    "dev_ner_loss": 33.536412375313894,
    "best_dev_sum": 0.29189189189189185,
    "dev_sum": 0.29189189189189185,
    "best_train_ner_precision": 0.24096385542168675,
    "best_train_ner_recall": 0.14925373134328357,
    "best_train_ner_span_f1": 0.18433179723502305,
    "train_ner_precision": 0.24096385542168675,
    "train_ner_recall": 0.14925373134328357,
    "train_ner_span_f1": 0.18433179723502305,
    "best_dev_ner_precision": 0.23893805309734514,
    "best_dev_ner_recall": 0.375,
    "best_dev_ner_span_f1": 0.29189189189189185,
    "dev_ner_precision": 0.23893805309734514,
    "dev_ner_recall": 0.375,
    "dev_ner_span_f1": 0.29189189189189185
}