{
    "epoch": "18/20",
    "best_epoch": 17,
    "max_gpu_mem": "5.3207",
    "cur_ram": "2.4746",
    "time_epoch": "0:00:09",
    "time_total": "0:03:04",
    "best_train_ner_loss": 2.4020478283917464,
    "train_ner_loss": 1.720259772406684,
    "best_train_sum": 0.9730733519034355,
    "train_sum": 0.9730733519034355,
    "best_dev_ner_loss": 17.12627628871373,
    "dev_ner_loss": 17.73779296875,
    "best_dev_sum": 0.9041095890410958,
    "dev_sum": 0.8904109589041096,
    "best_train_ner_precision": 0.9518518518518518,
    "best_train_ner_recall": 0.9589552238805971,
    "best_train_ner_span_f1": 0.9553903345724907,
    "train_ner_precision": 0.9685767097966729,
    "train_ner_recall": 0.9776119402985075,
    "train_ner_span_f1": 0.9730733519034355,
    "best_dev_ner_precision": 0.8918918918918919,
    "best_dev_ner_recall": 0.9166666666666666,
    "best_dev_ner_span_f1": 0.9041095890410958,
    "dev_ner_precision": 0.8783783783783784,
    "dev_ner_recall": 0.9027777777777778,
    "dev_ner_span_f1": 0.8904109589041096
}