{
    "epoch": "5/20",
    "best_epoch": 5,
    "max_gpu_mem": "7.4458",
    "cur_ram": "2.7532",
    "time_epoch": "0:00:13",
    "time_total": "0:01:09",
    "best_train_ner_loss": 22.56918243408203,
    "train_ner_loss": 22.56918243408203,
    "best_train_sum": 0.7038391224862888,
    "train_sum": 0.7038391224862888,
    "best_dev_ner_loss": 21.753819056919642,
    "dev_ner_loss": 21.753819056919642,
    "best_dev_sum": 0.7297297297297296,
    "dev_sum": 0.7297297297297296,
    "best_train_ner_precision": 0.6887298747763864,
    "best_train_ner_recall": 0.719626168224299,
    "best_train_ner_span_f1": 0.7038391224862888,
    "train_ner_precision": 0.6887298747763864,
    "train_ner_recall": 0.719626168224299,
    "train_ner_span_f1": 0.7038391224862888,
    "best_dev_ner_precision": 0.72,
    "best_dev_ner_recall": 0.7397260273972602,
    "best_dev_ner_span_f1": 0.7297297297297296,
    "dev_ner_precision": 0.72,
    "dev_ner_recall": 0.7397260273972602,
    "dev_ner_span_f1": 0.7297297297297296
}