{
    "epoch": "4/20",
    "best_epoch": 4,
    "max_gpu_mem": "7.4450",
    "cur_ram": "2.7532",
    "time_epoch": "0:00:13",
    "time_total": "0:00:54",
    "best_train_ner_loss": 37.32392372131348,
    "train_ner_loss": 37.32392372131348,
    "best_train_sum": 0.4631578947368421,
    "train_sum": 0.4631578947368421,
    "best_dev_ner_loss": 27.96235466003418,
    "dev_ner_loss": 27.96235466003418,
    "best_dev_sum": 0.6405228758169935,
    "dev_sum": 0.6405228758169935,
    "best_train_ner_precision": 0.4745098039215686,
    "best_train_ner_recall": 0.4523364485981308,
    "best_train_ner_span_f1": 0.4631578947368421,
    "train_ner_precision": 0.4745098039215686,
    "train_ner_recall": 0.4523364485981308,
    "train_ner_span_f1": 0.4631578947368421,
    "best_dev_ner_precision": 0.6125,
    "best_dev_ner_recall": 0.6712328767123288,
    "best_dev_ner_span_f1": 0.6405228758169935,
    "dev_ner_precision": 0.6125,
    "dev_ner_recall": 0.6712328767123288,
    "dev_ner_span_f1": 0.6405228758169935
}