{
    "epoch": "18/20",
    "best_epoch": 7,
    "max_gpu_mem": "7.4580",
    "cur_ram": "2.7539",
    "time_epoch": "0:00:14",
    "time_total": "0:04:14",
    "best_train_ner_loss": 8.57603141784668,
    "train_ner_loss": 0.4364264678955078,
    "best_train_sum": 0.9897292250233426,
    "train_sum": 0.9897292250233426,
    "best_dev_ner_loss": 26.19422776358468,
    "dev_ner_loss": 33.41471317836216,
    "best_dev_sum": 0.8085106382978724,
    "dev_sum": 0.7777777777777778,
    "best_train_ner_precision": 0.8743169398907104,
    "best_train_ner_recall": 0.897196261682243,
    "best_train_ner_span_f1": 0.8856088560885609,
    "train_ner_precision": 0.9888059701492538,
    "train_ner_recall": 0.9906542056074766,
    "train_ner_span_f1": 0.9897292250233426,
    "best_dev_ner_precision": 0.8382352941176471,
    "best_dev_ner_recall": 0.7808219178082192,
    "best_dev_ner_span_f1": 0.8085106382978724,
    "dev_ner_precision": 0.7887323943661971,
    "dev_ner_recall": 0.7671232876712328,
    "dev_ner_span_f1": 0.7777777777777778
}