{
    "epoch": "11/20",
    "best_epoch": 7,
    "max_gpu_mem": "7.4580",
    "cur_ram": "2.7537",
    "time_epoch": "0:00:13",
    "time_total": "0:02:36",
    "best_train_ner_loss": 8.57603141784668,
    "train_ner_loss": 1.8583359909057617,
    "best_train_sum": 0.9776119402985075,
    "train_sum": 0.9776119402985075,
    "best_dev_ner_loss": 26.19422776358468,
    "dev_ner_loss": 30.496890476771764,
    "best_dev_sum": 0.8085106382978724,
    "dev_sum": 0.7534246575342466,
    "best_train_ner_precision": 0.8743169398907104,
    "best_train_ner_recall": 0.897196261682243,
    "best_train_ner_span_f1": 0.8856088560885609,
    "train_ner_precision": 0.9757914338919925,
    "train_ner_recall": 0.9794392523364486,
    "train_ner_span_f1": 0.9776119402985075,
    "best_dev_ner_precision": 0.8382352941176471,
    "best_dev_ner_recall": 0.7808219178082192,
    "best_dev_ner_span_f1": 0.8085106382978724,
    "dev_ner_precision": 0.7534246575342466,
    "dev_ner_recall": 0.7534246575342466,
    "dev_ner_span_f1": 0.7534246575342466
}