{
    "epoch": "2/20",
    "best_epoch": 1,
    "max_gpu_mem": "7.4450",
    "cur_ram": "2.7529",
    "time_epoch": "0:00:13",
    "time_total": "0:00:25",
    "best_train_ner_loss": 1178.7884252929687,
    "train_ner_loss": 379.23416313171384,
    "best_train_sum": 0.0012033694344163659,
    "train_sum": 0.0012033694344163659,
    "best_dev_ner_loss": 853.9858965192523,
    "dev_ner_loss": 90.5477649143764,
    "best_dev_sum": 0.002902757619738752,
    "dev_sum": 0.0,
    "best_train_ner_precision": 0.0005458515283842794,
    "best_train_ner_recall": 0.018691588785046728,
    "best_train_ner_span_f1": 0.0010607265977194376,
    "train_ner_precision": 0.0008873114463176575,
    "train_ner_recall": 0.001869158878504673,
    "train_ner_span_f1": 0.0012033694344163659,
    "best_dev_ner_precision": 0.0016233766233766235,
    "best_dev_ner_recall": 0.0136986301369863,
    "best_dev_ner_span_f1": 0.002902757619738752,
    "dev_ner_precision": 0.0,
    "dev_ner_recall": 0.0,
    "dev_ner_span_f1": 0.0
}