{
    "epoch": "15/20",
    "best_epoch": 7,
    "max_gpu_mem": "7.4580",
    "cur_ram": "2.7539",
    "time_epoch": "0:00:13",
    "time_total": "0:03:32",
    "best_train_ner_loss": 8.57603141784668,
    "train_ner_loss": 0.7276956939697266,
    "best_train_sum": 0.9896907216494845,
    "train_sum": 0.9896907216494845,
    "best_dev_ner_loss": 26.19422776358468,
    "dev_ner_loss": 32.02331107003348,
    "best_dev_sum": 0.8085106382978724,
    "dev_sum": 0.7891156462585033,
    "best_train_ner_precision": 0.8743169398907104,
    "best_train_ner_recall": 0.897196261682243,
    "best_train_ner_span_f1": 0.8856088560885609,
    "train_ner_precision": 0.9924812030075187,
    "train_ner_recall": 0.9869158878504672,
    "train_ner_span_f1": 0.9896907216494845,
    "best_dev_ner_precision": 0.8382352941176471,
    "best_dev_ner_recall": 0.7808219178082192,
    "best_dev_ner_span_f1": 0.8085106382978724,
    "dev_ner_precision": 0.7837837837837838,
    "dev_ner_recall": 0.7945205479452054,
    "dev_ner_span_f1": 0.7891156462585033
}