{
    "epoch": "1/20",
    "best_epoch": 1,
    "max_gpu_mem": "1.2371",
    "cur_ram": "2.4365",
    "time_epoch": "0:00:06",
    "time_total": "0:00:09",
    "best_train_ner_loss": 1496.3319006347656,
    "train_ner_loss": 1496.3319006347656,
    "best_train_sum": 0.0035629453681710215,
    "train_sum": 0.0035629453681710215,
    "best_dev_ner_loss": 1213.9086172921318,
    "dev_ner_loss": 1213.9086172921318,
    "best_dev_sum": 0.0,
    "dev_sum": 0.0,
    "best_train_ner_precision": 0.0018312223409125592,
    "best_train_ner_recall": 0.06557377049180328,
    "best_train_ner_span_f1": 0.0035629453681710215,
    "train_ner_precision": 0.0018312223409125592,
    "train_ner_recall": 0.06557377049180328,
    "train_ner_span_f1": 0.0035629453681710215,
    "best_dev_ner_precision": 0.0,
    "best_dev_ner_recall": 0.0,
    "best_dev_ner_span_f1": 0.0,
    "dev_ner_precision": 0.0,
    "dev_ner_recall": 0.0,
    "dev_ner_span_f1": 0.0
}