{
    "epoch": "6/20",
    "best_epoch": 6,
    "max_gpu_mem": "2.5679",
    "cur_ram": "2.4617",
    "time_epoch": "0:00:07",
    "time_total": "0:00:50",
    "best_train_ner_loss": 19.81780460357666,
    "train_ner_loss": 19.81780460357666,
    "best_train_sum": 0.7301310043668123,
    "train_sum": 0.7301310043668123,
    "best_dev_ner_loss": 17.440949303763254,
    "dev_ner_loss": 17.440949303763254,
    "best_dev_sum": 0.6902654867256638,
    "dev_sum": 0.6902654867256638,
    "best_train_ner_precision": 0.7013422818791947,
    "best_train_ner_recall": 0.761384335154827,
    "best_train_ner_span_f1": 0.7301310043668123,
    "train_ner_precision": 0.7013422818791947,
    "train_ner_recall": 0.761384335154827,
    "train_ner_span_f1": 0.7301310043668123,
    "best_dev_ner_precision": 0.7090909090909091,
    "best_dev_ner_recall": 0.6724137931034483,
    "best_dev_ner_span_f1": 0.6902654867256638,
    "dev_ner_precision": 0.7090909090909091,
    "dev_ner_recall": 0.6724137931034483,
    "dev_ner_span_f1": 0.6902654867256638
}