{
    "epoch": "9/20",
    "best_epoch": 7,
    "max_gpu_mem": "2.5699",
    "cur_ram": "2.4618",
    "time_epoch": "0:00:07",
    "time_total": "0:01:15",
    "best_train_ner_loss": 13.155209426879884,
    "train_ner_loss": 6.027436408996582,
    "best_train_sum": 0.9182389937106917,
    "train_sum": 0.9182389937106917,
    "best_dev_ner_loss": 13.463388442993164,
    "dev_ner_loss": 15.555452619280134,
    "best_dev_sum": 0.8103448275862069,
    "dev_sum": 0.7394957983193277,
    "best_train_ner_precision": 0.8151408450704225,
    "best_train_ner_recall": 0.843351548269581,
    "best_train_ner_span_f1": 0.829006266786034,
    "train_ner_precision": 0.9060283687943262,
    "train_ner_recall": 0.930783242258652,
    "train_ner_span_f1": 0.9182389937106917,
    "best_dev_ner_precision": 0.8103448275862069,
    "best_dev_ner_recall": 0.8103448275862069,
    "best_dev_ner_span_f1": 0.8103448275862069,
    "dev_ner_precision": 0.7213114754098361,
    "dev_ner_recall": 0.7586206896551724,
    "dev_ner_span_f1": 0.7394957983193277
}