{
    "epoch": "8/20",
    "best_epoch": 7,
    "max_gpu_mem": "2.5699",
    "cur_ram": "2.4618",
    "time_epoch": "0:00:07",
    "time_total": "0:01:07",
    "best_train_ner_loss": 13.155209426879884,
    "train_ner_loss": 8.335749320983886,
    "best_train_sum": 0.8986547085201794,
    "train_sum": 0.8986547085201794,
    "best_dev_ner_loss": 13.463388442993164,
    "dev_ner_loss": 15.343105588640485,
    "best_dev_sum": 0.8103448275862069,
    "dev_sum": 0.7692307692307694,
    "best_train_ner_precision": 0.8151408450704225,
    "best_train_ner_recall": 0.843351548269581,
    "best_train_ner_span_f1": 0.829006266786034,
    "train_ner_precision": 0.8851590106007067,
    "train_ner_recall": 0.912568306010929,
    "train_ner_span_f1": 0.8986547085201794,
    "best_dev_ner_precision": 0.8103448275862069,
    "best_dev_ner_recall": 0.8103448275862069,
    "best_dev_ner_span_f1": 0.8103448275862069,
    "dev_ner_precision": 0.7627118644067796,
    "dev_ner_recall": 0.7758620689655172,
    "dev_ner_span_f1": 0.7692307692307694
}