{
    "epoch": "11/20",
    "best_epoch": 10,
    "max_gpu_mem": "2.5699",
    "cur_ram": "2.4619",
    "time_epoch": "0:00:07",
    "time_total": "0:01:31",
    "best_train_ner_loss": 3.6962789154052733,
    "train_ner_loss": 2.8096791458129884,
    "best_train_sum": 0.9692028985507247,
    "train_sum": 0.9692028985507247,
    "best_dev_ner_loss": 14.198248182024274,
    "dev_ner_loss": 15.557916913713727,
    "best_dev_sum": 0.8205128205128206,
    "dev_sum": 0.8135593220338982,
    "best_train_ner_precision": 0.9584086799276673,
    "best_train_ner_recall": 0.9653916211293261,
    "best_train_ner_span_f1": 0.9618874773139746,
    "train_ner_precision": 0.963963963963964,
    "train_ner_recall": 0.9744990892531876,
    "train_ner_span_f1": 0.9692028985507247,
    "best_dev_ner_precision": 0.8135593220338984,
    "best_dev_ner_recall": 0.8275862068965517,
    "best_dev_ner_span_f1": 0.8205128205128206,
    "dev_ner_precision": 0.8,
    "dev_ner_recall": 0.8275862068965517,
    "dev_ner_span_f1": 0.8135593220338982
}