{
    "epoch": "7/20",
    "best_epoch": 7,
    "max_gpu_mem": "2.5679",
    "cur_ram": "2.4617",
    "time_epoch": "0:00:07",
    "time_total": "0:00:58",
    "best_train_ner_loss": 13.155209426879884,
    "train_ner_loss": 13.155209426879884,
    "best_train_sum": 0.829006266786034,
    "train_sum": 0.829006266786034,
    "best_dev_ner_loss": 13.463388442993164,
    "dev_ner_loss": 13.463388442993164,
    "best_dev_sum": 0.8103448275862069,
    "dev_sum": 0.8103448275862069,
    "best_train_ner_precision": 0.8151408450704225,
    "best_train_ner_recall": 0.843351548269581,
    "best_train_ner_span_f1": 0.829006266786034,
    "train_ner_precision": 0.8151408450704225,
    "train_ner_recall": 0.843351548269581,
    "train_ner_span_f1": 0.829006266786034,
    "best_dev_ner_precision": 0.8103448275862069,
    "best_dev_ner_recall": 0.8103448275862069,
    "best_dev_ner_span_f1": 0.8103448275862069,
    "dev_ner_precision": 0.8103448275862069,
    "dev_ner_recall": 0.8103448275862069,
    "dev_ner_span_f1": 0.8103448275862069
}