{
    "epoch": "3/20",
    "best_epoch": 1,
    "max_gpu_mem": "2.5679",
    "cur_ram": "2.4489",
    "time_epoch": "0:00:07",
    "time_total": "0:00:25",
    "best_train_ner_loss": 1496.3319006347656,
    "train_ner_loss": 114.48849002838135,
    "best_train_sum": 0.0,
    "train_sum": 0.0,
    "best_dev_ner_loss": 1213.9086172921318,
    "dev_ner_loss": 74.39783940996442,
    "best_dev_sum": 0.0,
    "dev_sum": 0.0,
    "best_train_ner_precision": 0.0018312223409125592,
    "best_train_ner_recall": 0.06557377049180328,
    "best_train_ner_span_f1": 0.0035629453681710215,
    "train_ner_precision": 0.0,
    "train_ner_recall": 0.0,
    "train_ner_span_f1": 0.0,
    "best_dev_ner_precision": 0.0,
    "best_dev_ner_recall": 0.0,
    "best_dev_ner_span_f1": 0.0,
    "dev_ner_precision": 0.0,
    "dev_ner_recall": 0.0,
    "dev_ner_span_f1": 0.0
}