{
    "epoch": "2/20",
    "best_epoch": 1,
    "max_gpu_mem": "5.2850",
    "cur_ram": "2.4356",
    "time_epoch": "0:00:09",
    "time_total": "0:00:20",
    "best_train_ner_loss": 1590.0253544560185,
    "train_ner_loss": 944.6356755009404,
    "best_train_sum": 0.00010766580534022394,
    "train_sum": 0.00010766580534022394,
    "best_dev_ner_loss": 1484.548060825893,
    "dev_ner_loss": 120.02093587602887,
    "best_dev_sum": 0.0,
    "dev_sum": 0.0,
    "best_train_ner_precision": 3.053062221408072e-05,
    "best_train_ner_recall": 0.001869158878504673,
    "best_train_ner_span_f1": 6.007990627534621e-05,
    "train_ner_precision": 5.542929992794191e-05,
    "train_ner_recall": 0.001869158878504673,
    "train_ner_span_f1": 0.00010766580534022394,
    "best_dev_ner_precision": 0.0,
    "best_dev_ner_recall": 0.0,
    "best_dev_ner_span_f1": 0.0,
    "dev_ner_precision": 0.0,
    "dev_ner_recall": 0.0,
    "dev_ner_span_f1": 0.0
}