{
    "epoch": "9/20",
    "best_epoch": 8,
    "max_gpu_mem": "5.2922",
    "cur_ram": "2.4462",
    "time_epoch": "0:00:09",
    "time_total": "0:01:32",
    "best_train_ner_loss": 16.60370436421147,
    "train_ner_loss": 11.822669912267614,
    "best_train_sum": 0.8379373848987108,
    "train_sum": 0.8379373848987108,
    "best_dev_ner_loss": 23.244409561157227,
    "dev_ner_loss": 24.82082666669573,
    "best_dev_sum": 0.7862068965517242,
    "dev_sum": 0.75,
    "best_train_ner_precision": 0.7794392523364486,
    "best_train_ner_recall": 0.7794392523364486,
    "best_train_ner_span_f1": 0.7794392523364486,
    "train_ner_precision": 0.8257713248638838,
    "train_ner_recall": 0.8504672897196262,
    "train_ner_span_f1": 0.8379373848987108,
    "best_dev_ner_precision": 0.7916666666666666,
    "best_dev_ner_recall": 0.7808219178082192,
    "best_dev_ner_span_f1": 0.7862068965517242,
    "dev_ner_precision": 0.7605633802816901,
    "dev_ner_recall": 0.7397260273972602,
    "dev_ner_span_f1": 0.75
}