{
    "epoch": "16/20",
    "best_epoch": 11,
    "max_gpu_mem": "5.2952",
    "cur_ram": "2.4464",
    "time_epoch": "0:00:09",
    "time_total": "0:02:39",
    "best_train_ner_loss": 7.002045348838523,
    "train_ner_loss": 2.357148382398817,
    "best_train_sum": 0.9710009354536951,
    "train_sum": 0.9710009354536951,
    "best_dev_ner_loss": 29.203899928501674,
    "dev_ner_loss": 34.24874823434012,
    "best_dev_sum": 0.802721088435374,
    "dev_sum": 0.7755102040816327,
    "best_train_ner_precision": 0.8903107861060329,
    "best_train_ner_recall": 0.9102803738317757,
    "best_train_ner_span_f1": 0.9001848428835489,
    "train_ner_precision": 0.9719101123595506,
    "train_ner_recall": 0.9700934579439252,
    "train_ner_span_f1": 0.9710009354536951,
    "best_dev_ner_precision": 0.7972972972972973,
    "best_dev_ner_recall": 0.8082191780821918,
    "best_dev_ner_span_f1": 0.802721088435374,
    "dev_ner_precision": 0.7702702702702703,
    "dev_ner_recall": 0.7808219178082192,
    "dev_ner_span_f1": 0.7755102040816327
}