{
    "epoch": "11/20",
    "best_epoch": 11,
    "max_gpu_mem": "5.2922",
    "cur_ram": "2.4462",
    "time_epoch": "0:00:09",
    "time_total": "0:01:51",
    "best_train_ner_loss": 7.002045348838523,
    "train_ner_loss": 7.002045348838523,
    "best_train_sum": 0.9001848428835489,
    "train_sum": 0.9001848428835489,
    "best_dev_ner_loss": 29.203899928501674,
    "dev_ner_loss": 29.203899928501674,
    "best_dev_sum": 0.802721088435374,
    "dev_sum": 0.802721088435374,
    "best_train_ner_precision": 0.8903107861060329,
    "best_train_ner_recall": 0.9102803738317757,
    "best_train_ner_span_f1": 0.9001848428835489,
    "train_ner_precision": 0.8903107861060329,
    "train_ner_recall": 0.9102803738317757,
    "train_ner_span_f1": 0.9001848428835489,
    "best_dev_ner_precision": 0.7972972972972973,
    "best_dev_ner_recall": 0.8082191780821918,
    "best_dev_ner_span_f1": 0.802721088435374,
    "dev_ner_precision": 0.7972972972972973,
    "dev_ner_recall": 0.8082191780821918,
    "dev_ner_span_f1": 0.802721088435374
}