{
    "epoch": "19/20",
    "best_epoch": 11,
    "max_gpu_mem": "5.2952",
    "cur_ram": "2.4464",
    "time_epoch": "0:00:09",
    "time_total": "0:03:08",
    "best_train_ner_loss": 7.002045348838523,
    "train_ner_loss": 1.1994256620053891,
    "best_train_sum": 0.9822595704948647,
    "train_sum": 0.9822595704948647,
    "best_dev_ner_loss": 29.203899928501674,
    "dev_ner_loss": 34.73753029959543,
    "best_dev_sum": 0.802721088435374,
    "dev_sum": 0.7733333333333333,
    "best_train_ner_precision": 0.8903107861060329,
    "best_train_ner_recall": 0.9102803738317757,
    "best_train_ner_span_f1": 0.9001848428835489,
    "train_ner_precision": 0.9813432835820896,
    "train_ner_recall": 0.983177570093458,
    "train_ner_span_f1": 0.9822595704948647,
    "best_dev_ner_precision": 0.7972972972972973,
    "best_dev_ner_recall": 0.8082191780821918,
    "best_dev_ner_span_f1": 0.802721088435374,
    "dev_ner_precision": 0.7532467532467533,
    "dev_ner_recall": 0.7945205479452054,
    "dev_ner_span_f1": 0.7733333333333333
}