{
    "epoch": "3/20",
    "best_epoch": 1,
    "max_gpu_mem": "5.2877",
    "cur_ram": "2.4356",
    "time_epoch": "0:00:09",
    "time_total": "0:00:30",
    "best_train_ner_loss": 1590.0253544560185,
    "train_ner_loss": 108.19876903957791,
    "best_train_sum": 0.0,
    "train_sum": 0.0,
    "best_dev_ner_loss": 1484.548060825893,
    "dev_ner_loss": 87.7991578238351,
    "best_dev_sum": 0.0,
    "dev_sum": 0.0,
    "best_train_ner_precision": 3.053062221408072e-05,
    "best_train_ner_recall": 0.001869158878504673,
    "best_train_ner_span_f1": 6.007990627534621e-05,
    "train_ner_precision": 0.0,
    "train_ner_recall": 0.0,
    "train_ner_span_f1": 0.0,
    "best_dev_ner_precision": 0.0,
    "best_dev_ner_recall": 0.0,
    "best_dev_ner_span_f1": 0.0,
    "dev_ner_precision": 0.0,
    "dev_ner_recall": 0.0,
    "dev_ner_span_f1": 0.0
}