{
    "epoch": "6/20",
    "best_epoch": 6,
    "max_gpu_mem": "5.2893",
    "cur_ram": "2.4436",
    "time_epoch": "0:00:09",
    "time_total": "0:01:00",
    "best_train_ner_loss": 30.209202819400364,
    "train_ner_loss": 30.209202819400364,
    "best_train_sum": 0.4396482813749001,
    "train_sum": 0.4396482813749001,
    "best_dev_ner_loss": 27.78118896484375,
    "dev_ner_loss": 27.78118896484375,
    "best_dev_sum": 0.6946107784431137,
    "dev_sum": 0.6946107784431137,
    "best_train_ner_precision": 0.3840782122905028,
    "best_train_ner_recall": 0.514018691588785,
    "best_train_ner_span_f1": 0.4396482813749001,
    "train_ner_precision": 0.3840782122905028,
    "train_ner_recall": 0.514018691588785,
    "train_ner_span_f1": 0.4396482813749001,
    "best_dev_ner_precision": 0.6170212765957447,
    "best_dev_ner_recall": 0.7945205479452054,
    "best_dev_ner_span_f1": 0.6946107784431137,
    "dev_ner_precision": 0.6170212765957447,
    "dev_ner_recall": 0.7945205479452054,
    "dev_ner_span_f1": 0.6946107784431137
}