{
    "epoch": "13/20",
    "best_epoch": 11,
    "max_gpu_mem": "5.2952",
    "cur_ram": "2.4463",
    "time_epoch": "0:00:09",
    "time_total": "0:02:11",
    "best_train_ner_loss": 7.002045348838523,
    "train_ner_loss": 4.231855710347493,
    "best_train_sum": 0.9441340782122905,
    "train_sum": 0.9441340782122905,
    "best_dev_ner_loss": 29.203899928501674,
    "dev_ner_loss": 29.768529074532644,
    "best_dev_sum": 0.802721088435374,
    "dev_sum": 0.7581699346405228,
    "best_train_ner_precision": 0.8903107861060329,
    "best_train_ner_recall": 0.9102803738317757,
    "best_train_ner_span_f1": 0.9001848428835489,
    "train_ner_precision": 0.9406307977736549,
    "train_ner_recall": 0.9476635514018692,
    "train_ner_span_f1": 0.9441340782122905,
    "best_dev_ner_precision": 0.7972972972972973,
    "best_dev_ner_recall": 0.8082191780821918,
    "best_dev_ner_span_f1": 0.802721088435374,
    "dev_ner_precision": 0.725,
    "dev_ner_recall": 0.7945205479452054,
    "dev_ner_span_f1": 0.7581699346405228
}