{
    "epoch": "20/20",
    "best_epoch": 12,
    "max_gpu_mem": "3.7226",
    "cur_ram": "2.4795",
    "time_epoch": "0:00:08",
    "time_total": "0:03:01",
    "best_train_ner_loss": 0.881953706928328,
    "train_ner_loss": 0.22812637628293506,
    "best_train_sum": 0.995260663507109,
    "train_sum": 0.995260663507109,
    "best_dev_ner_loss": 21.279784066336497,
    "dev_ner_loss": 22.786171776907786,
    "best_dev_sum": 0.8500000000000001,
    "dev_sum": 0.84472049689441,
    "best_train_ner_precision": 0.981203007518797,
    "best_train_ner_recall": 0.9905123339658444,
    "best_train_ner_span_f1": 0.9858356940509915,
    "train_ner_precision": 0.9943181818181818,
    "train_ner_recall": 0.9962049335863378,
    "train_ner_span_f1": 0.995260663507109,
    "best_dev_ner_precision": 0.8292682926829268,
    "best_dev_ner_recall": 0.8717948717948718,
    "best_dev_ner_span_f1": 0.8500000000000001,
    "dev_ner_precision": 0.8192771084337349,
    "dev_ner_recall": 0.8717948717948718,
    "dev_ner_span_f1": 0.84472049689441
}