{
    "epoch": "6/20",
    "best_epoch": 5,
    "max_gpu_mem": "3.7226",
    "cur_ram": "2.4791",
    "time_epoch": "0:00:08",
    "time_total": "0:00:56",
    "best_train_ner_loss": 17.81451010236553,
    "train_ner_loss": 10.06785172107173,
    "best_train_sum": 0.8518173345759552,
    "train_sum": 0.8518173345759552,
    "best_dev_ner_loss": 17.542139870779856,
    "dev_ner_loss": 18.81396225520543,
    "best_dev_sum": 0.8095238095238095,
    "dev_sum": 0.7948717948717948,
    "best_train_ner_precision": 0.6747404844290658,
    "best_train_ner_recall": 0.7400379506641366,
    "best_train_ner_span_f1": 0.7058823529411764,
    "train_ner_precision": 0.836996336996337,
    "train_ner_recall": 0.8671726755218216,
    "train_ner_span_f1": 0.8518173345759552,
    "best_dev_ner_precision": 0.7555555555555555,
    "best_dev_ner_recall": 0.8717948717948718,
    "best_dev_ner_span_f1": 0.8095238095238095,
    "dev_ner_precision": 0.7948717948717948,
    "dev_ner_recall": 0.7948717948717948,
    "dev_ner_span_f1": 0.7948717948717948
}