{
    "epoch": "8/20",
    "best_epoch": 7,
    "max_gpu_mem": "3.7226",
    "cur_ram": "2.4792",
    "time_epoch": "0:00:08",
    "time_total": "0:01:14",
    "best_train_ner_loss": 7.430618809718712,
    "train_ner_loss": 6.012686187145757,
    "best_train_sum": 0.9099437148217636,
    "train_sum": 0.9099437148217636,
    "best_dev_ner_loss": 19.831953321184432,
    "dev_ner_loss": 17.900620188031876,
    "best_dev_sum": 0.8280254777070064,
    "dev_sum": 0.7836257309941521,
    "best_train_ner_precision": 0.9013035381750466,
    "best_train_ner_recall": 0.9184060721062619,
    "best_train_ner_span_f1": 0.9097744360902256,
    "train_ner_precision": 0.8998144712430427,
    "train_ner_recall": 0.920303605313093,
    "train_ner_span_f1": 0.9099437148217636,
    "best_dev_ner_precision": 0.8227848101265823,
    "best_dev_ner_recall": 0.8333333333333334,
    "best_dev_ner_span_f1": 0.8280254777070064,
    "dev_ner_precision": 0.7204301075268817,
    "dev_ner_recall": 0.8589743589743589,
    "dev_ner_span_f1": 0.7836257309941521
}