{
    "epoch": "2/20",
    "best_epoch": 1,
    "max_gpu_mem": "3.7130",
    "cur_ram": "2.4786",
    "time_epoch": "0:00:08",
    "time_total": "0:00:18",
    "best_train_ner_loss": 857.2087522020527,
    "train_ner_loss": 246.25032144434311,
    "best_train_sum": 0.017983909133932798,
    "train_sum": 0.017983909133932798,
    "best_dev_ner_loss": 663.2365809849331,
    "dev_ner_loss": 102.41253089904785,
    "best_dev_sum": 0.02668539325842697,
    "dev_sum": 0.0,
    "best_train_ner_precision": 0.009247926016591867,
    "best_train_ner_recall": 0.25806451612903225,
    "best_train_ner_span_f1": 0.017855970590166085,
    "train_ner_precision": 0.01197982345523329,
    "train_ner_recall": 0.036053130929791274,
    "train_ner_span_f1": 0.017983909133932798,
    "best_dev_ner_precision": 0.01411589895988113,
    "best_dev_ner_recall": 0.24358974358974358,
    "best_dev_ner_span_f1": 0.02668539325842697,
    "dev_ner_precision": 0.0,
    "dev_ner_recall": 0.0,
    "dev_ner_span_f1": 0.0
}