{
    "epoch": "13/20",
    "best_epoch": 12,
    "max_gpu_mem": "3.7226",
    "cur_ram": "2.4794",
    "time_epoch": "0:00:08",
    "time_total": "0:02:00",
    "best_train_ner_loss": 0.881953706928328,
    "train_ner_loss": 1.1944170933143765,
    "best_train_sum": 0.9792060491493383,
    "train_sum": 0.9792060491493383,
    "best_dev_ner_loss": 21.279784066336497,
    "dev_ner_loss": 23.2706173488072,
    "best_dev_sum": 0.8500000000000001,
    "dev_sum": 0.8176100628930817,
    "best_train_ner_precision": 0.981203007518797,
    "best_train_ner_recall": 0.9905123339658444,
    "best_train_ner_span_f1": 0.9858356940509915,
    "train_ner_precision": 0.975517890772128,
    "train_ner_recall": 0.9829222011385199,
    "train_ner_span_f1": 0.9792060491493383,
    "best_dev_ner_precision": 0.8292682926829268,
    "best_dev_ner_recall": 0.8717948717948718,
    "best_dev_ner_span_f1": 0.8500000000000001,
    "dev_ner_precision": 0.8024691358024691,
    "dev_ner_recall": 0.8333333333333334,
    "dev_ner_span_f1": 0.8176100628930817
}