{
    "epoch": "4/20",
    "best_epoch": 4,
    "max_gpu_mem": "2.3120",
    "cur_ram": "2.4492",
    "time_epoch": "0:00:03",
    "time_total": "0:00:16",
    "best_train_ner_loss": 91.1911777496338,
    "train_ner_loss": 91.1911777496338,
    "best_train_sum": 0.7140997830802602,
    "train_sum": 0.7140997830802602,
    "best_dev_ner_loss": 45.33429527282715,
    "dev_ner_loss": 45.33429527282715,
    "best_dev_sum": 0.7872340425531915,
    "dev_sum": 0.7872340425531915,
    "best_train_ner_precision": 0.7150304083405734,
    "best_train_ner_recall": 0.7131715771230502,
    "best_train_ner_span_f1": 0.7140997830802602,
    "train_ner_precision": 0.7150304083405734,
    "train_ner_recall": 0.7131715771230502,
    "train_ner_span_f1": 0.7140997830802602,
    "best_dev_ner_precision": 0.7655172413793103,
    "best_dev_ner_recall": 0.8102189781021898,
    "best_dev_ner_span_f1": 0.7872340425531915,
    "dev_ner_precision": 0.7655172413793103,
    "dev_ner_recall": 0.8102189781021898,
    "dev_ner_span_f1": 0.7872340425531915
}