{
    "epoch": "12/20",
    "best_epoch": 11,
    "max_gpu_mem": "2.3120",
    "cur_ram": "2.4499",
    "time_epoch": "0:00:03",
    "time_total": "0:00:46",
    "best_train_ner_loss": 3.158818817138672,
    "train_ner_loss": 2.0535945892333984,
    "best_train_sum": 0.993939393939394,
    "train_sum": 0.993939393939394,
    "best_dev_ner_loss": 20.881280422210693,
    "dev_ner_loss": 22.19961166381836,
    "best_dev_sum": 0.9236363636363637,
    "dev_sum": 0.9057971014492754,
    "best_train_ner_precision": 0.9879101899827288,
    "best_train_ner_recall": 0.9913344887348353,
    "best_train_ner_span_f1": 0.9896193771626297,
    "train_ner_precision": 0.9930795847750865,
    "train_ner_recall": 0.9948006932409013,
    "train_ner_span_f1": 0.993939393939394,
    "best_dev_ner_precision": 0.9202898550724637,
    "best_dev_ner_recall": 0.927007299270073,
    "best_dev_ner_span_f1": 0.9236363636363637,
    "dev_ner_precision": 0.8992805755395683,
    "dev_ner_recall": 0.9124087591240876,
    "dev_ner_span_f1": 0.9057971014492754
}