{
    "epoch": "13/20",
    "best_epoch": 11,
    "max_gpu_mem": "2.3120",
    "cur_ram": "2.4499",
    "time_epoch": "0:00:03",
    "time_total": "0:00:49",
    "best_train_ner_loss": 3.158818817138672,
    "train_ner_loss": 1.1239800771077475,
    "best_train_sum": 0.9991334488734835,
    "train_sum": 0.9991334488734835,
    "best_dev_ner_loss": 20.881280422210693,
    "dev_ner_loss": 21.256776332855225,
    "best_dev_sum": 0.9236363636363637,
    "dev_sum": 0.9097472924187726,
    "best_train_ner_precision": 0.9879101899827288,
    "best_train_ner_recall": 0.9913344887348353,
    "best_train_ner_span_f1": 0.9896193771626297,
    "train_ner_precision": 0.9991334488734835,
    "train_ner_recall": 0.9991334488734835,
    "train_ner_span_f1": 0.9991334488734835,
    "best_dev_ner_precision": 0.9202898550724637,
    "best_dev_ner_recall": 0.927007299270073,
    "best_dev_ner_span_f1": 0.9236363636363637,
    "dev_ner_precision": 0.9,
    "dev_ner_recall": 0.9197080291970803,
    "dev_ner_span_f1": 0.9097472924187726
}