{
    "epoch": "10/20",
    "best_epoch": 7,
    "max_gpu_mem": "2.3120",
    "cur_ram": "2.4497",
    "time_epoch": "0:00:03",
    "time_total": "0:00:39",
    "best_train_ner_loss": 11.512844975789388,
    "train_ner_loss": 3.734352429707845,
    "best_train_sum": 0.9827437446074201,
    "train_sum": 0.9827437446074201,
    "best_dev_ner_loss": 19.07317352294922,
    "dev_ner_loss": 21.460911750793457,
    "best_dev_sum": 0.9090909090909091,
    "dev_sum": 0.888086642599278,
    "best_train_ner_precision": 0.9605826906598115,
    "best_train_ner_recall": 0.9714038128249567,
    "best_train_ner_span_f1": 0.965962947005601,
    "train_ner_precision": 0.9785223367697594,
    "train_ner_recall": 0.987001733102253,
    "train_ner_span_f1": 0.9827437446074201,
    "best_dev_ner_precision": 0.9057971014492754,
    "best_dev_ner_recall": 0.9124087591240876,
    "best_dev_ner_span_f1": 0.9090909090909091,
    "dev_ner_precision": 0.8785714285714286,
    "dev_ner_recall": 0.8978102189781022,
    "dev_ner_span_f1": 0.888086642599278
}