{
    "epoch": "3/20",
    "best_epoch": 3,
    "max_gpu_mem": "2.3120",
    "cur_ram": "2.4445",
    "time_epoch": "0:00:03",
    "time_total": "0:00:12",
    "best_train_ner_loss": 260.8675645192464,
    "train_ner_loss": 260.8675645192464,
    "best_train_sum": 0.2348947725729803,
    "train_sum": 0.2348947725729803,
    "best_dev_ner_loss": 118.6372299194336,
    "dev_ner_loss": 118.6372299194336,
    "best_dev_sum": 0.6324110671936759,
    "dev_sum": 0.6324110671936759,
    "best_train_ner_precision": 0.542319749216301,
    "best_train_ner_recall": 0.14991334488734837,
    "best_train_ner_span_f1": 0.2348947725729803,
    "train_ner_precision": 0.542319749216301,
    "train_ner_recall": 0.14991334488734837,
    "train_ner_span_f1": 0.2348947725729803,
    "best_dev_ner_precision": 0.6896551724137931,
    "best_dev_ner_recall": 0.583941605839416,
    "best_dev_ner_span_f1": 0.6324110671936759,
    "dev_ner_precision": 0.6896551724137931,
    "dev_ner_recall": 0.583941605839416,
    "dev_ner_span_f1": 0.6324110671936759
}