{
    "epoch": "20/20",
    "best_epoch": 11,
    "max_gpu_mem": "2.3120",
    "cur_ram": "2.4499",
    "time_epoch": "0:00:03",
    "time_total": "0:01:14",
    "best_train_ner_loss": 3.158818817138672,
    "train_ner_loss": 0.2938053131103516,
    "best_train_sum": 1.0,
    "train_sum": 1.0,
    "best_dev_ner_loss": 20.881280422210693,
    "dev_ner_loss": 24.270299911499023,
    "best_dev_sum": 0.9236363636363637,
    "dev_sum": 0.8913043478260869,
    "best_train_ner_precision": 0.9879101899827288,
    "best_train_ner_recall": 0.9913344887348353,
    "best_train_ner_span_f1": 0.9896193771626297,
    "train_ner_precision": 1.0,
    "train_ner_recall": 1.0,
    "train_ner_span_f1": 1.0,
    "best_dev_ner_precision": 0.9202898550724637,
    "best_dev_ner_recall": 0.927007299270073,
    "best_dev_ner_span_f1": 0.9236363636363637,
    "dev_ner_precision": 0.8848920863309353,
    "dev_ner_recall": 0.8978102189781022,
    "dev_ner_span_f1": 0.8913043478260869
}