{
    "epoch": "2/20",
    "best_epoch": 1,
    "max_gpu_mem": "2.3115",
    "cur_ram": "2.4444",
    "time_epoch": "0:00:03",
    "time_total": "0:00:09",
    "best_train_ner_loss": 945.2563568115235,
    "train_ner_loss": 696.5757639567057,
    "best_train_sum": 0.02728306176582039,
    "train_sum": 0.02728306176582039,
    "best_dev_ner_loss": 802.563720703125,
    "dev_ner_loss": 315.1946830749512,
    "best_dev_sum": 0.019656019656019656,
    "dev_sum": 0.0,
    "best_train_ner_precision": 0.006717226435536294,
    "best_train_ner_recall": 0.053726169844020795,
    "best_train_ner_span_f1": 0.011941448382126348,
    "train_ner_precision": 0.01745877788554801,
    "train_ner_recall": 0.06239168110918544,
    "train_ner_span_f1": 0.02728306176582039,
    "best_dev_ner_precision": 0.01107011070110701,
    "best_dev_ner_recall": 0.08759124087591241,
    "best_dev_ner_span_f1": 0.019656019656019656,
    "dev_ner_precision": 0.0,
    "dev_ner_recall": 0.0,
    "dev_ner_span_f1": 0.0
}