{
    "epoch": "19/20",
    "best_epoch": 15,
    "max_gpu_mem": "7.5708",
    "cur_ram": "2.7874",
    "time_epoch": "0:00:06",
    "time_total": "0:02:17",
    "best_train_ner_loss": 3.6115749994913737,
    "train_ner_loss": 2.1446396509806314,
    "best_train_sum": 0.9944325481798715,
    "train_sum": 0.9944325481798715,
    "best_dev_ner_loss": 18.724425315856934,
    "dev_ner_loss": 21.400784492492676,
    "best_dev_sum": 0.9523809523809523,
    "dev_sum": 0.9402390438247011,
    "best_train_ner_precision": 0.9770797962648556,
    "best_train_ner_recall": 0.9879828326180258,
    "best_train_ner_span_f1": 0.9825010670081092,
    "train_ner_precision": 0.9923076923076923,
    "train_ner_recall": 0.9965665236051502,
    "train_ner_span_f1": 0.9944325481798715,
    "best_dev_ner_precision": 0.9448818897637795,
    "best_dev_ner_recall": 0.96,
    "best_dev_ner_span_f1": 0.9523809523809523,
    "dev_ner_precision": 0.9365079365079365,
    "dev_ner_recall": 0.944,
    "dev_ner_span_f1": 0.9402390438247011
}