{
    "epoch": "11/20",
    "best_epoch": 10,
    "max_gpu_mem": "7.5701",
    "cur_ram": "2.7872",
    "time_epoch": "0:00:06",
    "time_total": "0:01:22",
    "best_train_ner_loss": 10.860881741841634,
    "train_ner_loss": 7.987847455342611,
    "best_train_sum": 0.9696969696969696,
    "train_sum": 0.9696969696969696,
    "best_dev_ner_loss": 17.670886993408203,
    "dev_ner_loss": 15.624713897705078,
    "best_dev_sum": 0.9365079365079364,
    "dev_sum": 0.9328063241106719,
    "best_train_ner_precision": 0.9455155071248952,
    "best_train_ner_recall": 0.9682403433476395,
    "best_train_ner_span_f1": 0.9567430025445294,
    "train_ner_precision": 0.9643463497453311,
    "train_ner_recall": 0.975107296137339,
    "train_ner_span_f1": 0.9696969696969696,
    "best_dev_ner_precision": 0.9291338582677166,
    "best_dev_ner_recall": 0.944,
    "best_dev_ner_span_f1": 0.9365079365079364,
    "dev_ner_precision": 0.921875,
    "dev_ner_recall": 0.944,
    "dev_ner_span_f1": 0.9328063241106719
}