{
    "epoch": "5/20",
    "best_epoch": 5,
    "max_gpu_mem": "7.5631",
    "cur_ram": "2.7864",
    "time_epoch": "0:00:06",
    "time_total": "0:00:37",
    "best_train_ner_loss": 44.37822971343994,
    "train_ner_loss": 44.37822971343994,
    "best_train_sum": 0.849624060150376,
    "train_sum": 0.849624060150376,
    "best_dev_ner_loss": 24.940401077270508,
    "dev_ner_loss": 24.940401077270508,
    "best_dev_sum": 0.8828125000000001,
    "dev_sum": 0.8828125000000001,
    "best_train_ner_precision": 0.8275020341741253,
    "best_train_ner_recall": 0.8729613733905579,
    "best_train_ner_span_f1": 0.849624060150376,
    "train_ner_precision": 0.8275020341741253,
    "train_ner_recall": 0.8729613733905579,
    "train_ner_span_f1": 0.849624060150376,
    "best_dev_ner_precision": 0.8625954198473282,
    "best_dev_ner_recall": 0.904,
    "best_dev_ner_span_f1": 0.8828125000000001,
    "dev_ner_precision": 0.8625954198473282,
    "dev_ner_recall": 0.904,
    "dev_ner_span_f1": 0.8828125000000001
}