{
    "epoch": "4/20",
    "best_epoch": 4,
    "max_gpu_mem": "7.5631",
    "cur_ram": "2.7864",
    "time_epoch": "0:00:06",
    "time_total": "0:00:29",
    "best_train_ner_loss": 66.93803431193034,
    "train_ner_loss": 66.93803431193034,
    "best_train_sum": 0.7685374846374436,
    "train_sum": 0.7685374846374436,
    "best_dev_ner_loss": 35.90084362030029,
    "dev_ner_loss": 35.90084362030029,
    "best_dev_sum": 0.8333333333333333,
    "dev_sum": 0.8333333333333333,
    "best_train_ner_precision": 0.7351097178683386,
    "best_train_ner_recall": 0.8051502145922746,
    "best_train_ner_span_f1": 0.7685374846374436,
    "train_ner_precision": 0.7351097178683386,
    "train_ner_recall": 0.8051502145922746,
    "train_ner_span_f1": 0.7685374846374436,
    "best_dev_ner_precision": 0.8267716535433071,
    "best_dev_ner_recall": 0.84,
    "best_dev_ner_span_f1": 0.8333333333333333,
    "dev_ner_precision": 0.8267716535433071,
    "dev_ner_recall": 0.84,
    "dev_ner_span_f1": 0.8333333333333333
}