{
    "epoch": "3/20",
    "best_epoch": 3,
    "max_gpu_mem": "7.5631",
    "cur_ram": "2.7863",
    "time_epoch": "0:00:06",
    "time_total": "0:00:21",
    "best_train_ner_loss": 176.30050926208497,
    "train_ner_loss": 176.30050926208497,
    "best_train_sum": 0.4210526315789474,
    "train_sum": 0.4210526315789474,
    "best_dev_ner_loss": 70.94519805908203,
    "dev_ner_loss": 70.94519805908203,
    "best_dev_sum": 0.7550200803212852,
    "dev_sum": 0.7550200803212852,
    "best_train_ner_precision": 0.46028513238289204,
    "best_train_ner_recall": 0.38798283261802574,
    "best_train_ner_span_f1": 0.4210526315789474,
    "train_ner_precision": 0.46028513238289204,
    "train_ner_recall": 0.38798283261802574,
    "train_ner_span_f1": 0.4210526315789474,
    "best_dev_ner_precision": 0.7580645161290323,
    "best_dev_ner_recall": 0.752,
    "best_dev_ner_span_f1": 0.7550200803212852,
    "dev_ner_precision": 0.7580645161290323,
    "dev_ner_recall": 0.752,
    "dev_ner_span_f1": 0.7550200803212852
}