{
    "epoch": "12/20",
    "best_epoch": 12,
    "max_gpu_mem": "7.5701",
    "cur_ram": "2.7872",
    "time_epoch": "0:00:06",
    "time_total": "0:01:28",
    "best_train_ner_loss": 7.743588002522786,
    "train_ner_loss": 7.743588002522786,
    "best_train_sum": 0.9664258393540162,
    "train_sum": 0.9664258393540162,
    "best_dev_ner_loss": 18.333843231201172,
    "dev_ner_loss": 18.333843231201172,
    "best_dev_sum": 0.9402390438247011,
    "dev_sum": 0.9402390438247011,
    "best_train_ner_precision": 0.9570707070707071,
    "best_train_ner_recall": 0.9759656652360515,
    "best_train_ner_span_f1": 0.9664258393540162,
    "train_ner_precision": 0.9570707070707071,
    "train_ner_recall": 0.9759656652360515,
    "train_ner_span_f1": 0.9664258393540162,
    "best_dev_ner_precision": 0.9365079365079365,
    "best_dev_ner_recall": 0.944,
    "best_dev_ner_span_f1": 0.9402390438247011,
    "dev_ner_precision": 0.9365079365079365,
    "dev_ner_recall": 0.944,
    "dev_ner_span_f1": 0.9402390438247011
}