{
    "epoch": "6/20",
    "best_epoch": 6,
    "max_gpu_mem": "7.5631",
    "cur_ram": "2.7870",
    "time_epoch": "0:00:06",
    "time_total": "0:00:45",
    "best_train_ner_loss": 29.06624069213867,
    "train_ner_loss": 29.06624069213867,
    "best_train_sum": 0.8886097152428811,
    "train_sum": 0.8886097152428811,
    "best_dev_ner_loss": 26.55401611328125,
    "dev_ner_loss": 26.55401611328125,
    "best_dev_sum": 0.8984375,
    "dev_sum": 0.8984375,
    "best_train_ner_precision": 0.8675388389206868,
    "best_train_ner_recall": 0.9107296137339056,
    "best_train_ner_span_f1": 0.8886097152428811,
    "train_ner_precision": 0.8675388389206868,
    "train_ner_recall": 0.9107296137339056,
    "train_ner_span_f1": 0.8886097152428811,
    "best_dev_ner_precision": 0.8778625954198473,
    "best_dev_ner_recall": 0.92,
    "best_dev_ner_span_f1": 0.8984375,
    "dev_ner_precision": 0.8778625954198473,
    "dev_ner_recall": 0.92,
    "dev_ner_span_f1": 0.8984375
}