{
    "epoch": "7/20",
    "best_epoch": 7,
    "max_gpu_mem": "7.5701",
    "cur_ram": "2.7870",
    "time_epoch": "0:00:06",
    "time_total": "0:00:52",
    "best_train_ner_loss": 21.51776205698649,
    "train_ner_loss": 21.51776205698649,
    "best_train_sum": 0.9120740429112327,
    "train_sum": 0.9120740429112327,
    "best_dev_ner_loss": 24.064498901367188,
    "dev_ner_loss": 24.064498901367188,
    "best_dev_sum": 0.9062500000000001,
    "dev_sum": 0.9062500000000001,
    "best_train_ner_precision": 0.8943894389438944,
    "best_train_ner_recall": 0.9304721030042918,
    "best_train_ner_span_f1": 0.9120740429112327,
    "train_ner_precision": 0.8943894389438944,
    "train_ner_recall": 0.9304721030042918,
    "train_ner_span_f1": 0.9120740429112327,
    "best_dev_ner_precision": 0.8854961832061069,
    "best_dev_ner_recall": 0.928,
    "best_dev_ner_span_f1": 0.9062500000000001,
    "dev_ner_precision": 0.8854961832061069,
    "dev_ner_recall": 0.928,
    "dev_ner_span_f1": 0.9062500000000001
}