{
    "epoch": "1/20",
    "best_epoch": 1,
    "max_gpu_mem": "3.2933",
    "cur_ram": "2.7673",
    "time_epoch": "0:00:03",
    "time_total": "0:00:06",
    "best_train_ner_loss": 999.0317810058593,
    "train_ner_loss": 999.0317810058593,
    "best_train_sum": 0.012393493415956624,
    "train_sum": 0.012393493415956624,
    "best_dev_ner_loss": 841.1396484375,
    "dev_ner_loss": 841.1396484375,
    "best_dev_sum": 0.0,
    "dev_sum": 0.0,
    "best_train_ner_precision": 0.008862629246676515,
    "best_train_ner_recall": 0.020600858369098713,
    "best_train_ner_span_f1": 0.012393493415956624,
    "train_ner_precision": 0.008862629246676515,
    "train_ner_recall": 0.020600858369098713,
    "train_ner_span_f1": 0.012393493415956624,
    "best_dev_ner_precision": 0.0,
    "best_dev_ner_recall": 0.0,
    "best_dev_ner_span_f1": 0.0,
    "dev_ner_precision": 0.0,
    "dev_ner_recall": 0.0,
    "dev_ner_span_f1": 0.0
}