{
    "epoch": "15/20",
    "best_epoch": 15,
    "max_gpu_mem": "7.5708",
    "cur_ram": "2.7872",
    "time_epoch": "0:00:06",
    "time_total": "0:01:49",
    "best_train_ner_loss": 3.6115749994913737,
    "train_ner_loss": 3.6115749994913737,
    "best_train_sum": 0.9825010670081092,
    "train_sum": 0.9825010670081092,
    "best_dev_ner_loss": 18.724425315856934,
    "dev_ner_loss": 18.724425315856934,
    "best_dev_sum": 0.9523809523809523,
    "dev_sum": 0.9523809523809523,
    "best_train_ner_precision": 0.9770797962648556,
    "best_train_ner_recall": 0.9879828326180258,
    "best_train_ner_span_f1": 0.9825010670081092,
    "train_ner_precision": 0.9770797962648556,
    "train_ner_recall": 0.9879828326180258,
    "train_ner_span_f1": 0.9825010670081092,
    "best_dev_ner_precision": 0.9448818897637795,
    "best_dev_ner_recall": 0.96,
    "best_dev_ner_span_f1": 0.9523809523809523,
    "dev_ner_precision": 0.9448818897637795,
    "dev_ner_recall": 0.96,
    "dev_ner_span_f1": 0.9523809523809523
}