{
    "epoch": "9/20",
    "best_epoch": 8,
    "max_gpu_mem": "7.5701",
    "cur_ram": "2.7871",
    "time_epoch": "0:00:06",
    "time_total": "0:01:08",
    "best_train_ner_loss": 16.459744135538738,
    "train_ner_loss": 13.361525726318359,
    "best_train_sum": 0.9433164128595601,
    "train_sum": 0.9433164128595601,
    "best_dev_ner_loss": 20.76431941986084,
    "dev_ner_loss": 20.472593307495117,
    "best_dev_sum": 0.9285714285714286,
    "dev_sum": 0.9062500000000001,
    "best_train_ner_precision": 0.9306599832915622,
    "best_train_ner_recall": 0.9562231759656652,
    "best_train_ner_span_f1": 0.9432684165961049,
    "train_ner_precision": 0.9299416180150125,
    "train_ner_recall": 0.9570815450643777,
    "train_ner_span_f1": 0.9433164128595601,
    "best_dev_ner_precision": 0.9212598425196851,
    "best_dev_ner_recall": 0.936,
    "best_dev_ner_span_f1": 0.9285714285714286,
    "dev_ner_precision": 0.8854961832061069,
    "dev_ner_recall": 0.928,
    "dev_ner_span_f1": 0.9062500000000001
}