{
    "epoch": "2/20",
    "best_epoch": 2,
    "max_gpu_mem": "7.5631",
    "cur_ram": "2.7861",
    "time_epoch": "0:00:06",
    "time_total": "0:00:14",
    "best_train_ner_loss": 560.3417663574219,
    "train_ner_loss": 560.3417663574219,
    "best_train_sum": 0.018272425249169433,
    "train_sum": 0.018272425249169433,
    "best_dev_ner_loss": 232.66456604003906,
    "dev_ner_loss": 232.66456604003906,
    "best_dev_sum": 0.0320855614973262,
    "dev_sum": 0.0320855614973262,
    "best_train_ner_precision": 0.017699115044247787,
    "best_train_ner_recall": 0.01888412017167382,
    "best_train_ner_span_f1": 0.018272425249169433,
    "train_ner_precision": 0.017699115044247787,
    "train_ner_recall": 0.01888412017167382,
    "train_ner_span_f1": 0.018272425249169433,
    "best_dev_ner_precision": 0.04838709677419355,
    "best_dev_ner_recall": 0.024,
    "best_dev_ner_span_f1": 0.0320855614973262,
    "dev_ner_precision": 0.04838709677419355,
    "dev_ner_recall": 0.024,
    "dev_ner_span_f1": 0.0320855614973262
}