{
    "epoch": "13/20",
    "best_epoch": 9,
    "max_gpu_mem": "7.8082",
    "cur_ram": "2.7942",
    "time_epoch": "0:00:19",
    "time_total": "0:04:23",
    "best_train_ner_loss": 6.8540420885439275,
    "train_ner_loss": 2.4262420159799083,
    "best_train_sum": 0.9676806083650191,
    "train_sum": 0.9676806083650191,
    "best_dev_ner_loss": 24.851068224225724,
    "dev_ner_loss": 30.617813110351562,
    "best_dev_sum": 0.8263473053892215,
    "dev_sum": 0.8000000000000002,
    "best_train_ner_precision": 0.8729281767955801,
    "best_train_ner_recall": 0.9028571428571428,
    "best_train_ner_span_f1": 0.8876404494382022,
    "train_ner_precision": 0.9658444022770398,
    "train_ner_recall": 0.9695238095238096,
    "train_ner_span_f1": 0.9676806083650191,
    "best_dev_ner_precision": 0.8414634146341463,
    "best_dev_ner_recall": 0.8117647058823529,
    "best_dev_ner_span_f1": 0.8263473053892215,
    "dev_ner_precision": 0.8,
    "dev_ner_recall": 0.8,
    "dev_ner_span_f1": 0.8000000000000002
}