{
    "epoch": "8/20",
    "best_epoch": 8,
    "max_gpu_mem": "7.8082",
    "cur_ram": "2.7941",
    "time_epoch": "0:00:21",
    "time_total": "0:02:40",
    "best_train_ner_loss": 10.566418718408656,
    "train_ner_loss": 10.566418718408656,
    "best_train_sum": 0.8698955365622032,
    "train_sum": 0.8698955365622032,
    "best_dev_ner_loss": 25.840103149414062,
    "dev_ner_loss": 25.840103149414062,
    "best_dev_sum": 0.7771428571428571,
    "dev_sum": 0.7771428571428571,
    "best_train_ner_precision": 0.8674242424242424,
    "best_train_ner_recall": 0.8723809523809524,
    "best_train_ner_span_f1": 0.8698955365622032,
    "train_ner_precision": 0.8674242424242424,
    "train_ner_recall": 0.8723809523809524,
    "train_ner_span_f1": 0.8698955365622032,
    "best_dev_ner_precision": 0.7555555555555555,
    "best_dev_ner_recall": 0.8,
    "best_dev_ner_span_f1": 0.7771428571428571,
    "dev_ner_precision": 0.7555555555555555,
    "dev_ner_recall": 0.8,
    "dev_ner_span_f1": 0.7771428571428571
}