{
    "epoch": "16/20",
    "best_epoch": 15,
    "max_gpu_mem": "7.8082",
    "cur_ram": "2.7944",
    "time_epoch": "0:00:19",
    "time_total": "0:05:26",
    "best_train_ner_loss": 2.61768842626501,
    "train_ner_loss": 1.8467833201090496,
    "best_train_sum": 0.9818529130850048,
    "train_sum": 0.9818529130850048,
    "best_dev_ner_loss": 33.21514783586775,
    "dev_ner_loss": 32.781305585588726,
    "best_dev_sum": 0.8284023668639053,
    "dev_sum": 0.8023952095808382,
    "best_train_ner_precision": 0.967984934086629,
    "best_train_ner_recall": 0.979047619047619,
    "best_train_ner_span_f1": 0.9734848484848485,
    "train_ner_precision": 0.9846743295019157,
    "train_ner_recall": 0.979047619047619,
    "train_ner_span_f1": 0.9818529130850048,
    "best_dev_ner_precision": 0.8333333333333334,
    "best_dev_ner_recall": 0.8235294117647058,
    "best_dev_ner_span_f1": 0.8284023668639053,
    "dev_ner_precision": 0.8170731707317073,
    "dev_ner_recall": 0.788235294117647,
    "dev_ner_span_f1": 0.8023952095808382
}