{
    "epoch": "4/20",
    "best_epoch": 4,
    "max_gpu_mem": "7.8082",
    "cur_ram": "2.7935",
    "time_epoch": "0:00:19",
    "time_total": "0:01:16",
    "best_train_ner_loss": 31.9569517771403,
    "train_ner_loss": 31.9569517771403,
    "best_train_sum": 0.4973262032085562,
    "train_sum": 0.4973262032085562,
    "best_dev_ner_loss": 34.21704864501953,
    "dev_ner_loss": 34.21704864501953,
    "best_dev_sum": 0.6136363636363635,
    "dev_sum": 0.6136363636363635,
    "best_train_ner_precision": 0.46733668341708545,
    "best_train_ner_recall": 0.5314285714285715,
    "best_train_ner_span_f1": 0.4973262032085562,
    "train_ner_precision": 0.46733668341708545,
    "train_ner_recall": 0.5314285714285715,
    "train_ner_span_f1": 0.4973262032085562,
    "best_dev_ner_precision": 0.5934065934065934,
    "best_dev_ner_recall": 0.6352941176470588,
    "best_dev_ner_span_f1": 0.6136363636363635,
    "dev_ner_precision": 0.5934065934065934,
    "dev_ner_recall": 0.6352941176470588,
    "dev_ner_span_f1": 0.6136363636363635
}