{
    "epoch": "18/20",
    "best_epoch": 15,
    "max_gpu_mem": "7.8082",
    "cur_ram": "2.7944",
    "time_epoch": "0:00:21",
    "time_total": "0:06:07",
    "best_train_ner_loss": 2.61768842626501,
    "train_ner_loss": 0.9941136042277018,
    "best_train_sum": 0.9857278782112274,
    "train_sum": 0.9857278782112274,
    "best_dev_ner_loss": 33.21514783586775,
    "dev_ner_loss": 33.335658482142854,
    "best_dev_sum": 0.8284023668639053,
    "dev_sum": 0.7906976744186047,
    "best_train_ner_precision": 0.967984934086629,
    "best_train_ner_recall": 0.979047619047619,
    "best_train_ner_span_f1": 0.9734848484848485,
    "train_ner_precision": 0.9847908745247148,
    "train_ner_recall": 0.9866666666666667,
    "train_ner_span_f1": 0.9857278782112274,
    "best_dev_ner_precision": 0.8333333333333334,
    "best_dev_ner_recall": 0.8235294117647058,
    "best_dev_ner_span_f1": 0.8284023668639053,
    "dev_ner_precision": 0.7816091954022989,
    "dev_ner_recall": 0.8,
    "dev_ner_span_f1": 0.7906976744186047
}