{
    "epoch": "1/20",
    "best_epoch": 1,
    "max_gpu_mem": "3.5312",
    "cur_ram": "2.7741",
    "time_epoch": "0:00:11",
    "time_total": "0:00:14",
    "best_train_ner_loss": 1271.6826047544125,
    "train_ner_loss": 1271.6826047544125,
    "best_train_sum": 0.00462962962962963,
    "train_sum": 0.00462962962962963,
    "best_dev_ner_loss": 1063.9710867745537,
    "dev_ner_loss": 1063.9710867745537,
    "best_dev_sum": 0.0,
    "dev_sum": 0.0,
    "best_train_ner_precision": 0.002635046113306983,
    "best_train_ner_recall": 0.01904761904761905,
    "best_train_ner_span_f1": 0.00462962962962963,
    "train_ner_precision": 0.002635046113306983,
    "train_ner_recall": 0.01904761904761905,
    "train_ner_span_f1": 0.00462962962962963,
    "best_dev_ner_precision": 0.0,
    "best_dev_ner_recall": 0.0,
    "best_dev_ner_span_f1": 0.0,
    "dev_ner_precision": 0.0,
    "dev_ner_recall": 0.0,
    "dev_ner_span_f1": 0.0
}