{
    "epoch": "2/20",
    "best_epoch": 1,
    "max_gpu_mem": "7.8082",
    "cur_ram": "2.7930",
    "time_epoch": "0:00:19",
    "time_total": "0:00:34",
    "best_train_ner_loss": 1271.6826047544125,
    "train_ner_loss": 341.41353628370496,
    "best_train_sum": 0.0027548209366391185,
    "train_sum": 0.0027548209366391185,
    "best_dev_ner_loss": 1063.9710867745537,
    "dev_ner_loss": 116.93687902178083,
    "best_dev_sum": 0.0,
    "dev_sum": 0.0,
    "best_train_ner_precision": 0.002635046113306983,
    "best_train_ner_recall": 0.01904761904761905,
    "best_train_ner_span_f1": 0.00462962962962963,
    "train_ner_precision": 0.002157497303128371,
    "train_ner_recall": 0.0038095238095238095,
    "train_ner_span_f1": 0.0027548209366391185,
    "best_dev_ner_precision": 0.0,
    "best_dev_ner_recall": 0.0,
    "best_dev_ner_span_f1": 0.0,
    "dev_ner_precision": 0.0,
    "dev_ner_recall": 0.0,
    "dev_ner_span_f1": 0.0
}