{
    "epoch": "15/20",
    "best_epoch": 15,
    "max_gpu_mem": "7.8082",
    "cur_ram": "2.7942",
    "time_epoch": "0:00:21",
    "time_total": "0:05:05",
    "best_train_ner_loss": 2.61768842626501,
    "train_ner_loss": 2.61768842626501,
    "best_train_sum": 0.9734848484848485,
    "train_sum": 0.9734848484848485,
    "best_dev_ner_loss": 33.21514783586775,
    "dev_ner_loss": 33.21514783586775,
    "best_dev_sum": 0.8284023668639053,
    "dev_sum": 0.8284023668639053,
    "best_train_ner_precision": 0.967984934086629,
    "best_train_ner_recall": 0.979047619047619,
    "best_train_ner_span_f1": 0.9734848484848485,
    "train_ner_precision": 0.967984934086629,
    "train_ner_recall": 0.979047619047619,
    "train_ner_span_f1": 0.9734848484848485,
    "best_dev_ner_precision": 0.8333333333333334,
    "best_dev_ner_recall": 0.8235294117647058,
    "best_dev_ner_span_f1": 0.8284023668639053,
    "dev_ner_precision": 0.8333333333333334,
    "dev_ner_recall": 0.8235294117647058,
    "dev_ner_span_f1": 0.8284023668639053
}