{
    "epoch": "5/20",
    "best_epoch": 5,
    "max_gpu_mem": "7.8082",
    "cur_ram": "2.7936",
    "time_epoch": "0:00:20",
    "time_total": "0:01:37",
    "best_train_ner_loss": 20.695323061060023,
    "train_ner_loss": 20.695323061060023,
    "best_train_sum": 0.714828897338403,
    "train_sum": 0.714828897338403,
    "best_dev_ner_loss": 29.291392190115793,
    "dev_ner_loss": 29.291392190115793,
    "best_dev_sum": 0.7272727272727272,
    "dev_sum": 0.7272727272727272,
    "best_train_ner_precision": 0.713472485768501,
    "best_train_ner_recall": 0.7161904761904762,
    "best_train_ner_span_f1": 0.714828897338403,
    "train_ner_precision": 0.713472485768501,
    "train_ner_recall": 0.7161904761904762,
    "train_ner_span_f1": 0.714828897338403,
    "best_dev_ner_precision": 0.7032967032967034,
    "best_dev_ner_recall": 0.7529411764705882,
    "best_dev_ner_span_f1": 0.7272727272727272,
    "dev_ner_precision": 0.7032967032967034,
    "dev_ner_recall": 0.7529411764705882,
    "dev_ner_span_f1": 0.7272727272727272
}