{
    "epoch": "6/20",
    "best_epoch": 5,
    "max_gpu_mem": "7.8082",
    "cur_ram": "2.7941",
    "time_epoch": "0:00:20",
    "time_total": "0:01:59",
    "best_train_ner_loss": 20.695323061060023,
    "train_ner_loss": 21.218847769278067,
    "best_train_sum": 0.7492850333651095,
    "train_sum": 0.7492850333651095,
    "best_dev_ner_loss": 29.291392190115793,
    "dev_ner_loss": 32.724033628191265,
    "best_dev_sum": 0.7272727272727272,
    "dev_sum": 0.6739130434782609,
    "best_train_ner_precision": 0.713472485768501,
    "best_train_ner_recall": 0.7161904761904762,
    "best_train_ner_span_f1": 0.714828897338403,
    "train_ner_precision": 0.75,
    "train_ner_recall": 0.7485714285714286,
    "train_ner_span_f1": 0.7492850333651095,
    "best_dev_ner_precision": 0.7032967032967034,
    "best_dev_ner_recall": 0.7529411764705882,
    "best_dev_ner_span_f1": 0.7272727272727272,
    "dev_ner_precision": 0.6262626262626263,
    "dev_ner_recall": 0.7294117647058823,
    "dev_ner_span_f1": 0.6739130434782609
}