{
  "best_metric": 77.2727,
  "best_model_checkpoint": "output/meta_2023-09-18-01-25-32132_hf_models_uie-large-en_spotasoc_entity_aquaint-old_multi_fold_5_e18_linear_lr1e-4_ls0_b8_wu0.06_n-1_RP_sn0.1_an0.1_run1/checkpoint-1512",
  "epoch": 18.0,
  "global_step": 3024,
  "is_hyper_param_search": false,
  "is_local_process_zero": true,
  "is_world_process_zero": true,
  "log_history": [
    {
      "epoch": 1.0,
      "eval_asoc-F1": 0.0,
      "eval_asoc-P": 0.0,
      "eval_asoc-R": 0.0,
      "eval_asoc-gold": 0.0,
      "eval_asoc-pred": 0.0,
      "eval_asoc-tp": 0.0,
      "eval_gen_len": 5.2156,
      "eval_gold_tree": 63,
      "eval_loss": 0.18941104412078857,
      "eval_ordered-record-F1": 61.4173,
      "eval_ordered-record-P": 60.9375,
      "eval_ordered-record-R": 61.9048,
      "eval_ordered-record-gold": 63.0,
      "eval_ordered-record-pred": 64.0,
      "eval_ordered-record-tp": 39.0,
      "eval_overall-F1": 61.4173,
      "eval_pred_tree": 64,
      "eval_record-F1": 61.4173,
      "eval_record-P": 60.9375,
      "eval_record-R": 61.9048,
      "eval_record-gold": 63.0,
      "eval_record-pred": 64.0,
      "eval_record-tp": 39.0,
      "eval_runtime": 2.6862,
      "eval_samples_per_second": 62.169,
      "eval_spot-F1": 61.4173,
      "eval_spot-P": 60.9375,
      "eval_spot-R": 61.9048,
      "eval_spot-gold": 63.0,
      "eval_spot-pred": 64.0,
      "eval_spot-tp": 39.0,
      "eval_well-formed": 167,
      "step": 168
    },
    {
      "epoch": 2.0,
      "eval_asoc-F1": 0.0,
      "eval_asoc-P": 0.0,
      "eval_asoc-R": 0.0,
      "eval_asoc-gold": 0.0,
      "eval_asoc-pred": 0.0,
      "eval_asoc-tp": 0.0,
      "eval_gen_len": 5.4431,
      "eval_gold_tree": 63,
      "eval_loss": 0.14615055918693542,
      "eval_ordered-record-F1": 61.7647,
      "eval_ordered-record-P": 57.5342,
      "eval_ordered-record-R": 66.6667,
      "eval_ordered-record-gold": 63.0,
      "eval_ordered-record-pred": 73.0,
      "eval_ordered-record-tp": 42.0,
      "eval_overall-F1": 61.7647,
      "eval_pred_tree": 73,
      "eval_record-F1": 61.7647,
      "eval_record-P": 57.5342,
      "eval_record-R": 66.6667,
      "eval_record-gold": 63.0,
      "eval_record-pred": 73.0,
      "eval_record-tp": 42.0,
      "eval_runtime": 3.0112,
      "eval_samples_per_second": 55.46,
      "eval_spot-F1": 61.7647,
      "eval_spot-P": 57.5342,
      "eval_spot-R": 66.6667,
      "eval_spot-gold": 63.0,
      "eval_spot-pred": 73.0,
      "eval_spot-tp": 42.0,
      "eval_well-formed": 167,
      "step": 336
    },
    {
      "epoch": 2.98,
      "learning_rate": 8.88106966924701e-05,
      "loss": 0.2798,
      "step": 500
    },
    {
      "epoch": 3.0,
      "eval_asoc-F1": 0.0,
      "eval_asoc-P": 0.0,
      "eval_asoc-R": 0.0,
      "eval_asoc-gold": 0.0,
      "eval_asoc-pred": 0.0,
      "eval_asoc-tp": 0.0,
      "eval_gen_len": 5.4491,
      "eval_gold_tree": 63,
      "eval_loss": 0.10943903774023056,
      "eval_ordered-record-F1": 64.6617,
      "eval_ordered-record-P": 61.4286,
      "eval_ordered-record-R": 68.254,
      "eval_ordered-record-gold": 63.0,
      "eval_ordered-record-pred": 70.0,
      "eval_ordered-record-tp": 43.0,
      "eval_overall-F1": 64.6617,
      "eval_pred_tree": 70,
      "eval_record-F1": 64.6617,
      "eval_record-P": 61.4286,
      "eval_record-R": 68.254,
      "eval_record-gold": 63.0,
      "eval_record-pred": 70.0,
      "eval_record-tp": 43.0,
      "eval_runtime": 2.8674,
      "eval_samples_per_second": 58.241,
      "eval_spot-F1": 64.6617,
      "eval_spot-P": 61.4286,
      "eval_spot-R": 68.254,
      "eval_spot-gold": 63.0,
      "eval_spot-pred": 70.0,
      "eval_spot-tp": 43.0,
      "eval_well-formed": 167,
      "step": 504
    },
    {
      "epoch": 4.0,
      "eval_asoc-F1": 0.0,
      "eval_asoc-P": 0.0,
      "eval_asoc-R": 0.0,
      "eval_asoc-gold": 0.0,
      "eval_asoc-pred": 0.0,
      "eval_asoc-tp": 0.0,
      "eval_gen_len": 5.1257,
      "eval_gold_tree": 63,
      "eval_loss": 0.12047296017408371,
      "eval_ordered-record-F1": 67.7419,
      "eval_ordered-record-P": 68.8525,
      "eval_ordered-record-R": 66.6667,
      "eval_ordered-record-gold": 63.0,
      "eval_ordered-record-pred": 61.0,
      "eval_ordered-record-tp": 42.0,
      "eval_overall-F1": 67.7419,
      "eval_pred_tree": 61,
      "eval_record-F1": 67.7419,
      "eval_record-P": 68.8525,
      "eval_record-R": 66.6667,
      "eval_record-gold": 63.0,
      "eval_record-pred": 61.0,
      "eval_record-tp": 42.0,
      "eval_runtime": 2.7174,
      "eval_samples_per_second": 61.456,
      "eval_spot-F1": 67.7419,
      "eval_spot-P": 68.8525,
      "eval_spot-R": 66.6667,
      "eval_spot-gold": 63.0,
      "eval_spot-pred": 61.0,
      "eval_spot-tp": 42.0,
      "eval_well-formed": 167,
      "step": 672
    },
    {
      "epoch": 5.0,
      "eval_asoc-F1": 0.0,
      "eval_asoc-P": 0.0,
      "eval_asoc-R": 0.0,
      "eval_asoc-gold": 0.0,
      "eval_asoc-pred": 0.0,
      "eval_asoc-tp": 0.0,
      "eval_gen_len": 5.2934,
      "eval_gold_tree": 63,
      "eval_loss": 0.14071929454803467,
      "eval_ordered-record-F1": 70.3125,
      "eval_ordered-record-P": 69.2308,
      "eval_ordered-record-R": 71.4286,
      "eval_ordered-record-gold": 63.0,
      "eval_ordered-record-pred": 65.0,
      "eval_ordered-record-tp": 45.0,
      "eval_overall-F1": 70.3125,
      "eval_pred_tree": 66,
      "eval_record-F1": 70.3125,
      "eval_record-P": 69.2308,
      "eval_record-R": 71.4286,
      "eval_record-gold": 63.0,
      "eval_record-pred": 65.0,
      "eval_record-tp": 45.0,
      "eval_runtime": 3.0675,
      "eval_samples_per_second": 54.442,
      "eval_spot-F1": 70.3125,
      "eval_spot-P": 69.2308,
      "eval_spot-R": 71.4286,
      "eval_spot-gold": 63.0,
      "eval_spot-pred": 65.0,
      "eval_spot-tp": 45.0,
      "eval_well-formed": 167,
      "step": 840
    },
    {
      "epoch": 5.95,
      "learning_rate": 7.121745249824068e-05,
      "loss": 0.0642,
      "step": 1000
    },
    {
      "epoch": 6.0,
      "eval_asoc-F1": 0.0,
      "eval_asoc-P": 0.0,
      "eval_asoc-R": 0.0,
      "eval_asoc-gold": 0.0,
      "eval_asoc-pred": 0.0,
      "eval_asoc-tp": 0.0,
      "eval_gen_len": 5.4431,
      "eval_gold_tree": 63,
      "eval_loss": 0.15311792492866516,
      "eval_ordered-record-F1": 74.8092,
      "eval_ordered-record-P": 72.0588,
      "eval_ordered-record-R": 77.7778,
      "eval_ordered-record-gold": 63.0,
      "eval_ordered-record-pred": 68.0,
      "eval_ordered-record-tp": 49.0,
      "eval_overall-F1": 74.8092,
      "eval_pred_tree": 70,
      "eval_record-F1": 74.8092,
      "eval_record-P": 72.0588,
      "eval_record-R": 77.7778,
      "eval_record-gold": 63.0,
      "eval_record-pred": 68.0,
      "eval_record-tp": 49.0,
      "eval_runtime": 3.0412,
      "eval_samples_per_second": 54.913,
      "eval_spot-F1": 74.8092,
      "eval_spot-P": 72.0588,
      "eval_spot-R": 77.7778,
      "eval_spot-gold": 63.0,
      "eval_spot-pred": 68.0,
      "eval_spot-tp": 49.0,
      "eval_well-formed": 167,
      "step": 1008
    },
    {
      "epoch": 7.0,
      "eval_asoc-F1": 0.0,
      "eval_asoc-P": 0.0,
      "eval_asoc-R": 0.0,
      "eval_asoc-gold": 0.0,
      "eval_asoc-pred": 0.0,
      "eval_asoc-tp": 0.0,
      "eval_gen_len": 5.2934,
      "eval_gold_tree": 63,
      "eval_loss": 0.14516423642635345,
      "eval_ordered-record-F1": 75.0,
      "eval_ordered-record-P": 73.8462,
      "eval_ordered-record-R": 76.1905,
      "eval_ordered-record-gold": 63.0,
      "eval_ordered-record-pred": 65.0,
      "eval_ordered-record-tp": 48.0,
      "eval_overall-F1": 75.0,
      "eval_pred_tree": 66,
      "eval_record-F1": 75.0,
      "eval_record-P": 73.8462,
      "eval_record-R": 76.1905,
      "eval_record-gold": 63.0,
      "eval_record-pred": 65.0,
      "eval_record-tp": 48.0,
      "eval_runtime": 2.9812,
      "eval_samples_per_second": 56.018,
      "eval_spot-F1": 75.0,
      "eval_spot-P": 73.8462,
      "eval_spot-R": 76.1905,
      "eval_spot-gold": 63.0,
      "eval_spot-pred": 65.0,
      "eval_spot-tp": 48.0,
      "eval_well-formed": 167,
      "step": 1176
    },
    {
      "epoch": 8.0,
      "eval_asoc-F1": 0.0,
      "eval_asoc-P": 0.0,
      "eval_asoc-R": 0.0,
      "eval_asoc-gold": 0.0,
      "eval_asoc-pred": 0.0,
      "eval_asoc-tp": 0.0,
      "eval_gen_len": 5.3593,
      "eval_gold_tree": 63,
      "eval_loss": 0.14310379326343536,
      "eval_ordered-record-F1": 70.8661,
      "eval_ordered-record-P": 70.3125,
      "eval_ordered-record-R": 71.4286,
      "eval_ordered-record-gold": 63.0,
      "eval_ordered-record-pred": 64.0,
      "eval_ordered-record-tp": 45.0,
      "eval_overall-F1": 70.8661,
      "eval_pred_tree": 67,
      "eval_record-F1": 70.8661,
      "eval_record-P": 70.3125,
      "eval_record-R": 71.4286,
      "eval_record-gold": 63.0,
      "eval_record-pred": 64.0,
      "eval_record-tp": 45.0,
      "eval_runtime": 3.0418,
      "eval_samples_per_second": 54.901,
      "eval_spot-F1": 70.8661,
      "eval_spot-P": 70.3125,
      "eval_spot-R": 71.4286,
      "eval_spot-gold": 63.0,
      "eval_spot-pred": 64.0,
      "eval_spot-tp": 45.0,
      "eval_well-formed": 167,
      "step": 1344
    },
    {
      "epoch": 8.93,
      "learning_rate": 5.362420830401126e-05,
      "loss": 0.0387,
      "step": 1500
    },
    {
      "epoch": 9.0,
      "eval_asoc-F1": 0.0,
      "eval_asoc-P": 0.0,
      "eval_asoc-R": 0.0,
      "eval_asoc-gold": 0.0,
      "eval_asoc-pred": 0.0,
      "eval_asoc-tp": 0.0,
      "eval_gen_len": 5.509,
      "eval_gold_tree": 63,
      "eval_loss": 0.17711246013641357,
      "eval_ordered-record-F1": 77.2727,
      "eval_ordered-record-P": 73.913,
      "eval_ordered-record-R": 80.9524,
      "eval_ordered-record-gold": 63.0,
      "eval_ordered-record-pred": 69.0,
      "eval_ordered-record-tp": 51.0,
      "eval_overall-F1": 77.2727,
      "eval_pred_tree": 71,
      "eval_record-F1": 77.2727,
      "eval_record-P": 73.913,
      "eval_record-R": 80.9524,
      "eval_record-gold": 63.0,
      "eval_record-pred": 69.0,
      "eval_record-tp": 51.0,
      "eval_runtime": 3.1358,
      "eval_samples_per_second": 53.256,
      "eval_spot-F1": 77.2727,
      "eval_spot-P": 73.913,
      "eval_spot-R": 80.9524,
      "eval_spot-gold": 63.0,
      "eval_spot-pred": 69.0,
      "eval_spot-tp": 51.0,
      "eval_well-formed": 167,
      "step": 1512
    },
    {
      "epoch": 10.0,
      "eval_asoc-F1": 0.0,
      "eval_asoc-P": 0.0,
      "eval_asoc-R": 0.0,
      "eval_asoc-gold": 0.0,
      "eval_asoc-pred": 0.0,
      "eval_asoc-tp": 0.0,
      "eval_gen_len": 5.4311,
      "eval_gold_tree": 63,
      "eval_loss": 0.182069331407547,
      "eval_ordered-record-F1": 71.7557,
      "eval_ordered-record-P": 69.1176,
      "eval_ordered-record-R": 74.6032,
      "eval_ordered-record-gold": 63.0,
      "eval_ordered-record-pred": 68.0,
      "eval_ordered-record-tp": 47.0,
      "eval_overall-F1": 71.7557,
      "eval_pred_tree": 69,
      "eval_record-F1": 71.7557,
      "eval_record-P": 69.1176,
      "eval_record-R": 74.6032,
      "eval_record-gold": 63.0,
      "eval_record-pred": 68.0,
      "eval_record-tp": 47.0,
      "eval_runtime": 3.0098,
      "eval_samples_per_second": 55.486,
      "eval_spot-F1": 71.7557,
      "eval_spot-P": 69.1176,
      "eval_spot-R": 74.6032,
      "eval_spot-gold": 63.0,
      "eval_spot-pred": 68.0,
      "eval_spot-tp": 47.0,
      "eval_well-formed": 167,
      "step": 1680
    },
    {
      "epoch": 11.0,
      "eval_asoc-F1": 0.0,
      "eval_asoc-P": 0.0,
      "eval_asoc-R": 0.0,
      "eval_asoc-gold": 0.0,
      "eval_asoc-pred": 0.0,
      "eval_asoc-tp": 0.0,
      "eval_gen_len": 5.6946,
      "eval_gold_tree": 63,
      "eval_loss": 0.200759619474411,
      "eval_ordered-record-F1": 74.2424,
      "eval_ordered-record-P": 71.0145,
      "eval_ordered-record-R": 77.7778,
      "eval_ordered-record-gold": 63.0,
      "eval_ordered-record-pred": 69.0,
      "eval_ordered-record-tp": 49.0,
      "eval_overall-F1": 74.2424,
      "eval_pred_tree": 77,
      "eval_record-F1": 74.2424,
      "eval_record-P": 71.0145,
      "eval_record-R": 77.7778,
      "eval_record-gold": 63.0,
      "eval_record-pred": 69.0,
      "eval_record-tp": 49.0,
      "eval_runtime": 3.2827,
      "eval_samples_per_second": 50.874,
      "eval_spot-F1": 74.2424,
      "eval_spot-P": 71.0145,
      "eval_spot-R": 77.7778,
      "eval_spot-gold": 63.0,
      "eval_spot-pred": 69.0,
      "eval_spot-tp": 49.0,
      "eval_well-formed": 167,
      "step": 1848
    },
    {
      "epoch": 11.9,
      "learning_rate": 3.603096410978184e-05,
      "loss": 0.0385,
      "step": 2000
    },
    {
      "epoch": 12.0,
      "eval_asoc-F1": 0.0,
      "eval_asoc-P": 0.0,
      "eval_asoc-R": 0.0,
      "eval_asoc-gold": 0.0,
      "eval_asoc-pred": 0.0,
      "eval_asoc-tp": 0.0,
      "eval_gen_len": 5.4192,
      "eval_gold_tree": 63,
      "eval_loss": 0.1743255853652954,
      "eval_ordered-record-F1": 75.3846,
      "eval_ordered-record-P": 73.1343,
      "eval_ordered-record-R": 77.7778,
      "eval_ordered-record-gold": 63.0,
      "eval_ordered-record-pred": 67.0,
      "eval_ordered-record-tp": 49.0,
      "eval_overall-F1": 75.3846,
      "eval_pred_tree": 69,
      "eval_record-F1": 75.3846,
      "eval_record-P": 73.1343,
      "eval_record-R": 77.7778,
      "eval_record-gold": 63.0,
      "eval_record-pred": 67.0,
      "eval_record-tp": 49.0,
      "eval_runtime": 3.1387,
      "eval_samples_per_second": 53.206,
      "eval_spot-F1": 75.3846,
      "eval_spot-P": 73.1343,
      "eval_spot-R": 77.7778,
      "eval_spot-gold": 63.0,
      "eval_spot-pred": 67.0,
      "eval_spot-tp": 49.0,
      "eval_well-formed": 167,
      "step": 2016
    },
    {
      "epoch": 13.0,
      "eval_asoc-F1": 0.0,
      "eval_asoc-P": 0.0,
      "eval_asoc-R": 0.0,
      "eval_asoc-gold": 0.0,
      "eval_asoc-pred": 0.0,
      "eval_asoc-tp": 0.0,
      "eval_gen_len": 5.509,
      "eval_gold_tree": 63,
      "eval_loss": 0.1841663420200348,
      "eval_ordered-record-F1": 68.7023,
      "eval_ordered-record-P": 66.1765,
      "eval_ordered-record-R": 71.4286,
      "eval_ordered-record-gold": 63.0,
      "eval_ordered-record-pred": 68.0,
      "eval_ordered-record-tp": 45.0,
      "eval_overall-F1": 68.7023,
      "eval_pred_tree": 71,
      "eval_record-F1": 68.7023,
      "eval_record-P": 66.1765,
      "eval_record-R": 71.4286,
      "eval_record-gold": 63.0,
      "eval_record-pred": 68.0,
      "eval_record-tp": 45.0,
      "eval_runtime": 3.155,
      "eval_samples_per_second": 52.932,
      "eval_spot-F1": 68.7023,
      "eval_spot-P": 66.1765,
      "eval_spot-R": 71.4286,
      "eval_spot-gold": 63.0,
      "eval_spot-pred": 68.0,
      "eval_spot-tp": 45.0,
      "eval_well-formed": 167,
      "step": 2184
    },
    {
      "epoch": 14.0,
      "eval_asoc-F1": 0.0,
      "eval_asoc-P": 0.0,
      "eval_asoc-R": 0.0,
      "eval_asoc-gold": 0.0,
      "eval_asoc-pred": 0.0,
      "eval_asoc-tp": 0.0,
      "eval_gen_len": 5.2994,
      "eval_gold_tree": 63,
      "eval_loss": 0.188023641705513,
      "eval_ordered-record-F1": 71.875,
      "eval_ordered-record-P": 70.7692,
      "eval_ordered-record-R": 73.0159,
      "eval_ordered-record-gold": 63.0,
      "eval_ordered-record-pred": 65.0,
      "eval_ordered-record-tp": 46.0,
      "eval_overall-F1": 71.875,
      "eval_pred_tree": 65,
      "eval_record-F1": 71.875,
      "eval_record-P": 70.7692,
      "eval_record-R": 73.0159,
      "eval_record-gold": 63.0,
      "eval_record-pred": 65.0,
      "eval_record-tp": 46.0,
      "eval_runtime": 2.9498,
      "eval_samples_per_second": 56.614,
      "eval_spot-F1": 71.875,
      "eval_spot-P": 70.7692,
      "eval_spot-R": 73.0159,
      "eval_spot-gold": 63.0,
      "eval_spot-pred": 65.0,
      "eval_spot-tp": 46.0,
      "eval_well-formed": 167,
      "step": 2352
    },
    {
      "epoch": 14.88,
      "learning_rate": 1.8437719915552427e-05,
      "loss": 0.0345,
      "step": 2500
    },
    {
      "epoch": 15.0,
      "eval_asoc-F1": 0.0,
      "eval_asoc-P": 0.0,
      "eval_asoc-R": 0.0,
      "eval_asoc-gold": 0.0,
      "eval_asoc-pred": 0.0,
      "eval_asoc-tp": 0.0,
      "eval_gen_len": 5.3713,
      "eval_gold_tree": 63,
      "eval_loss": 0.19187656044960022,
      "eval_ordered-record-F1": 73.8462,
      "eval_ordered-record-P": 71.6418,
      "eval_ordered-record-R": 76.1905,
      "eval_ordered-record-gold": 63.0,
      "eval_ordered-record-pred": 67.0,
      "eval_ordered-record-tp": 48.0,
      "eval_overall-F1": 73.8462,
      "eval_pred_tree": 67,
      "eval_record-F1": 73.8462,
      "eval_record-P": 71.6418,
      "eval_record-R": 76.1905,
      "eval_record-gold": 63.0,
      "eval_record-pred": 67.0,
      "eval_record-tp": 48.0,
      "eval_runtime": 2.9415,
      "eval_samples_per_second": 56.774,
      "eval_spot-F1": 73.8462,
      "eval_spot-P": 71.6418,
      "eval_spot-R": 76.1905,
      "eval_spot-gold": 63.0,
      "eval_spot-pred": 67.0,
      "eval_spot-tp": 48.0,
      "eval_well-formed": 167,
      "step": 2520
    },
    {
      "epoch": 16.0,
      "eval_asoc-F1": 0.0,
      "eval_asoc-P": 0.0,
      "eval_asoc-R": 0.0,
      "eval_asoc-gold": 0.0,
      "eval_asoc-pred": 0.0,
      "eval_asoc-tp": 0.0,
      "eval_gen_len": 5.3772,
      "eval_gold_tree": 63,
      "eval_loss": 0.20378631353378296,
      "eval_ordered-record-F1": 71.875,
      "eval_ordered-record-P": 70.7692,
      "eval_ordered-record-R": 73.0159,
      "eval_ordered-record-gold": 63.0,
      "eval_ordered-record-pred": 65.0,
      "eval_ordered-record-tp": 46.0,
      "eval_overall-F1": 71.875,
      "eval_pred_tree": 68,
      "eval_record-F1": 71.875,
      "eval_record-P": 70.7692,
      "eval_record-R": 73.0159,
      "eval_record-gold": 63.0,
      "eval_record-pred": 65.0,
      "eval_record-tp": 46.0,
      "eval_runtime": 3.011,
      "eval_samples_per_second": 55.464,
      "eval_spot-F1": 71.875,
      "eval_spot-P": 70.7692,
      "eval_spot-R": 73.0159,
      "eval_spot-gold": 63.0,
      "eval_spot-pred": 65.0,
      "eval_spot-tp": 46.0,
      "eval_well-formed": 167,
      "step": 2688
    },
    {
      "epoch": 17.0,
      "eval_asoc-F1": 0.0,
      "eval_asoc-P": 0.0,
      "eval_asoc-R": 0.0,
      "eval_asoc-gold": 0.0,
      "eval_asoc-pred": 0.0,
      "eval_asoc-tp": 0.0,
      "eval_gen_len": 5.4192,
      "eval_gold_tree": 63,
      "eval_loss": 0.23096980154514313,
      "eval_ordered-record-F1": 72.3077,
      "eval_ordered-record-P": 70.1493,
      "eval_ordered-record-R": 74.6032,
      "eval_ordered-record-gold": 63.0,
      "eval_ordered-record-pred": 67.0,
      "eval_ordered-record-tp": 47.0,
      "eval_overall-F1": 72.3077,
      "eval_pred_tree": 69,
      "eval_record-F1": 72.3077,
      "eval_record-P": 70.1493,
      "eval_record-R": 74.6032,
      "eval_record-gold": 63.0,
      "eval_record-pred": 67.0,
      "eval_record-tp": 47.0,
      "eval_runtime": 3.1517,
      "eval_samples_per_second": 52.988,
      "eval_spot-F1": 72.3077,
      "eval_spot-P": 70.1493,
      "eval_spot-R": 74.6032,
      "eval_spot-gold": 63.0,
      "eval_spot-pred": 67.0,
      "eval_spot-tp": 47.0,
      "eval_well-formed": 167,
      "step": 2856
    },
    {
      "epoch": 17.86,
      "learning_rate": 8.44475721323012e-07,
      "loss": 0.0316,
      "step": 3000
    },
    {
      "epoch": 18.0,
      "eval_asoc-F1": 0.0,
      "eval_asoc-P": 0.0,
      "eval_asoc-R": 0.0,
      "eval_asoc-gold": 0.0,
      "eval_asoc-pred": 0.0,
      "eval_asoc-tp": 0.0,
      "eval_gen_len": 5.509,
      "eval_gold_tree": 63,
      "eval_loss": 0.23469822108745575,
      "eval_ordered-record-F1": 72.3077,
      "eval_ordered-record-P": 70.1493,
      "eval_ordered-record-R": 74.6032,
      "eval_ordered-record-gold": 63.0,
      "eval_ordered-record-pred": 67.0,
      "eval_ordered-record-tp": 47.0,
      "eval_overall-F1": 72.3077,
      "eval_pred_tree": 72,
      "eval_record-F1": 72.3077,
      "eval_record-P": 70.1493,
      "eval_record-R": 74.6032,
      "eval_record-gold": 63.0,
      "eval_record-pred": 67.0,
      "eval_record-tp": 47.0,
      "eval_runtime": 3.3392,
      "eval_samples_per_second": 50.012,
      "eval_spot-F1": 72.3077,
      "eval_spot-P": 70.1493,
      "eval_spot-R": 74.6032,
      "eval_spot-gold": 63.0,
      "eval_spot-pred": 67.0,
      "eval_spot-tp": 47.0,
      "eval_well-formed": 167,
      "step": 3024
    }
  ],
  "max_steps": 3024,
  "num_train_epochs": 18,
  "total_flos": 521627064569856.0,
  "trial_name": null,
  "trial_params": null
}
