{
    "epoch": "20/20",
    "best_epoch": 15,
    "max_gpu_mem": "2.6950",
    "cur_ram": "2.4432",
    "time_epoch": "0:00:07",
    "time_total": "0:02:44",
    "best_train_ner_loss": 0.6625043869018554,
    "train_ner_loss": 0.34878196716308596,
    "best_train_sum": 0.997270245677889,
    "train_sum": 0.997270245677889,
    "best_dev_ner_loss": 27.507511683872767,
    "dev_ner_loss": 31.11769594464983,
    "best_dev_sum": 0.8064516129032258,
    "dev_sum": 0.768,
    "best_train_ner_precision": 0.9963702359346642,
    "best_train_ner_recall": 0.9981818181818182,
    "best_train_ner_span_f1": 0.997275204359673,
    "train_ner_precision": 0.9981785063752276,
    "train_ner_recall": 0.9963636363636363,
    "train_ner_span_f1": 0.997270245677889,
    "best_dev_ner_precision": 0.8064516129032258,
    "best_dev_ner_recall": 0.8064516129032258,
    "best_dev_ner_span_f1": 0.8064516129032258,
    "dev_ner_precision": 0.7619047619047619,
    "dev_ner_recall": 0.7741935483870968,
    "dev_ner_span_f1": 0.768
}