{
    "epoch": "19/20",
    "best_epoch": 15,
    "max_gpu_mem": "2.6950",
    "cur_ram": "2.4432",
    "time_epoch": "0:00:08",
    "time_total": "0:02:36",
    "best_train_ner_loss": 0.6625043869018554,
    "train_ner_loss": 0.3425839233398438,
    "best_train_sum": 0.9981818181818182,
    "train_sum": 0.9981818181818182,
    "best_dev_ner_loss": 27.507511683872767,
    "dev_ner_loss": 30.558366503034318,
    "best_dev_sum": 0.8064516129032258,
    "dev_sum": 0.768,
    "best_train_ner_precision": 0.9963702359346642,
    "best_train_ner_recall": 0.9981818181818182,
    "best_train_ner_span_f1": 0.997275204359673,
    "train_ner_precision": 0.9981818181818182,
    "train_ner_recall": 0.9981818181818182,
    "train_ner_span_f1": 0.9981818181818182,
    "best_dev_ner_precision": 0.8064516129032258,
    "best_dev_ner_recall": 0.8064516129032258,
    "best_dev_ner_span_f1": 0.8064516129032258,
    "dev_ner_precision": 0.7619047619047619,
    "dev_ner_recall": 0.7741935483870968,
    "dev_ner_span_f1": 0.768
}