{
    "epoch": "6/20",
    "best_epoch": 6,
    "max_gpu_mem": "2.6950",
    "cur_ram": "2.4426",
    "time_epoch": "0:00:08",
    "time_total": "0:00:50",
    "best_train_ner_loss": 19.576313400268553,
    "train_ner_loss": 19.576313400268553,
    "best_train_sum": 0.7489063867016624,
    "train_sum": 0.7489063867016624,
    "best_dev_ner_loss": 16.30392292567662,
    "dev_ner_loss": 16.30392292567662,
    "best_dev_sum": 0.703125,
    "dev_sum": 0.703125,
    "best_train_ner_precision": 0.7217537942664418,
    "best_train_ner_recall": 0.7781818181818182,
    "best_train_ner_span_f1": 0.7489063867016624,
    "train_ner_precision": 0.7217537942664418,
    "train_ner_recall": 0.7781818181818182,
    "train_ner_span_f1": 0.7489063867016624,
    "best_dev_ner_precision": 0.6818181818181818,
    "best_dev_ner_recall": 0.7258064516129032,
    "best_dev_ner_span_f1": 0.703125,
    "dev_ner_precision": 0.6818181818181818,
    "dev_ner_recall": 0.7258064516129032,
    "dev_ner_span_f1": 0.703125
}