{
    "epoch": "5/20",
    "best_epoch": 5,
    "max_gpu_mem": "2.6950",
    "cur_ram": "2.4398",
    "time_epoch": "0:00:08",
    "time_total": "0:00:42",
    "best_train_ner_loss": 30.853286418914795,
    "train_ner_loss": 30.853286418914795,
    "best_train_sum": 0.5279605263157894,
    "train_sum": 0.5279605263157894,
    "best_dev_ner_loss": 19.60398374285017,
    "dev_ner_loss": 19.60398374285017,
    "best_dev_sum": 0.6861313868613139,
    "dev_sum": 0.6861313868613139,
    "best_train_ner_precision": 0.481981981981982,
    "best_train_ner_recall": 0.5836363636363636,
    "best_train_ner_span_f1": 0.5279605263157894,
    "train_ner_precision": 0.481981981981982,
    "train_ner_recall": 0.5836363636363636,
    "train_ner_span_f1": 0.5279605263157894,
    "best_dev_ner_precision": 0.6266666666666667,
    "best_dev_ner_recall": 0.7580645161290323,
    "best_dev_ner_span_f1": 0.6861313868613139,
    "dev_ner_precision": 0.6266666666666667,
    "dev_ner_recall": 0.7580645161290323,
    "dev_ner_span_f1": 0.6861313868613139
}