{
    "epoch": "1/20",
    "best_epoch": 1,
    "max_gpu_mem": "1.3614",
    "cur_ram": "2.4222",
    "time_epoch": "0:00:06",
    "time_total": "0:00:09",
    "best_train_ner_loss": 1505.455620727539,
    "train_ner_loss": 1505.455620727539,
    "best_train_sum": 0.003146509341199607,
    "train_sum": 0.003146509341199607,
    "best_dev_ner_loss": 1147.9070783342634,
    "dev_ner_loss": 1147.9070783342634,
    "best_dev_sum": 0.0,
    "dev_sum": 0.0,
    "best_train_ner_precision": 0.001616978271854472,
    "best_train_ner_recall": 0.05818181818181818,
    "best_train_ner_span_f1": 0.003146509341199607,
    "train_ner_precision": 0.001616978271854472,
    "train_ner_recall": 0.05818181818181818,
    "train_ner_span_f1": 0.003146509341199607,
    "best_dev_ner_precision": 0.0,
    "best_dev_ner_recall": 0.0,
    "best_dev_ner_span_f1": 0.0,
    "dev_ner_precision": 0.0,
    "dev_ner_recall": 0.0,
    "dev_ner_span_f1": 0.0
}