{
    "epoch": "7/20",
    "best_epoch": 7,
    "max_gpu_mem": "2.6950",
    "cur_ram": "2.4427",
    "time_epoch": "0:00:08",
    "time_total": "0:00:59",
    "best_train_ner_loss": 12.850881996154785,
    "train_ner_loss": 12.850881996154785,
    "best_train_sum": 0.844167408726625,
    "train_sum": 0.844167408726625,
    "best_dev_ner_loss": 20.40245110648019,
    "dev_ner_loss": 20.40245110648019,
    "best_dev_sum": 0.796875,
    "dev_sum": 0.796875,
    "best_train_ner_precision": 0.8272251308900523,
    "best_train_ner_recall": 0.8618181818181818,
    "best_train_ner_span_f1": 0.844167408726625,
    "train_ner_precision": 0.8272251308900523,
    "train_ner_recall": 0.8618181818181818,
    "train_ner_span_f1": 0.844167408726625,
    "best_dev_ner_precision": 0.7727272727272727,
    "best_dev_ner_recall": 0.8225806451612904,
    "best_dev_ner_span_f1": 0.796875,
    "dev_ner_precision": 0.7727272727272727,
    "dev_ner_recall": 0.8225806451612904,
    "dev_ner_span_f1": 0.796875
}