{
    "epoch": "3/20",
    "best_epoch": 1,
    "max_gpu_mem": "2.6858",
    "cur_ram": "2.4344",
    "time_epoch": "0:00:08",
    "time_total": "0:00:25",
    "best_train_ner_loss": 1505.455620727539,
    "train_ner_loss": 114.25858154296876,
    "best_train_sum": 0.0,
    "train_sum": 0.0,
    "best_dev_ner_loss": 1147.9070783342634,
    "dev_ner_loss": 75.58494513375419,
    "best_dev_sum": 0.0,
    "dev_sum": 0.0,
    "best_train_ner_precision": 0.001616978271854472,
    "best_train_ner_recall": 0.05818181818181818,
    "best_train_ner_span_f1": 0.003146509341199607,
    "train_ner_precision": 0.0,
    "train_ner_recall": 0.0,
    "train_ner_span_f1": 0.0,
    "best_dev_ner_precision": 0.0,
    "best_dev_ner_recall": 0.0,
    "best_dev_ner_span_f1": 0.0,
    "dev_ner_precision": 0.0,
    "dev_ner_recall": 0.0,
    "dev_ner_span_f1": 0.0
}