{
    "epoch": "2/20",
    "best_epoch": 1,
    "max_gpu_mem": "2.6766",
    "cur_ram": "2.4344",
    "time_epoch": "0:00:08",
    "time_total": "0:00:17",
    "best_train_ner_loss": 1505.455620727539,
    "train_ner_loss": 742.6877694702148,
    "best_train_sum": 0.00027078256160303275,
    "train_sum": 0.00027078256160303275,
    "best_dev_ner_loss": 1147.9070783342634,
    "dev_ner_loss": 115.96423830304828,
    "best_dev_sum": 0.0,
    "dev_sum": 0.0,
    "best_train_ner_precision": 0.001616978271854472,
    "best_train_ner_recall": 0.05818181818181818,
    "best_train_ner_span_f1": 0.003146509341199607,
    "train_ner_precision": 0.0001462843768285547,
    "train_ner_recall": 0.0018181818181818182,
    "train_ner_span_f1": 0.00027078256160303275,
    "best_dev_ner_precision": 0.0,
    "best_dev_ner_recall": 0.0,
    "best_dev_ner_span_f1": 0.0,
    "dev_ner_precision": 0.0,
    "dev_ner_recall": 0.0,
    "dev_ner_span_f1": 0.0
}