{
    "epoch": "8/20",
    "best_epoch": 5,
    "max_gpu_mem": "7.7540",
    "cur_ram": "2.7914",
    "time_epoch": "0:00:20",
    "time_total": "0:02:44",
    "best_train_ner_loss": 22.920269471627694,
    "train_ner_loss": 11.687356065820765,
    "best_train_sum": 0.8430493273542602,
    "train_sum": 0.8430493273542602,
    "best_dev_ner_loss": 18.483533314296178,
    "dev_ner_loss": 17.602787017822266,
    "best_dev_sum": 0.7586206896551724,
    "dev_sum": 0.711864406779661,
    "best_train_ner_precision": 0.6816546762589928,
    "best_train_ner_recall": 0.6903460837887068,
    "best_train_ner_span_f1": 0.685972850678733,
    "train_ner_precision": 0.8303886925795053,
    "train_ner_recall": 0.8561020036429873,
    "train_ner_span_f1": 0.8430493273542602,
    "best_dev_ner_precision": 0.7586206896551724,
    "best_dev_ner_recall": 0.7586206896551724,
    "best_dev_ner_span_f1": 0.7586206896551724,
    "dev_ner_precision": 0.7,
    "dev_ner_recall": 0.7241379310344828,
    "dev_ner_span_f1": 0.711864406779661
}