{
    "epoch": "6/20",
    "best_epoch": 5,
    "max_gpu_mem": "7.7540",
    "cur_ram": "2.7913",
    "time_epoch": "0:00:20",
    "time_total": "0:02:03",
    "best_train_ner_loss": 22.920269471627694,
    "train_ner_loss": 17.34608828579938,
    "best_train_sum": 0.7791741472172351,
    "train_sum": 0.7791741472172351,
    "best_dev_ner_loss": 18.483533314296178,
    "dev_ner_loss": 17.364012037004745,
    "best_dev_sum": 0.7586206896551724,
    "dev_sum": 0.7068965517241379,
    "best_train_ner_precision": 0.6816546762589928,
    "best_train_ner_recall": 0.6903460837887068,
    "best_train_ner_span_f1": 0.685972850678733,
    "train_ner_precision": 0.768141592920354,
    "train_ner_recall": 0.7905282331511839,
    "train_ner_span_f1": 0.7791741472172351,
    "best_dev_ner_precision": 0.7586206896551724,
    "best_dev_ner_recall": 0.7586206896551724,
    "best_dev_ner_span_f1": 0.7586206896551724,
    "dev_ner_precision": 0.7068965517241379,
    "dev_ner_recall": 0.7068965517241379,
    "dev_ner_span_f1": 0.7068965517241379
}