{
    "epoch": "10/20",
    "best_epoch": 5,
    "max_gpu_mem": "7.7540",
    "cur_ram": "2.7914",
    "time_epoch": "0:00:20",
    "time_total": "0:03:25",
    "best_train_ner_loss": 22.920269471627694,
    "train_ner_loss": 6.016040060255262,
    "best_train_sum": 0.914337240757439,
    "train_sum": 0.914337240757439,
    "best_dev_ner_loss": 18.483533314296178,
    "dev_ner_loss": 19.596758706229075,
    "best_dev_sum": 0.7586206896551724,
    "dev_sum": 0.719298245614035,
    "best_train_ner_precision": 0.6816546762589928,
    "best_train_ner_recall": 0.6903460837887068,
    "best_train_ner_span_f1": 0.685972850678733,
    "train_ner_precision": 0.9053571428571429,
    "train_ner_recall": 0.9234972677595629,
    "train_ner_span_f1": 0.914337240757439,
    "best_dev_ner_precision": 0.7586206896551724,
    "best_dev_ner_recall": 0.7586206896551724,
    "best_dev_ner_span_f1": 0.7586206896551724,
    "dev_ner_precision": 0.7321428571428571,
    "dev_ner_recall": 0.7068965517241379,
    "dev_ner_span_f1": 0.719298245614035
}