{
    "epoch": "2/20",
    "best_epoch": 1,
    "max_gpu_mem": "7.7540",
    "cur_ram": "2.7902",
    "time_epoch": "0:00:20",
    "time_total": "0:00:36",
    "best_train_ner_loss": 1268.1615238896122,
    "train_ner_loss": 344.1056004983407,
    "best_train_sum": 0.004092769440654842,
    "train_sum": 0.004092769440654842,
    "best_dev_ner_loss": 1061.5192347935267,
    "dev_ner_loss": 80.70685250418526,
    "best_dev_sum": 0.004098360655737705,
    "dev_sum": 0.0,
    "best_train_ner_precision": 0.0013605442176870747,
    "best_train_ner_recall": 0.009107468123861567,
    "best_train_ner_span_f1": 0.002367424242424242,
    "train_ner_precision": 0.003271537622682661,
    "train_ner_recall": 0.00546448087431694,
    "train_ner_span_f1": 0.004092769440654842,
    "best_dev_ner_precision": 0.002325581395348837,
    "best_dev_ner_recall": 0.017241379310344827,
    "best_dev_ner_span_f1": 0.004098360655737705,
    "dev_ner_precision": 0.0,
    "dev_ner_recall": 0.0,
    "dev_ner_span_f1": 0.0
}