{
    "epoch": "12/20",
    "best_epoch": 11,
    "max_gpu_mem": "7.7565",
    "cur_ram": "2.7915",
    "time_epoch": "0:00:20",
    "time_total": "0:04:07",
    "best_train_ner_loss": 5.307344789858218,
    "train_ner_loss": 3.541820102267795,
    "best_train_sum": 0.956442831215971,
    "train_sum": 0.956442831215971,
    "best_dev_ner_loss": 18.321229117257253,
    "dev_ner_loss": 18.08403778076172,
    "best_dev_sum": 0.7833333333333333,
    "dev_sum": 0.7540983606557378,
    "best_train_ner_precision": 0.9326047358834244,
    "best_train_ner_recall": 0.9326047358834244,
    "best_train_ner_span_f1": 0.9326047358834244,
    "train_ner_precision": 0.9529837251356239,
    "train_ner_recall": 0.9599271402550091,
    "train_ner_span_f1": 0.956442831215971,
    "best_dev_ner_precision": 0.7580645161290323,
    "best_dev_ner_recall": 0.8103448275862069,
    "best_dev_ner_span_f1": 0.7833333333333333,
    "dev_ner_precision": 0.71875,
    "dev_ner_recall": 0.7931034482758621,
    "dev_ner_span_f1": 0.7540983606557378
}