{
    "AQUAINT-OLD_MULTI_FOLD_4": {
        "dev_data_path": "/export/home/4kirsano/machamp/temporal_data/temp_bio/aquaint-old_multi/folds/fold_4/aquaint-old-val.bio",
        "tasks": {
            "ner": {
                "layers_to_use": [
                    -1
                ],
                "loss_weight": 1,
                "metric": "span_f1",
                "topn": 1,
                "column_idx": 1,
                "task_type": "seq_bio"
            }
        },
        "train_data_path": "/export/home/4kirsano/machamp/temporal_data/temp_bio/aquaint-old_multi/folds/fold_4/aquaint-old-train.bio",
        "word_idx": 0
    }
}