{
    "epoch": "7/20",
    "best_epoch": 7,
    "max_gpu_mem": "11.0875",
    "cur_ram": "2.8233",
    "time_epoch": "0:00:22",
    "time_total": "0:02:37",
    "best_train_ner_loss": 12.140230143511737,
    "train_ner_loss": 12.140230143511737,
    "best_train_sum": 0.8129032258064515,
    "train_sum": 0.8129032258064515,
    "best_dev_ner_loss": 19.731866564069474,
    "dev_ner_loss": 19.731866564069474,
    "best_dev_sum": 0.7631578947368423,
    "dev_sum": 0.7631578947368423,
    "best_train_ner_precision": 0.8018181818181818,
    "best_train_ner_recall": 0.8242990654205608,
    "best_train_ner_span_f1": 0.8129032258064515,
    "train_ner_precision": 0.8018181818181818,
    "train_ner_recall": 0.8242990654205608,
    "train_ner_span_f1": 0.8129032258064515,
    "best_dev_ner_precision": 0.725,
    "best_dev_ner_recall": 0.8055555555555556,
    "best_dev_ner_span_f1": 0.7631578947368423,
    "dev_ner_precision": 0.725,
    "dev_ner_recall": 0.8055555555555556,
    "dev_ner_span_f1": 0.7631578947368423
}