{
    "epoch": "1/20",
    "best_epoch": 1,
    "max_gpu_mem": "4.3463",
    "cur_ram": "2.8036",
    "time_epoch": "0:00:12",
    "time_total": "0:00:15",
    "best_train_ner_loss": 1461.2105673330802,
    "train_ner_loss": 1461.2105673330802,
    "best_train_sum": 5.779845678120394e-05,
    "train_sum": 5.779845678120394e-05,
    "best_dev_ner_loss": 1286.2830984933037,
    "dev_ner_loss": 1286.2830984933037,
    "best_dev_sum": 0.0,
    "dev_sum": 0.0,
    "best_train_ner_precision": 2.9353058588704944e-05,
    "best_train_ner_recall": 0.001869158878504673,
    "best_train_ner_span_f1": 5.779845678120394e-05,
    "train_ner_precision": 2.9353058588704944e-05,
    "train_ner_recall": 0.001869158878504673,
    "train_ner_span_f1": 5.779845678120394e-05,
    "best_dev_ner_precision": 0.0,
    "best_dev_ner_recall": 0.0,
    "best_dev_ner_span_f1": 0.0,
    "dev_ner_precision": 0.0,
    "dev_ner_recall": 0.0,
    "dev_ner_span_f1": 0.0
}