{
    "epoch": "17/20",
    "best_epoch": 12,
    "max_gpu_mem": "11.0875",
    "cur_ram": "2.8236",
    "time_epoch": "0:00:22",
    "time_total": "0:06:24",
    "best_train_ner_loss": 3.2128315325136536,
    "train_ner_loss": 1.9449113563255027,
    "best_train_sum": 0.9794776119402986,
    "train_sum": 0.9794776119402986,
    "best_dev_ner_loss": 32.96029608590262,
    "dev_ner_loss": 32.5508793422154,
    "best_dev_sum": 0.8,
    "dev_sum": 0.7866666666666666,
    "best_train_ner_precision": 0.9388888888888889,
    "best_train_ner_recall": 0.9476635514018692,
    "best_train_ner_span_f1": 0.9432558139534885,
    "train_ner_precision": 0.9776536312849162,
    "train_ner_recall": 0.9813084112149533,
    "train_ner_span_f1": 0.9794776119402986,
    "best_dev_ner_precision": 0.7945205479452054,
    "best_dev_ner_recall": 0.8055555555555556,
    "best_dev_ner_span_f1": 0.8,
    "dev_ner_precision": 0.7564102564102564,
    "dev_ner_recall": 0.8194444444444444,
    "dev_ner_span_f1": 0.7866666666666666
}