{
    "epoch": "13/20",
    "best_epoch": 12,
    "max_gpu_mem": "11.0875",
    "cur_ram": "2.8236",
    "time_epoch": "0:00:22",
    "time_total": "0:04:56",
    "best_train_ner_loss": 3.2128315325136536,
    "train_ner_loss": 2.584985521104601,
    "best_train_sum": 0.9710009354536951,
    "train_sum": 0.9710009354536951,
    "best_dev_ner_loss": 32.96029608590262,
    "dev_ner_loss": 26.442833491734095,
    "best_dev_sum": 0.8,
    "dev_sum": 0.7891156462585034,
    "best_train_ner_precision": 0.9388888888888889,
    "best_train_ner_recall": 0.9476635514018692,
    "best_train_ner_span_f1": 0.9432558139534885,
    "train_ner_precision": 0.9719101123595506,
    "train_ner_recall": 0.9700934579439252,
    "train_ner_span_f1": 0.9710009354536951,
    "best_dev_ner_precision": 0.7945205479452054,
    "best_dev_ner_recall": 0.8055555555555556,
    "best_dev_ner_span_f1": 0.8,
    "dev_ner_precision": 0.7733333333333333,
    "dev_ner_recall": 0.8055555555555556,
    "dev_ner_span_f1": 0.7891156462585034
}