{
    "epoch": "8/20",
    "best_epoch": 7,
    "max_gpu_mem": "11.0875",
    "cur_ram": "2.8234",
    "time_epoch": "0:00:21",
    "time_total": "0:03:01",
    "best_train_ner_loss": 12.140230143511737,
    "train_ner_loss": 8.173137806080005,
    "best_train_sum": 0.8819188191881919,
    "train_sum": 0.8819188191881919,
    "best_dev_ner_loss": 19.731866564069474,
    "dev_ner_loss": 19.387040274483816,
    "best_dev_sum": 0.7631578947368423,
    "dev_sum": 0.7450980392156864,
    "best_train_ner_precision": 0.8018181818181818,
    "best_train_ner_recall": 0.8242990654205608,
    "best_train_ner_span_f1": 0.8129032258064515,
    "train_ner_precision": 0.8706739526411658,
    "train_ner_recall": 0.8934579439252337,
    "train_ner_span_f1": 0.8819188191881919,
    "best_dev_ner_precision": 0.725,
    "best_dev_ner_recall": 0.8055555555555556,
    "best_dev_ner_span_f1": 0.7631578947368423,
    "dev_ner_precision": 0.7037037037037037,
    "dev_ner_recall": 0.7916666666666666,
    "dev_ner_span_f1": 0.7450980392156864
}