{
    "epoch": "2/20",
    "best_epoch": 1,
    "max_gpu_mem": "11.0712",
    "cur_ram": "2.8224",
    "time_epoch": "0:00:22",
    "time_total": "0:00:39",
    "best_train_ner_loss": 1461.2105673330802,
    "train_ner_loss": 520.3351162804497,
    "best_train_sum": 0.000214638334406525,
    "train_sum": 0.000214638334406525,
    "best_dev_ner_loss": 1286.2830984933037,
    "dev_ner_loss": 95.39718300955636,
    "best_dev_sum": 0.0,
    "dev_sum": 0.0,
    "best_train_ner_precision": 2.9353058588704944e-05,
    "best_train_ner_recall": 0.001869158878504673,
    "best_train_ner_span_f1": 5.779845678120394e-05,
    "train_ner_precision": 0.00011385631333257428,
    "train_ner_recall": 0.001869158878504673,
    "train_ner_span_f1": 0.000214638334406525,
    "best_dev_ner_precision": 0.0,
    "best_dev_ner_recall": 0.0,
    "best_dev_ner_span_f1": 0.0,
    "dev_ner_precision": 0.0,
    "dev_ner_recall": 0.0,
    "dev_ner_span_f1": 0.0
}