{
    "epoch": "12/20",
    "best_epoch": 12,
    "max_gpu_mem": "11.0875",
    "cur_ram": "2.8236",
    "time_epoch": "0:00:21",
    "time_total": "0:04:32",
    "best_train_ner_loss": 3.2128315325136536,
    "train_ner_loss": 3.2128315325136536,
    "best_train_sum": 0.9432558139534885,
    "train_sum": 0.9432558139534885,
    "best_dev_ner_loss": 32.96029608590262,
    "dev_ner_loss": 32.96029608590262,
    "best_dev_sum": 0.8,
    "dev_sum": 0.8,
    "best_train_ner_precision": 0.9388888888888889,
    "best_train_ner_recall": 0.9476635514018692,
    "best_train_ner_span_f1": 0.9432558139534885,
    "train_ner_precision": 0.9388888888888889,
    "train_ner_recall": 0.9476635514018692,
    "train_ner_span_f1": 0.9432558139534885,
    "best_dev_ner_precision": 0.7945205479452054,
    "best_dev_ner_recall": 0.8055555555555556,
    "best_dev_ner_span_f1": 0.8,
    "dev_ner_precision": 0.7945205479452054,
    "dev_ner_recall": 0.8055555555555556,
    "dev_ner_span_f1": 0.8
}