{
    "epoch": "4/20",
    "best_epoch": 4,
    "max_gpu_mem": "11.0712",
    "cur_ram": "2.8227",
    "time_epoch": "0:00:20",
    "time_total": "0:01:25",
    "best_train_ner_loss": 31.7263503074646,
    "train_ner_loss": 31.7263503074646,
    "best_train_sum": 0.5232452142206016,
    "train_sum": 0.5232452142206016,
    "best_dev_ner_loss": 26.651998247419083,
    "dev_ner_loss": 26.651998247419083,
    "best_dev_sum": 0.6493506493506495,
    "dev_sum": 0.6493506493506495,
    "best_train_ner_precision": 0.5106761565836299,
    "best_train_ner_recall": 0.5364485981308411,
    "best_train_ner_span_f1": 0.5232452142206016,
    "train_ner_precision": 0.5106761565836299,
    "train_ner_recall": 0.5364485981308411,
    "train_ner_span_f1": 0.5232452142206016,
    "best_dev_ner_precision": 0.6097560975609756,
    "best_dev_ner_recall": 0.6944444444444444,
    "best_dev_ner_span_f1": 0.6493506493506495,
    "dev_ner_precision": 0.6097560975609756,
    "dev_ner_recall": 0.6944444444444444,
    "dev_ner_span_f1": 0.6493506493506495
}