{
    "epoch": "9/20",
    "best_epoch": 7,
    "max_gpu_mem": "3.7099",
    "cur_ram": "2.4611",
    "time_epoch": "0:00:08",
    "time_total": "0:01:23",
    "best_train_ner_loss": 6.856722102445715,
    "train_ner_loss": 3.5571811900419346,
    "best_train_sum": 0.948356807511737,
    "train_sum": 0.948356807511737,
    "best_dev_ner_loss": 17.31806128365653,
    "dev_ner_loss": 19.073053087506974,
    "best_dev_sum": 0.8217054263565892,
    "dev_sum": 0.796875,
    "best_train_ner_precision": 0.8821362799263351,
    "best_train_ner_recall": 0.9037735849056604,
    "best_train_ner_span_f1": 0.8928238583410998,
    "train_ner_precision": 0.9439252336448598,
    "train_ner_recall": 0.9528301886792453,
    "train_ner_span_f1": 0.948356807511737,
    "best_dev_ner_precision": 0.8153846153846154,
    "best_dev_ner_recall": 0.828125,
    "best_dev_ner_span_f1": 0.8217054263565892,
    "dev_ner_precision": 0.796875,
    "dev_ner_recall": 0.796875,
    "dev_ner_span_f1": 0.796875
}