{
    "epoch": "10/20",
    "best_epoch": 7,
    "max_gpu_mem": "3.7167",
    "cur_ram": "2.4611",
    "time_epoch": "0:00:08",
    "time_total": "0:01:32",
    "best_train_ner_loss": 6.856722102445715,
    "train_ner_loss": 2.661731757369696,
    "best_train_sum": 0.9699812382739211,
    "train_sum": 0.9699812382739211,
    "best_dev_ner_loss": 17.31806128365653,
    "dev_ner_loss": 26.801295689174108,
    "best_dev_sum": 0.8217054263565892,
    "dev_sum": 0.7967479674796748,
    "best_train_ner_precision": 0.8821362799263351,
    "best_train_ner_recall": 0.9037735849056604,
    "best_train_ner_span_f1": 0.8928238583410998,
    "train_ner_precision": 0.9645522388059702,
    "train_ner_recall": 0.9754716981132076,
    "train_ner_span_f1": 0.9699812382739211,
    "best_dev_ner_precision": 0.8153846153846154,
    "best_dev_ner_recall": 0.828125,
    "best_dev_ner_span_f1": 0.8217054263565892,
    "dev_ner_precision": 0.8305084745762712,
    "dev_ner_recall": 0.765625,
    "dev_ner_span_f1": 0.7967479674796748
}