{
    "epoch": "4/20",
    "best_epoch": 4,
    "max_gpu_mem": "3.7072",
    "cur_ram": "2.4581",
    "time_epoch": "0:00:08",
    "time_total": "0:00:36",
    "best_train_ner_loss": 31.97409179163914,
    "train_ner_loss": 31.97409179163914,
    "best_train_sum": 0.4098504837291117,
    "train_sum": 0.4098504837291117,
    "best_dev_ner_loss": 22.403228759765625,
    "dev_ner_loss": 22.403228759765625,
    "best_dev_sum": 0.6515151515151515,
    "dev_sum": 0.6515151515151515,
    "best_train_ner_precision": 0.38385502471169686,
    "best_train_ner_recall": 0.439622641509434,
    "best_train_ner_span_f1": 0.4098504837291117,
    "train_ner_precision": 0.38385502471169686,
    "train_ner_recall": 0.439622641509434,
    "train_ner_span_f1": 0.4098504837291117,
    "best_dev_ner_precision": 0.6323529411764706,
    "best_dev_ner_recall": 0.671875,
    "best_dev_ner_span_f1": 0.6515151515151515,
    "dev_ner_precision": 0.6323529411764706,
    "dev_ner_recall": 0.671875,
    "dev_ner_span_f1": 0.6515151515151515
}