{
    "epoch": "1/20",
    "best_epoch": 1,
    "max_gpu_mem": "1.5500",
    "cur_ram": "2.4451",
    "time_epoch": "0:00:06",
    "time_total": "0:00:09",
    "best_train_ner_loss": 856.9823979396446,
    "train_ner_loss": 856.9823979396446,
    "best_train_sum": 0.01815670021709098,
    "train_sum": 0.01815670021709098,
    "best_dev_ner_loss": 647.5696193150112,
    "dev_ner_loss": 647.5696193150112,
    "best_dev_sum": 0.01866475233309404,
    "dev_sum": 0.01866475233309404,
    "best_train_ner_precision": 0.00940631177152205,
    "best_train_ner_recall": 0.26037735849056604,
    "best_train_ner_span_f1": 0.01815670021709098,
    "train_ner_precision": 0.00940631177152205,
    "train_ner_recall": 0.26037735849056604,
    "train_ner_span_f1": 0.01815670021709098,
    "best_dev_ner_precision": 0.009781790820165538,
    "best_dev_ner_recall": 0.203125,
    "best_dev_ner_span_f1": 0.01866475233309404,
    "dev_ner_precision": 0.009781790820165538,
    "dev_ner_recall": 0.203125,
    "dev_ner_span_f1": 0.01866475233309404
}