{
    "epoch": "16/20",
    "best_epoch": 7,
    "max_gpu_mem": "3.7167",
    "cur_ram": "2.4614",
    "time_epoch": "0:00:08",
    "time_total": "0:02:24",
    "best_train_ner_loss": 6.856722102445715,
    "train_ner_loss": 0.471586825800877,
    "best_train_sum": 0.9915333960489182,
    "train_sum": 0.9915333960489182,
    "best_dev_ner_loss": 17.31806128365653,
    "dev_ner_loss": 28.81711905343192,
    "best_dev_sum": 0.8217054263565892,
    "dev_sum": 0.8095238095238094,
    "best_train_ner_precision": 0.8821362799263351,
    "best_train_ner_recall": 0.9037735849056604,
    "best_train_ner_span_f1": 0.8928238583410998,
    "train_ner_precision": 0.9887429643527205,
    "train_ner_recall": 0.9943396226415094,
    "train_ner_span_f1": 0.9915333960489182,
    "best_dev_ner_precision": 0.8153846153846154,
    "best_dev_ner_recall": 0.828125,
    "best_dev_ner_span_f1": 0.8217054263565892,
    "dev_ner_precision": 0.8225806451612904,
    "dev_ner_recall": 0.796875,
    "dev_ner_span_f1": 0.8095238095238094
}