{
    "epoch": "2/20",
    "best_epoch": 1,
    "max_gpu_mem": "3.7029",
    "cur_ram": "2.4563",
    "time_epoch": "0:00:08",
    "time_total": "0:00:18",
    "best_train_ner_loss": 856.9823979396446,
    "train_ner_loss": 240.80384273155062,
    "best_train_sum": 0.011946241911398706,
    "train_sum": 0.011946241911398706,
    "best_dev_ner_loss": 647.5696193150112,
    "dev_ner_loss": 89.7519029889788,
    "best_dev_sum": 0.01866475233309404,
    "dev_sum": 0.0,
    "best_train_ner_precision": 0.00940631177152205,
    "best_train_ner_recall": 0.26037735849056604,
    "best_train_ner_span_f1": 0.01815670021709098,
    "train_ner_precision": 0.008113590263691683,
    "train_ner_recall": 0.022641509433962263,
    "train_ner_span_f1": 0.011946241911398706,
    "best_dev_ner_precision": 0.009781790820165538,
    "best_dev_ner_recall": 0.203125,
    "best_dev_ner_span_f1": 0.01866475233309404,
    "dev_ner_precision": 0.0,
    "dev_ner_recall": 0.0,
    "dev_ner_span_f1": 0.0
}