{
    "epoch": "5/20",
    "best_epoch": 5,
    "max_gpu_mem": "3.7072",
    "cur_ram": "2.4585",
    "time_epoch": "0:00:08",
    "time_total": "0:00:46",
    "best_train_ner_loss": 17.576288728153003,
    "train_ner_loss": 17.576288728153003,
    "best_train_sum": 0.7117117117117115,
    "train_sum": 0.7117117117117115,
    "best_dev_ner_loss": 17.811634608677455,
    "dev_ner_loss": 17.811634608677455,
    "best_dev_sum": 0.7482014388489209,
    "dev_sum": 0.7482014388489209,
    "best_train_ner_precision": 0.6810344827586207,
    "best_train_ner_recall": 0.7452830188679245,
    "best_train_ner_span_f1": 0.7117117117117115,
    "train_ner_precision": 0.6810344827586207,
    "train_ner_recall": 0.7452830188679245,
    "train_ner_span_f1": 0.7117117117117115,
    "best_dev_ner_precision": 0.6933333333333334,
    "best_dev_ner_recall": 0.8125,
    "best_dev_ner_span_f1": 0.7482014388489209,
    "dev_ner_precision": 0.6933333333333334,
    "dev_ner_recall": 0.8125,
    "dev_ner_span_f1": 0.7482014388489209
}