{
    "epoch": "13/20",
    "best_epoch": 7,
    "max_gpu_mem": "3.7167",
    "cur_ram": "2.4612",
    "time_epoch": "0:00:08",
    "time_total": "0:01:58",
    "best_train_ner_loss": 6.856722102445715,
    "train_ner_loss": 1.7048298517862956,
    "best_train_sum": 0.9746478873239437,
    "train_sum": 0.9746478873239437,
    "best_dev_ner_loss": 17.31806128365653,
    "dev_ner_loss": 25.516151973179408,
    "best_dev_sum": 0.8217054263565892,
    "dev_sum": 0.7936507936507936,
    "best_train_ner_precision": 0.8821362799263351,
    "best_train_ner_recall": 0.9037735849056604,
    "best_train_ner_span_f1": 0.8928238583410998,
    "train_ner_precision": 0.9700934579439252,
    "train_ner_recall": 0.9792452830188679,
    "train_ner_span_f1": 0.9746478873239437,
    "best_dev_ner_precision": 0.8153846153846154,
    "best_dev_ner_recall": 0.828125,
    "best_dev_ner_span_f1": 0.8217054263565892,
    "dev_ner_precision": 0.8064516129032258,
    "dev_ner_recall": 0.78125,
    "dev_ner_span_f1": 0.7936507936507936
}