{
    "epoch": "8/20",
    "best_epoch": 7,
    "max_gpu_mem": "3.7099",
    "cur_ram": "2.4611",
    "time_epoch": "0:00:08",
    "time_total": "0:01:14",
    "best_train_ner_loss": 6.856722102445715,
    "train_ner_loss": 8.41463010451373,
    "best_train_sum": 0.8938134810710988,
    "train_sum": 0.8938134810710988,
    "best_dev_ner_loss": 17.31806128365653,
    "dev_ner_loss": 18.964161464146205,
    "best_dev_sum": 0.8217054263565892,
    "dev_sum": 0.7441860465116279,
    "best_train_ner_precision": 0.8821362799263351,
    "best_train_ner_recall": 0.9037735849056604,
    "best_train_ner_span_f1": 0.8928238583410998,
    "train_ner_precision": 0.8752260397830018,
    "train_ner_recall": 0.9132075471698113,
    "train_ner_span_f1": 0.8938134810710988,
    "best_dev_ner_precision": 0.8153846153846154,
    "best_dev_ner_recall": 0.828125,
    "best_dev_ner_span_f1": 0.8217054263565892,
    "dev_ner_precision": 0.7384615384615385,
    "dev_ner_recall": 0.75,
    "dev_ner_span_f1": 0.7441860465116279
}