{
    "epoch": "3/20",
    "best_epoch": 3,
    "max_gpu_mem": "3.7029",
    "cur_ram": "2.4563",
    "time_epoch": "0:00:08",
    "time_total": "0:00:27",
    "best_train_ner_loss": 77.45822429656982,
    "train_ner_loss": 77.45822429656982,
    "best_train_sum": 0.04308797127468582,
    "train_sum": 0.04308797127468582,
    "best_dev_ner_loss": 42.5872802734375,
    "dev_ner_loss": 42.5872802734375,
    "best_dev_sum": 0.3396226415094339,
    "dev_sum": 0.3396226415094339,
    "best_train_ner_precision": 0.4444444444444444,
    "best_train_ner_recall": 0.022641509433962263,
    "best_train_ner_span_f1": 0.04308797127468582,
    "train_ner_precision": 0.4444444444444444,
    "train_ner_recall": 0.022641509433962263,
    "train_ner_span_f1": 0.04308797127468582,
    "best_dev_ner_precision": 0.42857142857142855,
    "best_dev_ner_recall": 0.28125,
    "best_dev_ner_span_f1": 0.3396226415094339,
    "dev_ner_precision": 0.42857142857142855,
    "dev_ner_recall": 0.28125,
    "dev_ner_span_f1": 0.3396226415094339
}