{
    "epoch": "6/20",
    "best_epoch": 6,
    "max_gpu_mem": "3.7072",
    "cur_ram": "2.4610",
    "time_epoch": "0:00:08",
    "time_total": "0:00:55",
    "best_train_ner_loss": 9.91018347646676,
    "train_ner_loss": 9.91018347646676,
    "best_train_sum": 0.8414298808432632,
    "train_sum": 0.8414298808432632,
    "best_dev_ner_loss": 14.772554670061384,
    "dev_ner_loss": 14.772554670061384,
    "best_dev_sum": 0.8153846153846153,
    "dev_sum": 0.8153846153846153,
    "best_train_ner_precision": 0.8181818181818182,
    "best_train_ner_recall": 0.8660377358490566,
    "best_train_ner_span_f1": 0.8414298808432632,
    "train_ner_precision": 0.8181818181818182,
    "train_ner_recall": 0.8660377358490566,
    "train_ner_span_f1": 0.8414298808432632,
    "best_dev_ner_precision": 0.803030303030303,
    "best_dev_ner_recall": 0.828125,
    "best_dev_ner_span_f1": 0.8153846153846153,
    "dev_ner_precision": 0.803030303030303,
    "dev_ner_recall": 0.828125,
    "dev_ner_span_f1": 0.8153846153846153
}