{
    "epoch": "15/20",
    "best_epoch": 7,
    "max_gpu_mem": "3.7167",
    "cur_ram": "2.4612",
    "time_epoch": "0:00:08",
    "time_total": "0:02:15",
    "best_train_ner_loss": 6.856722102445715,
    "train_ner_loss": 0.7046025968065449,
    "best_train_sum": 0.9905838041431262,
    "train_sum": 0.9905838041431262,
    "best_dev_ner_loss": 17.31806128365653,
    "dev_ner_loss": 28.317661830357142,
    "best_dev_sum": 0.8217054263565892,
    "dev_sum": 0.7938931297709924,
    "best_train_ner_precision": 0.8821362799263351,
    "best_train_ner_recall": 0.9037735849056604,
    "best_train_ner_span_f1": 0.8928238583410998,
    "train_ner_precision": 0.9887218045112782,
    "train_ner_recall": 0.9924528301886792,
    "train_ner_span_f1": 0.9905838041431262,
    "best_dev_ner_precision": 0.8153846153846154,
    "best_dev_ner_recall": 0.828125,
    "best_dev_ner_span_f1": 0.8217054263565892,
    "dev_ner_precision": 0.7761194029850746,
    "dev_ner_recall": 0.8125,
    "dev_ner_span_f1": 0.7938931297709924
}