{
    "epoch": "11/20",
    "best_epoch": 7,
    "max_gpu_mem": "3.7167",
    "cur_ram": "2.4611",
    "time_epoch": "0:00:08",
    "time_total": "0:01:40",
    "best_train_ner_loss": 6.856722102445715,
    "train_ner_loss": 2.1007170957677506,
    "best_train_sum": 0.9716981132075472,
    "train_sum": 0.9716981132075472,
    "best_dev_ner_loss": 17.31806128365653,
    "dev_ner_loss": 22.940703800746373,
    "best_dev_sum": 0.8217054263565892,
    "dev_sum": 0.7971014492753623,
    "best_train_ner_precision": 0.8821362799263351,
    "best_train_ner_recall": 0.9037735849056604,
    "best_train_ner_span_f1": 0.8928238583410998,
    "train_ner_precision": 0.9716981132075472,
    "train_ner_recall": 0.9716981132075472,
    "train_ner_span_f1": 0.9716981132075472,
    "best_dev_ner_precision": 0.8153846153846154,
    "best_dev_ner_recall": 0.828125,
    "best_dev_ner_span_f1": 0.8217054263565892,
    "dev_ner_precision": 0.7432432432432432,
    "dev_ner_recall": 0.859375,
    "dev_ner_span_f1": 0.7971014492753623
}