{
    "epoch": "9/20",
    "best_epoch": 8,
    "max_gpu_mem": "7.7493",
    "cur_ram": "2.8101",
    "time_epoch": "0:00:17",
    "time_total": "0:02:37",
    "best_train_ner_loss": 15.613076104058159,
    "train_ner_loss": 9.726640595330132,
    "best_train_sum": 0.8690807799442897,
    "train_sum": 0.8690807799442897,
    "best_dev_ner_loss": 23.303690229143417,
    "dev_ner_loss": 21.958613804408483,
    "best_dev_sum": 0.8,
    "dev_sum": 0.7671232876712328,
    "best_train_ner_precision": 0.7874306839186691,
    "best_train_ner_recall": 0.7962616822429907,
    "best_train_ner_span_f1": 0.79182156133829,
    "train_ner_precision": 0.8634686346863468,
    "train_ner_recall": 0.874766355140187,
    "train_ner_span_f1": 0.8690807799442897,
    "best_dev_ner_precision": 0.835820895522388,
    "best_dev_ner_recall": 0.7671232876712328,
    "best_dev_ner_span_f1": 0.8,
    "dev_ner_precision": 0.7671232876712328,
    "dev_ner_recall": 0.7671232876712328,
    "dev_ner_span_f1": 0.7671232876712328
}