{
    "epoch": "4/20",
    "best_epoch": 4,
    "max_gpu_mem": "7.7493",
    "cur_ram": "2.8095",
    "time_epoch": "0:00:17",
    "time_total": "0:01:06",
    "best_train_ner_loss": 32.84232206697817,
    "train_ner_loss": 32.84232206697817,
    "best_train_sum": 0.4939965694682676,
    "train_sum": 0.4939965694682676,
    "best_dev_ner_loss": 25.682695116315568,
    "dev_ner_loss": 25.682695116315568,
    "best_dev_sum": 0.732394366197183,
    "dev_sum": 0.732394366197183,
    "best_train_ner_precision": 0.45641838351822506,
    "best_train_ner_recall": 0.5383177570093458,
    "best_train_ner_span_f1": 0.4939965694682676,
    "train_ner_precision": 0.45641838351822506,
    "train_ner_recall": 0.5383177570093458,
    "train_ner_span_f1": 0.4939965694682676,
    "best_dev_ner_precision": 0.7536231884057971,
    "best_dev_ner_recall": 0.7123287671232876,
    "best_dev_ner_span_f1": 0.732394366197183,
    "dev_ner_precision": 0.7536231884057971,
    "dev_ner_recall": 0.7123287671232876,
    "dev_ner_span_f1": 0.732394366197183
}