{
    "epoch": "15/20",
    "best_epoch": 10,
    "max_gpu_mem": "7.7493",
    "cur_ram": "2.8100",
    "time_epoch": "0:00:16",
    "time_total": "0:04:19",
    "best_train_ner_loss": 7.064877156858091,
    "train_ner_loss": 2.380606686627423,
    "best_train_sum": 0.9553072625698324,
    "train_sum": 0.9553072625698324,
    "best_dev_ner_loss": 20.38707024710519,
    "dev_ner_loss": 27.47085734776088,
    "best_dev_sum": 0.8194444444444445,
    "dev_sum": 0.7832167832167832,
    "best_train_ner_precision": 0.8954128440366973,
    "best_train_ner_recall": 0.9121495327102803,
    "best_train_ner_span_f1": 0.9037037037037038,
    "train_ner_precision": 0.9517625231910947,
    "train_ner_recall": 0.9588785046728971,
    "train_ner_span_f1": 0.9553072625698324,
    "best_dev_ner_precision": 0.8309859154929577,
    "best_dev_ner_recall": 0.8082191780821918,
    "best_dev_ner_span_f1": 0.8194444444444445,
    "dev_ner_precision": 0.8,
    "dev_ner_recall": 0.7671232876712328,
    "dev_ner_span_f1": 0.7832167832167832
}