{
    "epoch": "14/20",
    "best_epoch": 10,
    "max_gpu_mem": "7.7493",
    "cur_ram": "2.8100",
    "time_epoch": "0:00:16",
    "time_total": "0:04:02",
    "best_train_ner_loss": 7.064877156858091,
    "train_ner_loss": 2.282719718085395,
    "best_train_sum": 0.961789375582479,
    "train_sum": 0.961789375582479,
    "best_dev_ner_loss": 20.38707024710519,
    "dev_ner_loss": 27.63256890433175,
    "best_dev_sum": 0.8194444444444445,
    "dev_sum": 0.7945205479452053,
    "best_train_ner_precision": 0.8954128440366973,
    "best_train_ner_recall": 0.9121495327102803,
    "best_train_ner_span_f1": 0.9037037037037038,
    "train_ner_precision": 0.9591078066914498,
    "train_ner_recall": 0.9644859813084112,
    "train_ner_span_f1": 0.961789375582479,
    "best_dev_ner_precision": 0.8309859154929577,
    "best_dev_ner_recall": 0.8082191780821918,
    "best_dev_ner_span_f1": 0.8194444444444445,
    "dev_ner_precision": 0.7945205479452054,
    "dev_ner_recall": 0.7945205479452054,
    "dev_ner_span_f1": 0.7945205479452053
}