{
    "epoch": "12/20",
    "best_epoch": 10,
    "max_gpu_mem": "7.7493",
    "cur_ram": "2.8100",
    "time_epoch": "0:00:16",
    "time_total": "0:03:29",
    "best_train_ner_loss": 7.064877156858091,
    "train_ner_loss": 4.0790877165617765,
    "best_train_sum": 0.943466172381835,
    "train_sum": 0.943466172381835,
    "best_dev_ner_loss": 20.38707024710519,
    "dev_ner_loss": 23.677144731794083,
    "best_dev_sum": 0.8194444444444445,
    "dev_sum": 0.8111888111888111,
    "best_train_ner_precision": 0.8954128440366973,
    "best_train_ner_recall": 0.9121495327102803,
    "best_train_ner_span_f1": 0.9037037037037038,
    "train_ner_precision": 0.9356617647058824,
    "train_ner_recall": 0.9514018691588785,
    "train_ner_span_f1": 0.943466172381835,
    "best_dev_ner_precision": 0.8309859154929577,
    "best_dev_ner_recall": 0.8082191780821918,
    "best_dev_ner_span_f1": 0.8194444444444445,
    "dev_ner_precision": 0.8285714285714286,
    "dev_ner_recall": 0.7945205479452054,
    "dev_ner_span_f1": 0.8111888111888111
}