{
    "epoch": "5/20",
    "best_epoch": 4,
    "max_gpu_mem": "7.7493",
    "cur_ram": "2.8096",
    "time_epoch": "0:00:17",
    "time_total": "0:01:24",
    "best_train_ner_loss": 32.84232206697817,
    "train_ner_loss": 23.276274857697665,
    "best_train_sum": 0.6995348837209303,
    "train_sum": 0.6995348837209303,
    "best_dev_ner_loss": 25.682695116315568,
    "dev_ner_loss": 22.116003036499023,
    "best_dev_sum": 0.732394366197183,
    "dev_sum": 0.7307692307692306,
    "best_train_ner_precision": 0.45641838351822506,
    "best_train_ner_recall": 0.5383177570093458,
    "best_train_ner_span_f1": 0.4939965694682676,
    "train_ner_precision": 0.6962962962962963,
    "train_ner_recall": 0.702803738317757,
    "train_ner_span_f1": 0.6995348837209303,
    "best_dev_ner_precision": 0.7536231884057971,
    "best_dev_ner_recall": 0.7123287671232876,
    "best_dev_ner_span_f1": 0.732394366197183,
    "dev_ner_precision": 0.6867469879518072,
    "dev_ner_recall": 0.7808219178082192,
    "dev_ner_span_f1": 0.7307692307692306
}