{
    "epoch": "2/20",
    "best_epoch": 1,
    "max_gpu_mem": "7.7493",
    "cur_ram": "2.8093",
    "time_epoch": "0:00:17",
    "time_total": "0:00:30",
    "best_train_ner_loss": 1274.5991764775029,
    "train_ner_loss": 342.64054619824446,
    "best_train_sum": 0.0,
    "train_sum": 0.0,
    "best_dev_ner_loss": 1080.2770036969866,
    "dev_ner_loss": 84.24007252284459,
    "best_dev_sum": 0.0,
    "dev_sum": 0.0,
    "best_train_ner_precision": 0.0010152284263959391,
    "best_train_ner_recall": 0.011214953271028037,
    "best_train_ner_span_f1": 0.0018619084561675718,
    "train_ner_precision": 0.0,
    "train_ner_recall": 0.0,
    "train_ner_span_f1": 0.0,
    "best_dev_ner_precision": 0.0,
    "best_dev_ner_recall": 0.0,
    "best_dev_ner_span_f1": 0.0,
    "dev_ner_precision": 0.0,
    "dev_ner_recall": 0.0,
    "dev_ner_span_f1": 0.0
}