{
    "epoch": "11/20",
    "best_epoch": 9,
    "max_gpu_mem": "5.2787",
    "cur_ram": "2.4486",
    "time_epoch": "0:00:09",
    "time_total": "0:01:51",
    "best_train_ner_loss": 11.256856741728607,
    "train_ner_loss": 7.935490820142958,
    "best_train_sum": 0.8821866163996229,
    "train_sum": 0.8821866163996229,
    "best_dev_ner_loss": 18.92987768990653,
    "dev_ner_loss": 25.483036041259766,
    "best_dev_sum": 0.7757575757575759,
    "dev_sum": 0.7514450867052023,
    "best_train_ner_precision": 0.8455598455598455,
    "best_train_ner_recall": 0.8342857142857143,
    "best_train_ner_span_f1": 0.8398849472674975,
    "train_ner_precision": 0.8731343283582089,
    "train_ner_recall": 0.8914285714285715,
    "train_ner_span_f1": 0.8821866163996229,
    "best_dev_ner_precision": 0.8,
    "best_dev_ner_recall": 0.7529411764705882,
    "best_dev_ner_span_f1": 0.7757575757575759,
    "dev_ner_precision": 0.7386363636363636,
    "dev_ner_recall": 0.7647058823529411,
    "dev_ner_span_f1": 0.7514450867052023
}