{
    "epoch": "13/20",
    "best_epoch": 13,
    "max_gpu_mem": "5.2787",
    "cur_ram": "2.4486",
    "time_epoch": "0:00:09",
    "time_total": "0:02:10",
    "best_train_ner_loss": 4.463896009657118,
    "train_ner_loss": 4.463896009657118,
    "best_train_sum": 0.930188679245283,
    "train_sum": 0.930188679245283,
    "best_dev_ner_loss": 21.278487614222936,
    "dev_ner_loss": 21.278487614222936,
    "best_dev_sum": 0.788235294117647,
    "dev_sum": 0.788235294117647,
    "best_train_ner_precision": 0.9214953271028037,
    "best_train_ner_recall": 0.939047619047619,
    "best_train_ner_span_f1": 0.930188679245283,
    "train_ner_precision": 0.9214953271028037,
    "train_ner_recall": 0.939047619047619,
    "train_ner_span_f1": 0.930188679245283,
    "best_dev_ner_precision": 0.788235294117647,
    "best_dev_ner_recall": 0.788235294117647,
    "best_dev_ner_span_f1": 0.788235294117647,
    "dev_ner_precision": 0.788235294117647,
    "dev_ner_recall": 0.788235294117647,
    "dev_ner_span_f1": 0.788235294117647
}