{
    "epoch": "6/20",
    "best_epoch": 6,
    "max_gpu_mem": "5.2763",
    "cur_ram": "2.4433",
    "time_epoch": "0:00:09",
    "time_total": "0:01:00",
    "best_train_ner_loss": 32.58381349069101,
    "train_ner_loss": 32.58381349069101,
    "best_train_sum": 0.41267262388302195,
    "train_sum": 0.41267262388302195,
    "best_dev_ner_loss": 29.136500222342356,
    "dev_ner_loss": 29.136500222342356,
    "best_dev_sum": 0.53125,
    "dev_sum": 0.53125,
    "best_train_ner_precision": 0.3597733711048159,
    "best_train_ner_recall": 0.4838095238095238,
    "best_train_ner_span_f1": 0.41267262388302195,
    "train_ner_precision": 0.3597733711048159,
    "train_ner_recall": 0.4838095238095238,
    "train_ner_span_f1": 0.41267262388302195,
    "best_dev_ner_precision": 0.4766355140186916,
    "best_dev_ner_recall": 0.6,
    "best_dev_ner_span_f1": 0.53125,
    "dev_ner_precision": 0.4766355140186916,
    "dev_ner_recall": 0.6,
    "dev_ner_span_f1": 0.53125
}