{
    "epoch": "12/20",
    "best_epoch": 9,
    "max_gpu_mem": "5.2787",
    "cur_ram": "2.4486",
    "time_epoch": "0:00:09",
    "time_total": "0:02:00",
    "best_train_ner_loss": 11.256856741728607,
    "train_ner_loss": 5.752744498076262,
    "best_train_sum": 0.9183098591549296,
    "train_sum": 0.9183098591549296,
    "best_dev_ner_loss": 18.92987768990653,
    "dev_ner_loss": 23.761729104178293,
    "best_dev_sum": 0.7757575757575759,
    "dev_sum": 0.7333333333333334,
    "best_train_ner_precision": 0.8455598455598455,
    "best_train_ner_recall": 0.8342857142857143,
    "best_train_ner_span_f1": 0.8398849472674975,
    "train_ner_precision": 0.9055555555555556,
    "train_ner_recall": 0.9314285714285714,
    "train_ner_span_f1": 0.9183098591549296,
    "best_dev_ner_precision": 0.8,
    "best_dev_ner_recall": 0.7529411764705882,
    "best_dev_ner_span_f1": 0.7757575757575759,
    "dev_ner_precision": 0.6947368421052632,
    "dev_ner_recall": 0.7764705882352941,
    "dev_ner_span_f1": 0.7333333333333334
}