{
    "epoch": "3/20",
    "best_epoch": 1,
    "max_gpu_mem": "5.2762",
    "cur_ram": "2.4378",
    "time_epoch": "0:00:09",
    "time_total": "0:00:30",
    "best_train_ner_loss": 1587.0444765444156,
    "train_ner_loss": 107.68017503950331,
    "best_train_sum": 0.0,
    "train_sum": 0.0,
    "best_dev_ner_loss": 1463.7324393136162,
    "dev_ner_loss": 122.76764270237514,
    "best_dev_sum": 0.0,
    "dev_sum": 0.0,
    "best_train_ner_precision": 0.0,
    "best_train_ner_recall": 0.0,
    "best_train_ner_span_f1": 0.0,
    "train_ner_precision": 0.0,
    "train_ner_recall": 0.0,
    "train_ner_span_f1": 0.0,
    "best_dev_ner_precision": 0.0,
    "best_dev_ner_recall": 0.0,
    "best_dev_ner_span_f1": 0.0,
    "dev_ner_precision": 0.0,
    "dev_ner_recall": 0.0,
    "dev_ner_span_f1": 0.0
}