{
    "epoch": "9/20",
    "best_epoch": 9,
    "max_gpu_mem": "5.2787",
    "cur_ram": "2.4482",
    "time_epoch": "0:00:09",
    "time_total": "0:01:31",
    "best_train_ner_loss": 11.256856741728607,
    "train_ner_loss": 11.256856741728607,
    "best_train_sum": 0.8398849472674975,
    "train_sum": 0.8398849472674975,
    "best_dev_ner_loss": 18.92987768990653,
    "dev_ner_loss": 18.92987768990653,
    "best_dev_sum": 0.7757575757575759,
    "dev_sum": 0.7757575757575759,
    "best_train_ner_precision": 0.8455598455598455,
    "best_train_ner_recall": 0.8342857142857143,
    "best_train_ner_span_f1": 0.8398849472674975,
    "train_ner_precision": 0.8455598455598455,
    "train_ner_recall": 0.8342857142857143,
    "train_ner_span_f1": 0.8398849472674975,
    "best_dev_ner_precision": 0.8,
    "best_dev_ner_recall": 0.7529411764705882,
    "best_dev_ner_span_f1": 0.7757575757575759,
    "dev_ner_precision": 0.8,
    "dev_ner_recall": 0.7529411764705882,
    "dev_ner_span_f1": 0.7757575757575759
}