{
    "epoch": "10/20",
    "best_epoch": 9,
    "max_gpu_mem": "5.2787",
    "cur_ram": "2.4486",
    "time_epoch": "0:00:09",
    "time_total": "0:01:41",
    "best_train_ner_loss": 11.256856741728607,
    "train_ner_loss": 8.043873645641186,
    "best_train_sum": 0.8838095238095238,
    "train_sum": 0.8838095238095238,
    "best_dev_ner_loss": 18.92987768990653,
    "dev_ner_loss": 31.116640908377512,
    "best_dev_sum": 0.7757575757575759,
    "dev_sum": 0.7045454545454546,
    "best_train_ner_precision": 0.8455598455598455,
    "best_train_ner_recall": 0.8342857142857143,
    "best_train_ner_span_f1": 0.8398849472674975,
    "train_ner_precision": 0.8838095238095238,
    "train_ner_recall": 0.8838095238095238,
    "train_ner_span_f1": 0.8838095238095238,
    "best_dev_ner_precision": 0.8,
    "best_dev_ner_recall": 0.7529411764705882,
    "best_dev_ner_span_f1": 0.7757575757575759,
    "dev_ner_precision": 0.6813186813186813,
    "dev_ner_recall": 0.7294117647058823,
    "dev_ner_span_f1": 0.7045454545454546
}