{
    "epoch": "2/20",
    "best_epoch": 1,
    "max_gpu_mem": "11.0674",
    "cur_ram": "2.8222",
    "time_epoch": "0:00:21",
    "time_total": "0:00:38",
    "best_train_ner_loss": 1458.4341159396702,
    "train_ner_loss": 525.9089933677956,
    "best_train_sum": 0.0006451612903225808,
    "train_sum": 0.0006451612903225808,
    "best_dev_ner_loss": 1289.709507533482,
    "dev_ner_loss": 92.27561024257115,
    "best_dev_sum": 0.0,
    "dev_sum": 0.0,
    "best_train_ner_precision": 8.824308027178869e-05,
    "best_train_ner_recall": 0.005747126436781609,
    "best_train_ner_span_f1": 0.00017381731799878328,
    "train_ner_precision": 0.0003417634996582365,
    "train_ner_recall": 0.005747126436781609,
    "train_ner_span_f1": 0.0006451612903225808,
    "best_dev_ner_precision": 0.0,
    "best_dev_ner_recall": 0.0,
    "best_dev_ner_span_f1": 0.0,
    "dev_ner_precision": 0.0,
    "dev_ner_recall": 0.0,
    "dev_ner_span_f1": 0.0
}