{
    "epoch": "18/20",
    "best_epoch": 18,
    "max_gpu_mem": "11.0732",
    "cur_ram": "2.8400",
    "time_epoch": "0:00:18",
    "time_total": "0:06:13",
    "best_train_ner_loss": 0.8037642019766348,
    "train_ner_loss": 0.8037642019766348,
    "best_train_sum": 0.985645933014354,
    "train_sum": 0.985645933014354,
    "best_dev_ner_loss": 26.558789934430802,
    "dev_ner_loss": 26.558789934430802,
    "best_dev_sum": 0.7874015748031497,
    "dev_sum": 0.7874015748031497,
    "best_train_ner_precision": 0.9847036328871893,
    "best_train_ner_recall": 0.9865900383141762,
    "best_train_ner_span_f1": 0.985645933014354,
    "train_ner_precision": 0.9847036328871893,
    "train_ner_recall": 0.9865900383141762,
    "train_ner_span_f1": 0.985645933014354,
    "best_dev_ner_precision": 0.78125,
    "best_dev_ner_recall": 0.7936507936507936,
    "best_dev_ner_span_f1": 0.7874015748031497,
    "dev_ner_precision": 0.78125,
    "dev_ner_recall": 0.7936507936507936,
    "dev_ner_span_f1": 0.7874015748031497
}