{
    "epoch": "20/20",
    "best_epoch": 20,
    "max_gpu_mem": "11.0732",
    "cur_ram": "2.8400",
    "time_epoch": "0:00:22",
    "time_total": "0:06:57",
    "best_train_ner_loss": 0.5987435800057871,
    "train_ner_loss": 0.5987435800057871,
    "best_train_sum": 0.991404011461318,
    "train_sum": 0.991404011461318,
    "best_dev_ner_loss": 26.1929931640625,
    "dev_ner_loss": 26.1929931640625,
    "best_dev_sum": 0.8125,
    "dev_sum": 0.8125,
    "best_train_ner_precision": 0.9885714285714285,
    "best_train_ner_recall": 0.9942528735632183,
    "best_train_ner_span_f1": 0.991404011461318,
    "train_ner_precision": 0.9885714285714285,
    "train_ner_recall": 0.9942528735632183,
    "train_ner_span_f1": 0.991404011461318,
    "best_dev_ner_precision": 0.8,
    "best_dev_ner_recall": 0.8253968253968254,
    "best_dev_ner_span_f1": 0.8125,
    "dev_ner_precision": 0.8,
    "dev_ner_recall": 0.8253968253968254,
    "dev_ner_span_f1": 0.8125
}