{
    "epoch": "1/20",
    "best_epoch": 1,
    "max_gpu_mem": "4.3417",
    "cur_ram": "2.8033",
    "time_epoch": "0:00:11",
    "time_total": "0:00:14",
    "best_train_ner_loss": 1458.4341159396702,
    "train_ner_loss": 1458.4341159396702,
    "best_train_sum": 0.00017381731799878328,
    "train_sum": 0.00017381731799878328,
    "best_dev_ner_loss": 1289.709507533482,
    "dev_ner_loss": 1289.709507533482,
    "best_dev_sum": 0.0,
    "dev_sum": 0.0,
    "best_train_ner_precision": 8.824308027178869e-05,
    "best_train_ner_recall": 0.005747126436781609,
    "best_train_ner_span_f1": 0.00017381731799878328,
    "train_ner_precision": 8.824308027178869e-05,
    "train_ner_recall": 0.005747126436781609,
    "train_ner_span_f1": 0.00017381731799878328,
    "best_dev_ner_precision": 0.0,
    "best_dev_ner_recall": 0.0,
    "best_dev_ner_span_f1": 0.0,
    "dev_ner_precision": 0.0,
    "dev_ner_recall": 0.0,
    "dev_ner_span_f1": 0.0
}