{
    "epoch": "6/20",
    "best_epoch": 6,
    "max_gpu_mem": "11.0732",
    "cur_ram": "2.8395",
    "time_epoch": "0:00:21",
    "time_total": "0:02:12",
    "best_train_ner_loss": 17.033036479243524,
    "train_ner_loss": 17.033036479243524,
    "best_train_sum": 0.7530516431924883,
    "train_sum": 0.7530516431924883,
    "best_dev_ner_loss": 24.879281180245535,
    "dev_ner_loss": 24.879281180245535,
    "best_dev_sum": 0.6771653543307087,
    "dev_sum": 0.6771653543307087,
    "best_train_ner_precision": 0.7384898710865562,
    "best_train_ner_recall": 0.7681992337164751,
    "best_train_ner_span_f1": 0.7530516431924883,
    "train_ner_precision": 0.7384898710865562,
    "train_ner_recall": 0.7681992337164751,
    "train_ner_span_f1": 0.7530516431924883,
    "best_dev_ner_precision": 0.671875,
    "best_dev_ner_recall": 0.6825396825396826,
    "best_dev_ner_span_f1": 0.6771653543307087,
    "dev_ner_precision": 0.671875,
    "dev_ner_recall": 0.6825396825396826,
    "dev_ner_span_f1": 0.6771653543307087
}