{
    "epoch": "15/20",
    "best_epoch": 14,
    "max_gpu_mem": "11.0732",
    "cur_ram": "2.8400",
    "time_epoch": "0:00:18",
    "time_total": "0:05:16",
    "best_train_ner_loss": 1.5163817935519748,
    "train_ner_loss": 1.5606887252242476,
    "best_train_sum": 0.9695238095238096,
    "train_sum": 0.9695238095238096,
    "best_dev_ner_loss": 24.004339490618026,
    "dev_ner_loss": 26.67330551147461,
    "best_dev_sum": 0.7846153846153846,
    "dev_sum": 0.768,
    "best_train_ner_precision": 0.9695817490494296,
    "best_train_ner_recall": 0.9770114942528736,
    "best_train_ner_span_f1": 0.9732824427480916,
    "train_ner_precision": 0.9640151515151515,
    "train_ner_recall": 0.975095785440613,
    "train_ner_span_f1": 0.9695238095238096,
    "best_dev_ner_precision": 0.7611940298507462,
    "best_dev_ner_recall": 0.8095238095238095,
    "best_dev_ner_span_f1": 0.7846153846153846,
    "dev_ner_precision": 0.7741935483870968,
    "dev_ner_recall": 0.7619047619047619,
    "dev_ner_span_f1": 0.768
}