{
    "epoch": "7/20",
    "best_epoch": 7,
    "max_gpu_mem": "11.0732",
    "cur_ram": "2.8395",
    "time_epoch": "0:00:22",
    "time_total": "0:02:36",
    "best_train_ner_loss": 12.748357278329355,
    "train_ner_loss": 12.748357278329355,
    "best_train_sum": 0.8104575163398693,
    "train_sum": 0.8104575163398693,
    "best_dev_ner_loss": 21.48716299874442,
    "dev_ner_loss": 21.48716299874442,
    "best_dev_sum": 0.7368421052631577,
    "dev_sum": 0.7368421052631577,
    "best_train_ner_precision": 0.7905282331511839,
    "best_train_ner_recall": 0.8314176245210728,
    "best_train_ner_span_f1": 0.8104575163398693,
    "train_ner_precision": 0.7905282331511839,
    "train_ner_recall": 0.8314176245210728,
    "train_ner_span_f1": 0.8104575163398693,
    "best_dev_ner_precision": 0.7,
    "best_dev_ner_recall": 0.7777777777777778,
    "best_dev_ner_span_f1": 0.7368421052631577,
    "dev_ner_precision": 0.7,
    "dev_ner_recall": 0.7777777777777778,
    "dev_ner_span_f1": 0.7368421052631577
}