{
    "epoch": "19/20",
    "best_epoch": 18,
    "max_gpu_mem": "11.0732",
    "cur_ram": "2.8400",
    "time_epoch": "0:00:19",
    "time_total": "0:06:35",
    "best_train_ner_loss": 0.8037642019766348,
    "train_ner_loss": 0.5601767787226924,
    "best_train_sum": 0.9913875598086125,
    "train_sum": 0.9913875598086125,
    "best_dev_ner_loss": 26.558789934430802,
    "dev_ner_loss": 26.52153069632394,
    "best_dev_sum": 0.7874015748031497,
    "dev_sum": 0.7812500000000001,
    "best_train_ner_precision": 0.9847036328871893,
    "best_train_ner_recall": 0.9865900383141762,
    "best_train_ner_span_f1": 0.985645933014354,
    "train_ner_precision": 0.9904397705544933,
    "train_ner_recall": 0.9923371647509579,
    "train_ner_span_f1": 0.9913875598086125,
    "best_dev_ner_precision": 0.78125,
    "best_dev_ner_recall": 0.7936507936507936,
    "best_dev_ner_span_f1": 0.7874015748031497,
    "dev_ner_precision": 0.7692307692307693,
    "dev_ner_recall": 0.7936507936507936,
    "dev_ner_span_f1": 0.7812500000000001
}