{
    "epoch": "12/20",
    "best_epoch": 8,
    "max_gpu_mem": "11.0732",
    "cur_ram": "2.8396",
    "time_epoch": "0:00:19",
    "time_total": "0:04:15",
    "best_train_ner_loss": 9.58507631443165,
    "train_ner_loss": 3.6937780027036315,
    "best_train_sum": 0.9457659372026641,
    "train_sum": 0.9457659372026641,
    "best_dev_ner_loss": 19.9214597429548,
    "dev_ner_loss": 25.047060830252512,
    "best_dev_sum": 0.7540983606557377,
    "dev_sum": 0.7441860465116279,
    "best_train_ner_precision": 0.8345864661654135,
    "best_train_ner_recall": 0.8505747126436781,
    "best_train_ner_span_f1": 0.842504743833017,
    "train_ner_precision": 0.9395085066162571,
    "train_ner_recall": 0.9521072796934866,
    "train_ner_span_f1": 0.9457659372026641,
    "best_dev_ner_precision": 0.7796610169491526,
    "best_dev_ner_recall": 0.7301587301587301,
    "best_dev_ner_span_f1": 0.7540983606557377,
    "dev_ner_precision": 0.7272727272727273,
    "dev_ner_recall": 0.7619047619047619,
    "dev_ner_span_f1": 0.7441860465116279
}