{
    "epoch": "9/20",
    "best_epoch": 8,
    "max_gpu_mem": "11.0732",
    "cur_ram": "2.8396",
    "time_epoch": "0:00:18",
    "time_total": "0:03:18",
    "best_train_ner_loss": 9.58507631443165,
    "train_ner_loss": 7.3365744484795465,
    "best_train_sum": 0.8817407757805109,
    "train_sum": 0.8817407757805109,
    "best_dev_ner_loss": 19.9214597429548,
    "dev_ner_loss": 21.2008672441755,
    "best_dev_sum": 0.7540983606557377,
    "dev_sum": 0.7142857142857143,
    "best_train_ner_precision": 0.8345864661654135,
    "best_train_ner_recall": 0.8505747126436781,
    "best_train_ner_span_f1": 0.842504743833017,
    "train_ner_precision": 0.8710280373831776,
    "train_ner_recall": 0.89272030651341,
    "train_ner_span_f1": 0.8817407757805109,
    "best_dev_ner_precision": 0.7796610169491526,
    "best_dev_ner_recall": 0.7301587301587301,
    "best_dev_ner_span_f1": 0.7540983606557377,
    "dev_ner_precision": 0.7142857142857143,
    "dev_ner_recall": 0.7142857142857143,
    "dev_ner_span_f1": 0.7142857142857143
}