{
    "epoch": "11/20",
    "best_epoch": 8,
    "max_gpu_mem": "11.0732",
    "cur_ram": "2.8396",
    "time_epoch": "0:00:19",
    "time_total": "0:03:56",
    "best_train_ner_loss": 9.58507631443165,
    "train_ner_loss": 5.887770476164641,
    "best_train_sum": 0.9113441372735939,
    "train_sum": 0.9113441372735939,
    "best_dev_ner_loss": 19.9214597429548,
    "dev_ner_loss": 28.29235785348075,
    "best_dev_sum": 0.7540983606557377,
    "dev_sum": 0.72992700729927,
    "best_train_ner_precision": 0.8345864661654135,
    "best_train_ner_recall": 0.8505747126436781,
    "best_train_ner_span_f1": 0.842504743833017,
    "train_ner_precision": 0.9070208728652751,
    "train_ner_recall": 0.9157088122605364,
    "train_ner_span_f1": 0.9113441372735939,
    "best_dev_ner_precision": 0.7796610169491526,
    "best_dev_ner_recall": 0.7301587301587301,
    "best_dev_ner_span_f1": 0.7540983606557377,
    "dev_ner_precision": 0.6756756756756757,
    "dev_ner_recall": 0.7936507936507936,
    "dev_ner_span_f1": 0.72992700729927
}