{
    "epoch": "4/20",
    "best_epoch": 4,
    "max_gpu_mem": "11.0681",
    "cur_ram": "2.8225",
    "time_epoch": "0:00:21",
    "time_total": "0:01:23",
    "best_train_ner_loss": 36.30952105698762,
    "train_ner_loss": 36.30952105698762,
    "best_train_sum": 0.4955925563173359,
    "train_sum": 0.4955925563173359,
    "best_dev_ner_loss": 31.97417095729283,
    "dev_ner_loss": 31.97417095729283,
    "best_dev_sum": 0.5280000000000001,
    "dev_sum": 0.5280000000000001,
    "best_train_ner_precision": 0.5070140280561122,
    "best_train_ner_recall": 0.4846743295019157,
    "best_train_ner_span_f1": 0.4955925563173359,
    "train_ner_precision": 0.5070140280561122,
    "train_ner_recall": 0.4846743295019157,
    "train_ner_span_f1": 0.4955925563173359,
    "best_dev_ner_precision": 0.532258064516129,
    "best_dev_ner_recall": 0.5238095238095238,
    "best_dev_ner_span_f1": 0.5280000000000001,
    "dev_ner_precision": 0.532258064516129,
    "dev_ner_recall": 0.5238095238095238,
    "dev_ner_span_f1": 0.5280000000000001
}