{
    "epoch": "13/20",
    "best_epoch": 13,
    "max_gpu_mem": "11.0732",
    "cur_ram": "2.8396",
    "time_epoch": "0:00:18",
    "time_total": "0:04:34",
    "best_train_ner_loss": 2.2686841046368635,
    "train_ner_loss": 2.2686841046368635,
    "best_train_sum": 0.9686609686609687,
    "train_sum": 0.9686609686609687,
    "best_dev_ner_loss": 22.15642820085798,
    "dev_ner_loss": 22.15642820085798,
    "best_dev_sum": 0.7619047619047619,
    "dev_sum": 0.7619047619047619,
    "best_train_ner_precision": 0.96045197740113,
    "best_train_ner_recall": 0.9770114942528736,
    "best_train_ner_span_f1": 0.9686609686609687,
    "train_ner_precision": 0.96045197740113,
    "train_ner_recall": 0.9770114942528736,
    "train_ner_span_f1": 0.9686609686609687,
    "best_dev_ner_precision": 0.7619047619047619,
    "best_dev_ner_recall": 0.7619047619047619,
    "best_dev_ner_span_f1": 0.7619047619047619,
    "dev_ner_precision": 0.7619047619047619,
    "dev_ner_recall": 0.7619047619047619,
    "dev_ner_span_f1": 0.7619047619047619
}