{
    "epoch": "2/20",
    "best_epoch": 1,
    "max_gpu_mem": "2.7202",
    "cur_ram": "2.4682",
    "time_epoch": "0:00:03",
    "time_total": "0:00:09",
    "best_train_ner_loss": 801.560878499349,
    "train_ner_loss": 554.6874435424804,
    "best_train_sum": 0.0,
    "train_sum": 0.0,
    "best_dev_ner_loss": 687.0581970214844,
    "dev_ner_loss": 260.73050689697266,
    "best_dev_sum": 0.0,
    "dev_sum": 0.0,
    "best_train_ner_precision": 0.001697792869269949,
    "best_train_ner_recall": 0.0017167381974248926,
    "best_train_ner_span_f1": 0.0017072129748186087,
    "train_ner_precision": 0.0,
    "train_ner_recall": 0.0,
    "train_ner_span_f1": 0.0,
    "best_dev_ner_precision": 0.0,
    "best_dev_ner_recall": 0.0,
    "best_dev_ner_span_f1": 0.0,
    "dev_ner_precision": 0.0,
    "dev_ner_recall": 0.0,
    "dev_ner_span_f1": 0.0
}