{
    "epoch": "7/20",
    "best_epoch": 7,
    "max_gpu_mem": "2.7244",
    "cur_ram": "2.4778",
    "time_epoch": "0:00:03",
    "time_total": "0:00:29",
    "best_train_ner_loss": 18.109852854410807,
    "train_ner_loss": 18.109852854410807,
    "best_train_sum": 0.9307855626326963,
    "train_sum": 0.9307855626326963,
    "best_dev_ner_loss": 15.579146385192871,
    "dev_ner_loss": 15.579146385192871,
    "best_dev_sum": 0.9435483870967742,
    "dev_sum": 0.9435483870967742,
    "best_train_ner_precision": 0.9210084033613445,
    "best_train_ner_recall": 0.9407725321888412,
    "best_train_ner_span_f1": 0.9307855626326963,
    "train_ner_precision": 0.9210084033613445,
    "train_ner_recall": 0.9407725321888412,
    "train_ner_span_f1": 0.9307855626326963,
    "best_dev_ner_precision": 0.9512195121951219,
    "best_dev_ner_recall": 0.936,
    "best_dev_ner_span_f1": 0.9435483870967742,
    "dev_ner_precision": 0.9512195121951219,
    "dev_ner_recall": 0.936,
    "dev_ner_span_f1": 0.9435483870967742
}