{
    "epoch": "6/20",
    "best_epoch": 5,
    "max_gpu_mem": "2.7244",
    "cur_ram": "2.4778",
    "time_epoch": "0:00:03",
    "time_total": "0:00:25",
    "best_train_ner_loss": 49.08949998219808,
    "train_ner_loss": 30.28333346048991,
    "best_train_sum": 0.8985629754860524,
    "train_sum": 0.8985629754860524,
    "best_dev_ner_loss": 23.736689567565918,
    "dev_ner_loss": 15.500556945800781,
    "best_dev_sum": 0.900398406374502,
    "dev_sum": 0.8924302788844621,
    "best_train_ner_precision": 0.8221311475409836,
    "best_train_ner_recall": 0.8609442060085837,
    "best_train_ner_span_f1": 0.8410901467505241,
    "train_ner_precision": 0.8850957535387177,
    "train_ner_recall": 0.9124463519313305,
    "train_ner_span_f1": 0.8985629754860524,
    "best_dev_ner_precision": 0.8968253968253969,
    "best_dev_ner_recall": 0.904,
    "best_dev_ner_span_f1": 0.900398406374502,
    "dev_ner_precision": 0.8888888888888888,
    "dev_ner_recall": 0.896,
    "dev_ner_span_f1": 0.8924302788844621
}