{
    "epoch": "3/20",
    "best_epoch": 3,
    "max_gpu_mem": "2.7227",
    "cur_ram": "2.4682",
    "time_epoch": "0:00:03",
    "time_total": "0:00:13",
    "best_train_ner_loss": 253.5451431274414,
    "train_ner_loss": 253.5451431274414,
    "best_train_sum": 0.08762490392006149,
    "train_sum": 0.08762490392006149,
    "best_dev_ner_loss": 126.23235130310059,
    "dev_ner_loss": 126.23235130310059,
    "best_dev_sum": 0.4806866952789699,
    "dev_sum": 0.4806866952789699,
    "best_train_ner_precision": 0.41911764705882354,
    "best_train_ner_recall": 0.048927038626609444,
    "best_train_ner_span_f1": 0.08762490392006149,
    "train_ner_precision": 0.41911764705882354,
    "train_ner_recall": 0.048927038626609444,
    "train_ner_span_f1": 0.08762490392006149,
    "best_dev_ner_precision": 0.5185185185185185,
    "best_dev_ner_recall": 0.448,
    "best_dev_ner_span_f1": 0.4806866952789699,
    "dev_ner_precision": 0.5185185185185185,
    "dev_ner_recall": 0.448,
    "dev_ner_span_f1": 0.4806866952789699
}