{
    "epoch": "11/20",
    "best_epoch": 11,
    "max_gpu_mem": "2.7324",
    "cur_ram": "2.4778",
    "time_epoch": "0:00:03",
    "time_total": "0:00:44",
    "best_train_ner_loss": 7.0145011901855465,
    "train_ner_loss": 7.0145011901855465,
    "best_train_sum": 0.9722340879965827,
    "train_sum": 0.9722340879965827,
    "best_dev_ner_loss": 16.140295028686523,
    "dev_ner_loss": 16.140295028686523,
    "best_dev_sum": 0.96,
    "dev_sum": 0.96,
    "best_train_ner_precision": 0.967687074829932,
    "best_train_ner_recall": 0.976824034334764,
    "best_train_ner_span_f1": 0.9722340879965827,
    "train_ner_precision": 0.967687074829932,
    "train_ner_recall": 0.976824034334764,
    "train_ner_span_f1": 0.9722340879965827,
    "best_dev_ner_precision": 0.96,
    "best_dev_ner_recall": 0.96,
    "best_dev_ner_span_f1": 0.96,
    "dev_ner_precision": 0.96,
    "dev_ner_recall": 0.96,
    "dev_ner_span_f1": 0.96
}