{
    "epoch": "5/20",
    "best_epoch": 5,
    "max_gpu_mem": "2.7244",
    "cur_ram": "2.4773",
    "time_epoch": "0:00:03",
    "time_total": "0:00:21",
    "best_train_ner_loss": 49.08949998219808,
    "train_ner_loss": 49.08949998219808,
    "best_train_sum": 0.8410901467505241,
    "train_sum": 0.8410901467505241,
    "best_dev_ner_loss": 23.736689567565918,
    "dev_ner_loss": 23.736689567565918,
    "best_dev_sum": 0.900398406374502,
    "dev_sum": 0.900398406374502,
    "best_train_ner_precision": 0.8221311475409836,
    "best_train_ner_recall": 0.8609442060085837,
    "best_train_ner_span_f1": 0.8410901467505241,
    "train_ner_precision": 0.8221311475409836,
    "train_ner_recall": 0.8609442060085837,
    "train_ner_span_f1": 0.8410901467505241,
    "best_dev_ner_precision": 0.8968253968253969,
    "best_dev_ner_recall": 0.904,
    "best_dev_ner_span_f1": 0.900398406374502,
    "dev_ner_precision": 0.8968253968253969,
    "dev_ner_recall": 0.904,
    "dev_ner_span_f1": 0.900398406374502
}