{
    "epoch": "4/20",
    "best_epoch": 4,
    "max_gpu_mem": "2.7244",
    "cur_ram": "2.4727",
    "time_epoch": "0:00:03",
    "time_total": "0:00:17",
    "best_train_ner_loss": 108.4120595296224,
    "train_ner_loss": 108.4120595296224,
    "best_train_sum": 0.625,
    "train_sum": 0.625,
    "best_dev_ner_loss": 44.99687433242798,
    "dev_ner_loss": 44.99687433242798,
    "best_dev_sum": 0.8548387096774194,
    "dev_sum": 0.8548387096774194,
    "best_train_ner_precision": 0.6111566858080394,
    "best_train_ner_recall": 0.6394849785407726,
    "best_train_ner_span_f1": 0.625,
    "train_ner_precision": 0.6111566858080394,
    "train_ner_recall": 0.6394849785407726,
    "train_ner_span_f1": 0.625,
    "best_dev_ner_precision": 0.8617886178861789,
    "best_dev_ner_recall": 0.848,
    "best_dev_ner_span_f1": 0.8548387096774194,
    "dev_ner_precision": 0.8617886178861789,
    "dev_ner_recall": 0.848,
    "dev_ner_span_f1": 0.8548387096774194
}