{
    "epoch": "17/20",
    "best_epoch": 11,
    "max_gpu_mem": "2.7324",
    "cur_ram": "2.4779",
    "time_epoch": "0:00:03",
    "time_total": "0:01:06",
    "best_train_ner_loss": 7.0145011901855465,
    "train_ner_loss": 2.2136253992716473,
    "best_train_sum": 0.9948542024013722,
    "train_sum": 0.9948542024013722,
    "best_dev_ner_loss": 16.140295028686523,
    "dev_ner_loss": 15.284202575683594,
    "best_dev_sum": 0.96,
    "dev_sum": 0.9523809523809523,
    "best_train_ner_precision": 0.967687074829932,
    "best_train_ner_recall": 0.976824034334764,
    "best_train_ner_span_f1": 0.9722340879965827,
    "train_ner_precision": 0.9940017137960583,
    "train_ner_recall": 0.9957081545064378,
    "train_ner_span_f1": 0.9948542024013722,
    "best_dev_ner_precision": 0.96,
    "best_dev_ner_recall": 0.96,
    "best_dev_ner_span_f1": 0.96,
    "dev_ner_precision": 0.9448818897637795,
    "dev_ner_recall": 0.96,
    "dev_ner_span_f1": 0.9523809523809523
}