{
    "epoch": "12/20",
    "best_epoch": 11,
    "max_gpu_mem": "2.7324",
    "cur_ram": "2.4779",
    "time_epoch": "0:00:03",
    "time_total": "0:00:48",
    "best_train_ner_loss": 7.0145011901855465,
    "train_ner_loss": 5.169688351949056,
    "best_train_sum": 0.982441113490364,
    "train_sum": 0.982441113490364,
    "best_dev_ner_loss": 16.140295028686523,
    "dev_ner_loss": 18.838523864746094,
    "best_dev_sum": 0.96,
    "dev_sum": 0.9254901960784314,
    "best_train_ner_precision": 0.967687074829932,
    "best_train_ner_recall": 0.976824034334764,
    "best_train_ner_span_f1": 0.9722340879965827,
    "train_ner_precision": 0.9803418803418803,
    "train_ner_recall": 0.984549356223176,
    "train_ner_span_f1": 0.982441113490364,
    "best_dev_ner_precision": 0.96,
    "best_dev_ner_recall": 0.96,
    "best_dev_ner_span_f1": 0.96,
    "dev_ner_precision": 0.9076923076923077,
    "dev_ner_recall": 0.944,
    "dev_ner_span_f1": 0.9254901960784314
}