{
    "epoch": "13/20",
    "best_epoch": 11,
    "max_gpu_mem": "2.7324",
    "cur_ram": "2.4779",
    "time_epoch": "0:00:03",
    "time_total": "0:00:52",
    "best_train_ner_loss": 7.0145011901855465,
    "train_ner_loss": 4.5366465250651045,
    "best_train_sum": 0.9828767123287672,
    "train_sum": 0.9828767123287672,
    "best_dev_ner_loss": 16.140295028686523,
    "dev_ner_loss": 14.80561637878418,
    "best_dev_sum": 0.96,
    "dev_sum": 0.952,
    "best_train_ner_precision": 0.967687074829932,
    "best_train_ner_recall": 0.976824034334764,
    "best_train_ner_span_f1": 0.9722340879965827,
    "train_ner_precision": 0.9803586678052946,
    "train_ner_recall": 0.9854077253218884,
    "train_ner_span_f1": 0.9828767123287672,
    "best_dev_ner_precision": 0.96,
    "best_dev_ner_recall": 0.96,
    "best_dev_ner_span_f1": 0.96,
    "dev_ner_precision": 0.952,
    "dev_ner_recall": 0.952,
    "dev_ner_span_f1": 0.952
}