{
    "epoch": "10/20",
    "best_epoch": 7,
    "max_gpu_mem": "2.7324",
    "cur_ram": "2.4778",
    "time_epoch": "0:00:03",
    "time_total": "0:00:40",
    "best_train_ner_loss": 18.109852854410807,
    "train_ner_loss": 7.421678098042806,
    "best_train_sum": 0.9734816082121471,
    "train_sum": 0.9734816082121471,
    "best_dev_ner_loss": 15.579146385192871,
    "dev_ner_loss": 19.582643508911133,
    "best_dev_sum": 0.9435483870967742,
    "dev_sum": 0.8984375,
    "best_train_ner_precision": 0.9210084033613445,
    "best_train_ner_recall": 0.9407725321888412,
    "best_train_ner_span_f1": 0.9307855626326963,
    "train_ner_precision": 0.9701619778346121,
    "train_ner_recall": 0.976824034334764,
    "train_ner_span_f1": 0.9734816082121471,
    "best_dev_ner_precision": 0.9512195121951219,
    "best_dev_ner_recall": 0.936,
    "best_dev_ner_span_f1": 0.9435483870967742,
    "dev_ner_precision": 0.8778625954198473,
    "dev_ner_recall": 0.92,
    "dev_ner_span_f1": 0.8984375
}