{
    "epoch": "9/20",
    "best_epoch": 7,
    "max_gpu_mem": "2.7244",
    "cur_ram": "2.4778",
    "time_epoch": "0:00:03",
    "time_total": "0:00:37",
    "best_train_ner_loss": 18.109852854410807,
    "train_ner_loss": 10.1746306737264,
    "best_train_sum": 0.9625531914893617,
    "train_sum": 0.9625531914893617,
    "best_dev_ner_loss": 15.579146385192871,
    "dev_ner_loss": 14.732829093933105,
    "best_dev_sum": 0.9435483870967742,
    "dev_sum": 0.9291338582677166,
    "best_train_ner_precision": 0.9210084033613445,
    "best_train_ner_recall": 0.9407725321888412,
    "best_train_ner_span_f1": 0.9307855626326963,
    "train_ner_precision": 0.9544303797468354,
    "train_ner_recall": 0.9708154506437768,
    "train_ner_span_f1": 0.9625531914893617,
    "best_dev_ner_precision": 0.9512195121951219,
    "best_dev_ner_recall": 0.936,
    "best_dev_ner_span_f1": 0.9435483870967742,
    "dev_ner_precision": 0.9147286821705426,
    "dev_ner_recall": 0.944,
    "dev_ner_span_f1": 0.9291338582677166
}