{
    "epoch": "4/20",
    "best_epoch": 4,
    "max_gpu_mem": "3.7199",
    "cur_ram": "2.4769",
    "time_epoch": "0:00:08",
    "time_total": "0:00:38",
    "best_train_ner_loss": 78.7917874654134,
    "train_ner_loss": 78.7917874654134,
    "best_train_sum": 0.11042944785276075,
    "train_sum": 0.11042944785276075,
    "best_dev_ner_loss": 38.84107562473842,
    "dev_ner_loss": 38.84107562473842,
    "best_dev_sum": 0.29787234042553196,
    "dev_sum": 0.29787234042553196,
    "best_train_ner_precision": 0.29508196721311475,
    "best_train_ner_recall": 0.06792452830188679,
    "best_train_ner_span_f1": 0.11042944785276075,
    "train_ner_precision": 0.29508196721311475,
    "train_ner_recall": 0.06792452830188679,
    "train_ner_span_f1": 0.11042944785276075,
    "best_dev_ner_precision": 0.25925925925925924,
    "best_dev_ner_recall": 0.35,
    "best_dev_ner_span_f1": 0.29787234042553196,
    "dev_ner_precision": 0.25925925925925924,
    "dev_ner_recall": 0.35,
    "dev_ner_span_f1": 0.29787234042553196
}