{
    "epoch": "12/20",
    "best_epoch": 10,
    "max_gpu_mem": "3.7199",
    "cur_ram": "2.4795",
    "time_epoch": "0:00:08",
    "time_total": "0:01:51",
    "best_train_ner_loss": 5.0840635112687655,
    "train_ner_loss": 3.7121448142855775,
    "best_train_sum": 0.9417293233082706,
    "train_sum": 0.9417293233082706,
    "best_dev_ner_loss": 19.760452815464564,
    "dev_ner_loss": 22.470197950090682,
    "best_dev_sum": 0.8429752066115703,
    "dev_sum": 0.784,
    "best_train_ner_precision": 0.9239332096474954,
    "best_train_ner_recall": 0.939622641509434,
    "best_train_ner_span_f1": 0.9317118802619272,
    "train_ner_precision": 0.9382022471910112,
    "train_ner_recall": 0.9452830188679245,
    "train_ner_span_f1": 0.9417293233082706,
    "best_dev_ner_precision": 0.8360655737704918,
    "best_dev_ner_recall": 0.85,
    "best_dev_ner_span_f1": 0.8429752066115703,
    "dev_ner_precision": 0.7538461538461538,
    "dev_ner_recall": 0.8166666666666667,
    "dev_ner_span_f1": 0.784
}