{
    "epoch": "17/20",
    "best_epoch": 10,
    "max_gpu_mem": "3.7199",
    "cur_ram": "2.4796",
    "time_epoch": "0:00:08",
    "time_total": "0:02:34",
    "best_train_ner_loss": 5.0840635112687655,
    "train_ner_loss": 1.2311964222029144,
    "best_train_sum": 0.9905838041431262,
    "train_sum": 0.9905838041431262,
    "best_dev_ner_loss": 19.760452815464564,
    "dev_ner_loss": 26.159847259521484,
    "best_dev_sum": 0.8429752066115703,
    "dev_sum": 0.8032786885245902,
    "best_train_ner_precision": 0.9239332096474954,
    "best_train_ner_recall": 0.939622641509434,
    "best_train_ner_span_f1": 0.9317118802619272,
    "train_ner_precision": 0.9887218045112782,
    "train_ner_recall": 0.9924528301886792,
    "train_ner_span_f1": 0.9905838041431262,
    "best_dev_ner_precision": 0.8360655737704918,
    "best_dev_ner_recall": 0.85,
    "best_dev_ner_span_f1": 0.8429752066115703,
    "dev_ner_precision": 0.7903225806451613,
    "dev_ner_recall": 0.8166666666666667,
    "dev_ner_span_f1": 0.8032786885245902
}