{
    "epoch": "2/20",
    "best_epoch": 1,
    "max_gpu_mem": "3.7081",
    "cur_ram": "2.4767",
    "time_epoch": "0:00:08",
    "time_total": "0:00:20",
    "best_train_ner_loss": 1850.4177341835173,
    "train_ner_loss": 604.8926388235653,
    "best_train_sum": 0.0,
    "train_sum": 0.0,
    "best_dev_ner_loss": 1486.006059919085,
    "dev_ner_loss": 103.72385951450893,
    "best_dev_sum": 0.0,
    "dev_sum": 0.0,
    "best_train_ner_precision": 0.0008106355382619975,
    "best_train_ner_recall": 0.02830188679245283,
    "best_train_ner_span_f1": 0.0015761269307554902,
    "train_ner_precision": 0.0,
    "train_ner_recall": 0.0,
    "train_ner_span_f1": 0.0,
    "best_dev_ner_precision": 0.0,
    "best_dev_ner_recall": 0.0,
    "best_dev_ner_span_f1": 0.0,
    "dev_ner_precision": 0.0,
    "dev_ner_recall": 0.0,
    "dev_ner_span_f1": 0.0
}