{
    "epoch": "7/20",
    "best_epoch": 7,
    "max_gpu_mem": "3.7199",
    "cur_ram": "2.4792",
    "time_epoch": "0:00:08",
    "time_total": "0:01:06",
    "best_train_ner_loss": 17.158620796951592,
    "train_ner_loss": 17.158620796951592,
    "best_train_sum": 0.775092936802974,
    "train_sum": 0.775092936802974,
    "best_dev_ner_loss": 15.64279420035226,
    "dev_ner_loss": 15.64279420035226,
    "best_dev_sum": 0.819672131147541,
    "dev_sum": 0.819672131147541,
    "best_train_ner_precision": 0.7637362637362637,
    "best_train_ner_recall": 0.7867924528301887,
    "best_train_ner_span_f1": 0.775092936802974,
    "train_ner_precision": 0.7637362637362637,
    "train_ner_recall": 0.7867924528301887,
    "train_ner_span_f1": 0.775092936802974,
    "best_dev_ner_precision": 0.8064516129032258,
    "best_dev_ner_recall": 0.8333333333333334,
    "best_dev_ner_span_f1": 0.819672131147541,
    "dev_ner_precision": 0.8064516129032258,
    "dev_ner_recall": 0.8333333333333334,
    "dev_ner_span_f1": 0.819672131147541
}