{
    "epoch": "20/20",
    "best_epoch": 10,
    "max_gpu_mem": "3.7199",
    "cur_ram": "2.4796",
    "time_epoch": "0:00:08",
    "time_total": "0:03:00",
    "best_train_ner_loss": 5.0840635112687655,
    "train_ner_loss": 0.5371888478597006,
    "best_train_sum": 0.9924528301886792,
    "train_sum": 0.9924528301886792,
    "best_dev_ner_loss": 19.760452815464564,
    "dev_ner_loss": 26.189091273716517,
    "best_dev_sum": 0.8429752066115703,
    "dev_sum": 0.8360655737704918,
    "best_train_ner_precision": 0.9239332096474954,
    "best_train_ner_recall": 0.939622641509434,
    "best_train_ner_span_f1": 0.9317118802619272,
    "train_ner_precision": 0.9924528301886792,
    "train_ner_recall": 0.9924528301886792,
    "train_ner_span_f1": 0.9924528301886792,
    "best_dev_ner_precision": 0.8360655737704918,
    "best_dev_ner_recall": 0.85,
    "best_dev_ner_span_f1": 0.8429752066115703,
    "dev_ner_precision": 0.8225806451612904,
    "dev_ner_recall": 0.85,
    "dev_ner_span_f1": 0.8360655737704918
}