{
    "epoch": "15/20",
    "best_epoch": 10,
    "max_gpu_mem": "3.7199",
    "cur_ram": "2.4795",
    "time_epoch": "0:00:08",
    "time_total": "0:02:17",
    "best_train_ner_loss": 5.0840635112687655,
    "train_ner_loss": 1.5096545125923904,
    "best_train_sum": 0.9783223374175307,
    "train_sum": 0.9783223374175307,
    "best_dev_ner_loss": 19.760452815464564,
    "dev_ner_loss": 24.471458435058594,
    "best_dev_sum": 0.8429752066115703,
    "dev_sum": 0.8130081300813008,
    "best_train_ner_precision": 0.9239332096474954,
    "best_train_ner_recall": 0.939622641509434,
    "best_train_ner_span_f1": 0.9317118802619272,
    "train_ner_precision": 0.9774011299435028,
    "train_ner_recall": 0.9792452830188679,
    "train_ner_span_f1": 0.9783223374175307,
    "best_dev_ner_precision": 0.8360655737704918,
    "best_dev_ner_recall": 0.85,
    "best_dev_ner_span_f1": 0.8429752066115703,
    "dev_ner_precision": 0.7936507936507936,
    "dev_ner_recall": 0.8333333333333334,
    "dev_ner_span_f1": 0.8130081300813008
}