{
    "epoch": "9/20",
    "best_epoch": 7,
    "max_gpu_mem": "3.7199",
    "cur_ram": "2.4794",
    "time_epoch": "0:00:08",
    "time_total": "0:01:24",
    "best_train_ner_loss": 17.158620796951592,
    "train_ner_loss": 7.724291072172277,
    "best_train_sum": 0.8870214752567694,
    "train_sum": 0.8870214752567694,
    "best_dev_ner_loss": 15.64279420035226,
    "dev_ner_loss": 19.440747942243302,
    "best_dev_sum": 0.819672131147541,
    "dev_sum": 0.8130081300813008,
    "best_train_ner_precision": 0.7637362637362637,
    "best_train_ner_recall": 0.7867924528301887,
    "best_train_ner_span_f1": 0.775092936802974,
    "train_ner_precision": 0.878003696857671,
    "train_ner_recall": 0.8962264150943396,
    "train_ner_span_f1": 0.8870214752567694,
    "best_dev_ner_precision": 0.8064516129032258,
    "best_dev_ner_recall": 0.8333333333333334,
    "best_dev_ner_span_f1": 0.819672131147541,
    "dev_ner_precision": 0.7936507936507936,
    "dev_ner_recall": 0.8333333333333334,
    "dev_ner_span_f1": 0.8130081300813008
}