{
    "epoch": "10/20",
    "best_epoch": 10,
    "max_gpu_mem": "3.7199",
    "cur_ram": "2.4794",
    "time_epoch": "0:00:08",
    "time_total": "0:01:33",
    "best_train_ner_loss": 5.0840635112687655,
    "train_ner_loss": 5.0840635112687655,
    "best_train_sum": 0.9317118802619272,
    "train_sum": 0.9317118802619272,
    "best_dev_ner_loss": 19.760452815464564,
    "dev_ner_loss": 19.760452815464564,
    "best_dev_sum": 0.8429752066115703,
    "dev_sum": 0.8429752066115703,
    "best_train_ner_precision": 0.9239332096474954,
    "best_train_ner_recall": 0.939622641509434,
    "best_train_ner_span_f1": 0.9317118802619272,
    "train_ner_precision": 0.9239332096474954,
    "train_ner_recall": 0.939622641509434,
    "train_ner_span_f1": 0.9317118802619272,
    "best_dev_ner_precision": 0.8360655737704918,
    "best_dev_ner_recall": 0.85,
    "best_dev_ner_span_f1": 0.8429752066115703,
    "dev_ner_precision": 0.8360655737704918,
    "dev_ner_recall": 0.85,
    "dev_ner_span_f1": 0.8429752066115703
}