{
    "epoch": "5/20",
    "best_epoch": 5,
    "max_gpu_mem": "3.7199",
    "cur_ram": "2.4784",
    "time_epoch": "0:00:08",
    "time_total": "0:00:47",
    "best_train_ner_loss": 39.65167348525103,
    "train_ner_loss": 39.65167348525103,
    "best_train_sum": 0.42070116861435725,
    "train_sum": 0.42070116861435725,
    "best_dev_ner_loss": 27.134284155709402,
    "dev_ner_loss": 27.134284155709402,
    "best_dev_sum": 0.34532374100719426,
    "dev_sum": 0.34532374100719426,
    "best_train_ner_precision": 0.3772455089820359,
    "best_train_ner_recall": 0.47547169811320755,
    "best_train_ner_span_f1": 0.42070116861435725,
    "train_ner_precision": 0.3772455089820359,
    "train_ner_recall": 0.47547169811320755,
    "train_ner_span_f1": 0.42070116861435725,
    "best_dev_ner_precision": 0.3037974683544304,
    "best_dev_ner_recall": 0.4,
    "best_dev_ner_span_f1": 0.34532374100719426,
    "dev_ner_precision": 0.3037974683544304,
    "dev_ner_recall": 0.4,
    "dev_ner_span_f1": 0.34532374100719426
}