{
  "best_metric": 79.7203,
  "best_model_checkpoint": "output/meta_2023-09-18-01-09-15502_hf_models_uie-large-en_spotasoc_entity_aquaint-old_multi_fold_4_e18_linear_lr1e-4_ls0_b8_wu0.06_n-1_RP_sn0.1_an0.1_run1/checkpoint-1008",
  "epoch": 6.0,
  "global_step": 1008,
  "is_hyper_param_search": false,
  "is_local_process_zero": true,
  "is_world_process_zero": true,
  "log_history": [
    {
      "epoch": 1.0,
      "eval_asoc-F1": 0.0,
      "eval_asoc-P": 0.0,
      "eval_asoc-R": 0.0,
      "eval_asoc-gold": 0.0,
      "eval_asoc-pred": 0.0,
      "eval_asoc-tp": 0.0,
      "eval_gen_len": 5.7665,
      "eval_gold_tree": 72,
      "eval_loss": 0.195866197347641,
      "eval_ordered-record-F1": 63.1579,
      "eval_ordered-record-P": 60.0,
      "eval_ordered-record-R": 66.6667,
      "eval_ordered-record-gold": 72.0,
      "eval_ordered-record-pred": 80.0,
      "eval_ordered-record-tp": 48.0,
      "eval_overall-F1": 63.1579,
      "eval_pred_tree": 80,
      "eval_record-F1": 63.1579,
      "eval_record-P": 60.0,
      "eval_record-R": 66.6667,
      "eval_record-gold": 72.0,
      "eval_record-pred": 80.0,
      "eval_record-tp": 48.0,
      "eval_runtime": 3.1975,
      "eval_samples_per_second": 52.229,
      "eval_spot-F1": 63.1579,
      "eval_spot-P": 60.0,
      "eval_spot-R": 66.6667,
      "eval_spot-gold": 72.0,
      "eval_spot-pred": 80.0,
      "eval_spot-tp": 48.0,
      "eval_well-formed": 167,
      "step": 168
    },
    {
      "epoch": 2.0,
      "eval_asoc-F1": 0.0,
      "eval_asoc-P": 0.0,
      "eval_asoc-R": 0.0,
      "eval_asoc-gold": 0.0,
      "eval_asoc-pred": 0.0,
      "eval_asoc-tp": 0.0,
      "eval_gen_len": 5.4132,
      "eval_gold_tree": 72,
      "eval_loss": 0.11127705127000809,
      "eval_ordered-record-F1": 72.7273,
      "eval_ordered-record-P": 73.2394,
      "eval_ordered-record-R": 72.2222,
      "eval_ordered-record-gold": 72.0,
      "eval_ordered-record-pred": 71.0,
      "eval_ordered-record-tp": 52.0,
      "eval_overall-F1": 72.7273,
      "eval_pred_tree": 71,
      "eval_record-F1": 72.7273,
      "eval_record-P": 73.2394,
      "eval_record-R": 72.2222,
      "eval_record-gold": 72.0,
      "eval_record-pred": 71.0,
      "eval_record-tp": 52.0,
      "eval_runtime": 2.7699,
      "eval_samples_per_second": 60.292,
      "eval_spot-F1": 72.7273,
      "eval_spot-P": 73.2394,
      "eval_spot-R": 72.2222,
      "eval_spot-gold": 72.0,
      "eval_spot-pred": 71.0,
      "eval_spot-tp": 52.0,
      "eval_well-formed": 167,
      "step": 336
    },
    {
      "epoch": 2.98,
      "learning_rate": 8.88106966924701e-05,
      "loss": 0.2874,
      "step": 500
    },
    {
      "epoch": 3.0,
      "eval_asoc-F1": 0.0,
      "eval_asoc-P": 0.0,
      "eval_asoc-R": 0.0,
      "eval_asoc-gold": 0.0,
      "eval_asoc-pred": 0.0,
      "eval_asoc-tp": 0.0,
      "eval_gen_len": 5.515,
      "eval_gold_tree": 72,
      "eval_loss": 0.10804234445095062,
      "eval_ordered-record-F1": 73.9726,
      "eval_ordered-record-P": 72.973,
      "eval_ordered-record-R": 75.0,
      "eval_ordered-record-gold": 72.0,
      "eval_ordered-record-pred": 74.0,
      "eval_ordered-record-tp": 54.0,
      "eval_overall-F1": 73.9726,
      "eval_pred_tree": 74,
      "eval_record-F1": 73.9726,
      "eval_record-P": 72.973,
      "eval_record-R": 75.0,
      "eval_record-gold": 72.0,
      "eval_record-pred": 74.0,
      "eval_record-tp": 54.0,
      "eval_runtime": 2.9363,
      "eval_samples_per_second": 56.874,
      "eval_spot-F1": 73.9726,
      "eval_spot-P": 72.973,
      "eval_spot-R": 75.0,
      "eval_spot-gold": 72.0,
      "eval_spot-pred": 74.0,
      "eval_spot-tp": 54.0,
      "eval_well-formed": 167,
      "step": 504
    },
    {
      "epoch": 4.0,
      "eval_asoc-F1": 0.0,
      "eval_asoc-P": 0.0,
      "eval_asoc-R": 0.0,
      "eval_asoc-gold": 0.0,
      "eval_asoc-pred": 0.0,
      "eval_asoc-tp": 0.0,
      "eval_gen_len": 5.3174,
      "eval_gold_tree": 72,
      "eval_loss": 0.11101970821619034,
      "eval_ordered-record-F1": 79.4326,
      "eval_ordered-record-P": 81.1594,
      "eval_ordered-record-R": 77.7778,
      "eval_ordered-record-gold": 72.0,
      "eval_ordered-record-pred": 69.0,
      "eval_ordered-record-tp": 56.0,
      "eval_overall-F1": 79.4326,
      "eval_pred_tree": 69,
      "eval_record-F1": 79.4326,
      "eval_record-P": 81.1594,
      "eval_record-R": 77.7778,
      "eval_record-gold": 72.0,
      "eval_record-pred": 69.0,
      "eval_record-tp": 56.0,
      "eval_runtime": 2.7995,
      "eval_samples_per_second": 59.654,
      "eval_spot-F1": 79.4326,
      "eval_spot-P": 81.1594,
      "eval_spot-R": 77.7778,
      "eval_spot-gold": 72.0,
      "eval_spot-pred": 69.0,
      "eval_spot-tp": 56.0,
      "eval_well-formed": 167,
      "step": 672
    },
    {
      "epoch": 5.0,
      "eval_asoc-F1": 0.0,
      "eval_asoc-P": 0.0,
      "eval_asoc-R": 0.0,
      "eval_asoc-gold": 0.0,
      "eval_asoc-pred": 0.0,
      "eval_asoc-tp": 0.0,
      "eval_gen_len": 5.4132,
      "eval_gold_tree": 72,
      "eval_loss": 0.11604439467191696,
      "eval_ordered-record-F1": 78.3217,
      "eval_ordered-record-P": 78.8732,
      "eval_ordered-record-R": 77.7778,
      "eval_ordered-record-gold": 72.0,
      "eval_ordered-record-pred": 71.0,
      "eval_ordered-record-tp": 56.0,
      "eval_overall-F1": 78.3217,
      "eval_pred_tree": 71,
      "eval_record-F1": 78.3217,
      "eval_record-P": 78.8732,
      "eval_record-R": 77.7778,
      "eval_record-gold": 72.0,
      "eval_record-pred": 71.0,
      "eval_record-tp": 56.0,
      "eval_runtime": 2.9305,
      "eval_samples_per_second": 56.987,
      "eval_spot-F1": 78.3217,
      "eval_spot-P": 78.8732,
      "eval_spot-R": 77.7778,
      "eval_spot-gold": 72.0,
      "eval_spot-pred": 71.0,
      "eval_spot-tp": 56.0,
      "eval_well-formed": 167,
      "step": 840
    },
    {
      "epoch": 5.95,
      "learning_rate": 7.121745249824068e-05,
      "loss": 0.0635,
      "step": 1000
    },
    {
      "epoch": 6.0,
      "eval_asoc-F1": 0.0,
      "eval_asoc-P": 0.0,
      "eval_asoc-R": 0.0,
      "eval_asoc-gold": 0.0,
      "eval_asoc-pred": 0.0,
      "eval_asoc-tp": 0.0,
      "eval_gen_len": 5.3832,
      "eval_gold_tree": 72,
      "eval_loss": 0.16216862201690674,
      "eval_ordered-record-F1": 79.7203,
      "eval_ordered-record-P": 80.2817,
      "eval_ordered-record-R": 79.1667,
      "eval_ordered-record-gold": 72.0,
      "eval_ordered-record-pred": 71.0,
      "eval_ordered-record-tp": 57.0,
      "eval_overall-F1": 79.7203,
      "eval_pred_tree": 71,
      "eval_record-F1": 79.7203,
      "eval_record-P": 80.2817,
      "eval_record-R": 79.1667,
      "eval_record-gold": 72.0,
      "eval_record-pred": 71.0,
      "eval_record-tp": 57.0,
      "eval_runtime": 2.7997,
      "eval_samples_per_second": 59.649,
      "eval_spot-F1": 79.7203,
      "eval_spot-P": 80.2817,
      "eval_spot-R": 79.1667,
      "eval_spot-gold": 72.0,
      "eval_spot-pred": 71.0,
      "eval_spot-tp": 57.0,
      "eval_well-formed": 167,
      "step": 1008
    }
  ],
  "max_steps": 3024,
  "num_train_epochs": 18,
  "total_flos": 518699848611840.0,
  "trial_name": null,
  "trial_params": null
}
