{
    "epoch": "9/20",
    "best_epoch": 8,
    "max_gpu_mem": "5.2793",
    "cur_ram": "2.4546",
    "time_epoch": "0:00:09",
    "time_total": "0:01:32",
    "best_train_ner_loss": 14.213123780709726,
    "train_ner_loss": 10.86729731383147,
    "best_train_sum": 0.8432835820895522,
    "train_sum": 0.8432835820895522,
    "best_dev_ner_loss": 15.376340593610491,
    "dev_ner_loss": 16.731280735560826,
    "best_dev_sum": 0.7906976744186046,
    "dev_sum": 0.787878787878788,
    "best_train_ner_precision": 0.8032786885245902,
    "best_train_ner_recall": 0.8242990654205608,
    "best_train_ner_span_f1": 0.8136531365313654,
    "train_ner_precision": 0.8417132216014898,
    "train_ner_recall": 0.8448598130841122,
    "train_ner_span_f1": 0.8432835820895522,
    "best_dev_ner_precision": 0.7727272727272727,
    "best_dev_ner_recall": 0.8095238095238095,
    "best_dev_ner_span_f1": 0.7906976744186046,
    "dev_ner_precision": 0.7536231884057971,
    "dev_ner_recall": 0.8253968253968254,
    "dev_ner_span_f1": 0.787878787878788
}