{
    "epoch": "4/20",
    "best_epoch": 1,
    "max_gpu_mem": "5.2767",
    "cur_ram": "2.4465",
    "time_epoch": "0:00:09",
    "time_total": "0:00:39",
    "best_train_ner_loss": 1586.5148835358796,
    "train_ner_loss": 82.97426176071167,
    "best_train_sum": 0.0,
    "train_sum": 0.0,
    "best_dev_ner_loss": 1476.8388671875,
    "dev_ner_loss": 51.99091393607004,
    "best_dev_sum": 0.0,
    "dev_sum": 0.0,
    "best_train_ner_precision": 0.0,
    "best_train_ner_recall": 0.0,
    "best_train_ner_span_f1": 0.0,
    "train_ner_precision": 0.0,
    "train_ner_recall": 0.0,
    "train_ner_span_f1": 0.0,
    "best_dev_ner_precision": 0.0,
    "best_dev_ner_recall": 0.0,
    "best_dev_ner_span_f1": 0.0,
    "dev_ner_precision": 0.0,
    "dev_ner_recall": 0.0,
    "dev_ner_span_f1": 0.0
}