{
    "epoch": "14/20",
    "best_epoch": 12,
    "max_gpu_mem": "5.2793",
    "cur_ram": "2.4548",
    "time_epoch": "0:00:09",
    "time_total": "0:02:22",
    "best_train_ner_loss": 5.350708149097584,
    "train_ner_loss": 2.8848814081262657,
    "best_train_sum": 0.958294717330862,
    "train_sum": 0.958294717330862,
    "best_dev_ner_loss": 16.548013959612167,
    "dev_ner_loss": 20.18490927559989,
    "best_dev_sum": 0.8088235294117647,
    "dev_sum": 0.7968749999999999,
    "best_train_ner_precision": 0.9087591240875912,
    "best_train_ner_recall": 0.930841121495327,
    "best_train_ner_span_f1": 0.9196675900277007,
    "train_ner_precision": 0.9503676470588235,
    "train_ner_recall": 0.9663551401869159,
    "train_ner_span_f1": 0.958294717330862,
    "best_dev_ner_precision": 0.7534246575342466,
    "best_dev_ner_recall": 0.873015873015873,
    "best_dev_ner_span_f1": 0.8088235294117647,
    "dev_ner_precision": 0.7846153846153846,
    "dev_ner_recall": 0.8095238095238095,
    "dev_ner_span_f1": 0.7968749999999999
}