{
    "epoch": "19/20",
    "best_epoch": 18,
    "max_gpu_mem": "5.2795",
    "cur_ram": "2.4550",
    "time_epoch": "0:00:09",
    "time_total": "0:03:12",
    "best_train_ner_loss": 1.8134359430383753,
    "train_ner_loss": 1.2987424709178783,
    "best_train_sum": 0.9748369058713885,
    "train_sum": 0.9748369058713885,
    "best_dev_ner_loss": 19.60753413609096,
    "dev_ner_loss": 20.317995888846262,
    "best_dev_sum": 0.8270676691729324,
    "dev_sum": 0.81203007518797,
    "best_train_ner_precision": 0.9683426443202979,
    "best_train_ner_recall": 0.9719626168224299,
    "best_train_ner_span_f1": 0.9701492537313432,
    "train_ner_precision": 0.9721189591078067,
    "train_ner_recall": 0.9775700934579439,
    "train_ner_span_f1": 0.9748369058713885,
    "best_dev_ner_precision": 0.7857142857142857,
    "best_dev_ner_recall": 0.873015873015873,
    "best_dev_ner_span_f1": 0.8270676691729324,
    "dev_ner_precision": 0.7714285714285715,
    "dev_ner_recall": 0.8571428571428571,
    "dev_ner_span_f1": 0.81203007518797
}