{
    "epoch": "12/20",
    "best_epoch": 12,
    "max_gpu_mem": "5.2793",
    "cur_ram": "2.4548",
    "time_epoch": "0:00:09",
    "time_total": "0:02:02",
    "best_train_ner_loss": 5.350708149097584,
    "train_ner_loss": 5.350708149097584,
    "best_train_sum": 0.9196675900277007,
    "train_sum": 0.9196675900277007,
    "best_dev_ner_loss": 16.548013959612167,
    "dev_ner_loss": 16.548013959612167,
    "best_dev_sum": 0.8088235294117647,
    "dev_sum": 0.8088235294117647,
    "best_train_ner_precision": 0.9087591240875912,
    "best_train_ner_recall": 0.930841121495327,
    "best_train_ner_span_f1": 0.9196675900277007,
    "train_ner_precision": 0.9087591240875912,
    "train_ner_recall": 0.930841121495327,
    "train_ner_span_f1": 0.9196675900277007,
    "best_dev_ner_precision": 0.7534246575342466,
    "best_dev_ner_recall": 0.873015873015873,
    "best_dev_ner_span_f1": 0.8088235294117647,
    "dev_ner_precision": 0.7534246575342466,
    "dev_ner_recall": 0.873015873015873,
    "dev_ner_span_f1": 0.8088235294117647
}