{
    "epoch": "7/20",
    "best_epoch": 7,
    "max_gpu_mem": "5.2787",
    "cur_ram": "2.4545",
    "time_epoch": "0:00:09",
    "time_total": "0:01:10",
    "best_train_ner_loss": 19.470270404109247,
    "train_ner_loss": 19.470270404109247,
    "best_train_sum": 0.730804810360777,
    "train_sum": 0.730804810360777,
    "best_dev_ner_loss": 17.202008383614675,
    "dev_ner_loss": 17.202008383614675,
    "best_dev_sum": 0.787878787878788,
    "dev_sum": 0.787878787878788,
    "best_train_ner_precision": 0.7234432234432234,
    "best_train_ner_recall": 0.7383177570093458,
    "best_train_ner_span_f1": 0.730804810360777,
    "train_ner_precision": 0.7234432234432234,
    "train_ner_recall": 0.7383177570093458,
    "train_ner_span_f1": 0.730804810360777,
    "best_dev_ner_precision": 0.7536231884057971,
    "best_dev_ner_recall": 0.8253968253968254,
    "best_dev_ner_span_f1": 0.787878787878788,
    "dev_ner_precision": 0.7536231884057971,
    "dev_ner_recall": 0.8253968253968254,
    "dev_ner_span_f1": 0.787878787878788
}