{
    "epoch": "13/20",
    "best_epoch": 11,
    "max_gpu_mem": "5.2853",
    "cur_ram": "2.4505",
    "time_epoch": "0:00:09",
    "time_total": "0:02:11",
    "best_train_ner_loss": 7.233838757601651,
    "train_ner_loss": 4.5515431490811435,
    "best_train_sum": 0.9403254972875227,
    "train_sum": 0.9403254972875227,
    "best_dev_ner_loss": 24.226135798863,
    "dev_ner_loss": 27.474915640694753,
    "best_dev_sum": 0.7777777777777778,
    "dev_sum": 0.7377049180327869,
    "best_train_ner_precision": 0.8831858407079646,
    "best_train_ner_recall": 0.9072727272727272,
    "best_train_ner_span_f1": 0.895067264573991,
    "train_ner_precision": 0.935251798561151,
    "train_ner_recall": 0.9454545454545454,
    "train_ner_span_f1": 0.9403254972875227,
    "best_dev_ner_precision": 0.765625,
    "best_dev_ner_recall": 0.7903225806451613,
    "best_dev_ner_span_f1": 0.7777777777777778,
    "dev_ner_precision": 0.75,
    "dev_ner_recall": 0.7258064516129032,
    "dev_ner_span_f1": 0.7377049180327869
}