{
    "epoch": "16/20",
    "best_epoch": 11,
    "max_gpu_mem": "5.2853",
    "cur_ram": "2.4505",
    "time_epoch": "0:00:09",
    "time_total": "0:02:39",
    "best_train_ner_loss": 7.233838757601651,
    "train_ner_loss": 2.690114454789595,
    "best_train_sum": 0.9592021758839528,
    "train_sum": 0.9592021758839528,
    "best_dev_ner_loss": 24.226135798863,
    "dev_ner_loss": 30.22055925641741,
    "best_dev_sum": 0.7777777777777778,
    "dev_sum": 0.7246376811594202,
    "best_train_ner_precision": 0.8831858407079646,
    "best_train_ner_recall": 0.9072727272727272,
    "best_train_ner_span_f1": 0.895067264573991,
    "train_ner_precision": 0.9566003616636528,
    "train_ner_recall": 0.9618181818181818,
    "train_ner_span_f1": 0.9592021758839528,
    "best_dev_ner_precision": 0.765625,
    "best_dev_ner_recall": 0.7903225806451613,
    "best_dev_ner_span_f1": 0.7777777777777778,
    "dev_ner_precision": 0.6578947368421053,
    "dev_ner_recall": 0.8064516129032258,
    "dev_ner_span_f1": 0.7246376811594202
}