{
    "epoch": "10/20",
    "best_epoch": 8,
    "max_gpu_mem": "5.2755",
    "cur_ram": "2.4504",
    "time_epoch": "0:00:09",
    "time_total": "0:01:41",
    "best_train_ner_loss": 15.345487421209162,
    "train_ner_loss": 9.130617280439896,
    "best_train_sum": 0.8794197642792385,
    "train_sum": 0.8794197642792385,
    "best_dev_ner_loss": 19.740755353655135,
    "dev_ner_loss": 20.816368647984095,
    "best_dev_sum": 0.7642276422764228,
    "dev_sum": 0.7272727272727272,
    "best_train_ner_precision": 0.8155515370705244,
    "best_train_ner_recall": 0.82,
    "best_train_ner_span_f1": 0.8177697189483226,
    "train_ner_precision": 0.8770343580470162,
    "train_ner_recall": 0.8818181818181818,
    "train_ner_span_f1": 0.8794197642792385,
    "best_dev_ner_precision": 0.7704918032786885,
    "best_dev_ner_recall": 0.7580645161290323,
    "best_dev_ner_span_f1": 0.7642276422764228,
    "dev_ner_precision": 0.6857142857142857,
    "dev_ner_recall": 0.7741935483870968,
    "dev_ner_span_f1": 0.7272727272727272
}