{
    "epoch": "12/20",
    "best_epoch": 11,
    "max_gpu_mem": "5.2755",
    "cur_ram": "2.4505",
    "time_epoch": "0:00:09",
    "time_total": "0:02:01",
    "best_train_ner_loss": 7.233838757601651,
    "train_ner_loss": 5.268027045510032,
    "best_train_sum": 0.9341749323715058,
    "train_sum": 0.9341749323715058,
    "best_dev_ner_loss": 24.226135798863,
    "dev_ner_loss": 25.026243482317245,
    "best_dev_sum": 0.7777777777777778,
    "dev_sum": 0.768,
    "best_train_ner_precision": 0.8831858407079646,
    "best_train_ner_recall": 0.9072727272727272,
    "best_train_ner_span_f1": 0.895067264573991,
    "train_ner_precision": 0.9266547406082289,
    "train_ner_recall": 0.9418181818181818,
    "train_ner_span_f1": 0.9341749323715058,
    "best_dev_ner_precision": 0.765625,
    "best_dev_ner_recall": 0.7903225806451613,
    "best_dev_ner_span_f1": 0.7777777777777778,
    "dev_ner_precision": 0.7619047619047619,
    "dev_ner_recall": 0.7741935483870968,
    "dev_ner_span_f1": 0.768
}