{
    "epoch": "8/20",
    "best_epoch": 8,
    "max_gpu_mem": "5.2755",
    "cur_ram": "2.4504",
    "time_epoch": "0:00:09",
    "time_total": "0:01:21",
    "best_train_ner_loss": 15.345487421209162,
    "train_ner_loss": 15.345487421209162,
    "best_train_sum": 0.8177697189483226,
    "train_sum": 0.8177697189483226,
    "best_dev_ner_loss": 19.740755353655135,
    "dev_ner_loss": 19.740755353655135,
    "best_dev_sum": 0.7642276422764228,
    "dev_sum": 0.7642276422764228,
    "best_train_ner_precision": 0.8155515370705244,
    "best_train_ner_recall": 0.82,
    "best_train_ner_span_f1": 0.8177697189483226,
    "train_ner_precision": 0.8155515370705244,
    "train_ner_recall": 0.82,
    "train_ner_span_f1": 0.8177697189483226,
    "best_dev_ner_precision": 0.7704918032786885,
    "best_dev_ner_recall": 0.7580645161290323,
    "best_dev_ner_span_f1": 0.7642276422764228,
    "dev_ner_precision": 0.7704918032786885,
    "dev_ner_recall": 0.7580645161290323,
    "dev_ner_span_f1": 0.7642276422764228
}