{
    "epoch": "2/20",
    "best_epoch": 1,
    "max_gpu_mem": "5.2658",
    "cur_ram": "2.4375",
    "time_epoch": "0:00:09",
    "time_total": "0:00:20",
    "best_train_ner_loss": 1562.9216841264204,
    "train_ner_loss": 928.1690209822222,
    "best_train_sum": 0.0,
    "train_sum": 0.0,
    "best_dev_ner_loss": 1396.4222760881696,
    "dev_ner_loss": 111.15245110648019,
    "best_dev_sum": 0.0,
    "dev_sum": 0.0,
    "best_train_ner_precision": 0.0,
    "best_train_ner_recall": 0.0,
    "best_train_ner_span_f1": 0.0,
    "train_ner_precision": 0.0,
    "train_ner_recall": 0.0,
    "train_ner_span_f1": 0.0,
    "best_dev_ner_precision": 0.0,
    "best_dev_ner_recall": 0.0,
    "best_dev_ner_span_f1": 0.0,
    "dev_ner_precision": 0.0,
    "dev_ner_recall": 0.0,
    "dev_ner_span_f1": 0.0
}