{
    "epoch": "15/20",
    "best_epoch": 11,
    "max_gpu_mem": "5.2853",
    "cur_ram": "2.4505",
    "time_epoch": "0:00:09",
    "time_total": "0:02:29",
    "best_train_ner_loss": 7.233838757601651,
    "train_ner_loss": 2.758598570390181,
    "best_train_sum": 0.9457504520795661,
    "train_sum": 0.9457504520795661,
    "best_dev_ner_loss": 24.226135798863,
    "dev_ner_loss": 26.807870047433035,
    "best_dev_sum": 0.7777777777777778,
    "dev_sum": 0.7656250000000001,
    "best_train_ner_precision": 0.8831858407079646,
    "best_train_ner_recall": 0.9072727272727272,
    "best_train_ner_span_f1": 0.895067264573991,
    "train_ner_precision": 0.9406474820143885,
    "train_ner_recall": 0.9509090909090909,
    "train_ner_span_f1": 0.9457504520795661,
    "best_dev_ner_precision": 0.765625,
    "best_dev_ner_recall": 0.7903225806451613,
    "best_dev_ner_span_f1": 0.7777777777777778,
    "dev_ner_precision": 0.7424242424242424,
    "dev_ner_recall": 0.7903225806451613,
    "dev_ner_span_f1": 0.7656250000000001
}