{
    "epoch": "6/20",
    "best_epoch": 6,
    "max_gpu_mem": "5.2755",
    "cur_ram": "2.4502",
    "time_epoch": "0:00:09",
    "time_total": "0:00:59",
    "best_train_ner_loss": 30.67232213453813,
    "train_ner_loss": 30.67232213453813,
    "best_train_sum": 0.425597532767926,
    "train_sum": 0.425597532767926,
    "best_dev_ner_loss": 24.45958982195173,
    "dev_ner_loss": 24.45958982195173,
    "best_dev_sum": 0.6142857142857143,
    "dev_sum": 0.6142857142857143,
    "best_train_ner_precision": 0.36947791164658633,
    "best_train_ner_recall": 0.5018181818181818,
    "best_train_ner_span_f1": 0.425597532767926,
    "train_ner_precision": 0.36947791164658633,
    "train_ner_recall": 0.5018181818181818,
    "train_ner_span_f1": 0.425597532767926,
    "best_dev_ner_precision": 0.5512820512820513,
    "best_dev_ner_recall": 0.6935483870967742,
    "best_dev_ner_span_f1": 0.6142857142857143,
    "dev_ner_precision": 0.5512820512820513,
    "dev_ner_recall": 0.6935483870967742,
    "dev_ner_span_f1": 0.6142857142857143
}