{
    "epoch": "3/20",
    "best_epoch": 1,
    "max_gpu_mem": "5.2753",
    "cur_ram": "2.4377",
    "time_epoch": "0:00:09",
    "time_total": "0:00:29",
    "best_train_ner_loss": 1562.9216841264204,
    "train_ner_loss": 108.5326545715332,
    "best_train_sum": 0.0,
    "train_sum": 0.0,
    "best_dev_ner_loss": 1396.4222760881696,
    "dev_ner_loss": 88.19522639683315,
    "best_dev_sum": 0.0,
    "dev_sum": 0.0,
    "best_train_ner_precision": 0.0,
    "best_train_ner_recall": 0.0,
    "best_train_ner_span_f1": 0.0,
    "train_ner_precision": 0.0,
    "train_ner_recall": 0.0,
    "train_ner_span_f1": 0.0,
    "best_dev_ner_precision": 0.0,
    "best_dev_ner_recall": 0.0,
    "best_dev_ner_span_f1": 0.0,
    "dev_ner_precision": 0.0,
    "dev_ner_recall": 0.0,
    "dev_ner_span_f1": 0.0
}