{
    "epoch": "18/20",
    "best_epoch": 11,
    "max_gpu_mem": "5.2853",
    "cur_ram": "2.4507",
    "time_epoch": "0:00:09",
    "time_total": "0:02:58",
    "best_train_ner_loss": 7.233838757601651,
    "train_ner_loss": 1.5971954345703125,
    "best_train_sum": 0.9745454545454545,
    "train_sum": 0.9745454545454545,
    "best_dev_ner_loss": 24.226135798863,
    "dev_ner_loss": 27.27873774937221,
    "best_dev_sum": 0.7777777777777778,
    "dev_sum": 0.7460317460317459,
    "best_train_ner_precision": 0.8831858407079646,
    "best_train_ner_recall": 0.9072727272727272,
    "best_train_ner_span_f1": 0.895067264573991,
    "train_ner_precision": 0.9745454545454545,
    "train_ner_recall": 0.9745454545454545,
    "train_ner_span_f1": 0.9745454545454545,
    "best_dev_ner_precision": 0.765625,
    "best_dev_ner_recall": 0.7903225806451613,
    "best_dev_ner_span_f1": 0.7777777777777778,
    "dev_ner_precision": 0.734375,
    "dev_ner_recall": 0.7580645161290323,
    "dev_ner_span_f1": 0.7460317460317459
}