{
  "best_metric": 85.4701,
  "best_model_checkpoint": "output/meta_2023-09-18-00-38-787_hf_models_uie-large-en_spotasoc_entity_aquaint-old_multi_fold_2_e18_linear_lr1e-4_ls0_b8_wu0.06_n-1_RP_sn0.1_an0.1_run1/checkpoint-2184",
  "epoch": 18.0,
  "global_step": 3024,
  "is_hyper_param_search": false,
  "is_local_process_zero": true,
  "is_world_process_zero": true,
  "log_history": [
    {
      "epoch": 1.0,
      "eval_asoc-F1": 0.0,
      "eval_asoc-P": 0.0,
      "eval_asoc-R": 0.0,
      "eval_asoc-gold": 0.0,
      "eval_asoc-pred": 0.0,
      "eval_asoc-tp": 0.0,
      "eval_gen_len": 5.0419,
      "eval_gold_tree": 58,
      "eval_loss": 0.15979813039302826,
      "eval_ordered-record-F1": 71.7949,
      "eval_ordered-record-P": 71.1864,
      "eval_ordered-record-R": 72.4138,
      "eval_ordered-record-gold": 58.0,
      "eval_ordered-record-pred": 59.0,
      "eval_ordered-record-tp": 42.0,
      "eval_overall-F1": 71.7949,
      "eval_pred_tree": 59,
      "eval_record-F1": 71.7949,
      "eval_record-P": 71.1864,
      "eval_record-R": 72.4138,
      "eval_record-gold": 58.0,
      "eval_record-pred": 59.0,
      "eval_record-tp": 42.0,
      "eval_runtime": 3.1603,
      "eval_samples_per_second": 52.843,
      "eval_spot-F1": 71.7949,
      "eval_spot-P": 71.1864,
      "eval_spot-R": 72.4138,
      "eval_spot-gold": 58.0,
      "eval_spot-pred": 59.0,
      "eval_spot-tp": 42.0,
      "eval_well-formed": 167,
      "step": 168
    },
    {
      "epoch": 2.0,
      "eval_asoc-F1": 0.0,
      "eval_asoc-P": 0.0,
      "eval_asoc-R": 0.0,
      "eval_asoc-gold": 0.0,
      "eval_asoc-pred": 0.0,
      "eval_asoc-tp": 0.0,
      "eval_gen_len": 4.988,
      "eval_gold_tree": 58,
      "eval_loss": 0.12482840567827225,
      "eval_ordered-record-F1": 78.9474,
      "eval_ordered-record-P": 80.3571,
      "eval_ordered-record-R": 77.5862,
      "eval_ordered-record-gold": 58.0,
      "eval_ordered-record-pred": 56.0,
      "eval_ordered-record-tp": 45.0,
      "eval_overall-F1": 78.9474,
      "eval_pred_tree": 59,
      "eval_record-F1": 78.9474,
      "eval_record-P": 80.3571,
      "eval_record-R": 77.5862,
      "eval_record-gold": 58.0,
      "eval_record-pred": 56.0,
      "eval_record-tp": 45.0,
      "eval_runtime": 3.1772,
      "eval_samples_per_second": 52.563,
      "eval_spot-F1": 78.9474,
      "eval_spot-P": 80.3571,
      "eval_spot-R": 77.5862,
      "eval_spot-gold": 58.0,
      "eval_spot-pred": 56.0,
      "eval_spot-tp": 45.0,
      "eval_well-formed": 167,
      "step": 336
    },
    {
      "epoch": 2.98,
      "learning_rate": 8.88106966924701e-05,
      "loss": 0.2972,
      "step": 500
    },
    {
      "epoch": 3.0,
      "eval_asoc-F1": 0.0,
      "eval_asoc-P": 0.0,
      "eval_asoc-R": 0.0,
      "eval_asoc-gold": 0.0,
      "eval_asoc-pred": 0.0,
      "eval_asoc-tp": 0.0,
      "eval_gen_len": 4.8802,
      "eval_gold_tree": 58,
      "eval_loss": 0.10308591276407242,
      "eval_ordered-record-F1": 80.3571,
      "eval_ordered-record-P": 83.3333,
      "eval_ordered-record-R": 77.5862,
      "eval_ordered-record-gold": 58.0,
      "eval_ordered-record-pred": 54.0,
      "eval_ordered-record-tp": 45.0,
      "eval_overall-F1": 80.3571,
      "eval_pred_tree": 55,
      "eval_record-F1": 80.3571,
      "eval_record-P": 83.3333,
      "eval_record-R": 77.5862,
      "eval_record-gold": 58.0,
      "eval_record-pred": 54.0,
      "eval_record-tp": 45.0,
      "eval_runtime": 2.8496,
      "eval_samples_per_second": 58.605,
      "eval_spot-F1": 80.3571,
      "eval_spot-P": 83.3333,
      "eval_spot-R": 77.5862,
      "eval_spot-gold": 58.0,
      "eval_spot-pred": 54.0,
      "eval_spot-tp": 45.0,
      "eval_well-formed": 167,
      "step": 504
    },
    {
      "epoch": 4.0,
      "eval_asoc-F1": 0.0,
      "eval_asoc-P": 0.0,
      "eval_asoc-R": 0.0,
      "eval_asoc-gold": 0.0,
      "eval_asoc-pred": 0.0,
      "eval_asoc-tp": 0.0,
      "eval_gen_len": 4.9701,
      "eval_gold_tree": 58,
      "eval_loss": 0.10489080101251602,
      "eval_ordered-record-F1": 78.2609,
      "eval_ordered-record-P": 78.9474,
      "eval_ordered-record-R": 77.5862,
      "eval_ordered-record-gold": 58.0,
      "eval_ordered-record-pred": 57.0,
      "eval_ordered-record-tp": 45.0,
      "eval_overall-F1": 78.2609,
      "eval_pred_tree": 57,
      "eval_record-F1": 78.2609,
      "eval_record-P": 78.9474,
      "eval_record-R": 77.5862,
      "eval_record-gold": 58.0,
      "eval_record-pred": 57.0,
      "eval_record-tp": 45.0,
      "eval_runtime": 3.1173,
      "eval_samples_per_second": 53.573,
      "eval_spot-F1": 78.2609,
      "eval_spot-P": 78.9474,
      "eval_spot-R": 77.5862,
      "eval_spot-gold": 58.0,
      "eval_spot-pred": 57.0,
      "eval_spot-tp": 45.0,
      "eval_well-formed": 167,
      "step": 672
    },
    {
      "epoch": 5.0,
      "eval_asoc-F1": 0.0,
      "eval_asoc-P": 0.0,
      "eval_asoc-R": 0.0,
      "eval_asoc-gold": 0.0,
      "eval_asoc-pred": 0.0,
      "eval_asoc-tp": 0.0,
      "eval_gen_len": 4.9461,
      "eval_gold_tree": 58,
      "eval_loss": 0.09893465042114258,
      "eval_ordered-record-F1": 83.4783,
      "eval_ordered-record-P": 84.2105,
      "eval_ordered-record-R": 82.7586,
      "eval_ordered-record-gold": 58.0,
      "eval_ordered-record-pred": 57.0,
      "eval_ordered-record-tp": 48.0,
      "eval_overall-F1": 83.4783,
      "eval_pred_tree": 57,
      "eval_record-F1": 83.4783,
      "eval_record-P": 84.2105,
      "eval_record-R": 82.7586,
      "eval_record-gold": 58.0,
      "eval_record-pred": 57.0,
      "eval_record-tp": 48.0,
      "eval_runtime": 2.9396,
      "eval_samples_per_second": 56.811,
      "eval_spot-F1": 83.4783,
      "eval_spot-P": 84.2105,
      "eval_spot-R": 82.7586,
      "eval_spot-gold": 58.0,
      "eval_spot-pred": 57.0,
      "eval_spot-tp": 48.0,
      "eval_well-formed": 167,
      "step": 840
    },
    {
      "epoch": 5.95,
      "learning_rate": 7.121745249824068e-05,
      "loss": 0.0616,
      "step": 1000
    },
    {
      "epoch": 6.0,
      "eval_asoc-F1": 0.0,
      "eval_asoc-P": 0.0,
      "eval_asoc-R": 0.0,
      "eval_asoc-gold": 0.0,
      "eval_asoc-pred": 0.0,
      "eval_asoc-tp": 0.0,
      "eval_gen_len": 5.018,
      "eval_gold_tree": 58,
      "eval_loss": 0.09756849706172943,
      "eval_ordered-record-F1": 84.4828,
      "eval_ordered-record-P": 84.4828,
      "eval_ordered-record-R": 84.4828,
      "eval_ordered-record-gold": 58.0,
      "eval_ordered-record-pred": 58.0,
      "eval_ordered-record-tp": 49.0,
      "eval_overall-F1": 84.4828,
      "eval_pred_tree": 58,
      "eval_record-F1": 84.4828,
      "eval_record-P": 84.4828,
      "eval_record-R": 84.4828,
      "eval_record-gold": 58.0,
      "eval_record-pred": 58.0,
      "eval_record-tp": 49.0,
      "eval_runtime": 3.3895,
      "eval_samples_per_second": 49.27,
      "eval_spot-F1": 84.4828,
      "eval_spot-P": 84.4828,
      "eval_spot-R": 84.4828,
      "eval_spot-gold": 58.0,
      "eval_spot-pred": 58.0,
      "eval_spot-tp": 49.0,
      "eval_well-formed": 167,
      "step": 1008
    },
    {
      "epoch": 7.0,
      "eval_asoc-F1": 0.0,
      "eval_asoc-P": 0.0,
      "eval_asoc-R": 0.0,
      "eval_asoc-gold": 0.0,
      "eval_asoc-pred": 0.0,
      "eval_asoc-tp": 0.0,
      "eval_gen_len": 4.8084,
      "eval_gold_tree": 58,
      "eval_loss": 0.1220155581831932,
      "eval_ordered-record-F1": 84.6847,
      "eval_ordered-record-P": 88.6792,
      "eval_ordered-record-R": 81.0345,
      "eval_ordered-record-gold": 58.0,
      "eval_ordered-record-pred": 53.0,
      "eval_ordered-record-tp": 47.0,
      "eval_overall-F1": 84.6847,
      "eval_pred_tree": 53,
      "eval_record-F1": 84.6847,
      "eval_record-P": 88.6792,
      "eval_record-R": 81.0345,
      "eval_record-gold": 58.0,
      "eval_record-pred": 53.0,
      "eval_record-tp": 47.0,
      "eval_runtime": 3.0343,
      "eval_samples_per_second": 55.038,
      "eval_spot-F1": 84.6847,
      "eval_spot-P": 88.6792,
      "eval_spot-R": 81.0345,
      "eval_spot-gold": 58.0,
      "eval_spot-pred": 53.0,
      "eval_spot-tp": 47.0,
      "eval_well-formed": 167,
      "step": 1176
    },
    {
      "epoch": 8.0,
      "eval_asoc-F1": 0.0,
      "eval_asoc-P": 0.0,
      "eval_asoc-R": 0.0,
      "eval_asoc-gold": 0.0,
      "eval_asoc-pred": 0.0,
      "eval_asoc-tp": 0.0,
      "eval_gen_len": 4.7246,
      "eval_gold_tree": 58,
      "eval_loss": 0.13151785731315613,
      "eval_ordered-record-F1": 82.5688,
      "eval_ordered-record-P": 88.2353,
      "eval_ordered-record-R": 77.5862,
      "eval_ordered-record-gold": 58.0,
      "eval_ordered-record-pred": 51.0,
      "eval_ordered-record-tp": 45.0,
      "eval_overall-F1": 82.5688,
      "eval_pred_tree": 51,
      "eval_record-F1": 82.5688,
      "eval_record-P": 88.2353,
      "eval_record-R": 77.5862,
      "eval_record-gold": 58.0,
      "eval_record-pred": 51.0,
      "eval_record-tp": 45.0,
      "eval_runtime": 3.0379,
      "eval_samples_per_second": 54.973,
      "eval_spot-F1": 82.5688,
      "eval_spot-P": 88.2353,
      "eval_spot-R": 77.5862,
      "eval_spot-gold": 58.0,
      "eval_spot-pred": 51.0,
      "eval_spot-tp": 45.0,
      "eval_well-formed": 167,
      "step": 1344
    },
    {
      "epoch": 8.93,
      "learning_rate": 5.362420830401126e-05,
      "loss": 0.0372,
      "step": 1500
    },
    {
      "epoch": 9.0,
      "eval_asoc-F1": 0.0,
      "eval_asoc-P": 0.0,
      "eval_asoc-R": 0.0,
      "eval_asoc-gold": 0.0,
      "eval_asoc-pred": 0.0,
      "eval_asoc-tp": 0.0,
      "eval_gen_len": 5.0599,
      "eval_gold_tree": 58,
      "eval_loss": 0.09925537556409836,
      "eval_ordered-record-F1": 82.0513,
      "eval_ordered-record-P": 81.3559,
      "eval_ordered-record-R": 82.7586,
      "eval_ordered-record-gold": 58.0,
      "eval_ordered-record-pred": 59.0,
      "eval_ordered-record-tp": 48.0,
      "eval_overall-F1": 82.0513,
      "eval_pred_tree": 59,
      "eval_record-F1": 82.0513,
      "eval_record-P": 81.3559,
      "eval_record-R": 82.7586,
      "eval_record-gold": 58.0,
      "eval_record-pred": 59.0,
      "eval_record-tp": 48.0,
      "eval_runtime": 3.2193,
      "eval_samples_per_second": 51.875,
      "eval_spot-F1": 82.0513,
      "eval_spot-P": 81.3559,
      "eval_spot-R": 82.7586,
      "eval_spot-gold": 58.0,
      "eval_spot-pred": 59.0,
      "eval_spot-tp": 48.0,
      "eval_well-formed": 167,
      "step": 1512
    },
    {
      "epoch": 10.0,
      "eval_asoc-F1": 0.0,
      "eval_asoc-P": 0.0,
      "eval_asoc-R": 0.0,
      "eval_asoc-gold": 0.0,
      "eval_asoc-pred": 0.0,
      "eval_asoc-tp": 0.0,
      "eval_gen_len": 5.0898,
      "eval_gold_tree": 58,
      "eval_loss": 0.14756785333156586,
      "eval_ordered-record-F1": 80.3419,
      "eval_ordered-record-P": 79.661,
      "eval_ordered-record-R": 81.0345,
      "eval_ordered-record-gold": 58.0,
      "eval_ordered-record-pred": 59.0,
      "eval_ordered-record-tp": 47.0,
      "eval_overall-F1": 80.3419,
      "eval_pred_tree": 60,
      "eval_record-F1": 80.3419,
      "eval_record-P": 79.661,
      "eval_record-R": 81.0345,
      "eval_record-gold": 58.0,
      "eval_record-pred": 59.0,
      "eval_record-tp": 47.0,
      "eval_runtime": 3.2222,
      "eval_samples_per_second": 51.828,
      "eval_spot-F1": 80.3419,
      "eval_spot-P": 79.661,
      "eval_spot-R": 81.0345,
      "eval_spot-gold": 58.0,
      "eval_spot-pred": 59.0,
      "eval_spot-tp": 47.0,
      "eval_well-formed": 167,
      "step": 1680
    },
    {
      "epoch": 11.0,
      "eval_asoc-F1": 0.0,
      "eval_asoc-P": 0.0,
      "eval_asoc-R": 0.0,
      "eval_asoc-gold": 0.0,
      "eval_asoc-pred": 0.0,
      "eval_asoc-tp": 0.0,
      "eval_gen_len": 5.024,
      "eval_gold_tree": 58,
      "eval_loss": 0.1503271758556366,
      "eval_ordered-record-F1": 82.0513,
      "eval_ordered-record-P": 81.3559,
      "eval_ordered-record-R": 82.7586,
      "eval_ordered-record-gold": 58.0,
      "eval_ordered-record-pred": 59.0,
      "eval_ordered-record-tp": 48.0,
      "eval_overall-F1": 82.0513,
      "eval_pred_tree": 59,
      "eval_record-F1": 82.0513,
      "eval_record-P": 81.3559,
      "eval_record-R": 82.7586,
      "eval_record-gold": 58.0,
      "eval_record-pred": 59.0,
      "eval_record-tp": 48.0,
      "eval_runtime": 3.2261,
      "eval_samples_per_second": 51.766,
      "eval_spot-F1": 82.0513,
      "eval_spot-P": 81.3559,
      "eval_spot-R": 82.7586,
      "eval_spot-gold": 58.0,
      "eval_spot-pred": 59.0,
      "eval_spot-tp": 48.0,
      "eval_well-formed": 167,
      "step": 1848
    },
    {
      "epoch": 11.9,
      "learning_rate": 3.603096410978184e-05,
      "loss": 0.0392,
      "step": 2000
    },
    {
      "epoch": 12.0,
      "eval_asoc-F1": 0.0,
      "eval_asoc-P": 0.0,
      "eval_asoc-R": 0.0,
      "eval_asoc-gold": 0.0,
      "eval_asoc-pred": 0.0,
      "eval_asoc-tp": 0.0,
      "eval_gen_len": 4.9222,
      "eval_gold_tree": 58,
      "eval_loss": 0.1392061710357666,
      "eval_ordered-record-F1": 82.4561,
      "eval_ordered-record-P": 83.9286,
      "eval_ordered-record-R": 81.0345,
      "eval_ordered-record-gold": 58.0,
      "eval_ordered-record-pred": 56.0,
      "eval_ordered-record-tp": 47.0,
      "eval_overall-F1": 82.4561,
      "eval_pred_tree": 56,
      "eval_record-F1": 82.4561,
      "eval_record-P": 83.9286,
      "eval_record-R": 81.0345,
      "eval_record-gold": 58.0,
      "eval_record-pred": 56.0,
      "eval_record-tp": 47.0,
      "eval_runtime": 3.1283,
      "eval_samples_per_second": 53.384,
      "eval_spot-F1": 82.4561,
      "eval_spot-P": 83.9286,
      "eval_spot-R": 81.0345,
      "eval_spot-gold": 58.0,
      "eval_spot-pred": 56.0,
      "eval_spot-tp": 47.0,
      "eval_well-formed": 167,
      "step": 2016
    },
    {
      "epoch": 13.0,
      "eval_asoc-F1": 0.0,
      "eval_asoc-P": 0.0,
      "eval_asoc-R": 0.0,
      "eval_asoc-gold": 0.0,
      "eval_asoc-pred": 0.0,
      "eval_asoc-tp": 0.0,
      "eval_gen_len": 5.0599,
      "eval_gold_tree": 58,
      "eval_loss": 0.13882462680339813,
      "eval_ordered-record-F1": 85.4701,
      "eval_ordered-record-P": 84.7458,
      "eval_ordered-record-R": 86.2069,
      "eval_ordered-record-gold": 58.0,
      "eval_ordered-record-pred": 59.0,
      "eval_ordered-record-tp": 50.0,
      "eval_overall-F1": 85.4701,
      "eval_pred_tree": 60,
      "eval_record-F1": 85.4701,
      "eval_record-P": 84.7458,
      "eval_record-R": 86.2069,
      "eval_record-gold": 58.0,
      "eval_record-pred": 59.0,
      "eval_record-tp": 50.0,
      "eval_runtime": 3.3437,
      "eval_samples_per_second": 49.945,
      "eval_spot-F1": 85.4701,
      "eval_spot-P": 84.7458,
      "eval_spot-R": 86.2069,
      "eval_spot-gold": 58.0,
      "eval_spot-pred": 59.0,
      "eval_spot-tp": 50.0,
      "eval_well-formed": 167,
      "step": 2184
    },
    {
      "epoch": 14.0,
      "eval_asoc-F1": 0.0,
      "eval_asoc-P": 0.0,
      "eval_asoc-R": 0.0,
      "eval_asoc-gold": 0.0,
      "eval_asoc-pred": 0.0,
      "eval_asoc-tp": 0.0,
      "eval_gen_len": 4.982,
      "eval_gold_tree": 58,
      "eval_loss": 0.1685665398836136,
      "eval_ordered-record-F1": 82.7586,
      "eval_ordered-record-P": 82.7586,
      "eval_ordered-record-R": 82.7586,
      "eval_ordered-record-gold": 58.0,
      "eval_ordered-record-pred": 58.0,
      "eval_ordered-record-tp": 48.0,
      "eval_overall-F1": 82.7586,
      "eval_pred_tree": 58,
      "eval_record-F1": 82.7586,
      "eval_record-P": 82.7586,
      "eval_record-R": 82.7586,
      "eval_record-gold": 58.0,
      "eval_record-pred": 58.0,
      "eval_record-tp": 48.0,
      "eval_runtime": 3.2299,
      "eval_samples_per_second": 51.704,
      "eval_spot-F1": 82.7586,
      "eval_spot-P": 82.7586,
      "eval_spot-R": 82.7586,
      "eval_spot-gold": 58.0,
      "eval_spot-pred": 58.0,
      "eval_spot-tp": 48.0,
      "eval_well-formed": 167,
      "step": 2352
    },
    {
      "epoch": 14.88,
      "learning_rate": 1.8437719915552427e-05,
      "loss": 0.0361,
      "step": 2500
    },
    {
      "epoch": 15.0,
      "eval_asoc-F1": 0.0,
      "eval_asoc-P": 0.0,
      "eval_asoc-R": 0.0,
      "eval_asoc-gold": 0.0,
      "eval_asoc-pred": 0.0,
      "eval_asoc-tp": 0.0,
      "eval_gen_len": 5.0299,
      "eval_gold_tree": 58,
      "eval_loss": 0.1573525220155716,
      "eval_ordered-record-F1": 83.7607,
      "eval_ordered-record-P": 83.0508,
      "eval_ordered-record-R": 84.4828,
      "eval_ordered-record-gold": 58.0,
      "eval_ordered-record-pred": 59.0,
      "eval_ordered-record-tp": 49.0,
      "eval_overall-F1": 83.7607,
      "eval_pred_tree": 59,
      "eval_record-F1": 83.7607,
      "eval_record-P": 83.0508,
      "eval_record-R": 84.4828,
      "eval_record-gold": 58.0,
      "eval_record-pred": 59.0,
      "eval_record-tp": 49.0,
      "eval_runtime": 3.2489,
      "eval_samples_per_second": 51.402,
      "eval_spot-F1": 83.7607,
      "eval_spot-P": 83.0508,
      "eval_spot-R": 84.4828,
      "eval_spot-gold": 58.0,
      "eval_spot-pred": 59.0,
      "eval_spot-tp": 49.0,
      "eval_well-formed": 167,
      "step": 2520
    },
    {
      "epoch": 16.0,
      "eval_asoc-F1": 0.0,
      "eval_asoc-P": 0.0,
      "eval_asoc-R": 0.0,
      "eval_asoc-gold": 0.0,
      "eval_asoc-pred": 0.0,
      "eval_asoc-tp": 0.0,
      "eval_gen_len": 5.0,
      "eval_gold_tree": 58,
      "eval_loss": 0.15772058069705963,
      "eval_ordered-record-F1": 84.4828,
      "eval_ordered-record-P": 84.4828,
      "eval_ordered-record-R": 84.4828,
      "eval_ordered-record-gold": 58.0,
      "eval_ordered-record-pred": 58.0,
      "eval_ordered-record-tp": 49.0,
      "eval_overall-F1": 84.4828,
      "eval_pred_tree": 58,
      "eval_record-F1": 84.4828,
      "eval_record-P": 84.4828,
      "eval_record-R": 84.4828,
      "eval_record-gold": 58.0,
      "eval_record-pred": 58.0,
      "eval_record-tp": 49.0,
      "eval_runtime": 3.2568,
      "eval_samples_per_second": 51.278,
      "eval_spot-F1": 84.4828,
      "eval_spot-P": 84.4828,
      "eval_spot-R": 84.4828,
      "eval_spot-gold": 58.0,
      "eval_spot-pred": 58.0,
      "eval_spot-tp": 49.0,
      "eval_well-formed": 167,
      "step": 2688
    },
    {
      "epoch": 17.0,
      "eval_asoc-F1": 0.0,
      "eval_asoc-P": 0.0,
      "eval_asoc-R": 0.0,
      "eval_asoc-gold": 0.0,
      "eval_asoc-pred": 0.0,
      "eval_asoc-tp": 0.0,
      "eval_gen_len": 5.0,
      "eval_gold_tree": 58,
      "eval_loss": 0.15696202218532562,
      "eval_ordered-record-F1": 84.4828,
      "eval_ordered-record-P": 84.4828,
      "eval_ordered-record-R": 84.4828,
      "eval_ordered-record-gold": 58.0,
      "eval_ordered-record-pred": 58.0,
      "eval_ordered-record-tp": 49.0,
      "eval_overall-F1": 84.4828,
      "eval_pred_tree": 58,
      "eval_record-F1": 84.4828,
      "eval_record-P": 84.4828,
      "eval_record-R": 84.4828,
      "eval_record-gold": 58.0,
      "eval_record-pred": 58.0,
      "eval_record-tp": 49.0,
      "eval_runtime": 3.2067,
      "eval_samples_per_second": 52.078,
      "eval_spot-F1": 84.4828,
      "eval_spot-P": 84.4828,
      "eval_spot-R": 84.4828,
      "eval_spot-gold": 58.0,
      "eval_spot-pred": 58.0,
      "eval_spot-tp": 49.0,
      "eval_well-formed": 167,
      "step": 2856
    },
    {
      "epoch": 17.86,
      "learning_rate": 8.44475721323012e-07,
      "loss": 0.0327,
      "step": 3000
    },
    {
      "epoch": 18.0,
      "eval_asoc-F1": 0.0,
      "eval_asoc-P": 0.0,
      "eval_asoc-R": 0.0,
      "eval_asoc-gold": 0.0,
      "eval_asoc-pred": 0.0,
      "eval_asoc-tp": 0.0,
      "eval_gen_len": 5.0,
      "eval_gold_tree": 58,
      "eval_loss": 0.1595008671283722,
      "eval_ordered-record-F1": 84.4828,
      "eval_ordered-record-P": 84.4828,
      "eval_ordered-record-R": 84.4828,
      "eval_ordered-record-gold": 58.0,
      "eval_ordered-record-pred": 58.0,
      "eval_ordered-record-tp": 49.0,
      "eval_overall-F1": 84.4828,
      "eval_pred_tree": 58,
      "eval_record-F1": 84.4828,
      "eval_record-P": 84.4828,
      "eval_record-R": 84.4828,
      "eval_record-gold": 58.0,
      "eval_record-pred": 58.0,
      "eval_record-tp": 49.0,
      "eval_runtime": 3.2189,
      "eval_samples_per_second": 51.881,
      "eval_spot-F1": 84.4828,
      "eval_spot-P": 84.4828,
      "eval_spot-R": 84.4828,
      "eval_spot-gold": 58.0,
      "eval_spot-pred": 58.0,
      "eval_spot-tp": 49.0,
      "eval_well-formed": 167,
      "step": 3024
    }
  ],
  "max_steps": 3024,
  "num_train_epochs": 18,
  "total_flos": 529595857932288.0,
  "trial_name": null,
  "trial_params": null
}
