{
    "epoch": "3/20",
    "best_epoch": 3,
    "max_gpu_mem": "7.5305",
    "cur_ram": "2.7633",
    "time_epoch": "0:00:14",
    "time_total": "0:00:40",
    "best_train_ner_loss": 77.185446434021,
    "train_ner_loss": 77.185446434021,
    "best_train_sum": 0.1412151067323481,
    "train_sum": 0.1412151067323481,
    "best_dev_ner_loss": 43.38236345563616,
    "dev_ner_loss": 43.38236345563616,
    "best_dev_sum": 0.30434782608695654,
    "dev_sum": 0.30434782608695654,
    "best_train_ner_precision": 0.589041095890411,
    "best_train_ner_recall": 0.08022388059701492,
    "best_train_ner_span_f1": 0.1412151067323481,
    "train_ner_precision": 0.589041095890411,
    "train_ner_recall": 0.08022388059701492,
    "train_ner_span_f1": 0.1412151067323481,
    "best_dev_ner_precision": 0.3181818181818182,
    "best_dev_ner_recall": 0.2916666666666667,
    "best_dev_ner_span_f1": 0.30434782608695654,
    "dev_ner_precision": 0.3181818181818182,
    "dev_ner_recall": 0.2916666666666667,
    "dev_ner_span_f1": 0.30434782608695654
}