{
    "epoch": "2/20",
    "best_epoch": 1,
    "max_gpu_mem": "7.5305",
    "cur_ram": "2.7629",
    "time_epoch": "0:00:14",
    "time_total": "0:00:25",
    "best_train_ner_loss": 1179.6749700927735,
    "train_ner_loss": 381.00967548370363,
    "best_train_sum": 0.0,
    "train_sum": 0.0,
    "best_dev_ner_loss": 864.2044982910156,
    "dev_ner_loss": 98.21213749476841,
    "best_dev_sum": 0.0,
    "dev_sum": 0.0,
    "best_train_ner_precision": 0.00044120891242003087,
    "best_train_ner_recall": 0.014925373134328358,
    "best_train_ner_span_f1": 0.0008570816370259267,
    "train_ner_precision": 0.0,
    "train_ner_recall": 0.0,
    "train_ner_span_f1": 0.0,
    "best_dev_ner_precision": 0.0,
    "best_dev_ner_recall": 0.0,
    "best_dev_ner_span_f1": 0.0,
    "dev_ner_precision": 0.0,
    "dev_ner_recall": 0.0,
    "dev_ner_span_f1": 0.0
}