{
    "epoch": "1/20",
    "best_epoch": 1,
    "max_gpu_mem": "3.5180",
    "cur_ram": "2.7441",
    "time_epoch": "0:00:07",
    "time_total": "0:00:10",
    "best_train_ner_loss": 1179.6749700927735,
    "train_ner_loss": 1179.6749700927735,
    "best_train_sum": 0.0008570816370259267,
    "train_sum": 0.0008570816370259267,
    "best_dev_ner_loss": 864.2044982910156,
    "dev_ner_loss": 864.2044982910156,
    "best_dev_sum": 0.0,
    "dev_sum": 0.0,
    "best_train_ner_precision": 0.00044120891242003087,
    "best_train_ner_recall": 0.014925373134328358,
    "best_train_ner_span_f1": 0.0008570816370259267,
    "train_ner_precision": 0.00044120891242003087,
    "train_ner_recall": 0.014925373134328358,
    "train_ner_span_f1": 0.0008570816370259267,
    "best_dev_ner_precision": 0.0,
    "best_dev_ner_recall": 0.0,
    "best_dev_ner_span_f1": 0.0,
    "dev_ner_precision": 0.0,
    "dev_ner_recall": 0.0,
    "dev_ner_span_f1": 0.0
}