{
    "epoch": "6/20",
    "best_epoch": 6,
    "max_gpu_mem": "7.5305",
    "cur_ram": "2.7640",
    "time_epoch": "0:00:13",
    "time_total": "0:01:25",
    "best_train_ner_loss": 14.707840118408203,
    "train_ner_loss": 14.707840118408203,
    "best_train_sum": 0.8125,
    "train_sum": 0.8125,
    "best_dev_ner_loss": 16.558875220162527,
    "dev_ner_loss": 16.558875220162527,
    "best_dev_sum": 0.8671328671328671,
    "dev_sum": 0.8671328671328671,
    "best_train_ner_precision": 0.8007246376811594,
    "best_train_ner_recall": 0.8246268656716418,
    "best_train_ner_span_f1": 0.8125,
    "train_ner_precision": 0.8007246376811594,
    "train_ner_recall": 0.8246268656716418,
    "train_ner_span_f1": 0.8125,
    "best_dev_ner_precision": 0.8732394366197183,
    "best_dev_ner_recall": 0.8611111111111112,
    "best_dev_ner_span_f1": 0.8671328671328671,
    "dev_ner_precision": 0.8732394366197183,
    "dev_ner_recall": 0.8611111111111112,
    "dev_ner_span_f1": 0.8671328671328671
}