{
    "epoch": "8/20",
    "best_epoch": 7,
    "max_gpu_mem": "7.5305",
    "cur_ram": "2.7640",
    "time_epoch": "0:00:13",
    "time_total": "0:01:55",
    "best_train_ner_loss": 8.9238920211792,
    "train_ner_loss": 5.387360992431641,
    "best_train_sum": 0.9141274238227147,
    "train_sum": 0.9141274238227147,
    "best_dev_ner_loss": 13.073544366019112,
    "dev_ner_loss": 19.554795946393693,
    "best_dev_sum": 0.8707482993197277,
    "dev_sum": 0.8513513513513513,
    "best_train_ner_precision": 0.8763837638376384,
    "best_train_ner_recall": 0.8861940298507462,
    "best_train_ner_span_f1": 0.8812615955473099,
    "train_ner_precision": 0.9049360146252285,
    "train_ner_recall": 0.9235074626865671,
    "train_ner_span_f1": 0.9141274238227147,
    "best_dev_ner_precision": 0.8533333333333334,
    "best_dev_ner_recall": 0.8888888888888888,
    "best_dev_ner_span_f1": 0.8707482993197277,
    "dev_ner_precision": 0.8289473684210527,
    "dev_ner_recall": 0.875,
    "dev_ner_span_f1": 0.8513513513513513
}