{
    "epoch": "11/20",
    "best_epoch": 10,
    "max_gpu_mem": "7.5344",
    "cur_ram": "2.7641",
    "time_epoch": "0:00:14",
    "time_total": "0:02:40",
    "best_train_ner_loss": 2.9696543121337893,
    "train_ner_loss": 2.4381690216064453,
    "best_train_sum": 0.9701492537313433,
    "train_sum": 0.9701492537313433,
    "best_dev_ner_loss": 14.26474380493164,
    "dev_ner_loss": 17.954439980643137,
    "best_dev_sum": 0.8951048951048951,
    "dev_sum": 0.87248322147651,
    "best_train_ner_precision": 0.9521178637200737,
    "best_train_ner_recall": 0.9645522388059702,
    "best_train_ner_span_f1": 0.9582947173308619,
    "train_ner_precision": 0.9701492537313433,
    "train_ner_recall": 0.9701492537313433,
    "train_ner_span_f1": 0.9701492537313433,
    "best_dev_ner_precision": 0.9014084507042254,
    "best_dev_ner_recall": 0.8888888888888888,
    "best_dev_ner_span_f1": 0.8951048951048951,
    "dev_ner_precision": 0.8441558441558441,
    "dev_ner_recall": 0.9027777777777778,
    "dev_ner_span_f1": 0.87248322147651
}