{
    "epoch": "7/20",
    "best_epoch": 7,
    "max_gpu_mem": "7.5305",
    "cur_ram": "2.7640",
    "time_epoch": "0:00:13",
    "time_total": "0:01:40",
    "best_train_ner_loss": 8.9238920211792,
    "train_ner_loss": 8.9238920211792,
    "best_train_sum": 0.8812615955473099,
    "train_sum": 0.8812615955473099,
    "best_dev_ner_loss": 13.073544366019112,
    "dev_ner_loss": 13.073544366019112,
    "best_dev_sum": 0.8707482993197277,
    "dev_sum": 0.8707482993197277,
    "best_train_ner_precision": 0.8763837638376384,
    "best_train_ner_recall": 0.8861940298507462,
    "best_train_ner_span_f1": 0.8812615955473099,
    "train_ner_precision": 0.8763837638376384,
    "train_ner_recall": 0.8861940298507462,
    "train_ner_span_f1": 0.8812615955473099,
    "best_dev_ner_precision": 0.8533333333333334,
    "best_dev_ner_recall": 0.8888888888888888,
    "best_dev_ner_span_f1": 0.8707482993197277,
    "dev_ner_precision": 0.8533333333333334,
    "dev_ner_recall": 0.8888888888888888,
    "dev_ner_span_f1": 0.8707482993197277
}