{
    "epoch": "15/20",
    "best_epoch": 15,
    "max_gpu_mem": "7.5380",
    "cur_ram": "2.7641",
    "time_epoch": "0:00:14",
    "time_total": "0:03:37",
    "best_train_ner_loss": 0.6082080078125,
    "train_ner_loss": 0.6082080078125,
    "best_train_sum": 0.9925512104283053,
    "train_sum": 0.9925512104283053,
    "best_dev_ner_loss": 19.638059888567245,
    "dev_ner_loss": 19.638059888567245,
    "best_dev_sum": 0.896551724137931,
    "dev_sum": 0.896551724137931,
    "best_train_ner_precision": 0.9907063197026023,
    "best_train_ner_recall": 0.9944029850746269,
    "best_train_ner_span_f1": 0.9925512104283053,
    "train_ner_precision": 0.9907063197026023,
    "train_ner_recall": 0.9944029850746269,
    "train_ner_span_f1": 0.9925512104283053,
    "best_dev_ner_precision": 0.8904109589041096,
    "best_dev_ner_recall": 0.9027777777777778,
    "best_dev_ner_span_f1": 0.896551724137931,
    "dev_ner_precision": 0.8904109589041096,
    "dev_ner_recall": 0.9027777777777778,
    "dev_ner_span_f1": 0.896551724137931
}