{
    "epoch": "4/20",
    "best_epoch": 4,
    "max_gpu_mem": "6.6635",
    "cur_ram": "2.7550",
    "time_epoch": "0:00:06",
    "time_total": "0:00:27",
    "best_train_ner_loss": 59.31637725830078,
    "train_ner_loss": 59.31637725830078,
    "best_train_sum": 0.8059950041631972,
    "train_sum": 0.8059950041631972,
    "best_dev_ner_loss": 37.39375686645508,
    "dev_ner_loss": 37.39375686645508,
    "best_dev_sum": 0.8990228013029316,
    "dev_sum": 0.8990228013029316,
    "best_train_ner_precision": 0.7719298245614035,
    "best_train_ner_recall": 0.8432055749128919,
    "best_train_ner_span_f1": 0.8059950041631972,
    "train_ner_precision": 0.7719298245614035,
    "train_ner_recall": 0.8432055749128919,
    "train_ner_span_f1": 0.8059950041631972,
    "best_dev_ner_precision": 0.8789808917197452,
    "best_dev_ner_recall": 0.92,
    "best_dev_ner_span_f1": 0.8990228013029316,
    "dev_ner_precision": 0.8789808917197452,
    "dev_ner_recall": 0.92,
    "dev_ner_span_f1": 0.8990228013029316
}