{
    "epoch": "7/20",
    "best_epoch": 6,
    "max_gpu_mem": "6.6635",
    "cur_ram": "2.7555",
    "time_epoch": "0:00:06",
    "time_total": "0:00:49",
    "best_train_ner_loss": 15.059868176778158,
    "train_ner_loss": 9.13250503540039,
    "best_train_sum": 0.9701686121919586,
    "train_sum": 0.9701686121919586,
    "best_dev_ner_loss": 15.40834903717041,
    "dev_ner_loss": 23.776844024658203,
    "best_dev_sum": 0.9385113268608414,
    "dev_sum": 0.8938906752411575,
    "best_train_ner_precision": 0.9330508474576271,
    "best_train_ner_recall": 0.9590592334494773,
    "best_train_ner_span_f1": 0.9458762886597938,
    "train_ner_precision": 0.9630901287553648,
    "train_ner_recall": 0.9773519163763066,
    "train_ner_span_f1": 0.9701686121919586,
    "best_dev_ner_precision": 0.9119496855345912,
    "best_dev_ner_recall": 0.9666666666666667,
    "best_dev_ner_span_f1": 0.9385113268608414,
    "dev_ner_precision": 0.8633540372670807,
    "dev_ner_recall": 0.9266666666666666,
    "dev_ner_span_f1": 0.8938906752411575
}