{
    "epoch": "3/20",
    "best_epoch": 3,
    "max_gpu_mem": "6.6558",
    "cur_ram": "2.7547",
    "time_epoch": "0:00:06",
    "time_total": "0:00:19",
    "best_train_ner_loss": 168.80677388509113,
    "train_ner_loss": 168.80677388509113,
    "best_train_sum": 0.4856661045531197,
    "train_sum": 0.4856661045531197,
    "best_dev_ner_loss": 84.43081474304199,
    "dev_ner_loss": 84.43081474304199,
    "best_dev_sum": 0.7834394904458599,
    "dev_sum": 0.7834394904458599,
    "best_train_ner_precision": 0.6846275752773375,
    "best_train_ner_recall": 0.37630662020905925,
    "best_train_ner_span_f1": 0.4856661045531197,
    "train_ner_precision": 0.6846275752773375,
    "train_ner_recall": 0.37630662020905925,
    "train_ner_span_f1": 0.4856661045531197,
    "best_dev_ner_precision": 0.75,
    "best_dev_ner_recall": 0.82,
    "best_dev_ner_span_f1": 0.7834394904458599,
    "dev_ner_precision": 0.75,
    "dev_ner_recall": 0.82,
    "dev_ner_span_f1": 0.7834394904458599
}