{
    "epoch": "11/20",
    "best_epoch": 9,
    "max_gpu_mem": "6.6644",
    "cur_ram": "2.7555",
    "time_epoch": "0:00:06",
    "time_total": "0:01:16",
    "best_train_ner_loss": 6.743028895060221,
    "train_ner_loss": 2.3056645075480144,
    "best_train_sum": 0.9926054806437581,
    "train_sum": 0.9926054806437581,
    "best_dev_ner_loss": 13.092905044555664,
    "dev_ner_loss": 19.683815002441406,
    "best_dev_sum": 0.9735099337748344,
    "dev_sum": 0.9634551495016612,
    "best_train_ner_precision": 0.9766637856525497,
    "best_train_ner_recall": 0.9843205574912892,
    "best_train_ner_span_f1": 0.980477223427332,
    "train_ner_precision": 0.9913119026933102,
    "train_ner_recall": 0.9939024390243902,
    "train_ner_span_f1": 0.9926054806437581,
    "best_dev_ner_precision": 0.9671052631578947,
    "best_dev_ner_recall": 0.98,
    "best_dev_ner_span_f1": 0.9735099337748344,
    "dev_ner_precision": 0.9602649006622517,
    "dev_ner_recall": 0.9666666666666667,
    "dev_ner_span_f1": 0.9634551495016612
}