{
    "epoch": "2/20",
    "best_epoch": 1,
    "max_gpu_mem": "6.6558",
    "cur_ram": "2.7546",
    "time_epoch": "0:00:06",
    "time_total": "0:00:13",
    "best_train_ner_loss": 813.1090087890625,
    "train_ner_loss": 470.8563588460286,
    "best_train_sum": 0.013100436681222708,
    "train_sum": 0.013100436681222708,
    "best_dev_ner_loss": 691.3072814941406,
    "dev_ner_loss": 257.11023712158203,
    "best_dev_sum": 0.020467836257309944,
    "dev_sum": 0.0,
    "best_train_ner_precision": 0.006832021387197386,
    "best_train_ner_recall": 0.04006968641114982,
    "best_train_ner_span_f1": 0.011673645476462378,
    "train_ner_precision": 0.013134851138353765,
    "train_ner_recall": 0.013066202090592335,
    "train_ner_span_f1": 0.013100436681222708,
    "best_dev_ner_precision": 0.013108614232209739,
    "best_dev_ner_recall": 0.04666666666666667,
    "best_dev_ner_span_f1": 0.020467836257309944,
    "dev_ner_precision": 0.0,
    "dev_ner_recall": 0.0,
    "dev_ner_span_f1": 0.0
}