{
    "epoch": "14/20",
    "best_epoch": 12,
    "max_gpu_mem": "6.6644",
    "cur_ram": "2.7556",
    "time_epoch": "0:00:06",
    "time_total": "0:01:36",
    "best_train_ner_loss": 1.520738156636556,
    "train_ner_loss": 1.207798385620117,
    "best_train_sum": 0.9952153110047847,
    "train_sum": 0.9952153110047847,
    "best_dev_ner_loss": 15.388439178466797,
    "dev_ner_loss": 18.541542053222656,
    "best_dev_sum": 0.9765886287625419,
    "dev_sum": 0.9607843137254902,
    "best_train_ner_precision": 0.9956483899042646,
    "best_train_ner_recall": 0.9965156794425087,
    "best_train_ner_span_f1": 0.9960818458859381,
    "train_ner_precision": 0.9939183318853171,
    "train_ner_recall": 0.9965156794425087,
    "train_ner_span_f1": 0.9952153110047847,
    "best_dev_ner_precision": 0.9798657718120806,
    "best_dev_ner_recall": 0.9733333333333334,
    "best_dev_ner_span_f1": 0.9765886287625419,
    "dev_ner_precision": 0.9423076923076923,
    "dev_ner_recall": 0.98,
    "dev_ner_span_f1": 0.9607843137254902
}