{
    "epoch": "5/20",
    "best_epoch": 5,
    "max_gpu_mem": "6.6635",
    "cur_ram": "2.7550",
    "time_epoch": "0:00:06",
    "time_total": "0:00:34",
    "best_train_ner_loss": 28.015550676981608,
    "train_ner_loss": 28.015550676981608,
    "best_train_sum": 0.9069171648163962,
    "train_sum": 0.9069171648163962,
    "best_dev_ner_loss": 21.670418739318848,
    "dev_ner_loss": 21.670418739318848,
    "best_dev_sum": 0.934640522875817,
    "dev_sum": 0.934640522875817,
    "best_train_ner_precision": 0.8894472361809045,
    "best_train_ner_recall": 0.9250871080139372,
    "best_train_ner_span_f1": 0.9069171648163962,
    "train_ner_precision": 0.8894472361809045,
    "train_ner_recall": 0.9250871080139372,
    "train_ner_span_f1": 0.9069171648163962,
    "best_dev_ner_precision": 0.9166666666666666,
    "best_dev_ner_recall": 0.9533333333333334,
    "best_dev_ner_span_f1": 0.934640522875817,
    "dev_ner_precision": 0.9166666666666666,
    "dev_ner_recall": 0.9533333333333334,
    "dev_ner_span_f1": 0.934640522875817
}