{
    "epoch": "8/20",
    "best_epoch": 8,
    "max_gpu_mem": "6.6644",
    "cur_ram": "2.7555",
    "time_epoch": "0:00:06",
    "time_total": "0:00:55",
    "best_train_ner_loss": 7.170214398701986,
    "train_ner_loss": 7.170214398701986,
    "best_train_sum": 0.9752711496746204,
    "train_sum": 0.9752711496746204,
    "best_dev_ner_loss": 15.321995735168457,
    "dev_ner_loss": 15.321995735168457,
    "best_dev_sum": 0.9702970297029702,
    "dev_sum": 0.9702970297029702,
    "best_train_ner_precision": 0.9714779602420052,
    "best_train_ner_recall": 0.9790940766550522,
    "best_train_ner_span_f1": 0.9752711496746204,
    "train_ner_precision": 0.9714779602420052,
    "train_ner_recall": 0.9790940766550522,
    "train_ner_span_f1": 0.9752711496746204,
    "best_dev_ner_precision": 0.9607843137254902,
    "best_dev_ner_recall": 0.98,
    "best_dev_ner_span_f1": 0.9702970297029702,
    "dev_ner_precision": 0.9607843137254902,
    "dev_ner_recall": 0.98,
    "dev_ner_span_f1": 0.9702970297029702
}