{
    "epoch": "15/20",
    "best_epoch": 12,
    "max_gpu_mem": "6.6723",
    "cur_ram": "2.7556",
    "time_epoch": "0:00:06",
    "time_total": "0:01:42",
    "best_train_ner_loss": 1.520738156636556,
    "train_ner_loss": 0.8308799107869466,
    "best_train_sum": 0.9978232477144101,
    "train_sum": 0.9978232477144101,
    "best_dev_ner_loss": 15.388439178466797,
    "dev_ner_loss": 17.57521152496338,
    "best_dev_sum": 0.9765886287625419,
    "dev_sum": 0.9639344262295082,
    "best_train_ner_precision": 0.9956483899042646,
    "best_train_ner_recall": 0.9965156794425087,
    "best_train_ner_span_f1": 0.9960818458859381,
    "train_ner_precision": 0.9973890339425587,
    "train_ner_recall": 0.9982578397212544,
    "train_ner_span_f1": 0.9978232477144101,
    "best_dev_ner_precision": 0.9798657718120806,
    "best_dev_ner_recall": 0.9733333333333334,
    "best_dev_ner_span_f1": 0.9765886287625419,
    "dev_ner_precision": 0.9483870967741935,
    "dev_ner_recall": 0.98,
    "dev_ner_span_f1": 0.9639344262295082
}