{
    "epoch": "17/20",
    "best_epoch": 12,
    "max_gpu_mem": "6.6723",
    "cur_ram": "2.7556",
    "time_epoch": "0:00:06",
    "time_total": "0:01:54",
    "best_train_ner_loss": 1.520738156636556,
    "train_ner_loss": 0.5570163726806641,
    "best_train_sum": 0.998693948628646,
    "train_sum": 0.998693948628646,
    "best_dev_ner_loss": 15.388439178466797,
    "dev_ner_loss": 19.85678195953369,
    "best_dev_sum": 0.9765886287625419,
    "dev_sum": 0.9671052631578947,
    "best_train_ner_precision": 0.9956483899042646,
    "best_train_ner_recall": 0.9965156794425087,
    "best_train_ner_span_f1": 0.9960818458859381,
    "train_ner_precision": 0.9982593559617058,
    "train_ner_recall": 0.9991289198606271,
    "train_ner_span_f1": 0.998693948628646,
    "best_dev_ner_precision": 0.9798657718120806,
    "best_dev_ner_recall": 0.9733333333333334,
    "best_dev_ner_span_f1": 0.9765886287625419,
    "dev_ner_precision": 0.9545454545454546,
    "dev_ner_recall": 0.98,
    "dev_ner_span_f1": 0.9671052631578947
}