{
    "epoch": "1/20",
    "best_epoch": 1,
    "max_gpu_mem": "4.3587",
    "cur_ram": "2.7981",
    "time_epoch": "0:00:09",
    "time_total": "0:00:12",
    "best_train_ner_loss": 1435.513075949929,
    "train_ner_loss": 1435.513075949929,
    "best_train_sum": 0.0003457814661134163,
    "train_sum": 0.0003457814661134163,
    "best_dev_ner_loss": 1243.226283482143,
    "dev_ner_loss": 1243.226283482143,
    "best_dev_sum": 0.0,
    "dev_sum": 0.0,
    "best_train_ner_precision": 0.0001756748843473678,
    "best_train_ner_recall": 0.01090909090909091,
    "best_train_ner_span_f1": 0.0003457814661134163,
    "train_ner_precision": 0.0001756748843473678,
    "train_ner_recall": 0.01090909090909091,
    "train_ner_span_f1": 0.0003457814661134163,
    "best_dev_ner_precision": 0.0,
    "best_dev_ner_recall": 0.0,
    "best_dev_ner_span_f1": 0.0,
    "dev_ner_precision": 0.0,
    "dev_ner_recall": 0.0,
    "dev_ner_span_f1": 0.0
}