{
    "epoch": "4/20",
    "best_epoch": 4,
    "max_gpu_mem": "11.0793",
    "cur_ram": "2.8173",
    "time_epoch": "0:00:19",
    "time_total": "0:01:13",
    "best_train_ner_loss": 31.54049649672075,
    "train_ner_loss": 31.54049649672075,
    "best_train_sum": 0.5203816131830009,
    "train_sum": 0.5203816131830009,
    "best_dev_ner_loss": 20.72812053135463,
    "dev_ner_loss": 20.72812053135463,
    "best_dev_sum": 0.6370370370370372,
    "dev_sum": 0.6370370370370372,
    "best_train_ner_precision": 0.4975124378109453,
    "best_train_ner_recall": 0.5454545454545454,
    "best_train_ner_span_f1": 0.5203816131830009,
    "train_ner_precision": 0.4975124378109453,
    "train_ner_recall": 0.5454545454545454,
    "train_ner_span_f1": 0.5203816131830009,
    "best_dev_ner_precision": 0.589041095890411,
    "best_dev_ner_recall": 0.6935483870967742,
    "best_dev_ner_span_f1": 0.6370370370370372,
    "dev_ner_precision": 0.589041095890411,
    "dev_ner_recall": 0.6935483870967742,
    "dev_ner_span_f1": 0.6370370370370372
}