{
    "epoch": "11/20",
    "best_epoch": 8,
    "max_gpu_mem": "11.0873",
    "cur_ram": "2.8181",
    "time_epoch": "0:00:18",
    "time_total": "0:03:33",
    "best_train_ner_loss": 9.88507010719993,
    "train_ner_loss": 2.787451726740057,
    "best_train_sum": 0.9691470054446462,
    "train_sum": 0.9691470054446462,
    "best_dev_ner_loss": 18.04441179547991,
    "dev_ner_loss": 20.92314692905971,
    "best_dev_sum": 0.8062015503875968,
    "dev_sum": 0.7874015748031495,
    "best_train_ner_precision": 0.8348134991119005,
    "best_train_ner_recall": 0.8545454545454545,
    "best_train_ner_span_f1": 0.8445642407906558,
    "train_ner_precision": 0.967391304347826,
    "train_ner_recall": 0.9709090909090909,
    "train_ner_span_f1": 0.9691470054446462,
    "best_dev_ner_precision": 0.7761194029850746,
    "best_dev_ner_recall": 0.8387096774193549,
    "best_dev_ner_span_f1": 0.8062015503875968,
    "dev_ner_precision": 0.7692307692307693,
    "dev_ner_recall": 0.8064516129032258,
    "dev_ner_span_f1": 0.7874015748031495
}