{
    "epoch": "8/20",
    "best_epoch": 8,
    "max_gpu_mem": "11.0873",
    "cur_ram": "2.8179",
    "time_epoch": "0:00:19",
    "time_total": "0:02:36",
    "best_train_ner_loss": 9.88507010719993,
    "train_ner_loss": 9.88507010719993,
    "best_train_sum": 0.8445642407906558,
    "train_sum": 0.8445642407906558,
    "best_dev_ner_loss": 18.04441179547991,
    "dev_ner_loss": 18.04441179547991,
    "best_dev_sum": 0.8062015503875968,
    "dev_sum": 0.8062015503875968,
    "best_train_ner_precision": 0.8348134991119005,
    "best_train_ner_recall": 0.8545454545454545,
    "best_train_ner_span_f1": 0.8445642407906558,
    "train_ner_precision": 0.8348134991119005,
    "train_ner_recall": 0.8545454545454545,
    "train_ner_span_f1": 0.8445642407906558,
    "best_dev_ner_precision": 0.7761194029850746,
    "best_dev_ner_recall": 0.8387096774193549,
    "best_dev_ner_span_f1": 0.8062015503875968,
    "dev_ner_precision": 0.7761194029850746,
    "dev_ner_recall": 0.8387096774193549,
    "dev_ner_span_f1": 0.8062015503875968
}