{
    "epoch": "13/20",
    "best_epoch": 8,
    "max_gpu_mem": "11.0873",
    "cur_ram": "2.8181",
    "time_epoch": "0:00:18",
    "time_total": "0:04:10",
    "best_train_ner_loss": 9.88507010719993,
    "train_ner_loss": 2.135897237604315,
    "best_train_sum": 0.970961887477314,
    "train_sum": 0.970961887477314,
    "best_dev_ner_loss": 18.04441179547991,
    "dev_ner_loss": 26.53050286429269,
    "best_dev_sum": 0.8062015503875968,
    "dev_sum": 0.6518518518518519,
    "best_train_ner_precision": 0.8348134991119005,
    "best_train_ner_recall": 0.8545454545454545,
    "best_train_ner_span_f1": 0.8445642407906558,
    "train_ner_precision": 0.9692028985507246,
    "train_ner_recall": 0.9727272727272728,
    "train_ner_span_f1": 0.970961887477314,
    "best_dev_ner_precision": 0.7761194029850746,
    "best_dev_ner_recall": 0.8387096774193549,
    "best_dev_ner_span_f1": 0.8062015503875968,
    "dev_ner_precision": 0.6027397260273972,
    "dev_ner_recall": 0.7096774193548387,
    "dev_ner_span_f1": 0.6518518518518519
}