{
    "epoch": "16/20",
    "best_epoch": 8,
    "max_gpu_mem": "11.0873",
    "cur_ram": "2.8181",
    "time_epoch": "0:00:18",
    "time_total": "0:05:05",
    "best_train_ner_loss": 9.88507010719993,
    "train_ner_loss": 0.8796206040815874,
    "best_train_sum": 0.9872727272727273,
    "train_sum": 0.9872727272727273,
    "best_dev_ner_loss": 18.04441179547991,
    "dev_ner_loss": 28.54419490269252,
    "best_dev_sum": 0.8062015503875968,
    "dev_sum": 0.787878787878788,
    "best_train_ner_precision": 0.8348134991119005,
    "best_train_ner_recall": 0.8545454545454545,
    "best_train_ner_span_f1": 0.8445642407906558,
    "train_ner_precision": 0.9872727272727273,
    "train_ner_recall": 0.9872727272727273,
    "train_ner_span_f1": 0.9872727272727273,
    "best_dev_ner_precision": 0.7761194029850746,
    "best_dev_ner_recall": 0.8387096774193549,
    "best_dev_ner_span_f1": 0.8062015503875968,
    "dev_ner_precision": 0.7428571428571429,
    "dev_ner_recall": 0.8387096774193549,
    "dev_ner_span_f1": 0.787878787878788
}