{
    "epoch": "2/20",
    "best_epoch": 1,
    "max_gpu_mem": "11.0793",
    "cur_ram": "2.8168",
    "time_epoch": "0:00:19",
    "time_total": "0:00:33",
    "best_train_ner_loss": 1435.513075949929,
    "train_ner_loss": 515.5471660267223,
    "best_train_sum": 0.0006474587245063128,
    "train_sum": 0.0006474587245063128,
    "best_dev_ner_loss": 1243.226283482143,
    "dev_ner_loss": 81.63851383754185,
    "best_dev_sum": 0.0,
    "dev_sum": 0.0,
    "best_train_ner_precision": 0.0001756748843473678,
    "best_train_ner_recall": 0.01090909090909091,
    "best_train_ner_span_f1": 0.0003457814661134163,
    "train_ner_precision": 0.00034415509923138696,
    "train_ner_recall": 0.005454545454545455,
    "train_ner_span_f1": 0.0006474587245063128,
    "best_dev_ner_precision": 0.0,
    "best_dev_ner_recall": 0.0,
    "best_dev_ner_span_f1": 0.0,
    "dev_ner_precision": 0.0,
    "dev_ner_recall": 0.0,
    "dev_ner_span_f1": 0.0
}