{
    "epoch": "5/20",
    "best_epoch": 5,
    "max_gpu_mem": "11.0793",
    "cur_ram": "2.8174",
    "time_epoch": "0:00:19",
    "time_total": "0:01:34",
    "best_train_ner_loss": 21.33288119922985,
    "train_ner_loss": 21.33288119922985,
    "best_train_sum": 0.7377777777777778,
    "train_sum": 0.7377777777777778,
    "best_dev_ner_loss": 18.32693808419364,
    "dev_ner_loss": 18.32693808419364,
    "best_dev_sum": 0.7058823529411764,
    "dev_sum": 0.7058823529411764,
    "best_train_ner_precision": 0.7217391304347827,
    "best_train_ner_recall": 0.7545454545454545,
    "best_train_ner_span_f1": 0.7377777777777778,
    "train_ner_precision": 0.7217391304347827,
    "train_ner_recall": 0.7545454545454545,
    "train_ner_span_f1": 0.7377777777777778,
    "best_dev_ner_precision": 0.6486486486486487,
    "best_dev_ner_recall": 0.7741935483870968,
    "best_dev_ner_span_f1": 0.7058823529411764,
    "dev_ner_precision": 0.6486486486486487,
    "dev_ner_recall": 0.7741935483870968,
    "dev_ner_span_f1": 0.7058823529411764
}