{
    "epoch": "9/20",
    "best_epoch": 8,
    "max_gpu_mem": "11.0873",
    "cur_ram": "2.8181",
    "time_epoch": "0:00:18",
    "time_total": "0:02:57",
    "best_train_ner_loss": 9.88507010719993,
    "train_ner_loss": 6.917756964943626,
    "best_train_sum": 0.8946894689468947,
    "train_sum": 0.8946894689468947,
    "best_dev_ner_loss": 18.04441179547991,
    "dev_ner_loss": 16.621329171316965,
    "best_dev_sum": 0.8062015503875968,
    "dev_sum": 0.7786259541984734,
    "best_train_ner_precision": 0.8348134991119005,
    "best_train_ner_recall": 0.8545454545454545,
    "best_train_ner_span_f1": 0.8445642407906558,
    "train_ner_precision": 0.8859180035650623,
    "train_ner_recall": 0.9036363636363637,
    "train_ner_span_f1": 0.8946894689468947,
    "best_dev_ner_precision": 0.7761194029850746,
    "best_dev_ner_recall": 0.8387096774193549,
    "best_dev_ner_span_f1": 0.8062015503875968,
    "dev_ner_precision": 0.7391304347826086,
    "dev_ner_recall": 0.8225806451612904,
    "dev_ner_span_f1": 0.7786259541984734
}