{
    "epoch": "9/20",
    "best_epoch": 5,
    "max_gpu_mem": "11.1024",
    "cur_ram": "2.8331",
    "time_epoch": "0:00:16",
    "time_total": "0:02:31",
    "best_train_ner_loss": 18.901283125443893,
    "train_ner_loss": 9.94545863758434,
    "best_train_sum": 0.8582020389249304,
    "train_sum": 0.8582020389249304,
    "best_dev_ner_loss": 19.42756952558245,
    "dev_ner_loss": 22.333113534109934,
    "best_dev_sum": 0.7244094488188977,
    "dev_sum": 0.6984126984126984,
    "best_train_ner_precision": 0.7296296296296296,
    "best_train_ner_recall": 0.7364485981308411,
    "best_train_ner_span_f1": 0.7330232558139534,
    "train_ner_precision": 0.8511029411764706,
    "train_ner_recall": 0.8654205607476636,
    "train_ner_span_f1": 0.8582020389249304,
    "best_dev_ner_precision": 0.7076923076923077,
    "best_dev_ner_recall": 0.7419354838709677,
    "best_dev_ner_span_f1": 0.7244094488188977,
    "dev_ner_precision": 0.6875,
    "dev_ner_recall": 0.7096774193548387,
    "dev_ner_span_f1": 0.6984126984126984
}