{
    "epoch": "14/20",
    "best_epoch": 10,
    "max_gpu_mem": "11.1024",
    "cur_ram": "2.8333",
    "time_epoch": "0:00:16",
    "time_total": "0:03:56",
    "best_train_ner_loss": 7.084708057750355,
    "train_ner_loss": 1.925461092862216,
    "best_train_sum": 0.9664179104477612,
    "train_sum": 0.9664179104477612,
    "best_dev_ner_loss": 26.169896262032644,
    "dev_ner_loss": 32.25066375732422,
    "best_dev_sum": 0.7500000000000001,
    "dev_sum": 0.6984126984126984,
    "best_train_ner_precision": 0.8844036697247707,
    "best_train_ner_recall": 0.9009345794392524,
    "best_train_ner_span_f1": 0.8925925925925926,
    "train_ner_precision": 0.9646182495344506,
    "train_ner_recall": 0.9682242990654205,
    "train_ner_span_f1": 0.9664179104477612,
    "best_dev_ner_precision": 0.7758620689655172,
    "best_dev_ner_recall": 0.7258064516129032,
    "best_dev_ner_span_f1": 0.7500000000000001,
    "dev_ner_precision": 0.6875,
    "dev_ner_recall": 0.7096774193548387,
    "dev_ner_span_f1": 0.6984126984126984
}