{
    "epoch": "4/20",
    "best_epoch": 4,
    "max_gpu_mem": "11.0988",
    "cur_ram": "2.8323",
    "time_epoch": "0:00:16",
    "time_total": "0:01:04",
    "best_train_ner_loss": 30.5482514814897,
    "train_ner_loss": 30.5482514814897,
    "best_train_sum": 0.5398550724637681,
    "train_sum": 0.5398550724637681,
    "best_dev_ner_loss": 24.899585451398575,
    "dev_ner_loss": 24.899585451398575,
    "best_dev_sum": 0.5774647887323943,
    "dev_sum": 0.5774647887323943,
    "best_train_ner_precision": 0.523725834797891,
    "best_train_ner_recall": 0.5570093457943925,
    "best_train_ner_span_f1": 0.5398550724637681,
    "train_ner_precision": 0.523725834797891,
    "train_ner_recall": 0.5570093457943925,
    "train_ner_span_f1": 0.5398550724637681,
    "best_dev_ner_precision": 0.5125,
    "best_dev_ner_recall": 0.6612903225806451,
    "best_dev_ner_span_f1": 0.5774647887323943,
    "dev_ner_precision": 0.5125,
    "dev_ner_recall": 0.6612903225806451,
    "dev_ner_span_f1": 0.5774647887323943
}