{
    "epoch": "17/20",
    "best_epoch": 17,
    "max_gpu_mem": "11.1024",
    "cur_ram": "2.8333",
    "time_epoch": "0:00:16",
    "time_total": "0:04:46",
    "best_train_ner_loss": 1.1639324535023083,
    "train_ner_loss": 1.1639324535023083,
    "best_train_sum": 0.97856477166822,
    "train_sum": 0.97856477166822,
    "best_dev_ner_loss": 31.58615493774414,
    "dev_ner_loss": 31.58615493774414,
    "best_dev_sum": 0.7540983606557377,
    "dev_sum": 0.7540983606557377,
    "best_train_ner_precision": 0.9758364312267658,
    "best_train_ner_recall": 0.9813084112149533,
    "best_train_ner_span_f1": 0.97856477166822,
    "train_ner_precision": 0.9758364312267658,
    "train_ner_recall": 0.9813084112149533,
    "train_ner_span_f1": 0.97856477166822,
    "best_dev_ner_precision": 0.7666666666666667,
    "best_dev_ner_recall": 0.7419354838709677,
    "best_dev_ner_span_f1": 0.7540983606557377,
    "dev_ner_precision": 0.7666666666666667,
    "dev_ner_recall": 0.7419354838709677,
    "dev_ner_span_f1": 0.7540983606557377
}