{
    "epoch": "7/20",
    "best_epoch": 5,
    "max_gpu_mem": "11.1024",
    "cur_ram": "2.8331",
    "time_epoch": "0:00:16",
    "time_total": "0:01:58",
    "best_train_ner_loss": 18.901283125443893,
    "train_ner_loss": 12.375491887872869,
    "best_train_sum": 0.8174235403151067,
    "train_sum": 0.8174235403151067,
    "best_dev_ner_loss": 19.42756952558245,
    "dev_ner_loss": 21.484977994646346,
    "best_dev_sum": 0.7244094488188977,
    "dev_sum": 0.71875,
    "best_train_ner_precision": 0.7296296296296296,
    "best_train_ner_recall": 0.7364485981308411,
    "best_train_ner_span_f1": 0.7330232558139534,
    "train_ner_precision": 0.8106617647058824,
    "train_ner_recall": 0.8242990654205608,
    "train_ner_span_f1": 0.8174235403151067,
    "best_dev_ner_precision": 0.7076923076923077,
    "best_dev_ner_recall": 0.7419354838709677,
    "best_dev_ner_span_f1": 0.7244094488188977,
    "dev_ner_precision": 0.696969696969697,
    "dev_ner_recall": 0.7419354838709677,
    "dev_ner_span_f1": 0.71875
}