{
    "epoch": "2/20",
    "best_epoch": 1,
    "max_gpu_mem": "11.0988",
    "cur_ram": "2.8321",
    "time_epoch": "0:00:16",
    "time_total": "0:00:29",
    "best_train_ner_loss": 1435.876484818892,
    "train_ner_loss": 513.9869449268688,
    "best_train_sum": 0.0010095911155981827,
    "train_sum": 0.0010095911155981827,
    "best_dev_ner_loss": 1230.4845929827009,
    "dev_ner_loss": 81.85785566057477,
    "best_dev_sum": 0.0,
    "dev_sum": 0.0,
    "best_train_ner_precision": 0.0008818342151675485,
    "best_train_ner_recall": 0.005607476635514018,
    "best_train_ner_span_f1": 0.001524003048006096,
    "train_ner_precision": 0.0006915629322268327,
    "train_ner_recall": 0.001869158878504673,
    "train_ner_span_f1": 0.0010095911155981827,
    "best_dev_ner_precision": 0.0,
    "best_dev_ner_recall": 0.0,
    "best_dev_ner_span_f1": 0.0,
    "dev_ner_precision": 0.0,
    "dev_ner_recall": 0.0,
    "dev_ner_span_f1": 0.0
}