{
    "epoch": "1/20",
    "best_epoch": 1,
    "max_gpu_mem": "4.3825",
    "cur_ram": "2.8134",
    "time_epoch": "0:00:07",
    "time_total": "0:00:10",
    "best_train_ner_loss": 1435.876484818892,
    "train_ner_loss": 1435.876484818892,
    "best_train_sum": 0.001524003048006096,
    "train_sum": 0.001524003048006096,
    "best_dev_ner_loss": 1230.4845929827009,
    "dev_ner_loss": 1230.4845929827009,
    "best_dev_sum": 0.0,
    "dev_sum": 0.0,
    "best_train_ner_precision": 0.0008818342151675485,
    "best_train_ner_recall": 0.005607476635514018,
    "best_train_ner_span_f1": 0.001524003048006096,
    "train_ner_precision": 0.0008818342151675485,
    "train_ner_recall": 0.005607476635514018,
    "train_ner_span_f1": 0.001524003048006096,
    "best_dev_ner_precision": 0.0,
    "best_dev_ner_recall": 0.0,
    "best_dev_ner_span_f1": 0.0,
    "dev_ner_precision": 0.0,
    "dev_ner_recall": 0.0,
    "dev_ner_span_f1": 0.0
}