{
  "best_metric": 82.4561,
  "best_model_checkpoint": "output/meta_2023-09-15-02-52-25400_hf_models_uie-base-en_spotasoc_entity_aquaint-old_multi_fold_2_e18_linear_lr1e-4_ls0_b16_wu0.06_n-1_RP_sn0.1_an0.1_run1/checkpoint-588",
  "epoch": 7.0,
  "global_step": 588,
  "is_hyper_param_search": false,
  "is_local_process_zero": true,
  "is_world_process_zero": true,
  "log_history": [
    {
      "epoch": 1.0,
      "eval_asoc-F1": 0.0,
      "eval_asoc-P": 0.0,
      "eval_asoc-R": 0.0,
      "eval_asoc-gold": 0.0,
      "eval_asoc-pred": 0.0,
      "eval_asoc-tp": 0.0,
      "eval_gen_len": 4.8862,
      "eval_gold_tree": 58,
      "eval_loss": 0.18025489151477814,
      "eval_ordered-record-F1": 69.6429,
      "eval_ordered-record-P": 72.2222,
      "eval_ordered-record-R": 67.2414,
      "eval_ordered-record-gold": 58.0,
      "eval_ordered-record-pred": 54.0,
      "eval_ordered-record-tp": 39.0,
      "eval_overall-F1": 69.6429,
      "eval_pred_tree": 54,
      "eval_record-F1": 69.6429,
      "eval_record-P": 72.2222,
      "eval_record-R": 67.2414,
      "eval_record-gold": 58.0,
      "eval_record-pred": 54.0,
      "eval_record-tp": 39.0,
      "eval_runtime": 1.8535,
      "eval_samples_per_second": 90.1,
      "eval_spot-F1": 69.6429,
      "eval_spot-P": 72.2222,
      "eval_spot-R": 67.2414,
      "eval_spot-gold": 58.0,
      "eval_spot-pred": 54.0,
      "eval_spot-tp": 39.0,
      "eval_well-formed": 167,
      "step": 84
    },
    {
      "epoch": 2.0,
      "eval_asoc-F1": 0.0,
      "eval_asoc-P": 0.0,
      "eval_asoc-R": 0.0,
      "eval_asoc-gold": 0.0,
      "eval_asoc-pred": 0.0,
      "eval_asoc-tp": 0.0,
      "eval_gen_len": 5.4012,
      "eval_gold_tree": 58,
      "eval_loss": 0.12450646609067917,
      "eval_ordered-record-F1": 71.3178,
      "eval_ordered-record-P": 64.7887,
      "eval_ordered-record-R": 79.3103,
      "eval_ordered-record-gold": 58.0,
      "eval_ordered-record-pred": 71.0,
      "eval_ordered-record-tp": 46.0,
      "eval_overall-F1": 71.3178,
      "eval_pred_tree": 73,
      "eval_record-F1": 71.3178,
      "eval_record-P": 64.7887,
      "eval_record-R": 79.3103,
      "eval_record-gold": 58.0,
      "eval_record-pred": 71.0,
      "eval_record-tp": 46.0,
      "eval_runtime": 2.0311,
      "eval_samples_per_second": 82.22,
      "eval_spot-F1": 71.3178,
      "eval_spot-P": 64.7887,
      "eval_spot-R": 79.3103,
      "eval_spot-gold": 58.0,
      "eval_spot-pred": 71.0,
      "eval_spot-tp": 46.0,
      "eval_well-formed": 167,
      "step": 168
    },
    {
      "epoch": 3.0,
      "eval_asoc-F1": 0.0,
      "eval_asoc-P": 0.0,
      "eval_asoc-R": 0.0,
      "eval_asoc-gold": 0.0,
      "eval_asoc-pred": 0.0,
      "eval_asoc-tp": 0.0,
      "eval_gen_len": 5.2096,
      "eval_gold_tree": 58,
      "eval_loss": 0.09100113064050674,
      "eval_ordered-record-F1": 76.0331,
      "eval_ordered-record-P": 73.0159,
      "eval_ordered-record-R": 79.3103,
      "eval_ordered-record-gold": 58.0,
      "eval_ordered-record-pred": 63.0,
      "eval_ordered-record-tp": 46.0,
      "eval_overall-F1": 76.0331,
      "eval_pred_tree": 63,
      "eval_record-F1": 76.0331,
      "eval_record-P": 73.0159,
      "eval_record-R": 79.3103,
      "eval_record-gold": 58.0,
      "eval_record-pred": 63.0,
      "eval_record-tp": 46.0,
      "eval_runtime": 1.8627,
      "eval_samples_per_second": 89.656,
      "eval_spot-F1": 76.0331,
      "eval_spot-P": 73.0159,
      "eval_spot-R": 79.3103,
      "eval_spot-gold": 58.0,
      "eval_spot-pred": 63.0,
      "eval_spot-tp": 46.0,
      "eval_well-formed": 167,
      "step": 252
    },
    {
      "epoch": 4.0,
      "eval_asoc-F1": 0.0,
      "eval_asoc-P": 0.0,
      "eval_asoc-R": 0.0,
      "eval_asoc-gold": 0.0,
      "eval_asoc-pred": 0.0,
      "eval_asoc-tp": 0.0,
      "eval_gen_len": 5.0479,
      "eval_gold_tree": 58,
      "eval_loss": 0.10794028639793396,
      "eval_ordered-record-F1": 78.9474,
      "eval_ordered-record-P": 80.3571,
      "eval_ordered-record-R": 77.5862,
      "eval_ordered-record-gold": 58.0,
      "eval_ordered-record-pred": 56.0,
      "eval_ordered-record-tp": 45.0,
      "eval_overall-F1": 78.9474,
      "eval_pred_tree": 60,
      "eval_record-F1": 78.9474,
      "eval_record-P": 80.3571,
      "eval_record-R": 77.5862,
      "eval_record-gold": 58.0,
      "eval_record-pred": 56.0,
      "eval_record-tp": 45.0,
      "eval_runtime": 1.5772,
      "eval_samples_per_second": 105.882,
      "eval_spot-F1": 78.9474,
      "eval_spot-P": 80.3571,
      "eval_spot-R": 77.5862,
      "eval_spot-gold": 58.0,
      "eval_spot-pred": 56.0,
      "eval_spot-tp": 45.0,
      "eval_well-formed": 167,
      "step": 336
    },
    {
      "epoch": 5.0,
      "eval_asoc-F1": 0.0,
      "eval_asoc-P": 0.0,
      "eval_asoc-R": 0.0,
      "eval_asoc-gold": 0.0,
      "eval_asoc-pred": 0.0,
      "eval_asoc-tp": 0.0,
      "eval_gen_len": 5.0359,
      "eval_gold_tree": 58,
      "eval_loss": 0.11006786674261093,
      "eval_ordered-record-F1": 77.9661,
      "eval_ordered-record-P": 76.6667,
      "eval_ordered-record-R": 79.3103,
      "eval_ordered-record-gold": 58.0,
      "eval_ordered-record-pred": 60.0,
      "eval_ordered-record-tp": 46.0,
      "eval_overall-F1": 77.9661,
      "eval_pred_tree": 60,
      "eval_record-F1": 77.9661,
      "eval_record-P": 76.6667,
      "eval_record-R": 79.3103,
      "eval_record-gold": 58.0,
      "eval_record-pred": 60.0,
      "eval_record-tp": 46.0,
      "eval_runtime": 1.571,
      "eval_samples_per_second": 106.301,
      "eval_spot-F1": 77.9661,
      "eval_spot-P": 76.6667,
      "eval_spot-R": 79.3103,
      "eval_spot-gold": 58.0,
      "eval_spot-pred": 60.0,
      "eval_spot-tp": 46.0,
      "eval_well-formed": 167,
      "step": 420
    },
    {
      "epoch": 5.95,
      "learning_rate": 7.121745249824068e-05,
      "loss": 0.2845,
      "step": 500
    },
    {
      "epoch": 6.0,
      "eval_asoc-F1": 0.0,
      "eval_asoc-P": 0.0,
      "eval_asoc-R": 0.0,
      "eval_asoc-gold": 0.0,
      "eval_asoc-pred": 0.0,
      "eval_asoc-tp": 0.0,
      "eval_gen_len": 5.0419,
      "eval_gold_tree": 58,
      "eval_loss": 0.12592093646526337,
      "eval_ordered-record-F1": 80.0,
      "eval_ordered-record-P": 80.7018,
      "eval_ordered-record-R": 79.3103,
      "eval_ordered-record-gold": 58.0,
      "eval_ordered-record-pred": 57.0,
      "eval_ordered-record-tp": 46.0,
      "eval_overall-F1": 80.0,
      "eval_pred_tree": 58,
      "eval_record-F1": 80.0,
      "eval_record-P": 80.7018,
      "eval_record-R": 79.3103,
      "eval_record-gold": 58.0,
      "eval_record-pred": 57.0,
      "eval_record-tp": 46.0,
      "eval_runtime": 1.844,
      "eval_samples_per_second": 90.566,
      "eval_spot-F1": 80.0,
      "eval_spot-P": 80.7018,
      "eval_spot-R": 79.3103,
      "eval_spot-gold": 58.0,
      "eval_spot-pred": 57.0,
      "eval_spot-tp": 46.0,
      "eval_well-formed": 167,
      "step": 504
    },
    {
      "epoch": 7.0,
      "eval_asoc-F1": 0.0,
      "eval_asoc-P": 0.0,
      "eval_asoc-R": 0.0,
      "eval_asoc-gold": 0.0,
      "eval_asoc-pred": 0.0,
      "eval_asoc-tp": 0.0,
      "eval_gen_len": 4.982,
      "eval_gold_tree": 58,
      "eval_loss": 0.12231634557247162,
      "eval_ordered-record-F1": 82.4561,
      "eval_ordered-record-P": 83.9286,
      "eval_ordered-record-R": 81.0345,
      "eval_ordered-record-gold": 58.0,
      "eval_ordered-record-pred": 56.0,
      "eval_ordered-record-tp": 47.0,
      "eval_overall-F1": 82.4561,
      "eval_pred_tree": 57,
      "eval_record-F1": 82.4561,
      "eval_record-P": 83.9286,
      "eval_record-R": 81.0345,
      "eval_record-gold": 58.0,
      "eval_record-pred": 56.0,
      "eval_record-tp": 47.0,
      "eval_runtime": 1.7075,
      "eval_samples_per_second": 97.802,
      "eval_spot-F1": 82.4561,
      "eval_spot-P": 83.9286,
      "eval_spot-R": 81.0345,
      "eval_spot-gold": 58.0,
      "eval_spot-pred": 56.0,
      "eval_spot-tp": 47.0,
      "eval_well-formed": 167,
      "step": 588
    }
  ],
  "max_steps": 1512,
  "num_train_epochs": 18,
  "total_flos": 185403921776640.0,
  "trial_name": null,
  "trial_params": null
}
