{
    "epoch": "16/20",
    "best_epoch": 7,
    "max_gpu_mem": "3.7202",
    "cur_ram": "2.4816",
    "time_epoch": "0:00:08",
    "time_total": "0:02:26",
    "best_train_ner_loss": 6.745558981801949,
    "train_ner_loss": 0.33523929820341225,
    "best_train_sum": 0.9971883786316775,
    "train_sum": 0.9971883786316775,
    "best_dev_ner_loss": 26.102913447788783,
    "dev_ner_loss": 43.65428488595145,
    "best_dev_sum": 0.7605633802816901,
    "dev_sum": 0.6758620689655171,
    "best_train_ner_precision": 0.8925318761384335,
    "best_train_ner_recall": 0.9176029962546817,
    "best_train_ner_span_f1": 0.9048938134810711,
    "train_ner_precision": 0.99812382739212,
    "train_ner_recall": 0.9962546816479401,
    "train_ner_span_f1": 0.9971883786316775,
    "best_dev_ner_precision": 0.7105263157894737,
    "best_dev_ner_recall": 0.8181818181818182,
    "best_dev_ner_span_f1": 0.7605633802816901,
    "dev_ner_precision": 0.620253164556962,
    "dev_ner_recall": 0.7424242424242424,
    "dev_ner_span_f1": 0.6758620689655171
}