{
    "epoch": "6/20",
    "best_epoch": 5,
    "max_gpu_mem": "3.7189",
    "cur_ram": "2.4814",
    "time_epoch": "0:00:08",
    "time_total": "0:00:58",
    "best_train_ner_loss": 15.109522071539187,
    "train_ner_loss": 10.079539168114756,
    "best_train_sum": 0.850595783684693,
    "train_sum": 0.850595783684693,
    "best_dev_ner_loss": 26.68932397024972,
    "dev_ner_loss": 29.894634246826172,
    "best_dev_sum": 0.6756756756756757,
    "dev_sum": 0.6666666666666666,
    "best_train_ner_precision": 0.7147766323024055,
    "best_train_ner_recall": 0.7790262172284644,
    "best_train_ner_span_f1": 0.7455197132616487,
    "train_ner_precision": 0.8330341113105925,
    "train_ner_recall": 0.8689138576779026,
    "train_ner_span_f1": 0.850595783684693,
    "best_dev_ner_precision": 0.6097560975609756,
    "best_dev_ner_recall": 0.7575757575757576,
    "best_dev_ner_span_f1": 0.6756756756756757,
    "dev_ner_precision": 0.6666666666666666,
    "dev_ner_recall": 0.6666666666666666,
    "dev_ner_span_f1": 0.6666666666666666
}