{
    "epoch": "8/20",
    "best_epoch": 7,
    "max_gpu_mem": "3.7189",
    "cur_ram": "2.4815",
    "time_epoch": "0:00:08",
    "time_total": "0:01:16",
    "best_train_ner_loss": 6.745558981801949,
    "train_ner_loss": 3.753658313377231,
    "best_train_sum": 0.9385474860335196,
    "train_sum": 0.9385474860335196,
    "best_dev_ner_loss": 26.102913447788783,
    "dev_ner_loss": 33.57535770961216,
    "best_dev_sum": 0.7605633802816901,
    "dev_sum": 0.6853146853146853,
    "best_train_ner_precision": 0.8925318761384335,
    "best_train_ner_recall": 0.9176029962546817,
    "best_train_ner_span_f1": 0.9048938134810711,
    "train_ner_precision": 0.9333333333333333,
    "train_ner_recall": 0.9438202247191011,
    "train_ner_span_f1": 0.9385474860335196,
    "best_dev_ner_precision": 0.7105263157894737,
    "best_dev_ner_recall": 0.8181818181818182,
    "best_dev_ner_span_f1": 0.7605633802816901,
    "dev_ner_precision": 0.6363636363636364,
    "dev_ner_recall": 0.7424242424242424,
    "dev_ner_span_f1": 0.6853146853146853
}