{
    "epoch": "3/20",
    "best_epoch": 3,
    "max_gpu_mem": "3.7146",
    "cur_ram": "2.4721",
    "time_epoch": "0:00:08",
    "time_total": "0:00:29",
    "best_train_ner_loss": 78.34390230739818,
    "train_ner_loss": 78.34390230739818,
    "best_train_sum": 0.021699819168173595,
    "train_sum": 0.021699819168173595,
    "best_dev_ner_loss": 45.30926922389439,
    "dev_ner_loss": 45.30926922389439,
    "best_dev_sum": 0.35384615384615387,
    "dev_sum": 0.35384615384615387,
    "best_train_ner_precision": 0.3157894736842105,
    "best_train_ner_recall": 0.011235955056179775,
    "best_train_ner_span_f1": 0.021699819168173595,
    "train_ner_precision": 0.3157894736842105,
    "train_ner_recall": 0.011235955056179775,
    "train_ner_span_f1": 0.021699819168173595,
    "best_dev_ner_precision": 0.359375,
    "best_dev_ner_recall": 0.3484848484848485,
    "best_dev_ner_span_f1": 0.35384615384615387,
    "dev_ner_precision": 0.359375,
    "dev_ner_recall": 0.3484848484848485,
    "dev_ner_span_f1": 0.35384615384615387
}