{
    "epoch": "2/20",
    "best_epoch": 1,
    "max_gpu_mem": "3.7146",
    "cur_ram": "2.4721",
    "time_epoch": "0:00:08",
    "time_total": "0:00:20",
    "best_train_ner_loss": 860.9080804563037,
    "train_ner_loss": 245.1076452030855,
    "best_train_sum": 0.016299137104506232,
    "train_sum": 0.016299137104506232,
    "best_dev_ner_loss": 628.3527417864118,
    "dev_ner_loss": 99.76119995117188,
    "best_dev_sum": 0.018250950570342206,
    "dev_sum": 0.0,
    "best_train_ner_precision": 0.0088159500881595,
    "best_train_ner_recall": 0.24344569288389514,
    "best_train_ner_span_f1": 0.01701570680628272,
    "train_ner_precision": 0.01095360824742268,
    "train_ner_recall": 0.031835205992509365,
    "train_ner_span_f1": 0.016299137104506232,
    "best_dev_ner_precision": 0.009607686148919135,
    "best_dev_ner_recall": 0.18181818181818182,
    "best_dev_ner_span_f1": 0.018250950570342206,
    "dev_ner_precision": 0.0,
    "dev_ner_recall": 0.0,
    "dev_ner_span_f1": 0.0
}