{
    "epoch": "12/20",
    "best_epoch": 7,
    "max_gpu_mem": "3.7202",
    "cur_ram": "2.4815",
    "time_epoch": "0:00:08",
    "time_total": "0:01:51",
    "best_train_ner_loss": 6.745558981801949,
    "train_ner_loss": 1.476897819369447,
    "best_train_sum": 0.9822263797942001,
    "train_sum": 0.9822263797942001,
    "best_dev_ner_loss": 26.102913447788783,
    "dev_ner_loss": 40.8118896484375,
    "best_dev_sum": 0.7605633802816901,
    "dev_sum": 0.6901408450704226,
    "best_train_ner_precision": 0.8925318761384335,
    "best_train_ner_recall": 0.9176029962546817,
    "best_train_ner_span_f1": 0.9048938134810711,
    "train_ner_precision": 0.9813084112149533,
    "train_ner_recall": 0.9831460674157303,
    "train_ner_span_f1": 0.9822263797942001,
    "best_dev_ner_precision": 0.7105263157894737,
    "best_dev_ner_recall": 0.8181818181818182,
    "best_dev_ner_span_f1": 0.7605633802816901,
    "dev_ner_precision": 0.6447368421052632,
    "dev_ner_recall": 0.7424242424242424,
    "dev_ner_span_f1": 0.6901408450704226
}