{
  "best_metric": 84.0237,
  "best_model_checkpoint": "output/meta_2023-09-18-01-41-14894_hf_models_uie-large-en_spotasoc_entity_aquaint-old_multi_fold_6_e18_linear_lr1e-4_ls0_b8_wu0.06_n-1_RP_sn0.1_an0.1_run1/checkpoint-2352",
  "epoch": 18.0,
  "global_step": 3024,
  "is_hyper_param_search": false,
  "is_local_process_zero": true,
  "is_world_process_zero": true,
  "log_history": [
    {
      "epoch": 1.0,
      "eval_asoc-F1": 0.0,
      "eval_asoc-P": 0.0,
      "eval_asoc-R": 0.0,
      "eval_asoc-gold": 0.0,
      "eval_asoc-pred": 0.0,
      "eval_asoc-tp": 0.0,
      "eval_gen_len": 5.6826,
      "eval_gold_tree": 85,
      "eval_loss": 0.18962156772613525,
      "eval_ordered-record-F1": 64.2424,
      "eval_ordered-record-P": 66.25,
      "eval_ordered-record-R": 62.3529,
      "eval_ordered-record-gold": 85.0,
      "eval_ordered-record-pred": 80.0,
      "eval_ordered-record-tp": 53.0,
      "eval_overall-F1": 64.2424,
      "eval_pred_tree": 80,
      "eval_record-F1": 64.2424,
      "eval_record-P": 66.25,
      "eval_record-R": 62.3529,
      "eval_record-gold": 85.0,
      "eval_record-pred": 80.0,
      "eval_record-tp": 53.0,
      "eval_runtime": 2.9396,
      "eval_samples_per_second": 56.811,
      "eval_spot-F1": 64.2424,
      "eval_spot-P": 66.25,
      "eval_spot-R": 62.3529,
      "eval_spot-gold": 85.0,
      "eval_spot-pred": 80.0,
      "eval_spot-tp": 53.0,
      "eval_well-formed": 167,
      "step": 168
    },
    {
      "epoch": 2.0,
      "eval_asoc-F1": 0.0,
      "eval_asoc-P": 0.0,
      "eval_asoc-R": 0.0,
      "eval_asoc-gold": 0.0,
      "eval_asoc-pred": 0.0,
      "eval_asoc-tp": 0.0,
      "eval_gen_len": 5.8862,
      "eval_gold_tree": 85,
      "eval_loss": 0.1416051983833313,
      "eval_ordered-record-F1": 72.5146,
      "eval_ordered-record-P": 72.093,
      "eval_ordered-record-R": 72.9412,
      "eval_ordered-record-gold": 85.0,
      "eval_ordered-record-pred": 86.0,
      "eval_ordered-record-tp": 62.0,
      "eval_overall-F1": 72.5146,
      "eval_pred_tree": 86,
      "eval_record-F1": 72.5146,
      "eval_record-P": 72.093,
      "eval_record-R": 72.9412,
      "eval_record-gold": 85.0,
      "eval_record-pred": 86.0,
      "eval_record-tp": 62.0,
      "eval_runtime": 3.3318,
      "eval_samples_per_second": 50.123,
      "eval_spot-F1": 72.5146,
      "eval_spot-P": 72.093,
      "eval_spot-R": 72.9412,
      "eval_spot-gold": 85.0,
      "eval_spot-pred": 86.0,
      "eval_spot-tp": 62.0,
      "eval_well-formed": 167,
      "step": 336
    },
    {
      "epoch": 2.98,
      "learning_rate": 8.88106966924701e-05,
      "loss": 0.284,
      "step": 500
    },
    {
      "epoch": 3.0,
      "eval_asoc-F1": 0.0,
      "eval_asoc-P": 0.0,
      "eval_asoc-R": 0.0,
      "eval_asoc-gold": 0.0,
      "eval_asoc-pred": 0.0,
      "eval_asoc-tp": 0.0,
      "eval_gen_len": 5.7605,
      "eval_gold_tree": 85,
      "eval_loss": 0.14012381434440613,
      "eval_ordered-record-F1": 80.7229,
      "eval_ordered-record-P": 82.716,
      "eval_ordered-record-R": 78.8235,
      "eval_ordered-record-gold": 85.0,
      "eval_ordered-record-pred": 81.0,
      "eval_ordered-record-tp": 67.0,
      "eval_overall-F1": 80.7229,
      "eval_pred_tree": 81,
      "eval_record-F1": 80.7229,
      "eval_record-P": 82.716,
      "eval_record-R": 78.8235,
      "eval_record-gold": 85.0,
      "eval_record-pred": 81.0,
      "eval_record-tp": 67.0,
      "eval_runtime": 3.2436,
      "eval_samples_per_second": 51.486,
      "eval_spot-F1": 80.7229,
      "eval_spot-P": 82.716,
      "eval_spot-R": 78.8235,
      "eval_spot-gold": 85.0,
      "eval_spot-pred": 81.0,
      "eval_spot-tp": 67.0,
      "eval_well-formed": 167,
      "step": 504
    },
    {
      "epoch": 4.0,
      "eval_asoc-F1": 0.0,
      "eval_asoc-P": 0.0,
      "eval_asoc-R": 0.0,
      "eval_asoc-gold": 0.0,
      "eval_asoc-pred": 0.0,
      "eval_asoc-tp": 0.0,
      "eval_gen_len": 5.8144,
      "eval_gold_tree": 85,
      "eval_loss": 0.16321566700935364,
      "eval_ordered-record-F1": 79.0419,
      "eval_ordered-record-P": 80.4878,
      "eval_ordered-record-R": 77.6471,
      "eval_ordered-record-gold": 85.0,
      "eval_ordered-record-pred": 82.0,
      "eval_ordered-record-tp": 66.0,
      "eval_overall-F1": 79.0419,
      "eval_pred_tree": 82,
      "eval_record-F1": 79.0419,
      "eval_record-P": 80.4878,
      "eval_record-R": 77.6471,
      "eval_record-gold": 85.0,
      "eval_record-pred": 82.0,
      "eval_record-tp": 66.0,
      "eval_runtime": 3.4269,
      "eval_samples_per_second": 48.732,
      "eval_spot-F1": 79.0419,
      "eval_spot-P": 80.4878,
      "eval_spot-R": 77.6471,
      "eval_spot-gold": 85.0,
      "eval_spot-pred": 82.0,
      "eval_spot-tp": 66.0,
      "eval_well-formed": 167,
      "step": 672
    },
    {
      "epoch": 5.0,
      "eval_asoc-F1": 0.0,
      "eval_asoc-P": 0.0,
      "eval_asoc-R": 0.0,
      "eval_asoc-gold": 0.0,
      "eval_asoc-pred": 0.0,
      "eval_asoc-tp": 0.0,
      "eval_gen_len": 5.9102,
      "eval_gold_tree": 85,
      "eval_loss": 0.18591608107089996,
      "eval_ordered-record-F1": 80.4734,
      "eval_ordered-record-P": 80.9524,
      "eval_ordered-record-R": 80.0,
      "eval_ordered-record-gold": 85.0,
      "eval_ordered-record-pred": 84.0,
      "eval_ordered-record-tp": 68.0,
      "eval_overall-F1": 80.4734,
      "eval_pred_tree": 84,
      "eval_record-F1": 80.4734,
      "eval_record-P": 80.9524,
      "eval_record-R": 80.0,
      "eval_record-gold": 85.0,
      "eval_record-pred": 84.0,
      "eval_record-tp": 68.0,
      "eval_runtime": 3.4295,
      "eval_samples_per_second": 48.696,
      "eval_spot-F1": 80.4734,
      "eval_spot-P": 80.9524,
      "eval_spot-R": 80.0,
      "eval_spot-gold": 85.0,
      "eval_spot-pred": 84.0,
      "eval_spot-tp": 68.0,
      "eval_well-formed": 167,
      "step": 840
    },
    {
      "epoch": 5.95,
      "learning_rate": 7.121745249824068e-05,
      "loss": 0.0617,
      "step": 1000
    },
    {
      "epoch": 6.0,
      "eval_asoc-F1": 0.0,
      "eval_asoc-P": 0.0,
      "eval_asoc-R": 0.0,
      "eval_asoc-gold": 0.0,
      "eval_asoc-pred": 0.0,
      "eval_asoc-tp": 0.0,
      "eval_gen_len": 5.8383,
      "eval_gold_tree": 85,
      "eval_loss": 0.1678600162267685,
      "eval_ordered-record-F1": 81.4371,
      "eval_ordered-record-P": 82.9268,
      "eval_ordered-record-R": 80.0,
      "eval_ordered-record-gold": 85.0,
      "eval_ordered-record-pred": 82.0,
      "eval_ordered-record-tp": 68.0,
      "eval_overall-F1": 81.4371,
      "eval_pred_tree": 82,
      "eval_record-F1": 81.4371,
      "eval_record-P": 82.9268,
      "eval_record-R": 80.0,
      "eval_record-gold": 85.0,
      "eval_record-pred": 82.0,
      "eval_record-tp": 68.0,
      "eval_runtime": 3.2851,
      "eval_samples_per_second": 50.836,
      "eval_spot-F1": 81.4371,
      "eval_spot-P": 82.9268,
      "eval_spot-R": 80.0,
      "eval_spot-gold": 85.0,
      "eval_spot-pred": 82.0,
      "eval_spot-tp": 68.0,
      "eval_well-formed": 167,
      "step": 1008
    },
    {
      "epoch": 7.0,
      "eval_asoc-F1": 0.0,
      "eval_asoc-P": 0.0,
      "eval_asoc-R": 0.0,
      "eval_asoc-gold": 0.0,
      "eval_asoc-pred": 0.0,
      "eval_asoc-tp": 0.0,
      "eval_gen_len": 5.9521,
      "eval_gold_tree": 85,
      "eval_loss": 0.16754333674907684,
      "eval_ordered-record-F1": 82.3529,
      "eval_ordered-record-P": 82.3529,
      "eval_ordered-record-R": 82.3529,
      "eval_ordered-record-gold": 85.0,
      "eval_ordered-record-pred": 85.0,
      "eval_ordered-record-tp": 70.0,
      "eval_overall-F1": 82.3529,
      "eval_pred_tree": 85,
      "eval_record-F1": 82.3529,
      "eval_record-P": 82.3529,
      "eval_record-R": 82.3529,
      "eval_record-gold": 85.0,
      "eval_record-pred": 85.0,
      "eval_record-tp": 70.0,
      "eval_runtime": 3.284,
      "eval_samples_per_second": 50.853,
      "eval_spot-F1": 82.3529,
      "eval_spot-P": 82.3529,
      "eval_spot-R": 82.3529,
      "eval_spot-gold": 85.0,
      "eval_spot-pred": 85.0,
      "eval_spot-tp": 70.0,
      "eval_well-formed": 167,
      "step": 1176
    },
    {
      "epoch": 8.0,
      "eval_asoc-F1": 0.0,
      "eval_asoc-P": 0.0,
      "eval_asoc-R": 0.0,
      "eval_asoc-gold": 0.0,
      "eval_asoc-pred": 0.0,
      "eval_asoc-tp": 0.0,
      "eval_gen_len": 6.0,
      "eval_gold_tree": 85,
      "eval_loss": 0.21119359135627747,
      "eval_ordered-record-F1": 80.0,
      "eval_ordered-record-P": 80.0,
      "eval_ordered-record-R": 80.0,
      "eval_ordered-record-gold": 85.0,
      "eval_ordered-record-pred": 85.0,
      "eval_ordered-record-tp": 68.0,
      "eval_overall-F1": 80.0,
      "eval_pred_tree": 87,
      "eval_record-F1": 80.0,
      "eval_record-P": 80.0,
      "eval_record-R": 80.0,
      "eval_record-gold": 85.0,
      "eval_record-pred": 85.0,
      "eval_record-tp": 68.0,
      "eval_runtime": 3.5172,
      "eval_samples_per_second": 47.481,
      "eval_spot-F1": 80.0,
      "eval_spot-P": 80.0,
      "eval_spot-R": 80.0,
      "eval_spot-gold": 85.0,
      "eval_spot-pred": 85.0,
      "eval_spot-tp": 68.0,
      "eval_well-formed": 167,
      "step": 1344
    },
    {
      "epoch": 8.93,
      "learning_rate": 5.362420830401126e-05,
      "loss": 0.0387,
      "step": 1500
    },
    {
      "epoch": 9.0,
      "eval_asoc-F1": 0.0,
      "eval_asoc-P": 0.0,
      "eval_asoc-R": 0.0,
      "eval_asoc-gold": 0.0,
      "eval_asoc-pred": 0.0,
      "eval_asoc-tp": 0.0,
      "eval_gen_len": 5.994,
      "eval_gold_tree": 85,
      "eval_loss": 0.1939777433872223,
      "eval_ordered-record-F1": 82.3529,
      "eval_ordered-record-P": 82.3529,
      "eval_ordered-record-R": 82.3529,
      "eval_ordered-record-gold": 85.0,
      "eval_ordered-record-pred": 85.0,
      "eval_ordered-record-tp": 70.0,
      "eval_overall-F1": 82.3529,
      "eval_pred_tree": 87,
      "eval_record-F1": 82.3529,
      "eval_record-P": 82.3529,
      "eval_record-R": 82.3529,
      "eval_record-gold": 85.0,
      "eval_record-pred": 85.0,
      "eval_record-tp": 70.0,
      "eval_runtime": 3.3499,
      "eval_samples_per_second": 49.853,
      "eval_spot-F1": 82.3529,
      "eval_spot-P": 82.3529,
      "eval_spot-R": 82.3529,
      "eval_spot-gold": 85.0,
      "eval_spot-pred": 85.0,
      "eval_spot-tp": 70.0,
      "eval_well-formed": 167,
      "step": 1512
    },
    {
      "epoch": 10.0,
      "eval_asoc-F1": 0.0,
      "eval_asoc-P": 0.0,
      "eval_asoc-R": 0.0,
      "eval_asoc-gold": 0.0,
      "eval_asoc-pred": 0.0,
      "eval_asoc-tp": 0.0,
      "eval_gen_len": 5.9102,
      "eval_gold_tree": 85,
      "eval_loss": 0.19282737374305725,
      "eval_ordered-record-F1": 81.6568,
      "eval_ordered-record-P": 82.1429,
      "eval_ordered-record-R": 81.1765,
      "eval_ordered-record-gold": 85.0,
      "eval_ordered-record-pred": 84.0,
      "eval_ordered-record-tp": 69.0,
      "eval_overall-F1": 81.6568,
      "eval_pred_tree": 84,
      "eval_record-F1": 81.6568,
      "eval_record-P": 82.1429,
      "eval_record-R": 81.1765,
      "eval_record-gold": 85.0,
      "eval_record-pred": 84.0,
      "eval_record-tp": 69.0,
      "eval_runtime": 3.2884,
      "eval_samples_per_second": 50.784,
      "eval_spot-F1": 81.6568,
      "eval_spot-P": 82.1429,
      "eval_spot-R": 81.1765,
      "eval_spot-gold": 85.0,
      "eval_spot-pred": 84.0,
      "eval_spot-tp": 69.0,
      "eval_well-formed": 167,
      "step": 1680
    },
    {
      "epoch": 11.0,
      "eval_asoc-F1": 0.0,
      "eval_asoc-P": 0.0,
      "eval_asoc-R": 0.0,
      "eval_asoc-gold": 0.0,
      "eval_asoc-pred": 0.0,
      "eval_asoc-tp": 0.0,
      "eval_gen_len": 5.9521,
      "eval_gold_tree": 85,
      "eval_loss": 0.19944187998771667,
      "eval_ordered-record-F1": 81.1765,
      "eval_ordered-record-P": 81.1765,
      "eval_ordered-record-R": 81.1765,
      "eval_ordered-record-gold": 85.0,
      "eval_ordered-record-pred": 85.0,
      "eval_ordered-record-tp": 69.0,
      "eval_overall-F1": 81.1765,
      "eval_pred_tree": 86,
      "eval_record-F1": 81.1765,
      "eval_record-P": 81.1765,
      "eval_record-R": 81.1765,
      "eval_record-gold": 85.0,
      "eval_record-pred": 85.0,
      "eval_record-tp": 69.0,
      "eval_runtime": 3.2796,
      "eval_samples_per_second": 50.921,
      "eval_spot-F1": 81.1765,
      "eval_spot-P": 81.1765,
      "eval_spot-R": 81.1765,
      "eval_spot-gold": 85.0,
      "eval_spot-pred": 85.0,
      "eval_spot-tp": 69.0,
      "eval_well-formed": 167,
      "step": 1848
    },
    {
      "epoch": 11.9,
      "learning_rate": 3.603096410978184e-05,
      "loss": 0.0381,
      "step": 2000
    },
    {
      "epoch": 12.0,
      "eval_asoc-F1": 0.0,
      "eval_asoc-P": 0.0,
      "eval_asoc-R": 0.0,
      "eval_asoc-gold": 0.0,
      "eval_asoc-pred": 0.0,
      "eval_asoc-tp": 0.0,
      "eval_gen_len": 5.9341,
      "eval_gold_tree": 85,
      "eval_loss": 0.19945594668388367,
      "eval_ordered-record-F1": 82.3529,
      "eval_ordered-record-P": 82.3529,
      "eval_ordered-record-R": 82.3529,
      "eval_ordered-record-gold": 85.0,
      "eval_ordered-record-pred": 85.0,
      "eval_ordered-record-tp": 70.0,
      "eval_overall-F1": 82.3529,
      "eval_pred_tree": 85,
      "eval_record-F1": 82.3529,
      "eval_record-P": 82.3529,
      "eval_record-R": 82.3529,
      "eval_record-gold": 85.0,
      "eval_record-pred": 85.0,
      "eval_record-tp": 70.0,
      "eval_runtime": 3.2583,
      "eval_samples_per_second": 51.253,
      "eval_spot-F1": 82.3529,
      "eval_spot-P": 82.3529,
      "eval_spot-R": 82.3529,
      "eval_spot-gold": 85.0,
      "eval_spot-pred": 85.0,
      "eval_spot-tp": 70.0,
      "eval_well-formed": 167,
      "step": 2016
    },
    {
      "epoch": 13.0,
      "eval_asoc-F1": 0.0,
      "eval_asoc-P": 0.0,
      "eval_asoc-R": 0.0,
      "eval_asoc-gold": 0.0,
      "eval_asoc-pred": 0.0,
      "eval_asoc-tp": 0.0,
      "eval_gen_len": 5.7425,
      "eval_gold_tree": 85,
      "eval_loss": 0.18640168011188507,
      "eval_ordered-record-F1": 82.4242,
      "eval_ordered-record-P": 85.0,
      "eval_ordered-record-R": 80.0,
      "eval_ordered-record-gold": 85.0,
      "eval_ordered-record-pred": 80.0,
      "eval_ordered-record-tp": 68.0,
      "eval_overall-F1": 82.4242,
      "eval_pred_tree": 80,
      "eval_record-F1": 82.4242,
      "eval_record-P": 85.0,
      "eval_record-R": 80.0,
      "eval_record-gold": 85.0,
      "eval_record-pred": 80.0,
      "eval_record-tp": 68.0,
      "eval_runtime": 3.2442,
      "eval_samples_per_second": 51.477,
      "eval_spot-F1": 82.4242,
      "eval_spot-P": 85.0,
      "eval_spot-R": 80.0,
      "eval_spot-gold": 85.0,
      "eval_spot-pred": 80.0,
      "eval_spot-tp": 68.0,
      "eval_well-formed": 167,
      "step": 2184
    },
    {
      "epoch": 14.0,
      "eval_asoc-F1": 0.0,
      "eval_asoc-P": 0.0,
      "eval_asoc-R": 0.0,
      "eval_asoc-gold": 0.0,
      "eval_asoc-pred": 0.0,
      "eval_asoc-tp": 0.0,
      "eval_gen_len": 5.8862,
      "eval_gold_tree": 85,
      "eval_loss": 0.1792513132095337,
      "eval_ordered-record-F1": 84.0237,
      "eval_ordered-record-P": 84.5238,
      "eval_ordered-record-R": 83.5294,
      "eval_ordered-record-gold": 85.0,
      "eval_ordered-record-pred": 84.0,
      "eval_ordered-record-tp": 71.0,
      "eval_overall-F1": 84.0237,
      "eval_pred_tree": 84,
      "eval_record-F1": 84.0237,
      "eval_record-P": 84.5238,
      "eval_record-R": 83.5294,
      "eval_record-gold": 85.0,
      "eval_record-pred": 84.0,
      "eval_record-tp": 71.0,
      "eval_runtime": 3.2458,
      "eval_samples_per_second": 51.451,
      "eval_spot-F1": 84.0237,
      "eval_spot-P": 84.5238,
      "eval_spot-R": 83.5294,
      "eval_spot-gold": 85.0,
      "eval_spot-pred": 84.0,
      "eval_spot-tp": 71.0,
      "eval_well-formed": 167,
      "step": 2352
    },
    {
      "epoch": 14.88,
      "learning_rate": 1.8437719915552427e-05,
      "loss": 0.0334,
      "step": 2500
    },
    {
      "epoch": 15.0,
      "eval_asoc-F1": 0.0,
      "eval_asoc-P": 0.0,
      "eval_asoc-R": 0.0,
      "eval_asoc-gold": 0.0,
      "eval_asoc-pred": 0.0,
      "eval_asoc-tp": 0.0,
      "eval_gen_len": 5.9222,
      "eval_gold_tree": 85,
      "eval_loss": 0.17745830118656158,
      "eval_ordered-record-F1": 82.8402,
      "eval_ordered-record-P": 83.3333,
      "eval_ordered-record-R": 82.3529,
      "eval_ordered-record-gold": 85.0,
      "eval_ordered-record-pred": 84.0,
      "eval_ordered-record-tp": 70.0,
      "eval_overall-F1": 82.8402,
      "eval_pred_tree": 85,
      "eval_record-F1": 82.8402,
      "eval_record-P": 83.3333,
      "eval_record-R": 82.3529,
      "eval_record-gold": 85.0,
      "eval_record-pred": 84.0,
      "eval_record-tp": 70.0,
      "eval_runtime": 3.2822,
      "eval_samples_per_second": 50.88,
      "eval_spot-F1": 82.8402,
      "eval_spot-P": 83.3333,
      "eval_spot-R": 82.3529,
      "eval_spot-gold": 85.0,
      "eval_spot-pred": 84.0,
      "eval_spot-tp": 70.0,
      "eval_well-formed": 167,
      "step": 2520
    },
    {
      "epoch": 16.0,
      "eval_asoc-F1": 0.0,
      "eval_asoc-P": 0.0,
      "eval_asoc-R": 0.0,
      "eval_asoc-gold": 0.0,
      "eval_asoc-pred": 0.0,
      "eval_asoc-tp": 0.0,
      "eval_gen_len": 5.9042,
      "eval_gold_tree": 85,
      "eval_loss": 0.1812257170677185,
      "eval_ordered-record-F1": 82.8402,
      "eval_ordered-record-P": 83.3333,
      "eval_ordered-record-R": 82.3529,
      "eval_ordered-record-gold": 85.0,
      "eval_ordered-record-pred": 84.0,
      "eval_ordered-record-tp": 70.0,
      "eval_overall-F1": 82.8402,
      "eval_pred_tree": 85,
      "eval_record-F1": 82.8402,
      "eval_record-P": 83.3333,
      "eval_record-R": 82.3529,
      "eval_record-gold": 85.0,
      "eval_record-pred": 84.0,
      "eval_record-tp": 70.0,
      "eval_runtime": 3.2873,
      "eval_samples_per_second": 50.802,
      "eval_spot-F1": 82.8402,
      "eval_spot-P": 83.3333,
      "eval_spot-R": 82.3529,
      "eval_spot-gold": 85.0,
      "eval_spot-pred": 84.0,
      "eval_spot-tp": 70.0,
      "eval_well-formed": 167,
      "step": 2688
    },
    {
      "epoch": 17.0,
      "eval_asoc-F1": 0.0,
      "eval_asoc-P": 0.0,
      "eval_asoc-R": 0.0,
      "eval_asoc-gold": 0.0,
      "eval_asoc-pred": 0.0,
      "eval_asoc-tp": 0.0,
      "eval_gen_len": 5.8922,
      "eval_gold_tree": 85,
      "eval_loss": 0.18431904911994934,
      "eval_ordered-record-F1": 82.8402,
      "eval_ordered-record-P": 83.3333,
      "eval_ordered-record-R": 82.3529,
      "eval_ordered-record-gold": 85.0,
      "eval_ordered-record-pred": 84.0,
      "eval_ordered-record-tp": 70.0,
      "eval_overall-F1": 82.8402,
      "eval_pred_tree": 84,
      "eval_record-F1": 82.8402,
      "eval_record-P": 83.3333,
      "eval_record-R": 82.3529,
      "eval_record-gold": 85.0,
      "eval_record-pred": 84.0,
      "eval_record-tp": 70.0,
      "eval_runtime": 3.2486,
      "eval_samples_per_second": 51.407,
      "eval_spot-F1": 82.8402,
      "eval_spot-P": 83.3333,
      "eval_spot-R": 82.3529,
      "eval_spot-gold": 85.0,
      "eval_spot-pred": 84.0,
      "eval_spot-tp": 70.0,
      "eval_well-formed": 167,
      "step": 2856
    },
    {
      "epoch": 17.86,
      "learning_rate": 8.44475721323012e-07,
      "loss": 0.0327,
      "step": 3000
    },
    {
      "epoch": 18.0,
      "eval_asoc-F1": 0.0,
      "eval_asoc-P": 0.0,
      "eval_asoc-R": 0.0,
      "eval_asoc-gold": 0.0,
      "eval_asoc-pred": 0.0,
      "eval_asoc-tp": 0.0,
      "eval_gen_len": 5.9222,
      "eval_gold_tree": 85,
      "eval_loss": 0.18494264781475067,
      "eval_ordered-record-F1": 82.8402,
      "eval_ordered-record-P": 83.3333,
      "eval_ordered-record-R": 82.3529,
      "eval_ordered-record-gold": 85.0,
      "eval_ordered-record-pred": 84.0,
      "eval_ordered-record-tp": 70.0,
      "eval_overall-F1": 82.8402,
      "eval_pred_tree": 85,
      "eval_record-F1": 82.8402,
      "eval_record-P": 83.3333,
      "eval_record-R": 82.3529,
      "eval_record-gold": 85.0,
      "eval_record-pred": 84.0,
      "eval_record-tp": 70.0,
      "eval_runtime": 3.2829,
      "eval_samples_per_second": 50.869,
      "eval_spot-F1": 82.8402,
      "eval_spot-P": 83.3333,
      "eval_spot-R": 82.3529,
      "eval_spot-gold": 85.0,
      "eval_spot-pred": 84.0,
      "eval_spot-tp": 70.0,
      "eval_well-formed": 167,
      "step": 3024
    }
  ],
  "max_steps": 3024,
  "num_train_epochs": 18,
  "total_flos": 529548872122368.0,
  "trial_name": null,
  "trial_params": null
}
