{
    "epoch": "2/20",
    "best_epoch": 1,
    "max_gpu_mem": "3.7023",
    "cur_ram": "2.4622",
    "time_epoch": "0:00:08",
    "time_total": "0:00:18",
    "best_train_ner_loss": 1871.4074611289827,
    "train_ner_loss": 598.4364227220124,
    "best_train_sum": 0.0,
    "train_sum": 0.0,
    "best_dev_ner_loss": 1480.2928423200335,
    "dev_ner_loss": 106.0824454171317,
    "best_dev_sum": 0.0,
    "dev_sum": 0.0,
    "best_train_ner_precision": 0.0006406833956219968,
    "best_train_ner_recall": 0.022388059701492536,
    "best_train_ner_span_f1": 0.0012457178449081284,
    "train_ner_precision": 0.0,
    "train_ner_recall": 0.0,
    "train_ner_span_f1": 0.0,
    "best_dev_ner_precision": 0.0,
    "best_dev_ner_recall": 0.0,
    "best_dev_ner_span_f1": 0.0,
    "dev_ner_precision": 0.0,
    "dev_ner_recall": 0.0,
    "dev_ner_span_f1": 0.0
}