{
    "epoch": "1/20",
    "best_epoch": 1,
    "max_gpu_mem": "1.5454",
    "cur_ram": "2.4505",
    "time_epoch": "0:00:06",
    "time_total": "0:00:09",
    "best_train_ner_loss": 1871.4074611289827,
    "train_ner_loss": 1871.4074611289827,
    "best_train_sum": 0.0012457178449081284,
    "train_sum": 0.0012457178449081284,
    "best_dev_ner_loss": 1480.2928423200335,
    "dev_ner_loss": 1480.2928423200335,
    "best_dev_sum": 0.0,
    "dev_sum": 0.0,
    "best_train_ner_precision": 0.0006406833956219968,
    "best_train_ner_recall": 0.022388059701492536,
    "best_train_ner_span_f1": 0.0012457178449081284,
    "train_ner_precision": 0.0006406833956219968,
    "train_ner_recall": 0.022388059701492536,
    "train_ner_span_f1": 0.0012457178449081284,
    "best_dev_ner_precision": 0.0,
    "best_dev_ner_recall": 0.0,
    "best_dev_ner_span_f1": 0.0,
    "dev_ner_precision": 0.0,
    "dev_ner_recall": 0.0,
    "dev_ner_span_f1": 0.0
}