{
    "epoch": "13/20",
    "best_epoch": 10,
    "max_gpu_mem": "3.7068",
    "cur_ram": "2.4714",
    "time_epoch": "0:00:08",
    "time_total": "0:01:57",
    "best_train_ner_loss": 6.203976911656997,
    "train_ner_loss": 2.3467918096804152,
    "best_train_sum": 0.9673202614379085,
    "train_sum": 0.9673202614379085,
    "best_dev_ner_loss": 32.756209237234934,
    "dev_ner_loss": 34.62385368347168,
    "best_dev_sum": 0.7785234899328859,
    "dev_sum": 0.736842105263158,
    "best_train_ner_precision": 0.9131238447319778,
    "best_train_ner_recall": 0.9216417910447762,
    "best_train_ner_span_f1": 0.9173630454967503,
    "train_ner_precision": 0.9682242990654205,
    "train_ner_recall": 0.9664179104477612,
    "train_ner_span_f1": 0.9673202614379085,
    "best_dev_ner_precision": 0.7733333333333333,
    "best_dev_ner_recall": 0.7837837837837838,
    "best_dev_ner_span_f1": 0.7785234899328859,
    "dev_ner_precision": 0.717948717948718,
    "dev_ner_recall": 0.7567567567567568,
    "dev_ner_span_f1": 0.736842105263158
}