{
    "epoch": "5/20",
    "best_epoch": 5,
    "max_gpu_mem": "2.8796",
    "cur_ram": "2.4752",
    "time_epoch": "0:00:08",
    "time_total": "0:00:44",
    "best_train_ner_loss": 29.573615498012966,
    "train_ner_loss": 29.573615498012966,
    "best_train_sum": 0.5378450578806768,
    "train_sum": 0.5378450578806768,
    "best_dev_ner_loss": 20.748329707554408,
    "dev_ner_loss": 20.748329707554408,
    "best_dev_sum": 0.7794117647058824,
    "dev_sum": 0.7794117647058824,
    "best_train_ner_precision": 0.514480408858603,
    "best_train_ner_recall": 0.5634328358208955,
    "best_train_ner_span_f1": 0.5378450578806768,
    "train_ner_precision": 0.514480408858603,
    "train_ner_recall": 0.5634328358208955,
    "train_ner_span_f1": 0.5378450578806768,
    "best_dev_ner_precision": 0.828125,
    "best_dev_ner_recall": 0.7361111111111112,
    "best_dev_ner_span_f1": 0.7794117647058824,
    "dev_ner_precision": 0.828125,
    "dev_ner_recall": 0.7361111111111112,
    "dev_ner_span_f1": 0.7794117647058824
}