{
    "epoch": "6/20",
    "best_epoch": 6,
    "max_gpu_mem": "2.8796",
    "cur_ram": "2.4759",
    "time_epoch": "0:00:08",
    "time_total": "0:00:53",
    "best_train_ner_loss": 20.33664526762786,
    "train_ner_loss": 20.33664526762786,
    "best_train_sum": 0.7228464419475656,
    "train_sum": 0.7228464419475656,
    "best_dev_ner_loss": 18.2783328465053,
    "dev_ner_loss": 18.2783328465053,
    "best_dev_sum": 0.7916666666666666,
    "dev_sum": 0.7916666666666666,
    "best_train_ner_precision": 0.7255639097744361,
    "best_train_ner_recall": 0.7201492537313433,
    "best_train_ner_span_f1": 0.7228464419475656,
    "train_ner_precision": 0.7255639097744361,
    "train_ner_recall": 0.7201492537313433,
    "train_ner_span_f1": 0.7228464419475656,
    "best_dev_ner_precision": 0.7916666666666666,
    "best_dev_ner_recall": 0.7916666666666666,
    "best_dev_ner_span_f1": 0.7916666666666666,
    "dev_ner_precision": 0.7916666666666666,
    "dev_ner_recall": 0.7916666666666666,
    "dev_ner_span_f1": 0.7916666666666666
}