{
    "epoch": "8/20",
    "best_epoch": 8,
    "max_gpu_mem": "2.8796",
    "cur_ram": "2.4760",
    "time_epoch": "0:00:08",
    "time_total": "0:01:11",
    "best_train_ner_loss": 11.77054574754503,
    "train_ner_loss": 11.77054574754503,
    "best_train_sum": 0.8215613382899629,
    "train_sum": 0.8215613382899629,
    "best_dev_ner_loss": 13.907359531947545,
    "dev_ner_loss": 13.907359531947545,
    "best_dev_sum": 0.863013698630137,
    "dev_sum": 0.863013698630137,
    "best_train_ner_precision": 0.8185185185185185,
    "best_train_ner_recall": 0.8246268656716418,
    "best_train_ner_span_f1": 0.8215613382899629,
    "train_ner_precision": 0.8185185185185185,
    "train_ner_recall": 0.8246268656716418,
    "train_ner_span_f1": 0.8215613382899629,
    "best_dev_ner_precision": 0.8513513513513513,
    "best_dev_ner_recall": 0.875,
    "best_dev_ner_span_f1": 0.863013698630137,
    "dev_ner_precision": 0.8513513513513513,
    "dev_ner_recall": 0.875,
    "dev_ner_span_f1": 0.863013698630137
}