{
    "epoch": "9/20",
    "best_epoch": 8,
    "max_gpu_mem": "2.8796",
    "cur_ram": "2.4809",
    "time_epoch": "0:00:08",
    "time_total": "0:01:20",
    "best_train_ner_loss": 11.77054574754503,
    "train_ner_loss": 8.170887417263454,
    "best_train_sum": 0.875804967801288,
    "train_sum": 0.875804967801288,
    "best_dev_ner_loss": 13.907359531947545,
    "dev_ner_loss": 15.06476811000279,
    "best_dev_sum": 0.863013698630137,
    "dev_sum": 0.8472222222222222,
    "best_train_ner_precision": 0.8185185185185185,
    "best_train_ner_recall": 0.8246268656716418,
    "best_train_ner_span_f1": 0.8215613382899629,
    "train_ner_precision": 0.8638838475499092,
    "train_ner_recall": 0.8880597014925373,
    "train_ner_span_f1": 0.875804967801288,
    "best_dev_ner_precision": 0.8513513513513513,
    "best_dev_ner_recall": 0.875,
    "best_dev_ner_span_f1": 0.863013698630137,
    "dev_ner_precision": 0.8472222222222222,
    "dev_ner_recall": 0.8472222222222222,
    "dev_ner_span_f1": 0.8472222222222222
}