{
    "epoch": "10/20",
    "best_epoch": 10,
    "max_gpu_mem": "2.8796",
    "cur_ram": "2.4809",
    "time_epoch": "0:00:08",
    "time_total": "0:01:28",
    "best_train_ner_loss": 6.578679190741645,
    "train_ner_loss": 6.578679190741645,
    "best_train_sum": 0.899628252788104,
    "train_sum": 0.899628252788104,
    "best_dev_ner_loss": 17.67889894757952,
    "dev_ner_loss": 17.67889894757952,
    "best_dev_sum": 0.8648648648648649,
    "dev_sum": 0.8648648648648649,
    "best_train_ner_precision": 0.8962962962962963,
    "best_train_ner_recall": 0.9029850746268657,
    "best_train_ner_span_f1": 0.899628252788104,
    "train_ner_precision": 0.8962962962962963,
    "train_ner_recall": 0.9029850746268657,
    "train_ner_span_f1": 0.899628252788104,
    "best_dev_ner_precision": 0.8421052631578947,
    "best_dev_ner_recall": 0.8888888888888888,
    "best_dev_ner_span_f1": 0.8648648648648649,
    "dev_ner_precision": 0.8421052631578947,
    "dev_ner_recall": 0.8888888888888888,
    "dev_ner_span_f1": 0.8648648648648649
}