{
    "epoch": "2/20",
    "best_epoch": 1,
    "max_gpu_mem": "2.8710",
    "cur_ram": "2.4701",
    "time_epoch": "0:00:08",
    "time_total": "0:00:18",
    "best_train_ner_loss": 1064.0617969654224,
    "train_ner_loss": 416.13783656226263,
    "best_train_sum": 0.0,
    "train_sum": 0.0,
    "best_dev_ner_loss": 974.1321498325893,
    "dev_ner_loss": 108.68735831124442,
    "best_dev_sum": 0.0,
    "dev_sum": 0.0,
    "best_train_ner_precision": 0.0,
    "best_train_ner_recall": 0.0,
    "best_train_ner_span_f1": 0.0,
    "train_ner_precision": 0.0,
    "train_ner_recall": 0.0,
    "train_ner_span_f1": 0.0,
    "best_dev_ner_precision": 0.0,
    "best_dev_ner_recall": 0.0,
    "best_dev_ner_span_f1": 0.0,
    "dev_ner_precision": 0.0,
    "dev_ner_recall": 0.0,
    "dev_ner_span_f1": 0.0
}