{
    "epoch": "13/20",
    "best_epoch": 11,
    "max_gpu_mem": "2.8796",
    "cur_ram": "2.4810",
    "time_epoch": "0:00:08",
    "time_total": "0:01:55",
    "best_train_ner_loss": 5.414001994662815,
    "train_ner_loss": 2.5034747653537326,
    "best_train_sum": 0.9591836734693877,
    "train_sum": 0.9591836734693877,
    "best_dev_ner_loss": 16.444444928850448,
    "dev_ner_loss": 18.1576418195452,
    "best_dev_sum": 0.8918918918918918,
    "dev_sum": 0.8571428571428572,
    "best_train_ner_precision": 0.9137614678899083,
    "best_train_ner_recall": 0.9291044776119403,
    "best_train_ner_span_f1": 0.9213691026827012,
    "train_ner_precision": 0.9538745387453874,
    "train_ner_recall": 0.9645522388059702,
    "train_ner_span_f1": 0.9591836734693877,
    "best_dev_ner_precision": 0.868421052631579,
    "best_dev_ner_recall": 0.9166666666666666,
    "best_dev_ner_span_f1": 0.8918918918918918,
    "dev_ner_precision": 0.84,
    "dev_ner_recall": 0.875,
    "dev_ner_span_f1": 0.8571428571428572
}