{
    "epoch": "1/20",
    "best_epoch": 1,
    "max_gpu_mem": "1.3570",
    "cur_ram": "2.4578",
    "time_epoch": "0:00:06",
    "time_total": "0:00:09",
    "best_train_ner_loss": 1064.0617969654224,
    "train_ner_loss": 1064.0617969654224,
    "best_train_sum": 0.0,
    "train_sum": 0.0,
    "best_dev_ner_loss": 974.1321498325893,
    "dev_ner_loss": 974.1321498325893,
    "best_dev_sum": 0.0,
    "dev_sum": 0.0,
    "best_train_ner_precision": 0.0,
    "best_train_ner_recall": 0.0,
    "best_train_ner_span_f1": 0.0,
    "train_ner_precision": 0.0,
    "train_ner_recall": 0.0,
    "train_ner_span_f1": 0.0,
    "best_dev_ner_precision": 0.0,
    "best_dev_ner_recall": 0.0,
    "best_dev_ner_span_f1": 0.0,
    "dev_ner_precision": 0.0,
    "dev_ner_recall": 0.0,
    "dev_ner_span_f1": 0.0
}