{
    "epoch": "7/20",
    "best_epoch": 7,
    "max_gpu_mem": "2.8796",
    "cur_ram": "2.4760",
    "time_epoch": "0:00:08",
    "time_total": "0:01:02",
    "best_train_ner_loss": 15.472348354480884,
    "train_ner_loss": 15.472348354480884,
    "best_train_sum": 0.783582089552239,
    "train_sum": 0.783582089552239,
    "best_dev_ner_loss": 15.232884815761022,
    "dev_ner_loss": 15.232884815761022,
    "best_dev_sum": 0.832116788321168,
    "dev_sum": 0.832116788321168,
    "best_train_ner_precision": 0.7835820895522388,
    "best_train_ner_recall": 0.7835820895522388,
    "best_train_ner_span_f1": 0.783582089552239,
    "train_ner_precision": 0.7835820895522388,
    "train_ner_recall": 0.7835820895522388,
    "train_ner_span_f1": 0.783582089552239,
    "best_dev_ner_precision": 0.8769230769230769,
    "best_dev_ner_recall": 0.7916666666666666,
    "best_dev_ner_span_f1": 0.832116788321168,
    "dev_ner_precision": 0.8769230769230769,
    "dev_ner_recall": 0.7916666666666666,
    "dev_ner_span_f1": 0.832116788321168
}