{
    "epoch": "3/20",
    "best_epoch": 3,
    "max_gpu_mem": "10.4639",
    "cur_ram": "2.8159",
    "time_epoch": "0:00:07",
    "time_total": "0:00:22",
    "best_train_ner_loss": 197.548712793986,
    "train_ner_loss": 197.548712793986,
    "best_train_sum": 0.2589595375722543,
    "train_sum": 0.2589595375722543,
    "best_dev_ner_loss": 80.8340950012207,
    "dev_ner_loss": 80.8340950012207,
    "best_dev_sum": 0.6715328467153284,
    "dev_sum": 0.6715328467153284,
    "best_train_ner_precision": 0.3888888888888889,
    "best_train_ner_recall": 0.19410745233968804,
    "best_train_ner_span_f1": 0.2589595375722543,
    "train_ner_precision": 0.3888888888888889,
    "train_ner_recall": 0.19410745233968804,
    "train_ner_span_f1": 0.2589595375722543,
    "best_dev_ner_precision": 0.6715328467153284,
    "best_dev_ner_recall": 0.6715328467153284,
    "best_dev_ner_span_f1": 0.6715328467153284,
    "dev_ner_precision": 0.6715328467153284,
    "dev_ner_recall": 0.6715328467153284,
    "dev_ner_span_f1": 0.6715328467153284
}