{
    "epoch": "12/20",
    "best_epoch": 10,
    "max_gpu_mem": "10.4755",
    "cur_ram": "2.8333",
    "time_epoch": "0:00:07",
    "time_total": "0:01:34",
    "best_train_ner_loss": 6.035672187805176,
    "train_ner_loss": 3.2698328653971354,
    "best_train_sum": 0.9896283491789108,
    "train_sum": 0.9896283491789108,
    "best_dev_ner_loss": 7.913094520568848,
    "dev_ner_loss": 13.739034175872803,
    "best_dev_sum": 0.959409594095941,
    "dev_sum": 0.9450549450549451,
    "best_train_ner_precision": 0.9785038693035254,
    "best_train_ner_recall": 0.9861351819757366,
    "best_train_ner_span_f1": 0.982304704359085,
    "train_ner_precision": 0.9870689655172413,
    "train_ner_recall": 0.9922010398613518,
    "train_ner_span_f1": 0.9896283491789108,
    "best_dev_ner_precision": 0.9701492537313433,
    "best_dev_ner_recall": 0.948905109489051,
    "best_dev_ner_span_f1": 0.959409594095941,
    "dev_ner_precision": 0.9485294117647058,
    "dev_ner_recall": 0.9416058394160584,
    "dev_ner_span_f1": 0.9450549450549451
}