{
    "epoch": "11/20",
    "best_epoch": 10,
    "max_gpu_mem": "10.4755",
    "cur_ram": "2.8333",
    "time_epoch": "0:00:07",
    "time_total": "0:01:27",
    "best_train_ner_loss": 6.035672187805176,
    "train_ner_loss": 4.879599634806315,
    "best_train_sum": 0.9844425237683665,
    "train_sum": 0.9844425237683665,
    "best_dev_ner_loss": 7.913094520568848,
    "dev_ner_loss": 13.7390775680542,
    "best_dev_sum": 0.959409594095941,
    "dev_sum": 0.9527272727272728,
    "best_train_ner_precision": 0.9785038693035254,
    "best_train_ner_recall": 0.9861351819757366,
    "best_train_ner_span_f1": 0.982304704359085,
    "train_ner_precision": 0.9818965517241379,
    "train_ner_recall": 0.987001733102253,
    "train_ner_span_f1": 0.9844425237683665,
    "best_dev_ner_precision": 0.9701492537313433,
    "best_dev_ner_recall": 0.948905109489051,
    "best_dev_ner_span_f1": 0.959409594095941,
    "dev_ner_precision": 0.9492753623188406,
    "dev_ner_recall": 0.9562043795620438,
    "dev_ner_span_f1": 0.9527272727272728
}