{
    "epoch": "7/20",
    "best_epoch": 5,
    "max_gpu_mem": "10.4639",
    "cur_ram": "2.8332",
    "time_epoch": "0:00:07",
    "time_total": "0:00:57",
    "best_train_ner_loss": 32.502370834350586,
    "train_ner_loss": 13.597593180338542,
    "best_train_sum": 0.95446735395189,
    "train_sum": 0.95446735395189,
    "best_dev_ner_loss": 17.977089881896973,
    "dev_ner_loss": 14.159637451171875,
    "best_dev_sum": 0.9377289377289377,
    "dev_sum": 0.9377289377289377,
    "best_train_ner_precision": 0.8654331370899916,
    "best_train_ner_recall": 0.891681109185442,
    "best_train_ner_span_f1": 0.8783610755441742,
    "train_ner_precision": 0.9463373083475298,
    "train_ner_recall": 0.962738301559792,
    "train_ner_span_f1": 0.95446735395189,
    "best_dev_ner_precision": 0.9411764705882353,
    "best_dev_ner_recall": 0.9343065693430657,
    "best_dev_ner_span_f1": 0.9377289377289377,
    "dev_ner_precision": 0.9411764705882353,
    "dev_ner_recall": 0.9343065693430657,
    "dev_ner_span_f1": 0.9377289377289377
}