{
    "epoch": "2/20",
    "best_epoch": 1,
    "max_gpu_mem": "10.4639",
    "cur_ram": "2.8158",
    "time_epoch": "0:00:07",
    "time_total": "0:00:15",
    "best_train_ner_loss": 955.0508748372396,
    "train_ner_loss": 630.4659403483073,
    "best_train_sum": 0.03787878787878788,
    "train_sum": 0.03787878787878788,
    "best_dev_ner_loss": 824.8660583496094,
    "dev_ner_loss": 245.4773406982422,
    "best_dev_sum": 0.0,
    "dev_sum": 0.0,
    "best_train_ner_precision": 0.011501210653753027,
    "best_train_ner_recall": 0.016464471403812825,
    "best_train_ner_span_f1": 0.013542409123307198,
    "train_ner_precision": 0.036824877250409165,
    "train_ner_recall": 0.0389948006932409,
    "train_ner_span_f1": 0.03787878787878788,
    "best_dev_ner_precision": 0.0,
    "best_dev_ner_recall": 0.0,
    "best_dev_ner_span_f1": 0.0,
    "dev_ner_precision": 0.0,
    "dev_ner_recall": 0.0,
    "dev_ner_span_f1": 0.0
}