{
    "epoch": "10/20",
    "best_epoch": 10,
    "max_gpu_mem": "10.4657",
    "cur_ram": "2.8332",
    "time_epoch": "0:00:07",
    "time_total": "0:01:18",
    "best_train_ner_loss": 6.035672187805176,
    "train_ner_loss": 6.035672187805176,
    "best_train_sum": 0.982304704359085,
    "train_sum": 0.982304704359085,
    "best_dev_ner_loss": 7.913094520568848,
    "dev_ner_loss": 7.913094520568848,
    "best_dev_sum": 0.959409594095941,
    "dev_sum": 0.959409594095941,
    "best_train_ner_precision": 0.9785038693035254,
    "best_train_ner_recall": 0.9861351819757366,
    "best_train_ner_span_f1": 0.982304704359085,
    "train_ner_precision": 0.9785038693035254,
    "train_ner_recall": 0.9861351819757366,
    "train_ner_span_f1": 0.982304704359085,
    "best_dev_ner_precision": 0.9701492537313433,
    "best_dev_ner_recall": 0.948905109489051,
    "best_dev_ner_span_f1": 0.959409594095941,
    "dev_ner_precision": 0.9701492537313433,
    "dev_ner_recall": 0.948905109489051,
    "dev_ner_span_f1": 0.959409594095941
}