{
    "epoch": "9/20",
    "best_epoch": 5,
    "max_gpu_mem": "10.4644",
    "cur_ram": "2.8332",
    "time_epoch": "0:00:07",
    "time_total": "0:01:11",
    "best_train_ner_loss": 32.502370834350586,
    "train_ner_loss": 7.295802561442057,
    "best_train_sum": 0.978448275862069,
    "train_sum": 0.978448275862069,
    "best_dev_ner_loss": 17.977089881896973,
    "dev_ner_loss": 13.143314361572266,
    "best_dev_sum": 0.9377289377289377,
    "dev_sum": 0.9169675090252708,
    "best_train_ner_precision": 0.8654331370899916,
    "best_train_ner_recall": 0.891681109185442,
    "best_train_ner_span_f1": 0.8783610755441742,
    "train_ner_precision": 0.9734133790737565,
    "train_ner_recall": 0.9835355285961872,
    "train_ner_span_f1": 0.978448275862069,
    "best_dev_ner_precision": 0.9411764705882353,
    "best_dev_ner_recall": 0.9343065693430657,
    "best_dev_ner_span_f1": 0.9377289377289377,
    "dev_ner_precision": 0.9071428571428571,
    "dev_ner_recall": 0.927007299270073,
    "dev_ner_span_f1": 0.9169675090252708
}