{
    "epoch": "4/20",
    "best_epoch": 4,
    "max_gpu_mem": "10.4639",
    "cur_ram": "2.8325",
    "time_epoch": "0:00:07",
    "time_total": "0:00:31",
    "best_train_ner_loss": 68.60934816996256,
    "train_ner_loss": 68.60934816996256,
    "best_train_sum": 0.7460711331679072,
    "train_sum": 0.7460711331679072,
    "best_dev_ner_loss": 32.02504587173462,
    "dev_ner_loss": 32.02504587173462,
    "best_dev_sum": 0.8705035971223023,
    "dev_sum": 0.8705035971223023,
    "best_train_ner_precision": 0.7136075949367089,
    "best_train_ner_recall": 0.7816291161178509,
    "best_train_ner_span_f1": 0.7460711331679072,
    "train_ner_precision": 0.7136075949367089,
    "train_ner_recall": 0.7816291161178509,
    "train_ner_span_f1": 0.7460711331679072,
    "best_dev_ner_precision": 0.8581560283687943,
    "best_dev_ner_recall": 0.8832116788321168,
    "best_dev_ner_span_f1": 0.8705035971223023,
    "dev_ner_precision": 0.8581560283687943,
    "dev_ner_recall": 0.8832116788321168,
    "dev_ner_span_f1": 0.8705035971223023
}