{
    "epoch": "18/20",
    "best_epoch": 13,
    "max_gpu_mem": "10.4798",
    "cur_ram": "2.8334",
    "time_epoch": "0:00:07",
    "time_total": "0:02:19",
    "best_train_ner_loss": 5.6218111673990885,
    "train_ner_loss": 0.8301314036051433,
    "best_train_sum": 0.9969683845820702,
    "train_sum": 0.9969683845820702,
    "best_dev_ner_loss": 8.482751846313477,
    "dev_ner_loss": 9.138411521911621,
    "best_dev_sum": 0.9600000000000001,
    "dev_sum": 0.948905109489051,
    "best_train_ner_precision": 0.9801894918173988,
    "best_train_ner_recall": 0.9861351819757366,
    "best_train_ner_span_f1": 0.9831533477321815,
    "train_ner_precision": 0.9965367965367965,
    "train_ner_recall": 0.9974003466204506,
    "train_ner_span_f1": 0.9969683845820702,
    "best_dev_ner_precision": 0.9565217391304348,
    "best_dev_ner_recall": 0.9635036496350365,
    "best_dev_ner_span_f1": 0.9600000000000001,
    "dev_ner_precision": 0.948905109489051,
    "dev_ner_recall": 0.948905109489051,
    "dev_ner_span_f1": 0.948905109489051
}