{
    "epoch": "1/20",
    "best_epoch": 1,
    "max_gpu_mem": "3.7674",
    "cur_ram": "2.7971",
    "time_epoch": "0:00:03",
    "time_total": "0:00:06",
    "best_train_ner_loss": 955.0508748372396,
    "train_ner_loss": 955.0508748372396,
    "best_train_sum": 0.013542409123307198,
    "train_sum": 0.013542409123307198,
    "best_dev_ner_loss": 824.8660583496094,
    "dev_ner_loss": 824.8660583496094,
    "best_dev_sum": 0.0,
    "dev_sum": 0.0,
    "best_train_ner_precision": 0.011501210653753027,
    "best_train_ner_recall": 0.016464471403812825,
    "best_train_ner_span_f1": 0.013542409123307198,
    "train_ner_precision": 0.011501210653753027,
    "train_ner_recall": 0.016464471403812825,
    "train_ner_span_f1": 0.013542409123307198,
    "best_dev_ner_precision": 0.0,
    "best_dev_ner_recall": 0.0,
    "best_dev_ner_span_f1": 0.0,
    "dev_ner_precision": 0.0,
    "dev_ner_recall": 0.0,
    "dev_ner_span_f1": 0.0
}