{
  "best_metric": 82.4561,
  "best_model_checkpoint": "output/meta_2023-09-15-02-52-25400_hf_models_uie-base-en_spotasoc_entity_aquaint-old_multi_fold_2_e18_linear_lr1e-4_ls0_b16_wu0.06_n-1_RP_sn0.1_an0.1_run1/checkpoint-588",
  "epoch": 18.0,
  "global_step": 1512,
  "is_hyper_param_search": false,
  "is_local_process_zero": true,
  "is_world_process_zero": true,
  "log_history": [
    {
      "epoch": 1.0,
      "eval_asoc-F1": 0.0,
      "eval_asoc-P": 0.0,
      "eval_asoc-R": 0.0,
      "eval_asoc-gold": 0.0,
      "eval_asoc-pred": 0.0,
      "eval_asoc-tp": 0.0,
      "eval_gen_len": 4.8862,
      "eval_gold_tree": 58,
      "eval_loss": 0.18025489151477814,
      "eval_ordered-record-F1": 69.6429,
      "eval_ordered-record-P": 72.2222,
      "eval_ordered-record-R": 67.2414,
      "eval_ordered-record-gold": 58.0,
      "eval_ordered-record-pred": 54.0,
      "eval_ordered-record-tp": 39.0,
      "eval_overall-F1": 69.6429,
      "eval_pred_tree": 54,
      "eval_record-F1": 69.6429,
      "eval_record-P": 72.2222,
      "eval_record-R": 67.2414,
      "eval_record-gold": 58.0,
      "eval_record-pred": 54.0,
      "eval_record-tp": 39.0,
      "eval_runtime": 1.8535,
      "eval_samples_per_second": 90.1,
      "eval_spot-F1": 69.6429,
      "eval_spot-P": 72.2222,
      "eval_spot-R": 67.2414,
      "eval_spot-gold": 58.0,
      "eval_spot-pred": 54.0,
      "eval_spot-tp": 39.0,
      "eval_well-formed": 167,
      "step": 84
    },
    {
      "epoch": 2.0,
      "eval_asoc-F1": 0.0,
      "eval_asoc-P": 0.0,
      "eval_asoc-R": 0.0,
      "eval_asoc-gold": 0.0,
      "eval_asoc-pred": 0.0,
      "eval_asoc-tp": 0.0,
      "eval_gen_len": 5.4012,
      "eval_gold_tree": 58,
      "eval_loss": 0.12450646609067917,
      "eval_ordered-record-F1": 71.3178,
      "eval_ordered-record-P": 64.7887,
      "eval_ordered-record-R": 79.3103,
      "eval_ordered-record-gold": 58.0,
      "eval_ordered-record-pred": 71.0,
      "eval_ordered-record-tp": 46.0,
      "eval_overall-F1": 71.3178,
      "eval_pred_tree": 73,
      "eval_record-F1": 71.3178,
      "eval_record-P": 64.7887,
      "eval_record-R": 79.3103,
      "eval_record-gold": 58.0,
      "eval_record-pred": 71.0,
      "eval_record-tp": 46.0,
      "eval_runtime": 2.0311,
      "eval_samples_per_second": 82.22,
      "eval_spot-F1": 71.3178,
      "eval_spot-P": 64.7887,
      "eval_spot-R": 79.3103,
      "eval_spot-gold": 58.0,
      "eval_spot-pred": 71.0,
      "eval_spot-tp": 46.0,
      "eval_well-formed": 167,
      "step": 168
    },
    {
      "epoch": 3.0,
      "eval_asoc-F1": 0.0,
      "eval_asoc-P": 0.0,
      "eval_asoc-R": 0.0,
      "eval_asoc-gold": 0.0,
      "eval_asoc-pred": 0.0,
      "eval_asoc-tp": 0.0,
      "eval_gen_len": 5.2096,
      "eval_gold_tree": 58,
      "eval_loss": 0.09100113064050674,
      "eval_ordered-record-F1": 76.0331,
      "eval_ordered-record-P": 73.0159,
      "eval_ordered-record-R": 79.3103,
      "eval_ordered-record-gold": 58.0,
      "eval_ordered-record-pred": 63.0,
      "eval_ordered-record-tp": 46.0,
      "eval_overall-F1": 76.0331,
      "eval_pred_tree": 63,
      "eval_record-F1": 76.0331,
      "eval_record-P": 73.0159,
      "eval_record-R": 79.3103,
      "eval_record-gold": 58.0,
      "eval_record-pred": 63.0,
      "eval_record-tp": 46.0,
      "eval_runtime": 1.8627,
      "eval_samples_per_second": 89.656,
      "eval_spot-F1": 76.0331,
      "eval_spot-P": 73.0159,
      "eval_spot-R": 79.3103,
      "eval_spot-gold": 58.0,
      "eval_spot-pred": 63.0,
      "eval_spot-tp": 46.0,
      "eval_well-formed": 167,
      "step": 252
    },
    {
      "epoch": 4.0,
      "eval_asoc-F1": 0.0,
      "eval_asoc-P": 0.0,
      "eval_asoc-R": 0.0,
      "eval_asoc-gold": 0.0,
      "eval_asoc-pred": 0.0,
      "eval_asoc-tp": 0.0,
      "eval_gen_len": 5.0479,
      "eval_gold_tree": 58,
      "eval_loss": 0.10794028639793396,
      "eval_ordered-record-F1": 78.9474,
      "eval_ordered-record-P": 80.3571,
      "eval_ordered-record-R": 77.5862,
      "eval_ordered-record-gold": 58.0,
      "eval_ordered-record-pred": 56.0,
      "eval_ordered-record-tp": 45.0,
      "eval_overall-F1": 78.9474,
      "eval_pred_tree": 60,
      "eval_record-F1": 78.9474,
      "eval_record-P": 80.3571,
      "eval_record-R": 77.5862,
      "eval_record-gold": 58.0,
      "eval_record-pred": 56.0,
      "eval_record-tp": 45.0,
      "eval_runtime": 1.5772,
      "eval_samples_per_second": 105.882,
      "eval_spot-F1": 78.9474,
      "eval_spot-P": 80.3571,
      "eval_spot-R": 77.5862,
      "eval_spot-gold": 58.0,
      "eval_spot-pred": 56.0,
      "eval_spot-tp": 45.0,
      "eval_well-formed": 167,
      "step": 336
    },
    {
      "epoch": 5.0,
      "eval_asoc-F1": 0.0,
      "eval_asoc-P": 0.0,
      "eval_asoc-R": 0.0,
      "eval_asoc-gold": 0.0,
      "eval_asoc-pred": 0.0,
      "eval_asoc-tp": 0.0,
      "eval_gen_len": 5.0359,
      "eval_gold_tree": 58,
      "eval_loss": 0.11006786674261093,
      "eval_ordered-record-F1": 77.9661,
      "eval_ordered-record-P": 76.6667,
      "eval_ordered-record-R": 79.3103,
      "eval_ordered-record-gold": 58.0,
      "eval_ordered-record-pred": 60.0,
      "eval_ordered-record-tp": 46.0,
      "eval_overall-F1": 77.9661,
      "eval_pred_tree": 60,
      "eval_record-F1": 77.9661,
      "eval_record-P": 76.6667,
      "eval_record-R": 79.3103,
      "eval_record-gold": 58.0,
      "eval_record-pred": 60.0,
      "eval_record-tp": 46.0,
      "eval_runtime": 1.571,
      "eval_samples_per_second": 106.301,
      "eval_spot-F1": 77.9661,
      "eval_spot-P": 76.6667,
      "eval_spot-R": 79.3103,
      "eval_spot-gold": 58.0,
      "eval_spot-pred": 60.0,
      "eval_spot-tp": 46.0,
      "eval_well-formed": 167,
      "step": 420
    },
    {
      "epoch": 5.95,
      "learning_rate": 7.121745249824068e-05,
      "loss": 0.2845,
      "step": 500
    },
    {
      "epoch": 6.0,
      "eval_asoc-F1": 0.0,
      "eval_asoc-P": 0.0,
      "eval_asoc-R": 0.0,
      "eval_asoc-gold": 0.0,
      "eval_asoc-pred": 0.0,
      "eval_asoc-tp": 0.0,
      "eval_gen_len": 5.0419,
      "eval_gold_tree": 58,
      "eval_loss": 0.12592093646526337,
      "eval_ordered-record-F1": 80.0,
      "eval_ordered-record-P": 80.7018,
      "eval_ordered-record-R": 79.3103,
      "eval_ordered-record-gold": 58.0,
      "eval_ordered-record-pred": 57.0,
      "eval_ordered-record-tp": 46.0,
      "eval_overall-F1": 80.0,
      "eval_pred_tree": 58,
      "eval_record-F1": 80.0,
      "eval_record-P": 80.7018,
      "eval_record-R": 79.3103,
      "eval_record-gold": 58.0,
      "eval_record-pred": 57.0,
      "eval_record-tp": 46.0,
      "eval_runtime": 1.844,
      "eval_samples_per_second": 90.566,
      "eval_spot-F1": 80.0,
      "eval_spot-P": 80.7018,
      "eval_spot-R": 79.3103,
      "eval_spot-gold": 58.0,
      "eval_spot-pred": 57.0,
      "eval_spot-tp": 46.0,
      "eval_well-formed": 167,
      "step": 504
    },
    {
      "epoch": 7.0,
      "eval_asoc-F1": 0.0,
      "eval_asoc-P": 0.0,
      "eval_asoc-R": 0.0,
      "eval_asoc-gold": 0.0,
      "eval_asoc-pred": 0.0,
      "eval_asoc-tp": 0.0,
      "eval_gen_len": 4.982,
      "eval_gold_tree": 58,
      "eval_loss": 0.12231634557247162,
      "eval_ordered-record-F1": 82.4561,
      "eval_ordered-record-P": 83.9286,
      "eval_ordered-record-R": 81.0345,
      "eval_ordered-record-gold": 58.0,
      "eval_ordered-record-pred": 56.0,
      "eval_ordered-record-tp": 47.0,
      "eval_overall-F1": 82.4561,
      "eval_pred_tree": 57,
      "eval_record-F1": 82.4561,
      "eval_record-P": 83.9286,
      "eval_record-R": 81.0345,
      "eval_record-gold": 58.0,
      "eval_record-pred": 56.0,
      "eval_record-tp": 47.0,
      "eval_runtime": 1.7075,
      "eval_samples_per_second": 97.802,
      "eval_spot-F1": 82.4561,
      "eval_spot-P": 83.9286,
      "eval_spot-R": 81.0345,
      "eval_spot-gold": 58.0,
      "eval_spot-pred": 56.0,
      "eval_spot-tp": 47.0,
      "eval_well-formed": 167,
      "step": 588
    },
    {
      "epoch": 8.0,
      "eval_asoc-F1": 0.0,
      "eval_asoc-P": 0.0,
      "eval_asoc-R": 0.0,
      "eval_asoc-gold": 0.0,
      "eval_asoc-pred": 0.0,
      "eval_asoc-tp": 0.0,
      "eval_gen_len": 4.9581,
      "eval_gold_tree": 58,
      "eval_loss": 0.11235061287879944,
      "eval_ordered-record-F1": 77.193,
      "eval_ordered-record-P": 78.5714,
      "eval_ordered-record-R": 75.8621,
      "eval_ordered-record-gold": 58.0,
      "eval_ordered-record-pred": 56.0,
      "eval_ordered-record-tp": 44.0,
      "eval_overall-F1": 77.193,
      "eval_pred_tree": 56,
      "eval_record-F1": 77.193,
      "eval_record-P": 78.5714,
      "eval_record-R": 75.8621,
      "eval_record-gold": 58.0,
      "eval_record-pred": 56.0,
      "eval_record-tp": 44.0,
      "eval_runtime": 1.3438,
      "eval_samples_per_second": 124.279,
      "eval_spot-F1": 77.193,
      "eval_spot-P": 78.5714,
      "eval_spot-R": 75.8621,
      "eval_spot-gold": 58.0,
      "eval_spot-pred": 56.0,
      "eval_spot-tp": 44.0,
      "eval_well-formed": 167,
      "step": 672
    },
    {
      "epoch": 9.0,
      "eval_asoc-F1": 0.0,
      "eval_asoc-P": 0.0,
      "eval_asoc-R": 0.0,
      "eval_asoc-gold": 0.0,
      "eval_asoc-pred": 0.0,
      "eval_asoc-tp": 0.0,
      "eval_gen_len": 5.0,
      "eval_gold_tree": 58,
      "eval_loss": 0.12423224002122879,
      "eval_ordered-record-F1": 77.5862,
      "eval_ordered-record-P": 77.5862,
      "eval_ordered-record-R": 77.5862,
      "eval_ordered-record-gold": 58.0,
      "eval_ordered-record-pred": 58.0,
      "eval_ordered-record-tp": 45.0,
      "eval_overall-F1": 77.5862,
      "eval_pred_tree": 58,
      "eval_record-F1": 77.5862,
      "eval_record-P": 77.5862,
      "eval_record-R": 77.5862,
      "eval_record-gold": 58.0,
      "eval_record-pred": 58.0,
      "eval_record-tp": 45.0,
      "eval_runtime": 1.7249,
      "eval_samples_per_second": 96.816,
      "eval_spot-F1": 77.5862,
      "eval_spot-P": 77.5862,
      "eval_spot-R": 77.5862,
      "eval_spot-gold": 58.0,
      "eval_spot-pred": 58.0,
      "eval_spot-tp": 45.0,
      "eval_well-formed": 167,
      "step": 756
    },
    {
      "epoch": 10.0,
      "eval_asoc-F1": 0.0,
      "eval_asoc-P": 0.0,
      "eval_asoc-R": 0.0,
      "eval_asoc-gold": 0.0,
      "eval_asoc-pred": 0.0,
      "eval_asoc-tp": 0.0,
      "eval_gen_len": 5.012,
      "eval_gold_tree": 58,
      "eval_loss": 0.13961973786354065,
      "eval_ordered-record-F1": 76.5217,
      "eval_ordered-record-P": 77.193,
      "eval_ordered-record-R": 75.8621,
      "eval_ordered-record-gold": 58.0,
      "eval_ordered-record-pred": 57.0,
      "eval_ordered-record-tp": 44.0,
      "eval_overall-F1": 76.5217,
      "eval_pred_tree": 59,
      "eval_record-F1": 76.5217,
      "eval_record-P": 77.193,
      "eval_record-R": 75.8621,
      "eval_record-gold": 58.0,
      "eval_record-pred": 57.0,
      "eval_record-tp": 44.0,
      "eval_runtime": 1.6644,
      "eval_samples_per_second": 100.338,
      "eval_spot-F1": 76.5217,
      "eval_spot-P": 77.193,
      "eval_spot-R": 75.8621,
      "eval_spot-gold": 58.0,
      "eval_spot-pred": 57.0,
      "eval_spot-tp": 44.0,
      "eval_well-formed": 167,
      "step": 840
    },
    {
      "epoch": 11.0,
      "eval_asoc-F1": 0.0,
      "eval_asoc-P": 0.0,
      "eval_asoc-R": 0.0,
      "eval_asoc-gold": 0.0,
      "eval_asoc-pred": 0.0,
      "eval_asoc-tp": 0.0,
      "eval_gen_len": 5.012,
      "eval_gold_tree": 58,
      "eval_loss": 0.1444067656993866,
      "eval_ordered-record-F1": 80.3419,
      "eval_ordered-record-P": 79.661,
      "eval_ordered-record-R": 81.0345,
      "eval_ordered-record-gold": 58.0,
      "eval_ordered-record-pred": 59.0,
      "eval_ordered-record-tp": 47.0,
      "eval_overall-F1": 80.3419,
      "eval_pred_tree": 59,
      "eval_record-F1": 80.3419,
      "eval_record-P": 79.661,
      "eval_record-R": 81.0345,
      "eval_record-gold": 58.0,
      "eval_record-pred": 59.0,
      "eval_record-tp": 47.0,
      "eval_runtime": 1.6907,
      "eval_samples_per_second": 98.778,
      "eval_spot-F1": 80.3419,
      "eval_spot-P": 79.661,
      "eval_spot-R": 81.0345,
      "eval_spot-gold": 58.0,
      "eval_spot-pred": 59.0,
      "eval_spot-tp": 47.0,
      "eval_well-formed": 167,
      "step": 924
    },
    {
      "epoch": 11.9,
      "learning_rate": 3.603096410978184e-05,
      "loss": 0.0603,
      "step": 1000
    },
    {
      "epoch": 12.0,
      "eval_asoc-F1": 0.0,
      "eval_asoc-P": 0.0,
      "eval_asoc-R": 0.0,
      "eval_asoc-gold": 0.0,
      "eval_asoc-pred": 0.0,
      "eval_asoc-tp": 0.0,
      "eval_gen_len": 4.9401,
      "eval_gold_tree": 58,
      "eval_loss": 0.16566136479377747,
      "eval_ordered-record-F1": 77.8761,
      "eval_ordered-record-P": 80.0,
      "eval_ordered-record-R": 75.8621,
      "eval_ordered-record-gold": 58.0,
      "eval_ordered-record-pred": 55.0,
      "eval_ordered-record-tp": 44.0,
      "eval_overall-F1": 77.8761,
      "eval_pred_tree": 56,
      "eval_record-F1": 77.8761,
      "eval_record-P": 80.0,
      "eval_record-R": 75.8621,
      "eval_record-gold": 58.0,
      "eval_record-pred": 55.0,
      "eval_record-tp": 44.0,
      "eval_runtime": 1.6783,
      "eval_samples_per_second": 99.505,
      "eval_spot-F1": 77.8761,
      "eval_spot-P": 80.0,
      "eval_spot-R": 75.8621,
      "eval_spot-gold": 58.0,
      "eval_spot-pred": 55.0,
      "eval_spot-tp": 44.0,
      "eval_well-formed": 167,
      "step": 1008
    },
    {
      "epoch": 13.0,
      "eval_asoc-F1": 0.0,
      "eval_asoc-P": 0.0,
      "eval_asoc-R": 0.0,
      "eval_asoc-gold": 0.0,
      "eval_asoc-pred": 0.0,
      "eval_asoc-tp": 0.0,
      "eval_gen_len": 5.0419,
      "eval_gold_tree": 58,
      "eval_loss": 0.1554236263036728,
      "eval_ordered-record-F1": 79.3103,
      "eval_ordered-record-P": 79.3103,
      "eval_ordered-record-R": 79.3103,
      "eval_ordered-record-gold": 58.0,
      "eval_ordered-record-pred": 58.0,
      "eval_ordered-record-tp": 46.0,
      "eval_overall-F1": 79.3103,
      "eval_pred_tree": 60,
      "eval_record-F1": 79.3103,
      "eval_record-P": 79.3103,
      "eval_record-R": 79.3103,
      "eval_record-gold": 58.0,
      "eval_record-pred": 58.0,
      "eval_record-tp": 46.0,
      "eval_runtime": 1.6861,
      "eval_samples_per_second": 99.044,
      "eval_spot-F1": 79.3103,
      "eval_spot-P": 79.3103,
      "eval_spot-R": 79.3103,
      "eval_spot-gold": 58.0,
      "eval_spot-pred": 58.0,
      "eval_spot-tp": 46.0,
      "eval_well-formed": 167,
      "step": 1092
    },
    {
      "epoch": 14.0,
      "eval_asoc-F1": 0.0,
      "eval_asoc-P": 0.0,
      "eval_asoc-R": 0.0,
      "eval_asoc-gold": 0.0,
      "eval_asoc-pred": 0.0,
      "eval_asoc-tp": 0.0,
      "eval_gen_len": 5.0419,
      "eval_gold_tree": 58,
      "eval_loss": 0.15410596132278442,
      "eval_ordered-record-F1": 81.0345,
      "eval_ordered-record-P": 81.0345,
      "eval_ordered-record-R": 81.0345,
      "eval_ordered-record-gold": 58.0,
      "eval_ordered-record-pred": 58.0,
      "eval_ordered-record-tp": 47.0,
      "eval_overall-F1": 81.0345,
      "eval_pred_tree": 60,
      "eval_record-F1": 81.0345,
      "eval_record-P": 81.0345,
      "eval_record-R": 81.0345,
      "eval_record-gold": 58.0,
      "eval_record-pred": 58.0,
      "eval_record-tp": 47.0,
      "eval_runtime": 1.7969,
      "eval_samples_per_second": 92.939,
      "eval_spot-F1": 81.0345,
      "eval_spot-P": 81.0345,
      "eval_spot-R": 81.0345,
      "eval_spot-gold": 58.0,
      "eval_spot-pred": 58.0,
      "eval_spot-tp": 47.0,
      "eval_well-formed": 167,
      "step": 1176
    },
    {
      "epoch": 15.0,
      "eval_asoc-F1": 0.0,
      "eval_asoc-P": 0.0,
      "eval_asoc-R": 0.0,
      "eval_asoc-gold": 0.0,
      "eval_asoc-pred": 0.0,
      "eval_asoc-tp": 0.0,
      "eval_gen_len": 5.1437,
      "eval_gold_tree": 58,
      "eval_loss": 0.16361993551254272,
      "eval_ordered-record-F1": 81.3559,
      "eval_ordered-record-P": 80.0,
      "eval_ordered-record-R": 82.7586,
      "eval_ordered-record-gold": 58.0,
      "eval_ordered-record-pred": 60.0,
      "eval_ordered-record-tp": 48.0,
      "eval_overall-F1": 81.3559,
      "eval_pred_tree": 63,
      "eval_record-F1": 81.3559,
      "eval_record-P": 80.0,
      "eval_record-R": 82.7586,
      "eval_record-gold": 58.0,
      "eval_record-pred": 60.0,
      "eval_record-tp": 48.0,
      "eval_runtime": 1.0766,
      "eval_samples_per_second": 155.12,
      "eval_spot-F1": 81.3559,
      "eval_spot-P": 80.0,
      "eval_spot-R": 82.7586,
      "eval_spot-gold": 58.0,
      "eval_spot-pred": 60.0,
      "eval_spot-tp": 48.0,
      "eval_well-formed": 167,
      "step": 1260
    },
    {
      "epoch": 16.0,
      "eval_asoc-F1": 0.0,
      "eval_asoc-P": 0.0,
      "eval_asoc-R": 0.0,
      "eval_asoc-gold": 0.0,
      "eval_asoc-pred": 0.0,
      "eval_asoc-tp": 0.0,
      "eval_gen_len": 5.1677,
      "eval_gold_tree": 58,
      "eval_loss": 0.16575483977794647,
      "eval_ordered-record-F1": 79.661,
      "eval_ordered-record-P": 78.3333,
      "eval_ordered-record-R": 81.0345,
      "eval_ordered-record-gold": 58.0,
      "eval_ordered-record-pred": 60.0,
      "eval_ordered-record-tp": 47.0,
      "eval_overall-F1": 79.661,
      "eval_pred_tree": 64,
      "eval_record-F1": 79.661,
      "eval_record-P": 78.3333,
      "eval_record-R": 81.0345,
      "eval_record-gold": 58.0,
      "eval_record-pred": 60.0,
      "eval_record-tp": 47.0,
      "eval_runtime": 1.793,
      "eval_samples_per_second": 93.14,
      "eval_spot-F1": 79.661,
      "eval_spot-P": 78.3333,
      "eval_spot-R": 81.0345,
      "eval_spot-gold": 58.0,
      "eval_spot-pred": 60.0,
      "eval_spot-tp": 47.0,
      "eval_well-formed": 167,
      "step": 1344
    },
    {
      "epoch": 17.0,
      "eval_asoc-F1": 0.0,
      "eval_asoc-P": 0.0,
      "eval_asoc-R": 0.0,
      "eval_asoc-gold": 0.0,
      "eval_asoc-pred": 0.0,
      "eval_asoc-tp": 0.0,
      "eval_gen_len": 5.1377,
      "eval_gold_tree": 58,
      "eval_loss": 0.16644813120365143,
      "eval_ordered-record-F1": 78.9916,
      "eval_ordered-record-P": 77.0492,
      "eval_ordered-record-R": 81.0345,
      "eval_ordered-record-gold": 58.0,
      "eval_ordered-record-pred": 61.0,
      "eval_ordered-record-tp": 47.0,
      "eval_overall-F1": 78.9916,
      "eval_pred_tree": 63,
      "eval_record-F1": 78.9916,
      "eval_record-P": 77.0492,
      "eval_record-R": 81.0345,
      "eval_record-gold": 58.0,
      "eval_record-pred": 61.0,
      "eval_record-tp": 47.0,
      "eval_runtime": 1.6604,
      "eval_samples_per_second": 100.579,
      "eval_spot-F1": 78.9916,
      "eval_spot-P": 77.0492,
      "eval_spot-R": 81.0345,
      "eval_spot-gold": 58.0,
      "eval_spot-pred": 61.0,
      "eval_spot-tp": 47.0,
      "eval_well-formed": 167,
      "step": 1428
    },
    {
      "epoch": 17.86,
      "learning_rate": 8.44475721323012e-07,
      "loss": 0.0475,
      "step": 1500
    },
    {
      "epoch": 18.0,
      "eval_asoc-F1": 0.0,
      "eval_asoc-P": 0.0,
      "eval_asoc-R": 0.0,
      "eval_asoc-gold": 0.0,
      "eval_asoc-pred": 0.0,
      "eval_asoc-tp": 0.0,
      "eval_gen_len": 5.1677,
      "eval_gold_tree": 58,
      "eval_loss": 0.1706746220588684,
      "eval_ordered-record-F1": 80.6723,
      "eval_ordered-record-P": 78.6885,
      "eval_ordered-record-R": 82.7586,
      "eval_ordered-record-gold": 58.0,
      "eval_ordered-record-pred": 61.0,
      "eval_ordered-record-tp": 48.0,
      "eval_overall-F1": 80.6723,
      "eval_pred_tree": 64,
      "eval_record-F1": 80.6723,
      "eval_record-P": 78.6885,
      "eval_record-R": 82.7586,
      "eval_record-gold": 58.0,
      "eval_record-pred": 61.0,
      "eval_record-tp": 48.0,
      "eval_runtime": 1.5872,
      "eval_samples_per_second": 105.218,
      "eval_spot-F1": 80.6723,
      "eval_spot-P": 78.6885,
      "eval_spot-R": 82.7586,
      "eval_spot-gold": 58.0,
      "eval_spot-pred": 61.0,
      "eval_spot-tp": 48.0,
      "eval_well-formed": 167,
      "step": 1512
    },
    {
      "epoch": 18.0,
      "step": 1512,
      "total_flos": 0,
      "train_runtime": 387.2957,
      "train_samples_per_second": 3.904
    }
  ],
  "max_steps": 1512,
  "num_train_epochs": 18,
  "total_flos": 0,
  "trial_name": null,
  "trial_params": null
}
