{
    "epoch": "2/20",
    "best_epoch": 1,
    "max_gpu_mem": "2.5530",
    "cur_ram": "2.4586",
    "time_epoch": "0:00:08",
    "time_total": "0:00:17",
    "best_train_ner_loss": 1498.606776123047,
    "train_ner_loss": 733.9430018615723,
    "best_train_sum": 0.00027773920288848774,
    "train_sum": 0.00027773920288848774,
    "best_dev_ner_loss": 1212.5690089634486,
    "dev_ner_loss": 118.20740836007255,
    "best_dev_sum": 0.0,
    "dev_sum": 0.0,
    "best_train_ner_precision": 0.0014172909495849362,
    "best_train_ner_recall": 0.052336448598130844,
    "best_train_ner_span_f1": 0.002759844265930708,
    "train_ner_precision": 0.00015001500150015003,
    "train_ner_recall": 0.001869158878504673,
    "train_ner_span_f1": 0.00027773920288848774,
    "best_dev_ner_precision": 0.0,
    "best_dev_ner_recall": 0.0,
    "best_dev_ner_span_f1": 0.0,
    "dev_ner_precision": 0.0,
    "dev_ner_recall": 0.0,
    "dev_ner_span_f1": 0.0
}