{
    "epoch": "1/20",
    "best_epoch": 1,
    "max_gpu_mem": "1.2376",
    "cur_ram": "2.4464",
    "time_epoch": "0:00:06",
    "time_total": "0:00:09",
    "best_train_ner_loss": 1498.606776123047,
    "train_ner_loss": 1498.606776123047,
    "best_train_sum": 0.002759844265930708,
    "train_sum": 0.002759844265930708,
    "best_dev_ner_loss": 1212.5690089634486,
    "dev_ner_loss": 1212.5690089634486,
    "best_dev_sum": 0.0,
    "dev_sum": 0.0,
    "best_train_ner_precision": 0.0014172909495849362,
    "best_train_ner_recall": 0.052336448598130844,
    "best_train_ner_span_f1": 0.002759844265930708,
    "train_ner_precision": 0.0014172909495849362,
    "train_ner_recall": 0.052336448598130844,
    "train_ner_span_f1": 0.002759844265930708,
    "best_dev_ner_precision": 0.0,
    "best_dev_ner_recall": 0.0,
    "best_dev_ner_span_f1": 0.0,
    "dev_ner_precision": 0.0,
    "dev_ner_recall": 0.0,
    "dev_ner_span_f1": 0.0
}