{
    "epoch": "18/20",
    "best_epoch": 8,
    "max_gpu_mem": "2.5743",
    "cur_ram": "2.4718",
    "time_epoch": "0:00:08",
    "time_total": "0:02:27",
    "best_train_ner_loss": 7.564593811035156,
    "train_ner_loss": 0.4409923934936523,
    "best_train_sum": 0.9934640522875817,
    "train_sum": 0.9934640522875817,
    "best_dev_ner_loss": 16.752018519810267,
    "dev_ner_loss": 21.66779545375279,
    "best_dev_sum": 0.8549618320610687,
    "dev_sum": 0.8270676691729324,
    "best_train_ner_precision": 0.8818181818181818,
    "best_train_ner_recall": 0.9065420560747663,
    "best_train_ner_span_f1": 0.8940092165898617,
    "train_ner_precision": 0.9925373134328358,
    "train_ner_recall": 0.994392523364486,
    "train_ner_span_f1": 0.9934640522875817,
    "best_dev_ner_precision": 0.8235294117647058,
    "best_dev_ner_recall": 0.8888888888888888,
    "best_dev_ner_span_f1": 0.8549618320610687,
    "dev_ner_precision": 0.7857142857142857,
    "dev_ner_recall": 0.873015873015873,
    "dev_ner_span_f1": 0.8270676691729324
}