{
    "epoch": "7/20",
    "best_epoch": 7,
    "max_gpu_mem": "2.5743",
    "cur_ram": "2.4715",
    "time_epoch": "0:00:08",
    "time_total": "0:00:59",
    "best_train_ner_loss": 12.095747871398926,
    "train_ner_loss": 12.095747871398926,
    "best_train_sum": 0.841429880843263,
    "train_sum": 0.841429880843263,
    "best_dev_ner_loss": 16.23723793029785,
    "dev_ner_loss": 16.23723793029785,
    "best_dev_sum": 0.7786259541984734,
    "dev_sum": 0.7786259541984734,
    "best_train_ner_precision": 0.8255395683453237,
    "best_train_ner_recall": 0.8579439252336448,
    "best_train_ner_span_f1": 0.841429880843263,
    "train_ner_precision": 0.8255395683453237,
    "train_ner_recall": 0.8579439252336448,
    "train_ner_span_f1": 0.841429880843263,
    "best_dev_ner_precision": 0.75,
    "best_dev_ner_recall": 0.8095238095238095,
    "best_dev_ner_span_f1": 0.7786259541984734,
    "dev_ner_precision": 0.75,
    "dev_ner_recall": 0.8095238095238095,
    "dev_ner_span_f1": 0.7786259541984734
}