{
    "epoch": "19/20",
    "best_epoch": 8,
    "max_gpu_mem": "2.5743",
    "cur_ram": "2.4718",
    "time_epoch": "0:00:08",
    "time_total": "0:02:35",
    "best_train_ner_loss": 7.564593811035156,
    "train_ner_loss": 0.4755124664306641,
    "best_train_sum": 0.994392523364486,
    "train_sum": 0.994392523364486,
    "best_dev_ner_loss": 16.752018519810267,
    "dev_ner_loss": 22.701558794294083,
    "best_dev_sum": 0.8549618320610687,
    "dev_sum": 0.81203007518797,
    "best_train_ner_precision": 0.8818181818181818,
    "best_train_ner_recall": 0.9065420560747663,
    "best_train_ner_span_f1": 0.8940092165898617,
    "train_ner_precision": 0.994392523364486,
    "train_ner_recall": 0.994392523364486,
    "train_ner_span_f1": 0.994392523364486,
    "best_dev_ner_precision": 0.8235294117647058,
    "best_dev_ner_recall": 0.8888888888888888,
    "best_dev_ner_span_f1": 0.8549618320610687,
    "dev_ner_precision": 0.7714285714285715,
    "dev_ner_recall": 0.8571428571428571,
    "dev_ner_span_f1": 0.81203007518797
}