{
    "epoch": "12/20",
    "best_epoch": 8,
    "max_gpu_mem": "2.5743",
    "cur_ram": "2.4716",
    "time_epoch": "0:00:07",
    "time_total": "0:01:39",
    "best_train_ner_loss": 7.564593811035156,
    "train_ner_loss": 2.37300479888916,
    "best_train_sum": 0.9637883008356546,
    "train_sum": 0.9637883008356546,
    "best_dev_ner_loss": 16.752018519810267,
    "dev_ner_loss": 17.780724661690847,
    "best_dev_sum": 0.8549618320610687,
    "dev_sum": 0.81203007518797,
    "best_train_ner_precision": 0.8818181818181818,
    "best_train_ner_recall": 0.9065420560747663,
    "best_train_ner_span_f1": 0.8940092165898617,
    "train_ner_precision": 0.9575645756457565,
    "train_ner_recall": 0.9700934579439252,
    "train_ner_span_f1": 0.9637883008356546,
    "best_dev_ner_precision": 0.8235294117647058,
    "best_dev_ner_recall": 0.8888888888888888,
    "best_dev_ner_span_f1": 0.8549618320610687,
    "dev_ner_precision": 0.7714285714285715,
    "dev_ner_recall": 0.8571428571428571,
    "dev_ner_span_f1": 0.81203007518797
}