{
    "epoch": "3/20",
    "best_epoch": 1,
    "max_gpu_mem": "2.5683",
    "cur_ram": "2.4586",
    "time_epoch": "0:00:08",
    "time_total": "0:00:25",
    "best_train_ner_loss": 1498.606776123047,
    "train_ner_loss": 113.12308444976807,
    "best_train_sum": 0.0,
    "train_sum": 0.0,
    "best_dev_ner_loss": 1212.5690089634486,
    "dev_ner_loss": 77.03653717041016,
    "best_dev_sum": 0.0,
    "dev_sum": 0.0,
    "best_train_ner_precision": 0.0014172909495849362,
    "best_train_ner_recall": 0.052336448598130844,
    "best_train_ner_span_f1": 0.002759844265930708,
    "train_ner_precision": 0.0,
    "train_ner_recall": 0.0,
    "train_ner_span_f1": 0.0,
    "best_dev_ner_precision": 0.0,
    "best_dev_ner_recall": 0.0,
    "best_dev_ner_span_f1": 0.0,
    "dev_ner_precision": 0.0,
    "dev_ner_recall": 0.0,
    "dev_ner_span_f1": 0.0
}