{
    "epoch": "6/20",
    "best_epoch": 6,
    "max_gpu_mem": "2.5743",
    "cur_ram": "2.4715",
    "time_epoch": "0:00:08",
    "time_total": "0:00:50",
    "best_train_ner_loss": 18.42984794616699,
    "train_ner_loss": 18.42984794616699,
    "best_train_sum": 0.7358997314234557,
    "train_sum": 0.7358997314234557,
    "best_dev_ner_loss": 18.53500039236886,
    "dev_ner_loss": 18.53500039236886,
    "best_dev_sum": 0.7727272727272727,
    "dev_sum": 0.7727272727272727,
    "best_train_ner_precision": 0.7061855670103093,
    "best_train_ner_recall": 0.7682242990654206,
    "best_train_ner_span_f1": 0.7358997314234557,
    "train_ner_precision": 0.7061855670103093,
    "train_ner_recall": 0.7682242990654206,
    "train_ner_span_f1": 0.7358997314234557,
    "best_dev_ner_precision": 0.7391304347826086,
    "best_dev_ner_recall": 0.8095238095238095,
    "best_dev_ner_span_f1": 0.7727272727272727,
    "dev_ner_precision": 0.7391304347826086,
    "dev_ner_recall": 0.8095238095238095,
    "dev_ner_span_f1": 0.7727272727272727
}