{
    "epoch": "8/20",
    "best_epoch": 8,
    "max_gpu_mem": "3.6661",
    "cur_ram": "2.4958",
    "time_epoch": "0:00:08",
    "time_total": "0:01:13",
    "best_train_ner_loss": 11.844559239406212,
    "train_ner_loss": 11.844559239406212,
    "best_train_sum": 0.8487712665406428,
    "train_sum": 0.8487712665406428,
    "best_dev_ner_loss": 21.412223270961217,
    "dev_ner_loss": 21.412223270961217,
    "best_dev_sum": 0.7904191616766467,
    "dev_sum": 0.7904191616766467,
    "best_train_ner_precision": 0.8361266294227188,
    "best_train_ner_recall": 0.8618042226487524,
    "best_train_ner_span_f1": 0.8487712665406428,
    "train_ner_precision": 0.8361266294227188,
    "train_ner_recall": 0.8618042226487524,
    "train_ner_span_f1": 0.8487712665406428,
    "best_dev_ner_precision": 0.7586206896551724,
    "best_dev_ner_recall": 0.825,
    "best_dev_ner_span_f1": 0.7904191616766467,
    "dev_ner_precision": 0.7586206896551724,
    "dev_ner_recall": 0.825,
    "dev_ner_span_f1": 0.7904191616766467
}