{
    "epoch": "6/20",
    "best_epoch": 6,
    "max_gpu_mem": "3.6661",
    "cur_ram": "2.4956",
    "time_epoch": "0:00:08",
    "time_total": "0:00:54",
    "best_train_ner_loss": 22.50881789712345,
    "train_ner_loss": 22.50881789712345,
    "best_train_sum": 0.6925925925925926,
    "train_sum": 0.6925925925925926,
    "best_dev_ner_loss": 24.205183029174805,
    "dev_ner_loss": 24.205183029174805,
    "best_dev_sum": 0.6913580246913581,
    "dev_sum": 0.6913580246913581,
    "best_train_ner_precision": 0.669051878354204,
    "best_train_ner_recall": 0.7178502879078695,
    "best_train_ner_span_f1": 0.6925925925925926,
    "train_ner_precision": 0.669051878354204,
    "train_ner_recall": 0.7178502879078695,
    "train_ner_span_f1": 0.6925925925925926,
    "best_dev_ner_precision": 0.6829268292682927,
    "best_dev_ner_recall": 0.7,
    "best_dev_ner_span_f1": 0.6913580246913581,
    "dev_ner_precision": 0.6829268292682927,
    "dev_ner_recall": 0.7,
    "dev_ner_span_f1": 0.6913580246913581
}