{
    "epoch": "9/20",
    "best_epoch": 8,
    "max_gpu_mem": "3.6661",
    "cur_ram": "2.4958",
    "time_epoch": "0:00:08",
    "time_total": "0:01:22",
    "best_train_ner_loss": 11.844559239406212,
    "train_ner_loss": 7.231079587749407,
    "best_train_sum": 0.9000951474785919,
    "train_sum": 0.9000951474785919,
    "best_dev_ner_loss": 21.412223270961217,
    "dev_ner_loss": 22.695514133998326,
    "best_dev_sum": 0.7904191616766467,
    "dev_sum": 0.7590361445783131,
    "best_train_ner_precision": 0.8361266294227188,
    "best_train_ner_recall": 0.8618042226487524,
    "best_train_ner_span_f1": 0.8487712665406428,
    "train_ner_precision": 0.8924528301886793,
    "train_ner_recall": 0.9078694817658349,
    "train_ner_span_f1": 0.9000951474785919,
    "best_dev_ner_precision": 0.7586206896551724,
    "best_dev_ner_recall": 0.825,
    "best_dev_ner_span_f1": 0.7904191616766467,
    "dev_ner_precision": 0.7325581395348837,
    "dev_ner_recall": 0.7875,
    "dev_ner_span_f1": 0.7590361445783131
}