{
    "epoch": "2/20",
    "best_epoch": 1,
    "max_gpu_mem": "3.6487",
    "cur_ram": "2.4882",
    "time_epoch": "0:00:08",
    "time_total": "0:00:18",
    "best_train_ner_loss": 1842.7310473872167,
    "train_ner_loss": 596.0707992104923,
    "best_train_sum": 0.0003429943405933802,
    "train_sum": 0.0003429943405933802,
    "best_dev_ner_loss": 1574.3966674804688,
    "dev_ner_loss": 132.7929927280971,
    "best_dev_sum": 0.0,
    "dev_sum": 0.0,
    "best_train_ner_precision": 0.0004863287582405706,
    "best_train_ner_recall": 0.01727447216890595,
    "best_train_ner_span_f1": 0.0009460240710569189,
    "train_ner_precision": 0.00018832391713747646,
    "train_ner_recall": 0.0019193857965451055,
    "train_ner_span_f1": 0.0003429943405933802,
    "best_dev_ner_precision": 0.0,
    "best_dev_ner_recall": 0.0,
    "best_dev_ner_span_f1": 0.0,
    "dev_ner_precision": 0.0,
    "dev_ner_recall": 0.0,
    "dev_ner_span_f1": 0.0
}