{
    "epoch": "18/20",
    "best_epoch": 14,
    "max_gpu_mem": "3.6661",
    "cur_ram": "2.4960",
    "time_epoch": "0:00:08",
    "time_total": "0:02:41",
    "best_train_ner_loss": 2.24051991631003,
    "train_ner_loss": 0.6900752198462393,
    "best_train_sum": 0.9942528735632183,
    "train_sum": 0.9942528735632183,
    "best_dev_ner_loss": 27.555056435721262,
    "dev_ner_loss": 31.762739453996932,
    "best_dev_sum": 0.8192771084337349,
    "dev_sum": 0.7926829268292684,
    "best_train_ner_precision": 0.9694072657743786,
    "best_train_ner_recall": 0.9731285988483686,
    "best_train_ner_span_f1": 0.971264367816092,
    "train_ner_precision": 0.9923518164435946,
    "train_ner_recall": 0.9961612284069098,
    "train_ner_span_f1": 0.9942528735632183,
    "best_dev_ner_precision": 0.7906976744186046,
    "best_dev_ner_recall": 0.85,
    "best_dev_ner_span_f1": 0.8192771084337349,
    "dev_ner_precision": 0.7738095238095238,
    "dev_ner_recall": 0.8125,
    "dev_ner_span_f1": 0.7926829268292684
}