{
    "epoch": "17/20",
    "best_epoch": 14,
    "max_gpu_mem": "3.6661",
    "cur_ram": "2.4960",
    "time_epoch": "0:00:08",
    "time_total": "0:02:32",
    "best_train_ner_loss": 2.24051991631003,
    "train_ner_loss": 0.8226756675570619,
    "best_train_sum": 0.9932627526467758,
    "train_sum": 0.9932627526467758,
    "best_dev_ner_loss": 27.555056435721262,
    "dev_ner_loss": 32.53487777709961,
    "best_dev_sum": 0.8192771084337349,
    "dev_sum": 0.8121212121212121,
    "best_train_ner_precision": 0.9694072657743786,
    "best_train_ner_recall": 0.9731285988483686,
    "best_train_ner_span_f1": 0.971264367816092,
    "train_ner_precision": 0.9961389961389961,
    "train_ner_recall": 0.9904030710172744,
    "train_ner_span_f1": 0.9932627526467758,
    "best_dev_ner_precision": 0.7906976744186046,
    "best_dev_ner_recall": 0.85,
    "best_dev_ner_span_f1": 0.8192771084337349,
    "dev_ner_precision": 0.788235294117647,
    "dev_ner_recall": 0.8375,
    "dev_ner_span_f1": 0.8121212121212121
}