{
    "epoch": "4/20",
    "best_epoch": 4,
    "max_gpu_mem": "3.6661",
    "cur_ram": "2.4884",
    "time_epoch": "0:00:08",
    "time_total": "0:00:35",
    "best_train_ner_loss": 80.21029188118729,
    "train_ner_loss": 80.21029188118729,
    "best_train_sum": 0.10696920583468394,
    "train_sum": 0.10696920583468394,
    "best_dev_ner_loss": 49.7003173828125,
    "dev_ner_loss": 49.7003173828125,
    "best_dev_sum": 0.29743589743589743,
    "dev_sum": 0.29743589743589743,
    "best_train_ner_precision": 0.34375,
    "best_train_ner_recall": 0.06333973128598848,
    "best_train_ner_span_f1": 0.10696920583468394,
    "train_ner_precision": 0.34375,
    "train_ner_recall": 0.06333973128598848,
    "train_ner_span_f1": 0.10696920583468394,
    "best_dev_ner_precision": 0.25217391304347825,
    "best_dev_ner_recall": 0.3625,
    "best_dev_ner_span_f1": 0.29743589743589743,
    "dev_ner_precision": 0.25217391304347825,
    "dev_ner_recall": 0.3625,
    "dev_ner_span_f1": 0.29743589743589743
}