{
    "epoch": "13/20",
    "best_epoch": 10,
    "max_gpu_mem": "3.6661",
    "cur_ram": "2.4959",
    "time_epoch": "0:00:08",
    "time_total": "0:01:57",
    "best_train_ner_loss": 5.81367062587364,
    "train_ner_loss": 2.7977774750952626,
    "best_train_sum": 0.9656488549618321,
    "train_sum": 0.9656488549618321,
    "best_dev_ner_loss": 25.894213267735072,
    "dev_ner_loss": 28.402098519461497,
    "best_dev_sum": 0.8000000000000002,
    "dev_sum": 0.7468354430379747,
    "best_train_ner_precision": 0.8996282527881041,
    "best_train_ner_recall": 0.9289827255278311,
    "best_train_ner_span_f1": 0.9140698772426818,
    "train_ner_precision": 0.9601518026565465,
    "train_ner_recall": 0.9712092130518234,
    "train_ner_span_f1": 0.9656488549618321,
    "best_dev_ner_precision": 0.8,
    "best_dev_ner_recall": 0.8,
    "best_dev_ner_span_f1": 0.8000000000000002,
    "dev_ner_precision": 0.7564102564102564,
    "dev_ner_recall": 0.7375,
    "dev_ner_span_f1": 0.7468354430379747
}