{
    "epoch": "5/20",
    "best_epoch": 5,
    "max_gpu_mem": "3.6661",
    "cur_ram": "2.4885",
    "time_epoch": "0:00:08",
    "time_total": "0:00:45",
    "best_train_ner_loss": 38.47312697242288,
    "train_ner_loss": 38.47312697242288,
    "best_train_sum": 0.41072925398155913,
    "train_sum": 0.41072925398155913,
    "best_dev_ner_loss": 32.05561746869768,
    "dev_ner_loss": 32.05561746869768,
    "best_dev_sum": 0.48863636363636365,
    "dev_sum": 0.48863636363636365,
    "best_train_ner_precision": 0.3645833333333333,
    "best_train_ner_recall": 0.47024952015355087,
    "best_train_ner_span_f1": 0.41072925398155913,
    "train_ner_precision": 0.3645833333333333,
    "train_ner_recall": 0.47024952015355087,
    "train_ner_span_f1": 0.41072925398155913,
    "best_dev_ner_precision": 0.4479166666666667,
    "best_dev_ner_recall": 0.5375,
    "best_dev_ner_span_f1": 0.48863636363636365,
    "dev_ner_precision": 0.4479166666666667,
    "dev_ner_recall": 0.5375,
    "dev_ner_span_f1": 0.48863636363636365
}