{
    "epoch": "20/20",
    "best_epoch": 14,
    "max_gpu_mem": "3.6682",
    "cur_ram": "2.4961",
    "time_epoch": "0:00:08",
    "time_total": "0:02:58",
    "best_train_ner_loss": 2.24051991631003,
    "train_ner_loss": 0.4462655759325214,
    "best_train_sum": 0.99712368168744,
    "train_sum": 0.99712368168744,
    "best_dev_ner_loss": 27.555056435721262,
    "dev_ner_loss": 31.775639125279017,
    "best_dev_sum": 0.8192771084337349,
    "dev_sum": 0.8170731707317073,
    "best_train_ner_precision": 0.9694072657743786,
    "best_train_ner_recall": 0.9731285988483686,
    "best_train_ner_span_f1": 0.971264367816092,
    "train_ner_precision": 0.9961685823754789,
    "train_ner_recall": 0.9980806142034548,
    "train_ner_span_f1": 0.99712368168744,
    "best_dev_ner_precision": 0.7906976744186046,
    "best_dev_ner_recall": 0.85,
    "best_dev_ner_span_f1": 0.8192771084337349,
    "dev_ner_precision": 0.7976190476190477,
    "dev_ner_recall": 0.8375,
    "dev_ner_span_f1": 0.8170731707317073
}