{
    "epoch": "7/20",
    "best_epoch": 7,
    "max_gpu_mem": "3.6661",
    "cur_ram": "2.4957",
    "time_epoch": "0:00:08",
    "time_total": "0:01:03",
    "best_train_ner_loss": 14.847562191533108,
    "train_ner_loss": 14.847562191533108,
    "best_train_sum": 0.806054872280038,
    "train_sum": 0.806054872280038,
    "best_dev_ner_loss": 21.45389311654227,
    "dev_ner_loss": 21.45389311654227,
    "best_dev_sum": 0.7388535031847133,
    "dev_sum": 0.7388535031847133,
    "best_train_ner_precision": 0.7947761194029851,
    "best_train_ner_recall": 0.817658349328215,
    "best_train_ner_span_f1": 0.806054872280038,
    "train_ner_precision": 0.7947761194029851,
    "train_ner_recall": 0.817658349328215,
    "train_ner_span_f1": 0.806054872280038,
    "best_dev_ner_precision": 0.7532467532467533,
    "best_dev_ner_recall": 0.725,
    "best_dev_ner_span_f1": 0.7388535031847133,
    "dev_ner_precision": 0.7532467532467533,
    "dev_ner_recall": 0.725,
    "dev_ner_span_f1": 0.7388535031847133
}