{
    "epoch": "11/20",
    "best_epoch": 10,
    "max_gpu_mem": "3.6661",
    "cur_ram": "2.4959",
    "time_epoch": "0:00:08",
    "time_total": "0:01:40",
    "best_train_ner_loss": 5.81367062587364,
    "train_ner_loss": 4.799631081375421,
    "best_train_sum": 0.9386973180076628,
    "train_sum": 0.9386973180076628,
    "best_dev_ner_loss": 25.894213267735072,
    "dev_ner_loss": 28.199207850864955,
    "best_dev_sum": 0.8000000000000002,
    "dev_sum": 0.7529411764705882,
    "best_train_ner_precision": 0.8996282527881041,
    "best_train_ner_recall": 0.9289827255278311,
    "best_train_ner_span_f1": 0.9140698772426818,
    "train_ner_precision": 0.9369024856596558,
    "train_ner_recall": 0.9404990403071017,
    "train_ner_span_f1": 0.9386973180076628,
    "best_dev_ner_precision": 0.8,
    "best_dev_ner_recall": 0.8,
    "best_dev_ner_span_f1": 0.8000000000000002,
    "dev_ner_precision": 0.7111111111111111,
    "dev_ner_recall": 0.8,
    "dev_ner_span_f1": 0.7529411764705882
}