{
    "epoch": "10/20",
    "best_epoch": 10,
    "max_gpu_mem": "3.6661",
    "cur_ram": "2.4958",
    "time_epoch": "0:00:08",
    "time_total": "0:01:31",
    "best_train_ner_loss": 5.81367062587364,
    "train_ner_loss": 5.81367062587364,
    "best_train_sum": 0.9140698772426818,
    "train_sum": 0.9140698772426818,
    "best_dev_ner_loss": 25.894213267735072,
    "dev_ner_loss": 25.894213267735072,
    "best_dev_sum": 0.8000000000000002,
    "dev_sum": 0.8000000000000002,
    "best_train_ner_precision": 0.8996282527881041,
    "best_train_ner_recall": 0.9289827255278311,
    "best_train_ner_span_f1": 0.9140698772426818,
    "train_ner_precision": 0.8996282527881041,
    "train_ner_recall": 0.9289827255278311,
    "train_ner_span_f1": 0.9140698772426818,
    "best_dev_ner_precision": 0.8,
    "best_dev_ner_recall": 0.8,
    "best_dev_ner_span_f1": 0.8000000000000002,
    "dev_ner_precision": 0.8,
    "dev_ner_recall": 0.8,
    "dev_ner_span_f1": 0.8000000000000002
}