{
    "epoch": "15/20",
    "best_epoch": 14,
    "max_gpu_mem": "3.6661",
    "cur_ram": "2.4960",
    "time_epoch": "0:00:08",
    "time_total": "0:02:15",
    "best_train_ner_loss": 2.24051991631003,
    "train_ner_loss": 1.174825069951076,
    "best_train_sum": 0.9865900383141762,
    "train_sum": 0.9865900383141762,
    "best_dev_ner_loss": 27.555056435721262,
    "dev_ner_loss": 31.2149532863072,
    "best_dev_sum": 0.8192771084337349,
    "dev_sum": 0.8121212121212121,
    "best_train_ner_precision": 0.9694072657743786,
    "best_train_ner_recall": 0.9731285988483686,
    "best_train_ner_span_f1": 0.971264367816092,
    "train_ner_precision": 0.9847036328871893,
    "train_ner_recall": 0.9884836852207294,
    "train_ner_span_f1": 0.9865900383141762,
    "best_dev_ner_precision": 0.7906976744186046,
    "best_dev_ner_recall": 0.85,
    "best_dev_ner_span_f1": 0.8192771084337349,
    "dev_ner_precision": 0.788235294117647,
    "dev_ner_recall": 0.8375,
    "dev_ner_span_f1": 0.8121212121212121
}