{
    "epoch": "6/20",
    "best_epoch": 6,
    "max_gpu_mem": "7.7519",
    "cur_ram": "2.7539",
    "time_epoch": "0:00:14",
    "time_total": "0:01:25",
    "best_train_ner_loss": 13.444559059143067,
    "train_ner_loss": 13.444559059143067,
    "best_train_sum": 0.8345323741007193,
    "train_sum": 0.8345323741007193,
    "best_dev_ner_loss": 18.74477549961635,
    "dev_ner_loss": 18.74477549961635,
    "best_dev_sum": 0.7619047619047619,
    "dev_sum": 0.7619047619047619,
    "best_train_ner_precision": 0.8256227758007118,
    "best_train_ner_recall": 0.8436363636363636,
    "best_train_ner_span_f1": 0.8345323741007193,
    "train_ner_precision": 0.8256227758007118,
    "train_ner_recall": 0.8436363636363636,
    "train_ner_span_f1": 0.8345323741007193,
    "best_dev_ner_precision": 0.75,
    "best_dev_ner_recall": 0.7741935483870968,
    "best_dev_ner_span_f1": 0.7619047619047619,
    "dev_ner_precision": 0.75,
    "dev_ner_recall": 0.7741935483870968,
    "dev_ner_span_f1": 0.7619047619047619
}