{
    "epoch": "8/20",
    "best_epoch": 8,
    "max_gpu_mem": "7.7519",
    "cur_ram": "2.7540",
    "time_epoch": "0:00:13",
    "time_total": "0:01:54",
    "best_train_ner_loss": 5.151076622009278,
    "train_ner_loss": 5.151076622009278,
    "best_train_sum": 0.9422382671480144,
    "train_sum": 0.9422382671480144,
    "best_dev_ner_loss": 21.71688515799386,
    "dev_ner_loss": 21.71688515799386,
    "best_dev_sum": 0.7868852459016393,
    "dev_sum": 0.7868852459016393,
    "best_train_ner_precision": 0.9354838709677419,
    "best_train_ner_recall": 0.9490909090909091,
    "best_train_ner_span_f1": 0.9422382671480144,
    "train_ner_precision": 0.9354838709677419,
    "train_ner_recall": 0.9490909090909091,
    "train_ner_span_f1": 0.9422382671480144,
    "best_dev_ner_precision": 0.8,
    "best_dev_ner_recall": 0.7741935483870968,
    "best_dev_ner_span_f1": 0.7868852459016393,
    "dev_ner_precision": 0.8,
    "dev_ner_recall": 0.7741935483870968,
    "dev_ner_span_f1": 0.7868852459016393
}