{
    "epoch": "12/20",
    "best_epoch": 8,
    "max_gpu_mem": "7.7607",
    "cur_ram": "2.7540",
    "time_epoch": "0:00:13",
    "time_total": "0:02:51",
    "best_train_ner_loss": 5.151076622009278,
    "train_ner_loss": 1.40146915435791,
    "best_train_sum": 0.9890909090909091,
    "train_sum": 0.9890909090909091,
    "best_dev_ner_loss": 21.71688515799386,
    "dev_ner_loss": 28.5963990347726,
    "best_dev_sum": 0.7868852459016393,
    "dev_sum": 0.7751937984496124,
    "best_train_ner_precision": 0.9354838709677419,
    "best_train_ner_recall": 0.9490909090909091,
    "best_train_ner_span_f1": 0.9422382671480144,
    "train_ner_precision": 0.9890909090909091,
    "train_ner_recall": 0.9890909090909091,
    "train_ner_span_f1": 0.9890909090909091,
    "best_dev_ner_precision": 0.8,
    "best_dev_ner_recall": 0.7741935483870968,
    "best_dev_ner_span_f1": 0.7868852459016393,
    "dev_ner_precision": 0.746268656716418,
    "dev_ner_recall": 0.8064516129032258,
    "dev_ner_span_f1": 0.7751937984496124
}