{
    "epoch": "1/20",
    "best_epoch": 1,
    "max_gpu_mem": "3.7471",
    "cur_ram": "2.7340",
    "time_epoch": "0:00:07",
    "time_total": "0:00:10",
    "best_train_ner_loss": 1185.3896411132812,
    "train_ner_loss": 1185.3896411132812,
    "best_train_sum": 0.0005286250462546916,
    "train_sum": 0.0005286250462546916,
    "best_dev_ner_loss": 806.4571053641183,
    "dev_ner_loss": 806.4571053641183,
    "best_dev_sum": 0.0,
    "dev_sum": 0.0,
    "best_train_ner_precision": 0.0002722273642946589,
    "best_train_ner_recall": 0.00909090909090909,
    "best_train_ner_span_f1": 0.0005286250462546916,
    "train_ner_precision": 0.0002722273642946589,
    "train_ner_recall": 0.00909090909090909,
    "train_ner_span_f1": 0.0005286250462546916,
    "best_dev_ner_precision": 0.0,
    "best_dev_ner_recall": 0.0,
    "best_dev_ner_span_f1": 0.0,
    "dev_ner_precision": 0.0,
    "dev_ner_recall": 0.0,
    "dev_ner_span_f1": 0.0
}