{
    "epoch": "10/20",
    "best_epoch": 8,
    "max_gpu_mem": "7.7607",
    "cur_ram": "2.7540",
    "time_epoch": "0:00:13",
    "time_total": "0:02:23",
    "best_train_ner_loss": 5.151076622009278,
    "train_ner_loss": 3.620241279602051,
    "best_train_sum": 0.9475587703435805,
    "train_sum": 0.9475587703435805,
    "best_dev_ner_loss": 21.71688515799386,
    "dev_ner_loss": 25.107310703822545,
    "best_dev_sum": 0.7868852459016393,
    "dev_sum": 0.7633587786259542,
    "best_train_ner_precision": 0.9354838709677419,
    "best_train_ner_recall": 0.9490909090909091,
    "best_train_ner_span_f1": 0.9422382671480144,
    "train_ner_precision": 0.9424460431654677,
    "train_ner_recall": 0.9527272727272728,
    "train_ner_span_f1": 0.9475587703435805,
    "best_dev_ner_precision": 0.8,
    "best_dev_ner_recall": 0.7741935483870968,
    "best_dev_ner_span_f1": 0.7868852459016393,
    "dev_ner_precision": 0.7246376811594203,
    "dev_ner_recall": 0.8064516129032258,
    "dev_ner_span_f1": 0.7633587786259542
}