{
    "epoch": "3/20",
    "best_epoch": 3,
    "max_gpu_mem": "7.7508",
    "cur_ram": "2.7532",
    "time_epoch": "0:00:14",
    "time_total": "0:00:39",
    "best_train_ner_loss": 77.90963176727296,
    "train_ner_loss": 77.90963176727296,
    "best_train_sum": 0.10749185667752442,
    "train_sum": 0.10749185667752442,
    "best_dev_ner_loss": 39.253143310546875,
    "dev_ner_loss": 39.253143310546875,
    "best_dev_sum": 0.34545454545454546,
    "dev_sum": 0.34545454545454546,
    "best_train_ner_precision": 0.515625,
    "best_train_ner_recall": 0.06,
    "best_train_ner_span_f1": 0.10749185667752442,
    "train_ner_precision": 0.515625,
    "train_ner_recall": 0.06,
    "train_ner_span_f1": 0.10749185667752442,
    "best_dev_ner_precision": 0.3958333333333333,
    "best_dev_ner_recall": 0.3064516129032258,
    "best_dev_ner_span_f1": 0.34545454545454546,
    "dev_ner_precision": 0.3958333333333333,
    "dev_ner_recall": 0.3064516129032258,
    "dev_ner_span_f1": 0.34545454545454546
}