{
    "epoch": "2/20",
    "best_epoch": 1,
    "max_gpu_mem": "7.7508",
    "cur_ram": "2.7529",
    "time_epoch": "0:00:14",
    "time_total": "0:00:25",
    "best_train_ner_loss": 1185.3896411132812,
    "train_ner_loss": 385.39250247955323,
    "best_train_sum": 0.0011534025374855825,
    "train_sum": 0.0011534025374855825,
    "best_dev_ner_loss": 806.4571053641183,
    "dev_ner_loss": 85.84191022600446,
    "best_dev_sum": 0.0,
    "dev_sum": 0.0,
    "best_train_ner_precision": 0.0002722273642946589,
    "best_train_ner_recall": 0.00909090909090909,
    "best_train_ner_span_f1": 0.0005286250462546916,
    "train_ner_precision": 0.0008445945945945946,
    "train_ner_recall": 0.0018181818181818182,
    "train_ner_span_f1": 0.0011534025374855825,
    "best_dev_ner_precision": 0.0,
    "best_dev_ner_recall": 0.0,
    "best_dev_ner_span_f1": 0.0,
    "dev_ner_precision": 0.0,
    "dev_ner_recall": 0.0,
    "dev_ner_span_f1": 0.0
}