{
    "epoch": "12/20",
    "best_epoch": 9,
    "max_gpu_mem": "2.8468",
    "cur_ram": "2.4849",
    "time_epoch": "0:00:08",
    "time_total": "0:01:46",
    "best_train_ner_loss": 9.922624905904135,
    "train_ner_loss": 4.35527843899197,
    "best_train_sum": 0.9341749323715058,
    "train_sum": 0.9341749323715058,
    "best_dev_ner_loss": 20.62235586983817,
    "dev_ner_loss": 23.17485100882394,
    "best_dev_sum": 0.7538461538461538,
    "dev_sum": 0.7384615384615385,
    "best_train_ner_precision": 0.8568872987477638,
    "best_train_ner_recall": 0.8709090909090909,
    "best_train_ner_span_f1": 0.8638412984670875,
    "train_ner_precision": 0.9266547406082289,
    "train_ner_recall": 0.9418181818181818,
    "train_ner_span_f1": 0.9341749323715058,
    "best_dev_ner_precision": 0.7205882352941176,
    "best_dev_ner_recall": 0.7903225806451613,
    "best_dev_ner_span_f1": 0.7538461538461538,
    "dev_ner_precision": 0.7058823529411765,
    "dev_ner_recall": 0.7741935483870968,
    "dev_ner_span_f1": 0.7384615384615385
}