{
    "epoch": "19/20",
    "best_epoch": 14,
    "max_gpu_mem": "2.8505",
    "cur_ram": "2.4851",
    "time_epoch": "0:00:08",
    "time_total": "0:02:47",
    "best_train_ner_loss": 2.402236655906395,
    "train_ner_loss": 0.8713995262428567,
    "best_train_sum": 0.990909090909091,
    "train_sum": 0.990909090909091,
    "best_dev_ner_loss": 22.22870635986328,
    "dev_ner_loss": 28.366599491664342,
    "best_dev_sum": 0.7727272727272727,
    "dev_sum": 0.7230769230769231,
    "best_train_ner_precision": 0.9693140794223827,
    "best_train_ner_recall": 0.9763636363636363,
    "best_train_ner_span_f1": 0.9728260869565217,
    "train_ner_precision": 0.990909090909091,
    "train_ner_recall": 0.990909090909091,
    "train_ner_span_f1": 0.990909090909091,
    "best_dev_ner_precision": 0.7285714285714285,
    "best_dev_ner_recall": 0.8225806451612904,
    "best_dev_ner_span_f1": 0.7727272727272727,
    "dev_ner_precision": 0.6911764705882353,
    "dev_ner_recall": 0.7580645161290323,
    "dev_ner_span_f1": 0.7230769230769231
}