{
    "epoch": "10/20",
    "best_epoch": 9,
    "max_gpu_mem": "2.8468",
    "cur_ram": "2.4849",
    "time_epoch": "0:00:08",
    "time_total": "0:01:29",
    "best_train_ner_loss": 9.922624905904135,
    "train_ner_loss": 5.81601909354881,
    "best_train_sum": 0.9146451033243486,
    "train_sum": 0.9146451033243486,
    "best_dev_ner_loss": 20.62235586983817,
    "dev_ner_loss": 22.032820565359934,
    "best_dev_sum": 0.7538461538461538,
    "dev_sum": 0.736,
    "best_train_ner_precision": 0.8568872987477638,
    "best_train_ner_recall": 0.8709090909090909,
    "best_train_ner_span_f1": 0.8638412984670875,
    "train_ner_precision": 0.9040852575488455,
    "train_ner_recall": 0.9254545454545454,
    "train_ner_span_f1": 0.9146451033243486,
    "best_dev_ner_precision": 0.7205882352941176,
    "best_dev_ner_recall": 0.7903225806451613,
    "best_dev_ner_span_f1": 0.7538461538461538,
    "dev_ner_precision": 0.7301587301587301,
    "dev_ner_recall": 0.7419354838709677,
    "dev_ner_span_f1": 0.736
}