{
    "epoch": "18/20",
    "best_epoch": 14,
    "max_gpu_mem": "2.8505",
    "cur_ram": "2.4851",
    "time_epoch": "0:00:08",
    "time_total": "0:02:39",
    "best_train_ner_loss": 2.402236655906395,
    "train_ner_loss": 1.0072795373422128,
    "best_train_sum": 0.986400725294651,
    "train_sum": 0.986400725294651,
    "best_dev_ner_loss": 22.22870635986328,
    "dev_ner_loss": 28.13910675048828,
    "best_dev_sum": 0.7727272727272727,
    "dev_sum": 0.71875,
    "best_train_ner_precision": 0.9693140794223827,
    "best_train_ner_recall": 0.9763636363636363,
    "best_train_ner_span_f1": 0.9728260869565217,
    "train_ner_precision": 0.9837251356238698,
    "train_ner_recall": 0.9890909090909091,
    "train_ner_span_f1": 0.986400725294651,
    "best_dev_ner_precision": 0.7285714285714285,
    "best_dev_ner_recall": 0.8225806451612904,
    "best_dev_ner_span_f1": 0.7727272727272727,
    "dev_ner_precision": 0.696969696969697,
    "dev_ner_recall": 0.7419354838709677,
    "dev_ner_span_f1": 0.71875
}