{
    "epoch": "7/20",
    "best_epoch": 6,
    "max_gpu_mem": "2.8468",
    "cur_ram": "2.4847",
    "time_epoch": "0:00:08",
    "time_total": "0:01:02",
    "best_train_ner_loss": 20.892087124012136,
    "train_ner_loss": 16.050453186035156,
    "best_train_sum": 0.7803992740471869,
    "train_sum": 0.7803992740471869,
    "best_dev_ner_loss": 23.530414581298828,
    "dev_ner_loss": 20.92548097882952,
    "best_dev_sum": 0.6911764705882353,
    "dev_sum": 0.6569343065693432,
    "best_train_ner_precision": 0.7051509769094139,
    "best_train_ner_recall": 0.7218181818181818,
    "best_train_ner_span_f1": 0.7133872416891285,
    "train_ner_precision": 0.7789855072463768,
    "train_ner_recall": 0.7818181818181819,
    "train_ner_span_f1": 0.7803992740471869,
    "best_dev_ner_precision": 0.6351351351351351,
    "best_dev_ner_recall": 0.7580645161290323,
    "best_dev_ner_span_f1": 0.6911764705882353,
    "dev_ner_precision": 0.6,
    "dev_ner_recall": 0.7258064516129032,
    "dev_ner_span_f1": 0.6569343065693432
}