{
    "epoch": "3/20",
    "best_epoch": 1,
    "max_gpu_mem": "2.8468",
    "cur_ram": "2.4765",
    "time_epoch": "0:00:08",
    "time_total": "0:00:27",
    "best_train_ner_loss": 1064.911745989764,
    "train_ner_loss": 89.95996517605252,
    "best_train_sum": 0.0,
    "train_sum": 0.0,
    "best_dev_ner_loss": 910.196027483259,
    "dev_ner_loss": 50.90621839250837,
    "best_dev_sum": 0.0,
    "dev_sum": 0.0,
    "best_train_ner_precision": 0.0005434782608695652,
    "best_train_ner_recall": 0.0018181818181818182,
    "best_train_ner_span_f1": 0.0008368200836820085,
    "train_ner_precision": 0.0,
    "train_ner_recall": 0.0,
    "train_ner_span_f1": 0.0,
    "best_dev_ner_precision": 0.0,
    "best_dev_ner_recall": 0.0,
    "best_dev_ner_span_f1": 0.0,
    "dev_ner_precision": 0.0,
    "dev_ner_recall": 0.0,
    "dev_ner_span_f1": 0.0
}