{
    "epoch": "9/20",
    "best_epoch": 8,
    "max_gpu_mem": "7.7945",
    "cur_ram": "2.7889",
    "time_epoch": "0:00:15",
    "time_total": "0:02:21",
    "best_train_ner_loss": 9.680069287618002,
    "train_ner_loss": 8.204631664134839,
    "best_train_sum": 0.8882733148661126,
    "train_sum": 0.8882733148661126,
    "best_dev_ner_loss": 23.50284767150879,
    "dev_ner_loss": 28.028547014508927,
    "best_dev_sum": 0.7692307692307693,
    "dev_sum": 0.7107438016528926,
    "best_train_ner_precision": 0.8518518518518519,
    "best_train_ner_recall": 0.8598130841121495,
    "best_train_ner_span_f1": 0.8558139534883722,
    "train_ner_precision": 0.8777372262773723,
    "train_ner_recall": 0.8990654205607477,
    "train_ner_span_f1": 0.8882733148661126,
    "best_dev_ner_precision": 0.8181818181818182,
    "best_dev_ner_recall": 0.7258064516129032,
    "best_dev_ner_span_f1": 0.7692307692307693,
    "dev_ner_precision": 0.7288135593220338,
    "dev_ner_recall": 0.6935483870967742,
    "dev_ner_span_f1": 0.7107438016528926
}