{
    "epoch": "1/20",
    "best_epoch": 1,
    "max_gpu_mem": "3.5317",
    "cur_ram": "2.7690",
    "time_epoch": "0:00:08",
    "time_total": "0:00:11",
    "best_train_ner_loss": 1277.8221757676865,
    "train_ner_loss": 1277.8221757676865,
    "best_train_sum": 0.0018529956763434217,
    "train_sum": 0.0018529956763434217,
    "best_dev_ner_loss": 1004.9810791015625,
    "dev_ner_loss": 1004.9810791015625,
    "best_dev_sum": 0.0,
    "dev_sum": 0.0,
    "best_train_ner_precision": 0.00100993098804915,
    "best_train_ner_recall": 0.011214953271028037,
    "best_train_ner_span_f1": 0.0018529956763434217,
    "train_ner_precision": 0.00100993098804915,
    "train_ner_recall": 0.011214953271028037,
    "train_ner_span_f1": 0.0018529956763434217,
    "best_dev_ner_precision": 0.0,
    "best_dev_ner_recall": 0.0,
    "best_dev_ner_span_f1": 0.0,
    "dev_ner_precision": 0.0,
    "dev_ner_recall": 0.0,
    "dev_ner_span_f1": 0.0
}