{
    "epoch": "10/20",
    "best_epoch": 8,
    "max_gpu_mem": "7.7945",
    "cur_ram": "2.7889",
    "time_epoch": "0:00:15",
    "time_total": "0:02:36",
    "best_train_ner_loss": 9.680069287618002,
    "train_ner_loss": 5.448771900600857,
    "best_train_sum": 0.9144981412639406,
    "train_sum": 0.9144981412639406,
    "best_dev_ner_loss": 23.50284767150879,
    "dev_ner_loss": 24.8746395111084,
    "best_dev_sum": 0.7692307692307693,
    "dev_sum": 0.7288135593220338,
    "best_train_ner_precision": 0.8518518518518519,
    "best_train_ner_recall": 0.8598130841121495,
    "best_train_ner_span_f1": 0.8558139534883722,
    "train_ner_precision": 0.9094269870609981,
    "train_ner_recall": 0.9196261682242991,
    "train_ner_span_f1": 0.9144981412639406,
    "best_dev_ner_precision": 0.8181818181818182,
    "best_dev_ner_recall": 0.7258064516129032,
    "best_dev_ner_span_f1": 0.7692307692307693,
    "dev_ner_precision": 0.7678571428571429,
    "dev_ner_recall": 0.6935483870967742,
    "dev_ner_span_f1": 0.7288135593220338
}