{
    "epoch": "2/20",
    "best_epoch": 1,
    "max_gpu_mem": "7.7945",
    "cur_ram": "2.7880",
    "time_epoch": "0:00:15",
    "time_total": "0:00:27",
    "best_train_ner_loss": 1277.8221757676865,
    "train_ner_loss": 347.35420521983394,
    "best_train_sum": 0.0,
    "train_sum": 0.0,
    "best_dev_ner_loss": 1004.9810791015625,
    "dev_ner_loss": 84.45505469185966,
    "best_dev_sum": 0.0,
    "dev_sum": 0.0,
    "best_train_ner_precision": 0.00100993098804915,
    "best_train_ner_recall": 0.011214953271028037,
    "best_train_ner_span_f1": 0.0018529956763434217,
    "train_ner_precision": 0.0,
    "train_ner_recall": 0.0,
    "train_ner_span_f1": 0.0,
    "best_dev_ner_precision": 0.0,
    "best_dev_ner_recall": 0.0,
    "best_dev_ner_span_f1": 0.0,
    "dev_ner_precision": 0.0,
    "dev_ner_recall": 0.0,
    "dev_ner_span_f1": 0.0
}