{
    "epoch": "4/20",
    "best_epoch": 4,
    "max_gpu_mem": "7.7945",
    "cur_ram": "2.7885",
    "time_epoch": "0:00:15",
    "time_total": "0:01:00",
    "best_train_ner_loss": 29.374580453943324,
    "train_ner_loss": 29.374580453943324,
    "best_train_sum": 0.5688729874776386,
    "train_sum": 0.5688729874776386,
    "best_dev_ner_loss": 23.22532844543457,
    "dev_ner_loss": 23.22532844543457,
    "best_dev_sum": 0.7131782945736433,
    "dev_sum": 0.7131782945736433,
    "best_train_ner_precision": 0.5454545454545454,
    "best_train_ner_recall": 0.594392523364486,
    "best_train_ner_span_f1": 0.5688729874776386,
    "train_ner_precision": 0.5454545454545454,
    "train_ner_recall": 0.594392523364486,
    "train_ner_span_f1": 0.5688729874776386,
    "best_dev_ner_precision": 0.6865671641791045,
    "best_dev_ner_recall": 0.7419354838709677,
    "best_dev_ner_span_f1": 0.7131782945736433,
    "dev_ner_precision": 0.6865671641791045,
    "dev_ner_recall": 0.7419354838709677,
    "dev_ner_span_f1": 0.7131782945736433
}