{
  "best_metric": 83.0769,
  "best_model_checkpoint": "output/meta_2023-09-15-02-59-18680_hf_models_uie-base-en_spotasoc_entity_aquaint-old_multi_fold_3_e18_linear_lr1e-4_ls0_b16_wu0.06_n-1_RP_sn0.1_an0.1_run1/checkpoint-756",
  "epoch": 9.0,
  "global_step": 756,
  "is_hyper_param_search": false,
  "is_local_process_zero": true,
  "is_world_process_zero": true,
  "log_history": [
    {
      "epoch": 1.0,
      "eval_asoc-F1": 0.0,
      "eval_asoc-P": 0.0,
      "eval_asoc-R": 0.0,
      "eval_asoc-gold": 0.0,
      "eval_asoc-pred": 0.0,
      "eval_asoc-tp": 0.0,
      "eval_gen_len": 4.976,
      "eval_gold_tree": 63,
      "eval_loss": 0.1558389663696289,
      "eval_ordered-record-F1": 65.5738,
      "eval_ordered-record-P": 67.7966,
      "eval_ordered-record-R": 63.4921,
      "eval_ordered-record-gold": 63.0,
      "eval_ordered-record-pred": 59.0,
      "eval_ordered-record-tp": 40.0,
      "eval_overall-F1": 65.5738,
      "eval_pred_tree": 59,
      "eval_record-F1": 65.5738,
      "eval_record-P": 67.7966,
      "eval_record-R": 63.4921,
      "eval_record-gold": 63.0,
      "eval_record-pred": 59.0,
      "eval_record-tp": 40.0,
      "eval_runtime": 0.8602,
      "eval_samples_per_second": 194.14,
      "eval_spot-F1": 65.5738,
      "eval_spot-P": 67.7966,
      "eval_spot-R": 63.4921,
      "eval_spot-gold": 63.0,
      "eval_spot-pred": 59.0,
      "eval_spot-tp": 40.0,
      "eval_well-formed": 167,
      "step": 84
    },
    {
      "epoch": 2.0,
      "eval_asoc-F1": 0.0,
      "eval_asoc-P": 0.0,
      "eval_asoc-R": 0.0,
      "eval_asoc-gold": 0.0,
      "eval_asoc-pred": 0.0,
      "eval_asoc-tp": 0.0,
      "eval_gen_len": 5.2635,
      "eval_gold_tree": 63,
      "eval_loss": 0.10564686357975006,
      "eval_ordered-record-F1": 73.2824,
      "eval_ordered-record-P": 70.5882,
      "eval_ordered-record-R": 76.1905,
      "eval_ordered-record-gold": 63.0,
      "eval_ordered-record-pred": 68.0,
      "eval_ordered-record-tp": 48.0,
      "eval_overall-F1": 73.2824,
      "eval_pred_tree": 68,
      "eval_record-F1": 73.2824,
      "eval_record-P": 70.5882,
      "eval_record-R": 76.1905,
      "eval_record-gold": 63.0,
      "eval_record-pred": 68.0,
      "eval_record-tp": 48.0,
      "eval_runtime": 1.5781,
      "eval_samples_per_second": 105.826,
      "eval_spot-F1": 73.2824,
      "eval_spot-P": 70.5882,
      "eval_spot-R": 76.1905,
      "eval_spot-gold": 63.0,
      "eval_spot-pred": 68.0,
      "eval_spot-tp": 48.0,
      "eval_well-formed": 167,
      "step": 168
    },
    {
      "epoch": 3.0,
      "eval_asoc-F1": 0.0,
      "eval_asoc-P": 0.0,
      "eval_asoc-R": 0.0,
      "eval_asoc-gold": 0.0,
      "eval_asoc-pred": 0.0,
      "eval_asoc-tp": 0.0,
      "eval_gen_len": 5.2635,
      "eval_gold_tree": 63,
      "eval_loss": 0.1817452609539032,
      "eval_ordered-record-F1": 79.3893,
      "eval_ordered-record-P": 76.4706,
      "eval_ordered-record-R": 82.5397,
      "eval_ordered-record-gold": 63.0,
      "eval_ordered-record-pred": 68.0,
      "eval_ordered-record-tp": 52.0,
      "eval_overall-F1": 79.3893,
      "eval_pred_tree": 68,
      "eval_record-F1": 79.3893,
      "eval_record-P": 76.4706,
      "eval_record-R": 82.5397,
      "eval_record-gold": 63.0,
      "eval_record-pred": 68.0,
      "eval_record-tp": 52.0,
      "eval_runtime": 1.6245,
      "eval_samples_per_second": 102.801,
      "eval_spot-F1": 79.3893,
      "eval_spot-P": 76.4706,
      "eval_spot-R": 82.5397,
      "eval_spot-gold": 63.0,
      "eval_spot-pred": 68.0,
      "eval_spot-tp": 52.0,
      "eval_well-formed": 167,
      "step": 252
    },
    {
      "epoch": 4.0,
      "eval_asoc-F1": 0.0,
      "eval_asoc-P": 0.0,
      "eval_asoc-R": 0.0,
      "eval_asoc-gold": 0.0,
      "eval_asoc-pred": 0.0,
      "eval_asoc-tp": 0.0,
      "eval_gen_len": 5.3114,
      "eval_gold_tree": 63,
      "eval_loss": 0.12112506479024887,
      "eval_ordered-record-F1": 76.6917,
      "eval_ordered-record-P": 72.8571,
      "eval_ordered-record-R": 80.9524,
      "eval_ordered-record-gold": 63.0,
      "eval_ordered-record-pred": 70.0,
      "eval_ordered-record-tp": 51.0,
      "eval_overall-F1": 76.6917,
      "eval_pred_tree": 70,
      "eval_record-F1": 76.6917,
      "eval_record-P": 72.8571,
      "eval_record-R": 80.9524,
      "eval_record-gold": 63.0,
      "eval_record-pred": 70.0,
      "eval_record-tp": 51.0,
      "eval_runtime": 1.6904,
      "eval_samples_per_second": 98.793,
      "eval_spot-F1": 76.6917,
      "eval_spot-P": 72.8571,
      "eval_spot-R": 80.9524,
      "eval_spot-gold": 63.0,
      "eval_spot-pred": 70.0,
      "eval_spot-tp": 51.0,
      "eval_well-formed": 167,
      "step": 336
    },
    {
      "epoch": 5.0,
      "eval_asoc-F1": 0.0,
      "eval_asoc-P": 0.0,
      "eval_asoc-R": 0.0,
      "eval_asoc-gold": 0.0,
      "eval_asoc-pred": 0.0,
      "eval_asoc-tp": 0.0,
      "eval_gen_len": 5.3293,
      "eval_gold_tree": 63,
      "eval_loss": 0.09599193185567856,
      "eval_ordered-record-F1": 79.6992,
      "eval_ordered-record-P": 75.7143,
      "eval_ordered-record-R": 84.127,
      "eval_ordered-record-gold": 63.0,
      "eval_ordered-record-pred": 70.0,
      "eval_ordered-record-tp": 53.0,
      "eval_overall-F1": 79.6992,
      "eval_pred_tree": 70,
      "eval_record-F1": 79.6992,
      "eval_record-P": 75.7143,
      "eval_record-R": 84.127,
      "eval_record-gold": 63.0,
      "eval_record-pred": 70.0,
      "eval_record-tp": 53.0,
      "eval_runtime": 1.5904,
      "eval_samples_per_second": 105.004,
      "eval_spot-F1": 79.6992,
      "eval_spot-P": 75.7143,
      "eval_spot-R": 84.127,
      "eval_spot-gold": 63.0,
      "eval_spot-pred": 70.0,
      "eval_spot-tp": 53.0,
      "eval_well-formed": 167,
      "step": 420
    },
    {
      "epoch": 5.95,
      "learning_rate": 7.121745249824068e-05,
      "loss": 0.2731,
      "step": 500
    },
    {
      "epoch": 6.0,
      "eval_asoc-F1": 0.0,
      "eval_asoc-P": 0.0,
      "eval_asoc-R": 0.0,
      "eval_asoc-gold": 0.0,
      "eval_asoc-pred": 0.0,
      "eval_asoc-tp": 0.0,
      "eval_gen_len": 5.3234,
      "eval_gold_tree": 63,
      "eval_loss": 0.1396670937538147,
      "eval_ordered-record-F1": 80.303,
      "eval_ordered-record-P": 76.8116,
      "eval_ordered-record-R": 84.127,
      "eval_ordered-record-gold": 63.0,
      "eval_ordered-record-pred": 69.0,
      "eval_ordered-record-tp": 53.0,
      "eval_overall-F1": 80.303,
      "eval_pred_tree": 70,
      "eval_record-F1": 80.303,
      "eval_record-P": 76.8116,
      "eval_record-R": 84.127,
      "eval_record-gold": 63.0,
      "eval_record-pred": 69.0,
      "eval_record-tp": 53.0,
      "eval_runtime": 1.7146,
      "eval_samples_per_second": 97.399,
      "eval_spot-F1": 80.303,
      "eval_spot-P": 76.8116,
      "eval_spot-R": 84.127,
      "eval_spot-gold": 63.0,
      "eval_spot-pred": 69.0,
      "eval_spot-tp": 53.0,
      "eval_well-formed": 167,
      "step": 504
    },
    {
      "epoch": 7.0,
      "eval_asoc-F1": 0.0,
      "eval_asoc-P": 0.0,
      "eval_asoc-R": 0.0,
      "eval_asoc-gold": 0.0,
      "eval_asoc-pred": 0.0,
      "eval_asoc-tp": 0.0,
      "eval_gen_len": 5.2515,
      "eval_gold_tree": 63,
      "eval_loss": 0.1462322324514389,
      "eval_ordered-record-F1": 77.8626,
      "eval_ordered-record-P": 75.0,
      "eval_ordered-record-R": 80.9524,
      "eval_ordered-record-gold": 63.0,
      "eval_ordered-record-pred": 68.0,
      "eval_ordered-record-tp": 51.0,
      "eval_overall-F1": 77.8626,
      "eval_pred_tree": 68,
      "eval_record-F1": 77.8626,
      "eval_record-P": 75.0,
      "eval_record-R": 80.9524,
      "eval_record-gold": 63.0,
      "eval_record-pred": 68.0,
      "eval_record-tp": 51.0,
      "eval_runtime": 1.7032,
      "eval_samples_per_second": 98.049,
      "eval_spot-F1": 77.8626,
      "eval_spot-P": 75.0,
      "eval_spot-R": 80.9524,
      "eval_spot-gold": 63.0,
      "eval_spot-pred": 68.0,
      "eval_spot-tp": 51.0,
      "eval_well-formed": 167,
      "step": 588
    },
    {
      "epoch": 8.0,
      "eval_asoc-F1": 0.0,
      "eval_asoc-P": 0.0,
      "eval_asoc-R": 0.0,
      "eval_asoc-gold": 0.0,
      "eval_asoc-pred": 0.0,
      "eval_asoc-tp": 0.0,
      "eval_gen_len": 5.2575,
      "eval_gold_tree": 63,
      "eval_loss": 0.1438320428133011,
      "eval_ordered-record-F1": 77.8626,
      "eval_ordered-record-P": 75.0,
      "eval_ordered-record-R": 80.9524,
      "eval_ordered-record-gold": 63.0,
      "eval_ordered-record-pred": 68.0,
      "eval_ordered-record-tp": 51.0,
      "eval_overall-F1": 77.8626,
      "eval_pred_tree": 68,
      "eval_record-F1": 77.8626,
      "eval_record-P": 75.0,
      "eval_record-R": 80.9524,
      "eval_record-gold": 63.0,
      "eval_record-pred": 68.0,
      "eval_record-tp": 51.0,
      "eval_runtime": 1.6157,
      "eval_samples_per_second": 103.362,
      "eval_spot-F1": 77.8626,
      "eval_spot-P": 75.0,
      "eval_spot-R": 80.9524,
      "eval_spot-gold": 63.0,
      "eval_spot-pred": 68.0,
      "eval_spot-tp": 51.0,
      "eval_well-formed": 167,
      "step": 672
    },
    {
      "epoch": 9.0,
      "eval_asoc-F1": 0.0,
      "eval_asoc-P": 0.0,
      "eval_asoc-R": 0.0,
      "eval_asoc-gold": 0.0,
      "eval_asoc-pred": 0.0,
      "eval_asoc-tp": 0.0,
      "eval_gen_len": 5.2635,
      "eval_gold_tree": 63,
      "eval_loss": 0.1354551613330841,
      "eval_ordered-record-F1": 83.0769,
      "eval_ordered-record-P": 80.597,
      "eval_ordered-record-R": 85.7143,
      "eval_ordered-record-gold": 63.0,
      "eval_ordered-record-pred": 67.0,
      "eval_ordered-record-tp": 54.0,
      "eval_overall-F1": 83.0769,
      "eval_pred_tree": 68,
      "eval_record-F1": 83.0769,
      "eval_record-P": 80.597,
      "eval_record-R": 85.7143,
      "eval_record-gold": 63.0,
      "eval_record-pred": 67.0,
      "eval_record-tp": 54.0,
      "eval_runtime": 1.7282,
      "eval_samples_per_second": 96.631,
      "eval_spot-F1": 83.0769,
      "eval_spot-P": 80.597,
      "eval_spot-R": 85.7143,
      "eval_spot-gold": 63.0,
      "eval_spot-pred": 67.0,
      "eval_spot-tp": 54.0,
      "eval_well-formed": 167,
      "step": 756
    }
  ],
  "max_steps": 1512,
  "num_train_epochs": 18,
  "total_flos": 184092465876480.0,
  "trial_name": null,
  "trial_params": null
}
