{
    "epoch": "7/20",
    "best_epoch": 6,
    "max_gpu_mem": "3.6825",
    "cur_ram": "2.4833",
    "time_epoch": "0:00:08",
    "time_total": "0:01:05",
    "best_train_ner_loss": 24.876812280393114,
    "train_ner_loss": 17.133285073673022,
    "best_train_sum": 0.7992799279927993,
    "train_sum": 0.7992799279927993,
    "best_dev_ner_loss": 19.984056200299943,
    "dev_ner_loss": 17.36764853341239,
    "best_dev_sum": 0.8,
    "dev_sum": 0.7812500000000001,
    "best_train_ner_precision": 0.6199021207177814,
    "best_train_ner_recall": 0.6946983546617916,
    "best_train_ner_span_f1": 0.6551724137931035,
    "train_ner_precision": 0.7872340425531915,
    "train_ner_recall": 0.8117001828153565,
    "train_ner_span_f1": 0.7992799279927993,
    "best_dev_ner_precision": 0.8421052631578947,
    "best_dev_ner_recall": 0.7619047619047619,
    "best_dev_ner_span_f1": 0.8,
    "dev_ner_precision": 0.7692307692307693,
    "dev_ner_recall": 0.7936507936507936,
    "dev_ner_span_f1": 0.7812500000000001
}