{
    "epoch": "9/20",
    "best_epoch": 9,
    "max_gpu_mem": "3.6825",
    "cur_ram": "2.4834",
    "time_epoch": "0:00:08",
    "time_total": "0:01:23",
    "best_train_ner_loss": 7.971511953017291,
    "train_ner_loss": 7.971511953017291,
    "best_train_sum": 0.8834688346883469,
    "train_sum": 0.8834688346883469,
    "best_dev_ner_loss": 17.89260482788086,
    "dev_ner_loss": 17.89260482788086,
    "best_dev_sum": 0.8064516129032259,
    "dev_sum": 0.8064516129032259,
    "best_train_ner_precision": 0.8732142857142857,
    "best_train_ner_recall": 0.8939670932358318,
    "best_train_ner_span_f1": 0.8834688346883469,
    "train_ner_precision": 0.8732142857142857,
    "train_ner_recall": 0.8939670932358318,
    "train_ner_span_f1": 0.8834688346883469,
    "best_dev_ner_precision": 0.819672131147541,
    "best_dev_ner_recall": 0.7936507936507936,
    "best_dev_ner_span_f1": 0.8064516129032259,
    "dev_ner_precision": 0.819672131147541,
    "dev_ner_recall": 0.7936507936507936,
    "dev_ner_span_f1": 0.8064516129032259
}