{
    "epoch": "15/20",
    "best_epoch": 10,
    "max_gpu_mem": "3.6905",
    "cur_ram": "2.4836",
    "time_epoch": "0:00:08",
    "time_total": "0:02:15",
    "best_train_ner_loss": 7.517816693175073,
    "train_ner_loss": 1.3067647148581112,
    "best_train_sum": 0.9881494986326346,
    "train_sum": 0.9881494986326346,
    "best_dev_ner_loss": 19.55596433367048,
    "dev_ner_loss": 21.67926515851702,
    "best_dev_sum": 0.8253968253968254,
    "dev_sum": 0.8188976377952756,
    "best_train_ner_precision": 0.8835125448028673,
    "best_train_ner_recall": 0.9012797074954296,
    "best_train_ner_span_f1": 0.8923076923076924,
    "train_ner_precision": 0.9854545454545455,
    "train_ner_recall": 0.9908592321755028,
    "train_ner_span_f1": 0.9881494986326346,
    "best_dev_ner_precision": 0.8253968253968254,
    "best_dev_ner_recall": 0.8253968253968254,
    "best_dev_ner_span_f1": 0.8253968253968254,
    "dev_ner_precision": 0.8125,
    "dev_ner_recall": 0.8253968253968254,
    "dev_ner_span_f1": 0.8188976377952756
}