{
    "epoch": "2/20",
    "best_epoch": 1,
    "max_gpu_mem": "3.6787",
    "cur_ram": "2.4723",
    "time_epoch": "0:00:08",
    "time_total": "0:00:19",
    "best_train_ner_loss": 1860.5412466011796,
    "train_ner_loss": 603.8734097948261,
    "best_train_sum": 0.0006805035726437565,
    "train_sum": 0.0006805035726437565,
    "best_dev_ner_loss": 1469.67045375279,
    "dev_ner_loss": 89.81483023507255,
    "best_dev_sum": 0.0,
    "dev_sum": 0.0,
    "best_train_ner_precision": 0.0007006197790353004,
    "best_train_ner_recall": 0.02376599634369287,
    "best_train_ner_span_f1": 0.0013611140194744007,
    "train_ner_precision": 0.00037516413430876007,
    "train_ner_recall": 0.003656307129798903,
    "train_ner_span_f1": 0.0006805035726437565,
    "best_dev_ner_precision": 0.0,
    "best_dev_ner_recall": 0.0,
    "best_dev_ner_span_f1": 0.0,
    "dev_ner_precision": 0.0,
    "dev_ner_recall": 0.0,
    "dev_ner_span_f1": 0.0
}