{
    "epoch": "6/20",
    "best_epoch": 6,
    "max_gpu_mem": "3.6825",
    "cur_ram": "2.4832",
    "time_epoch": "0:00:08",
    "time_total": "0:00:55",
    "best_train_ner_loss": 24.876812280393114,
    "train_ner_loss": 24.876812280393114,
    "best_train_sum": 0.6551724137931035,
    "train_sum": 0.6551724137931035,
    "best_dev_ner_loss": 19.984056200299943,
    "dev_ner_loss": 19.984056200299943,
    "best_dev_sum": 0.8,
    "dev_sum": 0.8,
    "best_train_ner_precision": 0.6199021207177814,
    "best_train_ner_recall": 0.6946983546617916,
    "best_train_ner_span_f1": 0.6551724137931035,
    "train_ner_precision": 0.6199021207177814,
    "train_ner_recall": 0.6946983546617916,
    "train_ner_span_f1": 0.6551724137931035,
    "best_dev_ner_precision": 0.8421052631578947,
    "best_dev_ner_recall": 0.7619047619047619,
    "best_dev_ner_span_f1": 0.8,
    "dev_ner_precision": 0.8421052631578947,
    "dev_ner_recall": 0.7619047619047619,
    "dev_ner_span_f1": 0.8
}