{
    "epoch": "4/20",
    "best_epoch": 4,
    "max_gpu_mem": "3.6788",
    "cur_ram": "2.4723",
    "time_epoch": "0:00:08",
    "time_total": "0:00:37",
    "best_train_ner_loss": 80.10654277427524,
    "train_ner_loss": 80.10654277427524,
    "best_train_sum": 0.12534818941504178,
    "train_sum": 0.12534818941504178,
    "best_dev_ner_loss": 36.89563424246652,
    "dev_ner_loss": 36.89563424246652,
    "best_dev_sum": 0.368,
    "dev_sum": 0.368,
    "best_train_ner_precision": 0.2631578947368421,
    "best_train_ner_recall": 0.08226691042047532,
    "best_train_ner_span_f1": 0.12534818941504178,
    "train_ner_precision": 0.2631578947368421,
    "train_ner_recall": 0.08226691042047532,
    "train_ner_span_f1": 0.12534818941504178,
    "best_dev_ner_precision": 0.3709677419354839,
    "best_dev_ner_recall": 0.36507936507936506,
    "best_dev_ner_span_f1": 0.368,
    "dev_ner_precision": 0.3709677419354839,
    "dev_ner_recall": 0.36507936507936506,
    "dev_ner_span_f1": 0.368
}