{
    "epoch": "1/20",
    "best_epoch": 1,
    "max_gpu_mem": "1.5299",
    "cur_ram": "2.4605",
    "time_epoch": "0:00:06",
    "time_total": "0:00:10",
    "best_train_ner_loss": 1860.5412466011796,
    "train_ner_loss": 1860.5412466011796,
    "best_train_sum": 0.0013611140194744007,
    "train_sum": 0.0013611140194744007,
    "best_dev_ner_loss": 1469.67045375279,
    "dev_ner_loss": 1469.67045375279,
    "best_dev_sum": 0.0,
    "dev_sum": 0.0,
    "best_train_ner_precision": 0.0007006197790353004,
    "best_train_ner_recall": 0.02376599634369287,
    "best_train_ner_span_f1": 0.0013611140194744007,
    "train_ner_precision": 0.0007006197790353004,
    "train_ner_recall": 0.02376599634369287,
    "train_ner_span_f1": 0.0013611140194744007,
    "best_dev_ner_precision": 0.0,
    "best_dev_ner_recall": 0.0,
    "best_dev_ner_span_f1": 0.0,
    "dev_ner_precision": 0.0,
    "dev_ner_recall": 0.0,
    "dev_ner_span_f1": 0.0
}