{
    "epoch": "9/20",
    "best_epoch": 8,
    "max_gpu_mem": "6.8211",
    "cur_ram": "2.7577",
    "time_epoch": "0:00:06",
    "time_total": "0:01:03",
    "best_train_ner_loss": 5.7415779749552405,
    "train_ner_loss": 5.9503473281860355,
    "best_train_sum": 0.982304704359085,
    "train_sum": 0.982304704359085,
    "best_dev_ner_loss": 13.51936674118042,
    "dev_ner_loss": 21.24688148498535,
    "best_dev_sum": 0.9411764705882353,
    "dev_sum": 0.9230769230769231,
    "best_train_ner_precision": 0.9827882960413081,
    "best_train_ner_recall": 0.9896013864818024,
    "best_train_ner_span_f1": 0.9861830742659757,
    "train_ner_precision": 0.9785038693035254,
    "train_ner_recall": 0.9861351819757366,
    "train_ner_span_f1": 0.982304704359085,
    "best_dev_ner_precision": 0.9481481481481482,
    "best_dev_ner_recall": 0.9343065693430657,
    "best_dev_ner_span_f1": 0.9411764705882353,
    "dev_ner_precision": 0.9264705882352942,
    "dev_ner_recall": 0.9197080291970803,
    "dev_ner_span_f1": 0.9230769230769231
}