{
    "epoch": "6/20",
    "best_epoch": 6,
    "max_gpu_mem": "6.8186",
    "cur_ram": "2.7576",
    "time_epoch": "0:00:06",
    "time_total": "0:00:41",
    "best_train_ner_loss": 15.152992121378581,
    "train_ner_loss": 15.152992121378581,
    "best_train_sum": 0.94389721627409,
    "train_sum": 0.94389721627409,
    "best_dev_ner_loss": 19.04814052581787,
    "dev_ner_loss": 19.04814052581787,
    "best_dev_sum": 0.9163636363636363,
    "dev_sum": 0.9163636363636363,
    "best_train_ner_precision": 0.9331075359864521,
    "best_train_ner_recall": 0.9549393414211439,
    "best_train_ner_span_f1": 0.94389721627409,
    "train_ner_precision": 0.9331075359864521,
    "train_ner_recall": 0.9549393414211439,
    "train_ner_span_f1": 0.94389721627409,
    "best_dev_ner_precision": 0.9130434782608695,
    "best_dev_ner_recall": 0.9197080291970803,
    "best_dev_ner_span_f1": 0.9163636363636363,
    "dev_ner_precision": 0.9130434782608695,
    "dev_ner_recall": 0.9197080291970803,
    "dev_ner_span_f1": 0.9163636363636363
}