{
    "epoch": "20/20",
    "best_epoch": 10,
    "max_gpu_mem": "6.8248",
    "cur_ram": "2.7578",
    "time_epoch": "0:00:06",
    "time_total": "0:02:12",
    "best_train_ner_loss": 4.477315139770508,
    "train_ner_loss": 0.2767021179199219,
    "best_train_sum": 1.0,
    "train_sum": 1.0,
    "best_dev_ner_loss": 12.689913272857666,
    "dev_ner_loss": 17.63142204284668,
    "best_dev_sum": 0.9420289855072463,
    "dev_sum": 0.9304029304029303,
    "best_train_ner_precision": 0.9844961240310077,
    "best_train_ner_recall": 0.9904679376083189,
    "best_train_ner_span_f1": 0.9874730021598273,
    "train_ner_precision": 1.0,
    "train_ner_recall": 1.0,
    "train_ner_span_f1": 1.0,
    "best_dev_ner_precision": 0.935251798561151,
    "best_dev_ner_recall": 0.948905109489051,
    "best_dev_ner_span_f1": 0.9420289855072463,
    "dev_ner_precision": 0.9338235294117647,
    "dev_ner_recall": 0.927007299270073,
    "dev_ner_span_f1": 0.9304029304029303
}