{
    "epoch": "2/20",
    "best_epoch": 1,
    "max_gpu_mem": "6.8097",
    "cur_ram": "2.7568",
    "time_epoch": "0:00:06",
    "time_total": "0:00:13",
    "best_train_ner_loss": 812.6209340413411,
    "train_ner_loss": 474.6804707845052,
    "best_train_sum": 0.014586014586014585,
    "train_sum": 0.014586014586014585,
    "best_dev_ner_loss": 653.1361083984375,
    "dev_ner_loss": 229.6838607788086,
    "best_dev_sum": 0.02040816326530612,
    "dev_sum": 0.0,
    "best_train_ner_precision": 0.006974328535391008,
    "best_train_ner_recall": 0.04072790294627383,
    "best_train_ner_span_f1": 0.01190928670974281,
    "train_ner_precision": 0.014443500424808835,
    "train_ner_recall": 0.014731369150779897,
    "train_ner_span_f1": 0.014586014586014585,
    "best_dev_ner_precision": 0.012750455373406194,
    "best_dev_ner_recall": 0.051094890510948905,
    "best_dev_ner_span_f1": 0.02040816326530612,
    "dev_ner_precision": 0.0,
    "dev_ner_recall": 0.0,
    "dev_ner_span_f1": 0.0
}