{
    "epoch": "16/20",
    "best_epoch": 10,
    "max_gpu_mem": "6.8248",
    "cur_ram": "2.7578",
    "time_epoch": "0:00:06",
    "time_total": "0:01:48",
    "best_train_ner_loss": 4.477315139770508,
    "train_ner_loss": 0.4929892222086589,
    "best_train_sum": 0.9995665366276549,
    "train_sum": 0.9995665366276549,
    "best_dev_ner_loss": 12.689913272857666,
    "dev_ner_loss": 17.528881549835205,
    "best_dev_sum": 0.9420289855072463,
    "dev_sum": 0.9241877256317689,
    "best_train_ner_precision": 0.9844961240310077,
    "best_train_ner_recall": 0.9904679376083189,
    "best_train_ner_span_f1": 0.9874730021598273,
    "train_ner_precision": 1.0,
    "train_ner_recall": 0.9991334488734835,
    "train_ner_span_f1": 0.9995665366276549,
    "best_dev_ner_precision": 0.935251798561151,
    "best_dev_ner_recall": 0.948905109489051,
    "best_dev_ner_span_f1": 0.9420289855072463,
    "dev_ner_precision": 0.9142857142857143,
    "dev_ner_recall": 0.9343065693430657,
    "dev_ner_span_f1": 0.9241877256317689
}