{
    "epoch": "6/20",
    "best_epoch": 6,
    "max_gpu_mem": "3.6905",
    "cur_ram": "2.4802",
    "time_epoch": "0:00:08",
    "time_total": "0:00:55",
    "best_train_ner_loss": 25.428124820484836,
    "train_ner_loss": 25.428124820484836,
    "best_train_sum": 0.6582491582491582,
    "train_sum": 0.6582491582491582,
    "best_dev_ner_loss": 19.177198137555802,
    "dev_ner_loss": 19.177198137555802,
    "best_dev_sum": 0.773109243697479,
    "dev_sum": 0.773109243697479,
    "best_train_ner_precision": 0.6206349206349207,
    "best_train_ner_recall": 0.7007168458781362,
    "best_train_ner_span_f1": 0.6582491582491582,
    "train_ner_precision": 0.6206349206349207,
    "train_ner_recall": 0.7007168458781362,
    "train_ner_span_f1": 0.6582491582491582,
    "best_dev_ner_precision": 0.7796610169491526,
    "best_dev_ner_recall": 0.7666666666666667,
    "best_dev_ner_span_f1": 0.773109243697479,
    "dev_ner_precision": 0.7796610169491526,
    "dev_ner_recall": 0.7666666666666667,
    "dev_ner_span_f1": 0.773109243697479
}