{
    "epoch": "5/20",
    "best_epoch": 5,
    "max_gpu_mem": "3.6905",
    "cur_ram": "2.4729",
    "time_epoch": "0:00:08",
    "time_total": "0:00:45",
    "best_train_ner_loss": 41.52966865838743,
    "train_ner_loss": 41.52966865838743,
    "best_train_sum": 0.4108949416342413,
    "train_sum": 0.4108949416342413,
    "best_dev_ner_loss": 26.584363392421178,
    "dev_ner_loss": 26.584363392421178,
    "best_dev_sum": 0.5070422535211268,
    "dev_sum": 0.5070422535211268,
    "best_train_ner_precision": 0.3631361760660248,
    "best_train_ner_recall": 0.4731182795698925,
    "best_train_ner_span_f1": 0.4108949416342413,
    "train_ner_precision": 0.3631361760660248,
    "train_ner_recall": 0.4731182795698925,
    "train_ner_span_f1": 0.4108949416342413,
    "best_dev_ner_precision": 0.43902439024390244,
    "best_dev_ner_recall": 0.6,
    "best_dev_ner_span_f1": 0.5070422535211268,
    "dev_ner_precision": 0.43902439024390244,
    "dev_ner_recall": 0.6,
    "dev_ner_span_f1": 0.5070422535211268
}