{
    "epoch": "15/20",
    "best_epoch": 14,
    "max_gpu_mem": "3.7004",
    "cur_ram": "2.4806",
    "time_epoch": "0:00:08",
    "time_total": "0:02:16",
    "best_train_ner_loss": 2.27334935057397,
    "train_ner_loss": 1.7595986758961397,
    "best_train_sum": 0.9758281110116384,
    "train_sum": 0.9758281110116384,
    "best_dev_ner_loss": 21.596182686941965,
    "dev_ner_loss": 24.14992114475795,
    "best_dev_sum": 0.848,
    "dev_sum": 0.7936507936507938,
    "best_train_ner_precision": 0.978494623655914,
    "best_train_ner_recall": 0.978494623655914,
    "best_train_ner_span_f1": 0.978494623655914,
    "train_ner_precision": 0.9749552772808586,
    "train_ner_recall": 0.9767025089605734,
    "train_ner_span_f1": 0.9758281110116384,
    "best_dev_ner_precision": 0.8153846153846154,
    "best_dev_ner_recall": 0.8833333333333333,
    "best_dev_ner_span_f1": 0.848,
    "dev_ner_precision": 0.7575757575757576,
    "dev_ner_recall": 0.8333333333333334,
    "dev_ner_span_f1": 0.7936507936507938
}