{
    "epoch": "7/20",
    "best_epoch": 7,
    "max_gpu_mem": "3.6905",
    "cur_ram": "2.4803",
    "time_epoch": "0:00:08",
    "time_total": "0:01:04",
    "best_train_ner_loss": 15.285412732292624,
    "train_ner_loss": 15.285412732292624,
    "best_train_sum": 0.8067375886524824,
    "train_sum": 0.8067375886524824,
    "best_dev_ner_loss": 22.14607266017369,
    "dev_ner_loss": 22.14607266017369,
    "best_dev_sum": 0.8031496062992126,
    "dev_sum": 0.8031496062992126,
    "best_train_ner_precision": 0.7982456140350878,
    "best_train_ner_recall": 0.8154121863799283,
    "best_train_ner_span_f1": 0.8067375886524824,
    "train_ner_precision": 0.7982456140350878,
    "train_ner_recall": 0.8154121863799283,
    "train_ner_span_f1": 0.8067375886524824,
    "best_dev_ner_precision": 0.7611940298507462,
    "best_dev_ner_recall": 0.85,
    "best_dev_ner_span_f1": 0.8031496062992126,
    "dev_ner_precision": 0.7611940298507462,
    "dev_ner_recall": 0.85,
    "dev_ner_span_f1": 0.8031496062992126
}