{
    "epoch": "13/20",
    "best_epoch": 9,
    "max_gpu_mem": "3.7004",
    "cur_ram": "2.4805",
    "time_epoch": "0:00:08",
    "time_total": "0:01:58",
    "best_train_ner_loss": 9.0024081585454,
    "train_ner_loss": 3.1055113100538065,
    "best_train_sum": 0.9544235924932977,
    "train_sum": 0.9544235924932977,
    "best_dev_ner_loss": 19.393332617623464,
    "dev_ner_loss": 25.032957894461497,
    "best_dev_sum": 0.8360655737704918,
    "dev_sum": 0.752,
    "best_train_ner_precision": 0.8681898066783831,
    "best_train_ner_recall": 0.8853046594982079,
    "best_train_ner_span_f1": 0.8766637089618456,
    "train_ner_precision": 0.9518716577540107,
    "train_ner_recall": 0.956989247311828,
    "train_ner_span_f1": 0.9544235924932977,
    "best_dev_ner_precision": 0.8225806451612904,
    "best_dev_ner_recall": 0.85,
    "best_dev_ner_span_f1": 0.8360655737704918,
    "dev_ner_precision": 0.7230769230769231,
    "dev_ner_recall": 0.7833333333333333,
    "dev_ner_span_f1": 0.752
}