{
    "epoch": "9/20",
    "best_epoch": 9,
    "max_gpu_mem": "3.6905",
    "cur_ram": "2.4803",
    "time_epoch": "0:00:08",
    "time_total": "0:01:22",
    "best_train_ner_loss": 9.0024081585454,
    "train_ner_loss": 9.0024081585454,
    "best_train_sum": 0.8766637089618456,
    "train_sum": 0.8766637089618456,
    "best_dev_ner_loss": 19.393332617623464,
    "dev_ner_loss": 19.393332617623464,
    "best_dev_sum": 0.8360655737704918,
    "dev_sum": 0.8360655737704918,
    "best_train_ner_precision": 0.8681898066783831,
    "best_train_ner_recall": 0.8853046594982079,
    "best_train_ner_span_f1": 0.8766637089618456,
    "train_ner_precision": 0.8681898066783831,
    "train_ner_recall": 0.8853046594982079,
    "train_ner_span_f1": 0.8766637089618456,
    "best_dev_ner_precision": 0.8225806451612904,
    "best_dev_ner_recall": 0.85,
    "best_dev_ner_span_f1": 0.8360655737704918,
    "dev_ner_precision": 0.8225806451612904,
    "dev_ner_recall": 0.85,
    "dev_ner_span_f1": 0.8360655737704918
}