{
    "epoch": "1/20",
    "best_epoch": 1,
    "max_gpu_mem": "1.5372",
    "cur_ram": "2.4572",
    "time_epoch": "0:00:06",
    "time_total": "0:00:09",
    "best_train_ner_loss": 1863.6709122003294,
    "train_ner_loss": 1863.6709122003294,
    "best_train_sum": 0.0010432423973710293,
    "train_sum": 0.0010432423973710293,
    "best_dev_ner_loss": 1563.3638218470983,
    "dev_ner_loss": 1563.3638218470983,
    "best_dev_sum": 0.0,
    "dev_sum": 0.0,
    "best_train_ner_precision": 0.0005372589050663515,
    "best_train_ner_recall": 0.017921146953405017,
    "best_train_ner_span_f1": 0.0010432423973710293,
    "train_ner_precision": 0.0005372589050663515,
    "train_ner_recall": 0.017921146953405017,
    "train_ner_span_f1": 0.0010432423973710293,
    "best_dev_ner_precision": 0.0,
    "best_dev_ner_recall": 0.0,
    "best_dev_ner_span_f1": 0.0,
    "dev_ner_precision": 0.0,
    "dev_ner_recall": 0.0,
    "dev_ner_span_f1": 0.0
}