{
    "epoch": "10/20",
    "best_epoch": 9,
    "max_gpu_mem": "3.6918",
    "cur_ram": "2.4803",
    "time_epoch": "0:00:08",
    "time_total": "0:01:32",
    "best_train_ner_loss": 9.0024081585454,
    "train_ner_loss": 6.274019316130993,
    "best_train_sum": 0.9086069210292812,
    "train_sum": 0.9086069210292812,
    "best_dev_ner_loss": 19.393332617623464,
    "dev_ner_loss": 22.479781287057058,
    "best_dev_sum": 0.8360655737704918,
    "dev_sum": 0.8346456692913385,
    "best_train_ner_precision": 0.8681898066783831,
    "best_train_ner_recall": 0.8853046594982079,
    "best_train_ner_span_f1": 0.8766637089618456,
    "train_ner_precision": 0.8998242530755711,
    "train_ner_recall": 0.9175627240143369,
    "train_ner_span_f1": 0.9086069210292812,
    "best_dev_ner_precision": 0.8225806451612904,
    "best_dev_ner_recall": 0.85,
    "best_dev_ner_span_f1": 0.8360655737704918,
    "dev_ner_precision": 0.7910447761194029,
    "dev_ner_recall": 0.8833333333333333,
    "dev_ner_span_f1": 0.8346456692913385
}