{
    "epoch": "18/20",
    "best_epoch": 14,
    "max_gpu_mem": "3.7004",
    "cur_ram": "2.4806",
    "time_epoch": "0:00:08",
    "time_total": "0:02:42",
    "best_train_ner_loss": 2.27334935057397,
    "train_ner_loss": 0.8579976698931526,
    "best_train_sum": 0.9892665474060823,
    "train_sum": 0.9892665474060823,
    "best_dev_ner_loss": 21.596182686941965,
    "dev_ner_loss": 24.707678658621653,
    "best_dev_sum": 0.848,
    "dev_sum": 0.8032786885245902,
    "best_train_ner_precision": 0.978494623655914,
    "best_train_ner_recall": 0.978494623655914,
    "best_train_ner_span_f1": 0.978494623655914,
    "train_ner_precision": 0.9875,
    "train_ner_recall": 0.9910394265232975,
    "train_ner_span_f1": 0.9892665474060823,
    "best_dev_ner_precision": 0.8153846153846154,
    "best_dev_ner_recall": 0.8833333333333333,
    "best_dev_ner_span_f1": 0.848,
    "dev_ner_precision": 0.7903225806451613,
    "dev_ner_recall": 0.8166666666666667,
    "dev_ner_span_f1": 0.8032786885245902
}