{
    "epoch": "8/20",
    "best_epoch": 7,
    "max_gpu_mem": "3.6905",
    "cur_ram": "2.4803",
    "time_epoch": "0:00:08",
    "time_total": "0:01:14",
    "best_train_ner_loss": 15.285412732292624,
    "train_ner_loss": 12.969858992333506,
    "best_train_sum": 0.8472468916518651,
    "train_sum": 0.8472468916518651,
    "best_dev_ner_loss": 22.14607266017369,
    "dev_ner_loss": 23.28380148751395,
    "best_dev_sum": 0.8031496062992126,
    "dev_sum": 0.7559055118110236,
    "best_train_ner_precision": 0.7982456140350878,
    "best_train_ner_recall": 0.8154121863799283,
    "best_train_ner_span_f1": 0.8067375886524824,
    "train_ner_precision": 0.8397887323943662,
    "train_ner_recall": 0.8548387096774194,
    "train_ner_span_f1": 0.8472468916518651,
    "best_dev_ner_precision": 0.7611940298507462,
    "best_dev_ner_recall": 0.85,
    "best_dev_ner_span_f1": 0.8031496062992126,
    "dev_ner_precision": 0.7164179104477612,
    "dev_ner_recall": 0.8,
    "dev_ner_span_f1": 0.7559055118110236
}