{
    "epoch": "11/20",
    "best_epoch": 9,
    "max_gpu_mem": "3.6918",
    "cur_ram": "2.4803",
    "time_epoch": "0:00:08",
    "time_total": "0:01:40",
    "best_train_ner_loss": 9.0024081585454,
    "train_ner_loss": 5.485262104109222,
    "best_train_sum": 0.9278717720391807,
    "train_sum": 0.9278717720391807,
    "best_dev_ner_loss": 19.393332617623464,
    "dev_ner_loss": 22.310318538120814,
    "best_dev_sum": 0.8360655737704918,
    "dev_sum": 0.8130081300813008,
    "best_train_ner_precision": 0.8681898066783831,
    "best_train_ner_recall": 0.8853046594982079,
    "best_train_ner_span_f1": 0.8766637089618456,
    "train_ner_precision": 0.9221238938053097,
    "train_ner_recall": 0.9336917562724014,
    "train_ner_span_f1": 0.9278717720391807,
    "best_dev_ner_precision": 0.8225806451612904,
    "best_dev_ner_recall": 0.85,
    "best_dev_ner_span_f1": 0.8360655737704918,
    "dev_ner_precision": 0.7936507936507936,
    "dev_ner_recall": 0.8333333333333334,
    "dev_ner_span_f1": 0.8130081300813008
}