{
    "epoch": "20/20",
    "best_epoch": 14,
    "max_gpu_mem": "3.7004",
    "cur_ram": "2.4807",
    "time_epoch": "0:00:08",
    "time_total": "0:03:00",
    "best_train_ner_loss": 2.27334935057397,
    "train_ner_loss": 0.6303551617790671,
    "best_train_sum": 0.9946332737030412,
    "train_sum": 0.9946332737030412,
    "best_dev_ner_loss": 21.596182686941965,
    "dev_ner_loss": 24.655020305088588,
    "best_dev_sum": 0.848,
    "dev_sum": 0.816,
    "best_train_ner_precision": 0.978494623655914,
    "best_train_ner_recall": 0.978494623655914,
    "best_train_ner_span_f1": 0.978494623655914,
    "train_ner_precision": 0.9928571428571429,
    "train_ner_recall": 0.996415770609319,
    "train_ner_span_f1": 0.9946332737030412,
    "best_dev_ner_precision": 0.8153846153846154,
    "best_dev_ner_recall": 0.8833333333333333,
    "best_dev_ner_span_f1": 0.848,
    "dev_ner_precision": 0.7846153846153846,
    "dev_ner_recall": 0.85,
    "dev_ner_span_f1": 0.816
}