{
    "epoch": "19/20",
    "best_epoch": 14,
    "max_gpu_mem": "3.7004",
    "cur_ram": "2.4807",
    "time_epoch": "0:00:08",
    "time_total": "0:02:51",
    "best_train_ner_loss": 2.27334935057397,
    "train_ner_loss": 0.7043025072883157,
    "best_train_sum": 0.9946140035906642,
    "train_sum": 0.9946140035906642,
    "best_dev_ner_loss": 21.596182686941965,
    "dev_ner_loss": 25.58778245108468,
    "best_dev_sum": 0.848,
    "dev_sum": 0.8125,
    "best_train_ner_precision": 0.978494623655914,
    "best_train_ner_recall": 0.978494623655914,
    "best_train_ner_span_f1": 0.978494623655914,
    "train_ner_precision": 0.9964028776978417,
    "train_ner_recall": 0.992831541218638,
    "train_ner_span_f1": 0.9946140035906642,
    "best_dev_ner_precision": 0.8153846153846154,
    "best_dev_ner_recall": 0.8833333333333333,
    "best_dev_ner_span_f1": 0.848,
    "dev_ner_precision": 0.7647058823529411,
    "dev_ner_recall": 0.8666666666666667,
    "dev_ner_span_f1": 0.8125
}