{
    "epoch": "17/20",
    "best_epoch": 14,
    "max_gpu_mem": "3.7004",
    "cur_ram": "2.4806",
    "time_epoch": "0:00:08",
    "time_total": "0:02:34",
    "best_train_ner_loss": 2.27334935057397,
    "train_ner_loss": 1.1122255512312347,
    "best_train_sum": 0.992831541218638,
    "train_sum": 0.992831541218638,
    "best_dev_ner_loss": 21.596182686941965,
    "dev_ner_loss": 23.27648844037737,
    "best_dev_sum": 0.848,
    "dev_sum": 0.8292682926829269,
    "best_train_ner_precision": 0.978494623655914,
    "best_train_ner_recall": 0.978494623655914,
    "best_train_ner_span_f1": 0.978494623655914,
    "train_ner_precision": 0.992831541218638,
    "train_ner_recall": 0.992831541218638,
    "train_ner_span_f1": 0.992831541218638,
    "best_dev_ner_precision": 0.8153846153846154,
    "best_dev_ner_recall": 0.8833333333333333,
    "best_dev_ner_span_f1": 0.848,
    "dev_ner_precision": 0.8095238095238095,
    "dev_ner_recall": 0.85,
    "dev_ner_span_f1": 0.8292682926829269
}