{
    "epoch": "12/20",
    "best_epoch": 9,
    "max_gpu_mem": "3.6918",
    "cur_ram": "2.4803",
    "time_epoch": "0:00:08",
    "time_total": "0:01:49",
    "best_train_ner_loss": 9.0024081585454,
    "train_ner_loss": 3.2106459000531364,
    "best_train_sum": 0.9660714285714286,
    "train_sum": 0.9660714285714286,
    "best_dev_ner_loss": 19.393332617623464,
    "dev_ner_loss": 24.277860369001115,
    "best_dev_sum": 0.8360655737704918,
    "dev_sum": 0.8135593220338982,
    "best_train_ner_precision": 0.8681898066783831,
    "best_train_ner_recall": 0.8853046594982079,
    "best_train_ner_span_f1": 0.8766637089618456,
    "train_ner_precision": 0.9626334519572953,
    "train_ner_recall": 0.9695340501792115,
    "train_ner_span_f1": 0.9660714285714286,
    "best_dev_ner_precision": 0.8225806451612904,
    "best_dev_ner_recall": 0.85,
    "best_dev_ner_span_f1": 0.8360655737704918,
    "dev_ner_precision": 0.8275862068965517,
    "dev_ner_recall": 0.8,
    "dev_ner_span_f1": 0.8135593220338982
}