{
    "epoch": "6/20",
    "best_epoch": 6,
    "max_gpu_mem": "5.2527",
    "cur_ram": "2.4413",
    "time_epoch": "0:00:04",
    "time_total": "0:00:30",
    "best_train_ner_loss": 43.207319831848146,
    "train_ner_loss": 43.207319831848146,
    "best_train_sum": 0.8384424192212097,
    "train_sum": 0.8384424192212097,
    "best_dev_ner_loss": 29.57724666595459,
    "dev_ner_loss": 29.57724666595459,
    "best_dev_sum": 0.92,
    "dev_sum": 0.92,
    "best_train_ner_precision": 0.8108974358974359,
    "best_train_ner_recall": 0.8679245283018868,
    "best_train_ner_span_f1": 0.8384424192212097,
    "train_ner_precision": 0.8108974358974359,
    "train_ner_recall": 0.8679245283018868,
    "train_ner_span_f1": 0.8384424192212097,
    "best_dev_ner_precision": 0.9139072847682119,
    "best_dev_ner_recall": 0.9261744966442953,
    "best_dev_ner_span_f1": 0.92,
    "dev_ner_precision": 0.9139072847682119,
    "dev_ner_recall": 0.9261744966442953,
    "dev_ner_span_f1": 0.92
}