{
    "epoch": "13/20",
    "best_epoch": 13,
    "max_gpu_mem": "5.2527",
    "cur_ram": "2.4436",
    "time_epoch": "0:00:04",
    "time_total": "0:01:03",
    "best_train_ner_loss": 3.91525452931722,
    "train_ner_loss": 3.91525452931722,
    "best_train_sum": 0.9888603256212511,
    "train_sum": 0.9888603256212511,
    "best_dev_ner_loss": 25.167506217956543,
    "dev_ner_loss": 25.167506217956543,
    "best_dev_sum": 0.9562289562289561,
    "dev_sum": 0.9562289562289561,
    "best_train_ner_precision": 0.988013698630137,
    "best_train_ner_recall": 0.9897084048027445,
    "best_train_ner_span_f1": 0.9888603256212511,
    "train_ner_precision": 0.988013698630137,
    "train_ner_recall": 0.9897084048027445,
    "train_ner_span_f1": 0.9888603256212511,
    "best_dev_ner_precision": 0.9594594594594594,
    "best_dev_ner_recall": 0.9530201342281879,
    "best_dev_ner_span_f1": 0.9562289562289561,
    "dev_ner_precision": 0.9594594594594594,
    "dev_ner_recall": 0.9530201342281879,
    "dev_ner_span_f1": 0.9562289562289561
}