{
    "epoch": "9/20",
    "best_epoch": 8,
    "max_gpu_mem": "5.2527",
    "cur_ram": "2.4436",
    "time_epoch": "0:00:04",
    "time_total": "0:00:45",
    "best_train_ner_loss": 15.830380821228028,
    "train_ner_loss": 12.312686157226562,
    "best_train_sum": 0.9569663400085215,
    "train_sum": 0.9569663400085215,
    "best_dev_ner_loss": 23.16907024383545,
    "dev_ner_loss": 27.95292377471924,
    "best_dev_sum": 0.9230769230769231,
    "dev_sum": 0.903010033444816,
    "best_train_ner_precision": 0.9351305812973884,
    "best_train_ner_recall": 0.9519725557461407,
    "best_train_ner_span_f1": 0.9434764130896728,
    "train_ner_precision": 0.9508890770533446,
    "train_ner_recall": 0.9631217838765008,
    "train_ner_span_f1": 0.9569663400085215,
    "best_dev_ner_precision": 0.92,
    "best_dev_ner_recall": 0.9261744966442953,
    "best_dev_ner_span_f1": 0.9230769230769231,
    "dev_ner_precision": 0.9,
    "dev_ner_recall": 0.9060402684563759,
    "dev_ner_span_f1": 0.903010033444816
}