{
    "epoch": "8/20",
    "best_epoch": 8,
    "max_gpu_mem": "5.2527",
    "cur_ram": "2.4435",
    "time_epoch": "0:00:04",
    "time_total": "0:00:40",
    "best_train_ner_loss": 15.830380821228028,
    "train_ner_loss": 15.830380821228028,
    "best_train_sum": 0.9434764130896728,
    "train_sum": 0.9434764130896728,
    "best_dev_ner_loss": 23.16907024383545,
    "dev_ner_loss": 23.16907024383545,
    "best_dev_sum": 0.9230769230769231,
    "dev_sum": 0.9230769230769231,
    "best_train_ner_precision": 0.9351305812973884,
    "best_train_ner_recall": 0.9519725557461407,
    "best_train_ner_span_f1": 0.9434764130896728,
    "train_ner_precision": 0.9351305812973884,
    "train_ner_recall": 0.9519725557461407,
    "train_ner_span_f1": 0.9434764130896728,
    "best_dev_ner_precision": 0.92,
    "best_dev_ner_recall": 0.9261744966442953,
    "best_dev_ner_span_f1": 0.9230769230769231,
    "dev_ner_precision": 0.92,
    "dev_ner_recall": 0.9261744966442953,
    "dev_ner_span_f1": 0.9230769230769231
}