{
    "epoch": "2/20",
    "best_epoch": 1,
    "max_gpu_mem": "5.2527",
    "cur_ram": "2.4363",
    "time_epoch": "0:00:04",
    "time_total": "0:00:10",
    "best_train_ner_loss": 1046.8484893798827,
    "train_ner_loss": 906.4022257486979,
    "best_train_sum": 0.002284843869002285,
    "train_sum": 0.002284843869002285,
    "best_dev_ner_loss": 941.0599517822266,
    "dev_ner_loss": 495.1080093383789,
    "best_dev_sum": 0.0,
    "dev_sum": 0.0,
    "best_train_ner_precision": 0.0,
    "best_train_ner_recall": 0.0,
    "best_train_ner_span_f1": 0.0,
    "train_ner_precision": 0.002054794520547945,
    "train_ner_recall": 0.002572898799313894,
    "train_ner_span_f1": 0.002284843869002285,
    "best_dev_ner_precision": 0.0,
    "best_dev_ner_recall": 0.0,
    "best_dev_ner_span_f1": 0.0,
    "dev_ner_precision": 0.0,
    "dev_ner_recall": 0.0,
    "dev_ner_span_f1": 0.0
}