{
    "epoch": "12/20",
    "best_epoch": 10,
    "max_gpu_mem": "5.2527",
    "cur_ram": "2.4436",
    "time_epoch": "0:00:04",
    "time_total": "0:00:58",
    "best_train_ner_loss": 10.370531018575033,
    "train_ner_loss": 6.5666109085083,
    "best_train_sum": 0.9772824689241321,
    "train_sum": 0.9772824689241321,
    "best_dev_ner_loss": 21.61915683746338,
    "dev_ner_loss": 24.12440776824951,
    "best_dev_sum": 0.9494949494949495,
    "dev_sum": 0.9427609427609427,
    "best_train_ner_precision": 0.9717948717948718,
    "best_train_ner_recall": 0.9751286449399656,
    "best_train_ner_span_f1": 0.9734589041095889,
    "train_ner_precision": 0.9768637532133676,
    "train_ner_recall": 0.9777015437392796,
    "train_ner_span_f1": 0.9772824689241321,
    "best_dev_ner_precision": 0.9527027027027027,
    "best_dev_ner_recall": 0.9463087248322147,
    "best_dev_ner_span_f1": 0.9494949494949495,
    "dev_ner_precision": 0.9459459459459459,
    "dev_ner_recall": 0.9395973154362416,
    "dev_ner_span_f1": 0.9427609427609427
}