{
    "epoch": "1/20",
    "best_epoch": 1,
    "max_gpu_mem": "1.7075",
    "cur_ram": "2.4241",
    "time_epoch": "0:00:02",
    "time_total": "0:00:05",
    "best_train_ner_loss": 1046.8484893798827,
    "train_ner_loss": 1046.8484893798827,
    "best_train_sum": 0.0,
    "train_sum": 0.0,
    "best_dev_ner_loss": 941.0599517822266,
    "dev_ner_loss": 941.0599517822266,
    "best_dev_sum": 0.0,
    "dev_sum": 0.0,
    "best_train_ner_precision": 0.0,
    "best_train_ner_recall": 0.0,
    "best_train_ner_span_f1": 0.0,
    "train_ner_precision": 0.0,
    "train_ner_recall": 0.0,
    "train_ner_span_f1": 0.0,
    "best_dev_ner_precision": 0.0,
    "best_dev_ner_recall": 0.0,
    "best_dev_ner_span_f1": 0.0,
    "dev_ner_precision": 0.0,
    "dev_ner_recall": 0.0,
    "dev_ner_span_f1": 0.0
}