{
    "epoch": "7/20",
    "best_epoch": 6,
    "max_gpu_mem": "5.2527",
    "cur_ram": "2.4435",
    "time_epoch": "0:00:04",
    "time_total": "0:00:36",
    "best_train_ner_loss": 43.207319831848146,
    "train_ner_loss": 23.901600519816082,
    "best_train_sum": 0.9180050718512257,
    "train_sum": 0.9180050718512257,
    "best_dev_ner_loss": 29.57724666595459,
    "dev_ner_loss": 29.171865463256836,
    "best_dev_sum": 0.92,
    "dev_sum": 0.9102990033222591,
    "best_train_ner_precision": 0.8108974358974359,
    "best_train_ner_recall": 0.8679245283018868,
    "best_train_ner_span_f1": 0.8384424192212097,
    "train_ner_precision": 0.905,
    "train_ner_recall": 0.9313893653516295,
    "train_ner_span_f1": 0.9180050718512257,
    "best_dev_ner_precision": 0.9139072847682119,
    "best_dev_ner_recall": 0.9261744966442953,
    "best_dev_ner_span_f1": 0.92,
    "dev_ner_precision": 0.9013157894736842,
    "dev_ner_recall": 0.9194630872483222,
    "dev_ner_span_f1": 0.9102990033222591
}