{
    "epoch": "20/20",
    "best_epoch": 20,
    "max_gpu_mem": "5.2527",
    "cur_ram": "2.4437",
    "time_epoch": "0:00:04",
    "time_total": "0:01:34",
    "best_train_ner_loss": 1.5706789016723632,
    "train_ner_loss": 1.5706789016723632,
    "best_train_sum": 0.9965724078834619,
    "train_sum": 0.9965724078834619,
    "best_dev_ner_loss": 24.679072380065918,
    "dev_ner_loss": 24.679072380065918,
    "best_dev_sum": 0.959731543624161,
    "dev_sum": 0.959731543624161,
    "best_train_ner_precision": 0.9957191780821918,
    "best_train_ner_recall": 0.9974271012006861,
    "best_train_ner_span_f1": 0.9965724078834619,
    "train_ner_precision": 0.9957191780821918,
    "train_ner_recall": 0.9974271012006861,
    "train_ner_span_f1": 0.9965724078834619,
    "best_dev_ner_precision": 0.959731543624161,
    "best_dev_ner_recall": 0.959731543624161,
    "best_dev_ner_span_f1": 0.959731543624161,
    "dev_ner_precision": 0.959731543624161,
    "dev_ner_recall": 0.959731543624161,
    "dev_ner_span_f1": 0.959731543624161
}