{
    "epoch": "10/20",
    "best_epoch": 7,
    "max_gpu_mem": "6.7725",
    "cur_ram": "2.7427",
    "time_epoch": "0:00:06",
    "time_total": "0:01:08",
    "best_train_ner_loss": 9.21007350285848,
    "train_ner_loss": 4.024288050333658,
    "best_train_sum": 0.9910294745835113,
    "train_sum": 0.9910294745835113,
    "best_dev_ner_loss": 25.054121017456055,
    "dev_ner_loss": 28.36484718322754,
    "best_dev_sum": 0.9276315789473683,
    "dev_sum": 0.9174917491749175,
    "best_train_ner_precision": 0.9629005059021922,
    "best_train_ner_recall": 0.9794168096054888,
    "best_train_ner_span_f1": 0.9710884353741497,
    "train_ner_precision": 0.9872340425531915,
    "train_ner_recall": 0.9948542024013722,
    "train_ner_span_f1": 0.9910294745835113,
    "best_dev_ner_precision": 0.9096774193548387,
    "best_dev_ner_recall": 0.9463087248322147,
    "best_dev_ner_span_f1": 0.9276315789473683,
    "dev_ner_precision": 0.9025974025974026,
    "dev_ner_recall": 0.9328859060402684,
    "dev_ner_span_f1": 0.9174917491749175
}