{
    "epoch": "3/20",
    "best_epoch": 3,
    "max_gpu_mem": "6.7718",
    "cur_ram": "2.7419",
    "time_epoch": "0:00:06",
    "time_total": "0:00:19",
    "best_train_ner_loss": 178.05397186279296,
    "train_ner_loss": 178.05397186279296,
    "best_train_sum": 0.4640088593576965,
    "train_sum": 0.4640088593576965,
    "best_dev_ner_loss": 79.97188949584961,
    "dev_ner_loss": 79.97188949584961,
    "best_dev_sum": 0.7777777777777777,
    "dev_sum": 0.7777777777777777,
    "best_train_ner_precision": 0.6546875,
    "best_train_ner_recall": 0.35934819897084047,
    "best_train_ner_span_f1": 0.4640088593576965,
    "train_ner_precision": 0.6546875,
    "train_ner_recall": 0.35934819897084047,
    "train_ner_span_f1": 0.4640088593576965,
    "best_dev_ner_precision": 0.7579617834394905,
    "best_dev_ner_recall": 0.7986577181208053,
    "best_dev_ner_span_f1": 0.7777777777777777,
    "dev_ner_precision": 0.7579617834394905,
    "dev_ner_recall": 0.7986577181208053,
    "dev_ner_span_f1": 0.7777777777777777
}