{
    "epoch": "5/20",
    "best_epoch": 5,
    "max_gpu_mem": "6.7718",
    "cur_ram": "2.7422",
    "time_epoch": "0:00:06",
    "time_total": "0:00:34",
    "best_train_ner_loss": 29.314634132385255,
    "train_ner_loss": 29.314634132385255,
    "best_train_sum": 0.9058031959629942,
    "train_sum": 0.9058031959629942,
    "best_dev_ner_loss": 31.029422760009766,
    "dev_ner_loss": 31.029422760009766,
    "best_dev_sum": 0.898360655737705,
    "dev_sum": 0.898360655737705,
    "best_train_ner_precision": 0.8886138613861386,
    "best_train_ner_recall": 0.9236706689536878,
    "best_train_ner_span_f1": 0.9058031959629942,
    "train_ner_precision": 0.8886138613861386,
    "train_ner_recall": 0.9236706689536878,
    "train_ner_span_f1": 0.9058031959629942,
    "best_dev_ner_precision": 0.8782051282051282,
    "best_dev_ner_recall": 0.9194630872483222,
    "best_dev_ner_span_f1": 0.898360655737705,
    "dev_ner_precision": 0.8782051282051282,
    "dev_ner_recall": 0.9194630872483222,
    "dev_ner_span_f1": 0.898360655737705
}