{
    "epoch": "2/20",
    "best_epoch": 1,
    "max_gpu_mem": "6.7718",
    "cur_ram": "2.7418",
    "time_epoch": "0:00:06",
    "time_total": "0:00:13",
    "best_train_ner_loss": 816.0447926839192,
    "train_ner_loss": 480.493150583903,
    "best_train_sum": 0.011784511784511785,
    "train_sum": 0.011784511784511785,
    "best_dev_ner_loss": 674.3872756958008,
    "dev_ner_loss": 253.23627090454102,
    "best_dev_sum": 0.018808777429467086,
    "dev_sum": 0.0,
    "best_train_ner_precision": 0.010681510455844742,
    "best_train_ner_recall": 0.060891938250428816,
    "best_train_ner_span_f1": 0.01817483681044413,
    "train_ner_precision": 0.011570247933884297,
    "train_ner_recall": 0.012006861063464836,
    "train_ner_span_f1": 0.011784511784511785,
    "best_dev_ner_precision": 0.012269938650306749,
    "best_dev_ner_recall": 0.040268456375838924,
    "best_dev_ner_span_f1": 0.018808777429467086,
    "dev_ner_precision": 0.0,
    "dev_ner_recall": 0.0,
    "dev_ner_span_f1": 0.0
}