{
    "epoch": "7/20",
    "best_epoch": 7,
    "max_gpu_mem": "6.7718",
    "cur_ram": "2.7427",
    "time_epoch": "0:00:06",
    "time_total": "0:00:48",
    "best_train_ner_loss": 9.21007350285848,
    "train_ner_loss": 9.21007350285848,
    "best_train_sum": 0.9710884353741497,
    "train_sum": 0.9710884353741497,
    "best_dev_ner_loss": 25.054121017456055,
    "dev_ner_loss": 25.054121017456055,
    "best_dev_sum": 0.9276315789473683,
    "dev_sum": 0.9276315789473683,
    "best_train_ner_precision": 0.9629005059021922,
    "best_train_ner_recall": 0.9794168096054888,
    "best_train_ner_span_f1": 0.9710884353741497,
    "train_ner_precision": 0.9629005059021922,
    "train_ner_recall": 0.9794168096054888,
    "train_ner_span_f1": 0.9710884353741497,
    "best_dev_ner_precision": 0.9096774193548387,
    "best_dev_ner_recall": 0.9463087248322147,
    "best_dev_ner_span_f1": 0.9276315789473683,
    "dev_ner_precision": 0.9096774193548387,
    "dev_ner_recall": 0.9463087248322147,
    "dev_ner_span_f1": 0.9276315789473683
}