{
    "epoch": "9/20",
    "best_epoch": 7,
    "max_gpu_mem": "6.7718",
    "cur_ram": "2.7427",
    "time_epoch": "0:00:06",
    "time_total": "0:01:02",
    "best_train_ner_loss": 9.21007350285848,
    "train_ner_loss": 4.434618886311849,
    "best_train_sum": 0.988013698630137,
    "train_sum": 0.988013698630137,
    "best_dev_ner_loss": 25.054121017456055,
    "dev_ner_loss": 24.532130241394043,
    "best_dev_sum": 0.9276315789473683,
    "dev_sum": 0.9174917491749175,
    "best_train_ner_precision": 0.9629005059021922,
    "best_train_ner_recall": 0.9794168096054888,
    "best_train_ner_span_f1": 0.9710884353741497,
    "train_ner_precision": 0.9863247863247864,
    "train_ner_recall": 0.9897084048027445,
    "train_ner_span_f1": 0.988013698630137,
    "best_dev_ner_precision": 0.9096774193548387,
    "best_dev_ner_recall": 0.9463087248322147,
    "best_dev_ner_span_f1": 0.9276315789473683,
    "dev_ner_precision": 0.9025974025974026,
    "dev_ner_recall": 0.9328859060402684,
    "dev_ner_span_f1": 0.9174917491749175
}