{
    "epoch": "16/20",
    "best_epoch": 12,
    "max_gpu_mem": "6.7853",
    "cur_ram": "2.7428",
    "time_epoch": "0:00:06",
    "time_total": "0:01:47",
    "best_train_ner_loss": 1.5762599945068358,
    "train_ner_loss": 0.568954594930013,
    "best_train_sum": 0.9987141020145736,
    "train_sum": 0.9987141020145736,
    "best_dev_ner_loss": 21.564945220947266,
    "dev_ner_loss": 27.81416130065918,
    "best_dev_sum": 0.9565217391304347,
    "dev_sum": 0.94314381270903,
    "best_train_ner_precision": 0.9897435897435898,
    "best_train_ner_recall": 0.9931389365351629,
    "best_train_ner_span_f1": 0.9914383561643836,
    "train_ner_precision": 0.998286203941731,
    "train_ner_recall": 0.9991423670668954,
    "train_ner_span_f1": 0.9987141020145736,
    "best_dev_ner_precision": 0.9533333333333334,
    "best_dev_ner_recall": 0.959731543624161,
    "best_dev_ner_span_f1": 0.9565217391304347,
    "dev_ner_precision": 0.94,
    "dev_ner_recall": 0.9463087248322147,
    "dev_ner_span_f1": 0.94314381270903
}