{
    "epoch": "8/20",
    "best_epoch": 7,
    "max_gpu_mem": "6.7718",
    "cur_ram": "2.7427",
    "time_epoch": "0:00:06",
    "time_total": "0:00:55",
    "best_train_ner_loss": 9.21007350285848,
    "train_ner_loss": 5.993039894104004,
    "best_train_sum": 0.9820819112627986,
    "train_sum": 0.9820819112627986,
    "best_dev_ner_loss": 25.054121017456055,
    "dev_ner_loss": 26.27407741546631,
    "best_dev_sum": 0.9276315789473683,
    "dev_sum": 0.9169435215946845,
    "best_train_ner_precision": 0.9629005059021922,
    "best_train_ner_recall": 0.9794168096054888,
    "best_train_ner_span_f1": 0.9710884353741497,
    "train_ner_precision": 0.9770797962648556,
    "train_ner_recall": 0.9871355060034306,
    "train_ner_span_f1": 0.9820819112627986,
    "best_dev_ner_precision": 0.9096774193548387,
    "best_dev_ner_recall": 0.9463087248322147,
    "best_dev_ner_span_f1": 0.9276315789473683,
    "dev_ner_precision": 0.9078947368421053,
    "dev_ner_recall": 0.9261744966442953,
    "dev_ner_span_f1": 0.9169435215946845
}