{
    "epoch": "19/20",
    "best_epoch": 12,
    "max_gpu_mem": "6.7853",
    "cur_ram": "2.7428",
    "time_epoch": "0:00:06",
    "time_total": "0:02:05",
    "best_train_ner_loss": 1.5762599945068358,
    "train_ner_loss": 0.21937255859375,
    "best_train_sum": 1.0,
    "train_sum": 1.0,
    "best_dev_ner_loss": 21.564945220947266,
    "dev_ner_loss": 30.284008979797363,
    "best_dev_sum": 0.9565217391304347,
    "dev_sum": 0.9205298013245033,
    "best_train_ner_precision": 0.9897435897435898,
    "best_train_ner_recall": 0.9931389365351629,
    "best_train_ner_span_f1": 0.9914383561643836,
    "train_ner_precision": 1.0,
    "train_ner_recall": 1.0,
    "train_ner_span_f1": 1.0,
    "best_dev_ner_precision": 0.9533333333333334,
    "best_dev_ner_recall": 0.959731543624161,
    "best_dev_ner_span_f1": 0.9565217391304347,
    "dev_ner_precision": 0.9084967320261438,
    "dev_ner_recall": 0.9328859060402684,
    "dev_ner_span_f1": 0.9205298013245033
}