{
    "epoch": "6/20",
    "best_epoch": 6,
    "max_gpu_mem": "7.5260",
    "cur_ram": "2.7443",
    "time_epoch": "0:00:14",
    "time_total": "0:01:25",
    "best_train_ner_loss": 14.03841365814209,
    "train_ner_loss": 14.03841365814209,
    "best_train_sum": 0.8113207547169813,
    "train_sum": 0.8113207547169813,
    "best_dev_ner_loss": 21.371153150285995,
    "dev_ner_loss": 21.371153150285995,
    "best_dev_sum": 0.7121212121212122,
    "dev_sum": 0.7121212121212122,
    "best_train_ner_precision": 0.7992565055762082,
    "best_train_ner_recall": 0.8237547892720306,
    "best_train_ner_span_f1": 0.8113207547169813,
    "train_ner_precision": 0.7992565055762082,
    "train_ner_recall": 0.8237547892720306,
    "train_ner_span_f1": 0.8113207547169813,
    "best_dev_ner_precision": 0.6811594202898551,
    "best_dev_ner_recall": 0.746031746031746,
    "best_dev_ner_span_f1": 0.7121212121212122,
    "dev_ner_precision": 0.6811594202898551,
    "dev_ner_recall": 0.746031746031746,
    "dev_ner_span_f1": 0.7121212121212122
}