{
    "epoch": "7/20",
    "best_epoch": 7,
    "max_gpu_mem": "7.5260",
    "cur_ram": "2.7443",
    "time_epoch": "0:00:13",
    "time_total": "0:01:40",
    "best_train_ner_loss": 9.085187225341796,
    "train_ner_loss": 9.085187225341796,
    "best_train_sum": 0.8796208530805687,
    "train_sum": 0.8796208530805687,
    "best_dev_ner_loss": 19.668312617710658,
    "dev_ner_loss": 19.668312617710658,
    "best_dev_sum": 0.7230769230769232,
    "dev_sum": 0.7230769230769232,
    "best_train_ner_precision": 0.8705440900562852,
    "best_train_ner_recall": 0.8888888888888888,
    "best_train_ner_span_f1": 0.8796208530805687,
    "train_ner_precision": 0.8705440900562852,
    "train_ner_recall": 0.8888888888888888,
    "train_ner_span_f1": 0.8796208530805687,
    "best_dev_ner_precision": 0.7014925373134329,
    "best_dev_ner_recall": 0.746031746031746,
    "best_dev_ner_span_f1": 0.7230769230769232,
    "dev_ner_precision": 0.7014925373134329,
    "dev_ner_recall": 0.746031746031746,
    "dev_ner_span_f1": 0.7230769230769232
}