{
    "epoch": "13/20",
    "best_epoch": 9,
    "max_gpu_mem": "7.5350",
    "cur_ram": "2.7444",
    "time_epoch": "0:00:13",
    "time_total": "0:03:06",
    "best_train_ner_loss": 3.6119633102416993,
    "train_ner_loss": 2.766189308166504,
    "best_train_sum": 0.970334928229665,
    "train_sum": 0.970334928229665,
    "best_dev_ner_loss": 21.64238085065569,
    "dev_ner_loss": 28.8954587663923,
    "best_dev_sum": 0.7669172932330828,
    "dev_sum": 0.7142857142857143,
    "best_train_ner_precision": 0.9564393939393939,
    "best_train_ner_recall": 0.9674329501915708,
    "best_train_ner_span_f1": 0.9619047619047618,
    "train_ner_precision": 0.9694072657743786,
    "train_ner_recall": 0.9712643678160919,
    "train_ner_span_f1": 0.970334928229665,
    "best_dev_ner_precision": 0.7285714285714285,
    "best_dev_ner_recall": 0.8095238095238095,
    "best_dev_ner_span_f1": 0.7669172932330828,
    "dev_ner_precision": 0.6493506493506493,
    "dev_ner_recall": 0.7936507936507936,
    "dev_ner_span_f1": 0.7142857142857143
}