{
    "epoch": "10/20",
    "best_epoch": 9,
    "max_gpu_mem": "7.5260",
    "cur_ram": "2.7444",
    "time_epoch": "0:00:13",
    "time_total": "0:02:24",
    "best_train_ner_loss": 3.6119633102416993,
    "train_ner_loss": 2.31540714263916,
    "best_train_sum": 0.9665711556829034,
    "train_sum": 0.9665711556829034,
    "best_dev_ner_loss": 21.64238085065569,
    "dev_ner_loss": 23.958969116210938,
    "best_dev_sum": 0.7669172932330828,
    "dev_sum": 0.7559055118110236,
    "best_train_ner_precision": 0.9564393939393939,
    "best_train_ner_recall": 0.9674329501915708,
    "best_train_ner_span_f1": 0.9619047619047618,
    "train_ner_precision": 0.9638095238095238,
    "train_ner_recall": 0.9693486590038314,
    "train_ner_span_f1": 0.9665711556829034,
    "best_dev_ner_precision": 0.7285714285714285,
    "best_dev_ner_recall": 0.8095238095238095,
    "best_dev_ner_span_f1": 0.7669172932330828,
    "dev_ner_precision": 0.75,
    "dev_ner_recall": 0.7619047619047619,
    "dev_ner_span_f1": 0.7559055118110236
}