{
    "epoch": "11/20",
    "best_epoch": 9,
    "max_gpu_mem": "7.5350",
    "cur_ram": "2.7444",
    "time_epoch": "0:00:13",
    "time_total": "0:02:38",
    "best_train_ner_loss": 3.6119633102416993,
    "train_ner_loss": 2.4366908264160156,
    "best_train_sum": 0.972407231208373,
    "train_sum": 0.972407231208373,
    "best_dev_ner_loss": 21.64238085065569,
    "dev_ner_loss": 22.918553488595144,
    "best_dev_sum": 0.7669172932330828,
    "dev_sum": 0.7611940298507462,
    "best_train_ner_precision": 0.9564393939393939,
    "best_train_ner_recall": 0.9674329501915708,
    "best_train_ner_span_f1": 0.9619047619047618,
    "train_ner_precision": 0.9659735349716446,
    "train_ner_recall": 0.9789272030651341,
    "train_ner_span_f1": 0.972407231208373,
    "best_dev_ner_precision": 0.7285714285714285,
    "best_dev_ner_recall": 0.8095238095238095,
    "best_dev_ner_span_f1": 0.7669172932330828,
    "dev_ner_precision": 0.7183098591549296,
    "dev_ner_recall": 0.8095238095238095,
    "dev_ner_span_f1": 0.7611940298507462
}