{
    "epoch": "5/20",
    "best_epoch": 5,
    "max_gpu_mem": "7.5260",
    "cur_ram": "2.7439",
    "time_epoch": "0:00:14",
    "time_total": "0:01:10",
    "best_train_ner_loss": 22.338822441101073,
    "train_ner_loss": 22.338822441101073,
    "best_train_sum": 0.7171239356669821,
    "train_sum": 0.7171239356669821,
    "best_dev_ner_loss": 25.04375457763672,
    "dev_ner_loss": 25.04375457763672,
    "best_dev_sum": 0.6614173228346457,
    "dev_sum": 0.6614173228346457,
    "best_train_ner_precision": 0.708411214953271,
    "best_train_ner_recall": 0.7260536398467433,
    "best_train_ner_span_f1": 0.7171239356669821,
    "train_ner_precision": 0.708411214953271,
    "train_ner_recall": 0.7260536398467433,
    "train_ner_span_f1": 0.7171239356669821,
    "best_dev_ner_precision": 0.65625,
    "best_dev_ner_recall": 0.6666666666666666,
    "best_dev_ner_span_f1": 0.6614173228346457,
    "dev_ner_precision": 0.65625,
    "dev_ner_recall": 0.6666666666666666,
    "dev_ner_span_f1": 0.6614173228346457
}