{
    "epoch": "15/20",
    "best_epoch": 9,
    "max_gpu_mem": "7.5350",
    "cur_ram": "2.7444",
    "time_epoch": "0:00:13",
    "time_total": "0:03:34",
    "best_train_ner_loss": 3.6119633102416993,
    "train_ner_loss": 0.942379150390625,
    "best_train_sum": 0.987535953978907,
    "train_sum": 0.987535953978907,
    "best_dev_ner_loss": 21.64238085065569,
    "dev_ner_loss": 25.696004595075333,
    "best_dev_sum": 0.7669172932330828,
    "dev_sum": 0.7205882352941178,
    "best_train_ner_precision": 0.9564393939393939,
    "best_train_ner_recall": 0.9674329501915708,
    "best_train_ner_span_f1": 0.9619047619047618,
    "train_ner_precision": 0.9884836852207294,
    "train_ner_recall": 0.9865900383141762,
    "train_ner_span_f1": 0.987535953978907,
    "best_dev_ner_precision": 0.7285714285714285,
    "best_dev_ner_recall": 0.8095238095238095,
    "best_dev_ner_span_f1": 0.7669172932330828,
    "dev_ner_precision": 0.6712328767123288,
    "dev_ner_recall": 0.7777777777777778,
    "dev_ner_span_f1": 0.7205882352941178
}