{
    "epoch": "16/20",
    "best_epoch": 9,
    "max_gpu_mem": "7.5350",
    "cur_ram": "2.7444",
    "time_epoch": "0:00:13",
    "time_total": "0:03:48",
    "best_train_ner_loss": 3.6119633102416993,
    "train_ner_loss": 0.6103366088867187,
    "best_train_sum": 0.9923518164435946,
    "train_sum": 0.9923518164435946,
    "best_dev_ner_loss": 21.64238085065569,
    "dev_ner_loss": 25.713775089808873,
    "best_dev_sum": 0.7669172932330828,
    "dev_sum": 0.75,
    "best_train_ner_precision": 0.9564393939393939,
    "best_train_ner_recall": 0.9674329501915708,
    "best_train_ner_span_f1": 0.9619047619047618,
    "train_ner_precision": 0.9904580152671756,
    "train_ner_recall": 0.9942528735632183,
    "train_ner_span_f1": 0.9923518164435946,
    "best_dev_ner_precision": 0.7285714285714285,
    "best_dev_ner_recall": 0.8095238095238095,
    "best_dev_ner_span_f1": 0.7669172932330828,
    "dev_ner_precision": 0.7384615384615385,
    "dev_ner_recall": 0.7619047619047619,
    "dev_ner_span_f1": 0.75
}