{
    "epoch": "2/20",
    "best_epoch": 1,
    "max_gpu_mem": "7.5260",
    "cur_ram": "2.7434",
    "time_epoch": "0:00:14",
    "time_total": "0:00:25",
    "best_train_ner_loss": 1177.1210858154298,
    "train_ner_loss": 382.6926313018799,
    "best_train_sum": 0.002364066193853428,
    "train_sum": 0.002364066193853428,
    "best_dev_ner_loss": 821.83837890625,
    "dev_ner_loss": 94.7841739654541,
    "best_dev_sum": 0.0,
    "dev_sum": 0.0,
    "best_train_ner_precision": 0.0007161350740924365,
    "best_train_ner_recall": 0.02490421455938697,
    "best_train_ner_span_f1": 0.001392235609103079,
    "train_ner_precision": 0.0017094017094017094,
    "train_ner_recall": 0.0038314176245210726,
    "train_ner_span_f1": 0.002364066193853428,
    "best_dev_ner_precision": 0.0,
    "best_dev_ner_recall": 0.0,
    "best_dev_ner_span_f1": 0.0,
    "dev_ner_precision": 0.0,
    "dev_ner_recall": 0.0,
    "dev_ner_span_f1": 0.0
}