{
    "epoch": "8/20",
    "best_epoch": 7,
    "max_gpu_mem": "7.5260",
    "cur_ram": "2.7281",
    "time_epoch": "0:00:13",
    "time_total": "0:01:55",
    "best_train_ner_loss": 9.085187225341796,
    "train_ner_loss": 5.942058525085449,
    "best_train_sum": 0.9171374764595104,
    "train_sum": 0.9171374764595104,
    "best_dev_ner_loss": 19.668312617710658,
    "dev_ner_loss": 21.517420087541854,
    "best_dev_sum": 0.7230769230769232,
    "dev_sum": 0.7205882352941178,
    "best_train_ner_precision": 0.8705440900562852,
    "best_train_ner_recall": 0.8888888888888888,
    "best_train_ner_span_f1": 0.8796208530805687,
    "train_ner_precision": 0.9018518518518519,
    "train_ner_recall": 0.9329501915708812,
    "train_ner_span_f1": 0.9171374764595104,
    "best_dev_ner_precision": 0.7014925373134329,
    "best_dev_ner_recall": 0.746031746031746,
    "best_dev_ner_span_f1": 0.7230769230769232,
    "dev_ner_precision": 0.6712328767123288,
    "dev_ner_recall": 0.7777777777777778,
    "dev_ner_span_f1": 0.7205882352941178
}