{
    "epoch": "13/20",
    "best_epoch": 9,
    "max_gpu_mem": "2.4246",
    "cur_ram": "2.4493",
    "time_epoch": "0:00:03",
    "time_total": "0:00:50",
    "best_train_ner_loss": 4.858066622416178,
    "train_ner_loss": 0.9923355738321941,
    "best_train_sum": 0.9978549978549979,
    "train_sum": 0.9978549978549979,
    "best_dev_ner_loss": 14.87896728515625,
    "dev_ner_loss": 19.2581205368042,
    "best_dev_sum": 0.9523809523809523,
    "dev_sum": 0.9435483870967742,
    "best_train_ner_precision": 0.9862660944206009,
    "best_train_ner_recall": 0.9862660944206009,
    "best_train_ner_span_f1": 0.9862660944206009,
    "train_ner_precision": 0.9974271012006861,
    "train_ner_recall": 0.9982832618025751,
    "train_ner_span_f1": 0.9978549978549979,
    "best_dev_ner_precision": 0.9448818897637795,
    "best_dev_ner_recall": 0.96,
    "best_dev_ner_span_f1": 0.9523809523809523,
    "dev_ner_precision": 0.9512195121951219,
    "dev_ner_recall": 0.936,
    "dev_ner_span_f1": 0.9435483870967742
}