{
    "epoch": "3/20",
    "best_epoch": 3,
    "max_gpu_mem": "2.4170",
    "cur_ram": "2.4372",
    "time_epoch": "0:00:03",
    "time_total": "0:00:13",
    "best_train_ner_loss": 260.4118891398112,
    "train_ner_loss": 260.4118891398112,
    "best_train_sum": 0.25219573400250944,
    "train_sum": 0.25219573400250944,
    "best_dev_ner_loss": 112.58121299743652,
    "dev_ner_loss": 112.58121299743652,
    "best_dev_sum": 0.5,
    "dev_sum": 0.5,
    "best_train_ner_precision": 0.46853146853146854,
    "best_train_ner_recall": 0.17253218884120172,
    "best_train_ner_span_f1": 0.25219573400250944,
    "train_ner_precision": 0.46853146853146854,
    "train_ner_recall": 0.17253218884120172,
    "train_ner_span_f1": 0.25219573400250944,
    "best_dev_ner_precision": 0.5656565656565656,
    "best_dev_ner_recall": 0.448,
    "best_dev_ner_span_f1": 0.5,
    "dev_ner_precision": 0.5656565656565656,
    "dev_ner_recall": 0.448,
    "dev_ner_span_f1": 0.5
}