{
    "epoch": "2/20",
    "best_epoch": 1,
    "max_gpu_mem": "2.4170",
    "cur_ram": "2.4370",
    "time_epoch": "0:00:03",
    "time_total": "0:00:09",
    "best_train_ner_loss": 947.9304555257162,
    "train_ner_loss": 702.3204600016276,
    "best_train_sum": 0.0230980751604033,
    "train_sum": 0.0230980751604033,
    "best_dev_ner_loss": 803.900634765625,
    "dev_ner_loss": 313.23332595825195,
    "best_dev_sum": 0.008016032064128258,
    "dev_sum": 0.0,
    "best_train_ner_precision": 0.00854075158613958,
    "best_train_ner_recall": 0.060085836909871244,
    "best_train_ner_span_f1": 0.014955667129580174,
    "train_ner_precision": 0.014685314685314685,
    "train_ner_recall": 0.05407725321888412,
    "train_ner_span_f1": 0.0230980751604033,
    "best_dev_ner_precision": 0.004581901489117984,
    "best_dev_ner_recall": 0.032,
    "best_dev_ner_span_f1": 0.008016032064128258,
    "dev_ner_precision": 0.0,
    "dev_ner_recall": 0.0,
    "dev_ner_span_f1": 0.0
}