{
    "epoch": "5/20",
    "best_epoch": 5,
    "max_gpu_mem": "2.4246",
    "cur_ram": "2.4418",
    "time_epoch": "0:00:03",
    "time_total": "0:00:20",
    "best_train_ner_loss": 42.247921752929685,
    "train_ner_loss": 42.247921752929685,
    "best_train_sum": 0.8288879770209273,
    "train_sum": 0.8288879770209273,
    "best_dev_ner_loss": 24.12669038772583,
    "dev_ner_loss": 24.12669038772583,
    "best_dev_sum": 0.8650793650793651,
    "dev_sum": 0.8650793650793651,
    "best_train_ner_precision": 0.7940251572327044,
    "best_train_ner_recall": 0.8669527896995708,
    "best_train_ner_span_f1": 0.8288879770209273,
    "train_ner_precision": 0.7940251572327044,
    "train_ner_recall": 0.8669527896995708,
    "train_ner_span_f1": 0.8288879770209273,
    "best_dev_ner_precision": 0.8582677165354331,
    "best_dev_ner_recall": 0.872,
    "best_dev_ner_span_f1": 0.8650793650793651,
    "dev_ner_precision": 0.8582677165354331,
    "dev_ner_recall": 0.872,
    "dev_ner_span_f1": 0.8650793650793651
}