{
    "epoch": "4/20",
    "best_epoch": 4,
    "max_gpu_mem": "2.4172",
    "cur_ram": "2.4417",
    "time_epoch": "0:00:03",
    "time_total": "0:00:16",
    "best_train_ner_loss": 94.60546315511068,
    "train_ner_loss": 94.60546315511068,
    "best_train_sum": 0.646371976647206,
    "train_sum": 0.646371976647206,
    "best_dev_ner_loss": 41.23571300506592,
    "dev_ner_loss": 41.23571300506592,
    "best_dev_sum": 0.8015873015873016,
    "dev_sum": 0.8015873015873016,
    "best_train_ner_precision": 0.6285482562854826,
    "best_train_ner_recall": 0.6652360515021459,
    "best_train_ner_span_f1": 0.646371976647206,
    "train_ner_precision": 0.6285482562854826,
    "train_ner_recall": 0.6652360515021459,
    "train_ner_span_f1": 0.646371976647206,
    "best_dev_ner_precision": 0.7952755905511811,
    "best_dev_ner_recall": 0.808,
    "best_dev_ner_span_f1": 0.8015873015873016,
    "dev_ner_precision": 0.7952755905511811,
    "dev_ner_recall": 0.808,
    "dev_ner_span_f1": 0.8015873015873016
}