{
    "epoch": "6/20",
    "best_epoch": 6,
    "max_gpu_mem": "2.4246",
    "cur_ram": "2.4446",
    "time_epoch": "0:00:03",
    "time_total": "0:00:24",
    "best_train_ner_loss": 23.34227638244629,
    "train_ner_loss": 23.34227638244629,
    "best_train_sum": 0.902654867256637,
    "train_sum": 0.902654867256637,
    "best_dev_ner_loss": 18.41970729827881,
    "dev_ner_loss": 18.41970729827881,
    "best_dev_sum": 0.931726907630522,
    "dev_sum": 0.931726907630522,
    "best_train_ner_precision": 0.8865894039735099,
    "best_train_ner_recall": 0.91931330472103,
    "best_train_ner_span_f1": 0.902654867256637,
    "train_ner_precision": 0.8865894039735099,
    "train_ner_recall": 0.91931330472103,
    "train_ner_span_f1": 0.902654867256637,
    "best_dev_ner_precision": 0.9354838709677419,
    "best_dev_ner_recall": 0.928,
    "best_dev_ner_span_f1": 0.931726907630522,
    "dev_ner_precision": 0.9354838709677419,
    "dev_ner_recall": 0.928,
    "dev_ner_span_f1": 0.931726907630522
}