{
    "epoch": "11/20",
    "best_epoch": 9,
    "max_gpu_mem": "2.4246",
    "cur_ram": "2.4493",
    "time_epoch": "0:00:03",
    "time_total": "0:00:43",
    "best_train_ner_loss": 4.858066622416178,
    "train_ner_loss": 2.026362673441569,
    "best_train_sum": 0.993127147766323,
    "train_sum": 0.993127147766323,
    "best_dev_ner_loss": 14.87896728515625,
    "dev_ner_loss": 13.892237663269043,
    "best_dev_sum": 0.9523809523809523,
    "dev_sum": 0.9482071713147411,
    "best_train_ner_precision": 0.9862660944206009,
    "best_train_ner_recall": 0.9862660944206009,
    "best_train_ner_span_f1": 0.9862660944206009,
    "train_ner_precision": 0.9939810834049871,
    "train_ner_recall": 0.992274678111588,
    "train_ner_span_f1": 0.993127147766323,
    "best_dev_ner_precision": 0.9448818897637795,
    "best_dev_ner_recall": 0.96,
    "best_dev_ner_span_f1": 0.9523809523809523,
    "dev_ner_precision": 0.9444444444444444,
    "dev_ner_recall": 0.952,
    "dev_ner_span_f1": 0.9482071713147411
}