{
    "epoch": "1/20",
    "best_epoch": 1,
    "max_gpu_mem": "1.1190",
    "cur_ram": "2.4248",
    "time_epoch": "0:00:02",
    "time_total": "0:00:05",
    "best_train_ner_loss": 947.9304555257162,
    "train_ner_loss": 947.9304555257162,
    "best_train_sum": 0.014955667129580174,
    "train_sum": 0.014955667129580174,
    "best_dev_ner_loss": 803.900634765625,
    "dev_ner_loss": 803.900634765625,
    "best_dev_sum": 0.008016032064128258,
    "dev_sum": 0.008016032064128258,
    "best_train_ner_precision": 0.00854075158613958,
    "best_train_ner_recall": 0.060085836909871244,
    "best_train_ner_span_f1": 0.014955667129580174,
    "train_ner_precision": 0.00854075158613958,
    "train_ner_recall": 0.060085836909871244,
    "train_ner_span_f1": 0.014955667129580174,
    "best_dev_ner_precision": 0.004581901489117984,
    "best_dev_ner_recall": 0.032,
    "best_dev_ner_span_f1": 0.008016032064128258,
    "dev_ner_precision": 0.004581901489117984,
    "dev_ner_recall": 0.032,
    "dev_ner_span_f1": 0.008016032064128258
}