{
    "epoch": "10/20",
    "best_epoch": 9,
    "max_gpu_mem": "2.4246",
    "cur_ram": "2.4493",
    "time_epoch": "0:00:03",
    "time_total": "0:00:39",
    "best_train_ner_loss": 4.858066622416178,
    "train_ner_loss": 2.9667532602945963,
    "best_train_sum": 0.9957118353344768,
    "train_sum": 0.9957118353344768,
    "best_dev_ner_loss": 14.87896728515625,
    "dev_ner_loss": 15.574941635131836,
    "best_dev_sum": 0.9523809523809523,
    "dev_sum": 0.9402390438247011,
    "best_train_ner_precision": 0.9862660944206009,
    "best_train_ner_recall": 0.9862660944206009,
    "best_train_ner_span_f1": 0.9862660944206009,
    "train_ner_precision": 0.9948586118251928,
    "train_ner_recall": 0.9965665236051502,
    "train_ner_span_f1": 0.9957118353344768,
    "best_dev_ner_precision": 0.9448818897637795,
    "best_dev_ner_recall": 0.96,
    "best_dev_ner_span_f1": 0.9523809523809523,
    "dev_ner_precision": 0.9365079365079365,
    "dev_ner_recall": 0.944,
    "dev_ner_span_f1": 0.9402390438247011
}