{
    "epoch": "8/20",
    "best_epoch": 8,
    "max_gpu_mem": "2.4246",
    "cur_ram": "2.4492",
    "time_epoch": "0:00:03",
    "time_total": "0:00:32",
    "best_train_ner_loss": 6.629713439941407,
    "train_ner_loss": 6.629713439941407,
    "best_train_sum": 0.9760479041916167,
    "train_sum": 0.9760479041916167,
    "best_dev_ner_loss": 19.45461654663086,
    "dev_ner_loss": 19.45461654663086,
    "best_dev_sum": 0.9516129032258064,
    "dev_sum": 0.9516129032258064,
    "best_train_ner_precision": 0.9727195225916454,
    "best_train_ner_recall": 0.9793991416309012,
    "best_train_ner_span_f1": 0.9760479041916167,
    "train_ner_precision": 0.9727195225916454,
    "train_ner_recall": 0.9793991416309012,
    "train_ner_span_f1": 0.9760479041916167,
    "best_dev_ner_precision": 0.959349593495935,
    "best_dev_ner_recall": 0.944,
    "best_dev_ner_span_f1": 0.9516129032258064,
    "dev_ner_precision": 0.959349593495935,
    "dev_ner_recall": 0.944,
    "dev_ner_span_f1": 0.9516129032258064
}