{
    "epoch": "7/20",
    "best_epoch": 7,
    "max_gpu_mem": "2.4246",
    "cur_ram": "2.4492",
    "time_epoch": "0:00:03",
    "time_total": "0:00:28",
    "best_train_ner_loss": 12.976817639668782,
    "train_ner_loss": 12.976817639668782,
    "best_train_sum": 0.9574105621805792,
    "train_sum": 0.9574105621805792,
    "best_dev_ner_loss": 14.208545684814453,
    "dev_ner_loss": 14.208545684814453,
    "best_dev_sum": 0.9482071713147411,
    "dev_sum": 0.9482071713147411,
    "best_train_ner_precision": 0.9501267962806424,
    "best_train_ner_recall": 0.9648068669527897,
    "best_train_ner_span_f1": 0.9574105621805792,
    "train_ner_precision": 0.9501267962806424,
    "train_ner_recall": 0.9648068669527897,
    "train_ner_span_f1": 0.9574105621805792,
    "best_dev_ner_precision": 0.9444444444444444,
    "best_dev_ner_recall": 0.952,
    "best_dev_ner_span_f1": 0.9482071713147411,
    "dev_ner_precision": 0.9444444444444444,
    "dev_ner_recall": 0.952,
    "dev_ner_span_f1": 0.9482071713147411
}