{
    "epoch": "16/20",
    "best_epoch": 9,
    "max_gpu_mem": "2.4246",
    "cur_ram": "2.4493",
    "time_epoch": "0:00:03",
    "time_total": "0:01:00",
    "best_train_ner_loss": 4.858066622416178,
    "train_ner_loss": 1.1875415802001954,
    "best_train_sum": 0.9969969969969971,
    "train_sum": 0.9969969969969971,
    "best_dev_ner_loss": 14.87896728515625,
    "dev_ner_loss": 16.943683624267578,
    "best_dev_sum": 0.9523809523809523,
    "dev_sum": 0.9516129032258064,
    "best_train_ner_precision": 0.9862660944206009,
    "best_train_ner_recall": 0.9862660944206009,
    "best_train_ner_span_f1": 0.9862660944206009,
    "train_ner_precision": 0.9965694682675815,
    "train_ner_recall": 0.9974248927038627,
    "train_ner_span_f1": 0.9969969969969971,
    "best_dev_ner_precision": 0.9448818897637795,
    "best_dev_ner_recall": 0.96,
    "best_dev_ner_span_f1": 0.9523809523809523,
    "dev_ner_precision": 0.959349593495935,
    "dev_ner_recall": 0.944,
    "dev_ner_span_f1": 0.9516129032258064
}