{
    "epoch": "5/20",
    "best_epoch": 5,
    "max_gpu_mem": "2.8211",
    "cur_ram": "2.4789",
    "time_epoch": "0:00:08",
    "time_total": "0:00:44",
    "best_train_ner_loss": 29.33665247316714,
    "train_ner_loss": 29.33665247316714,
    "best_train_sum": 0.5323868677905944,
    "train_sum": 0.5323868677905944,
    "best_dev_ner_loss": 21.12694195338658,
    "dev_ner_loss": 21.12694195338658,
    "best_dev_sum": 0.7627118644067795,
    "dev_sum": 0.7627118644067795,
    "best_train_ner_precision": 0.5190311418685121,
    "best_train_ner_recall": 0.546448087431694,
    "best_train_ner_span_f1": 0.5323868677905944,
    "train_ner_precision": 0.5190311418685121,
    "train_ner_recall": 0.546448087431694,
    "train_ner_span_f1": 0.5323868677905944,
    "best_dev_ner_precision": 0.75,
    "best_dev_ner_recall": 0.7758620689655172,
    "best_dev_ner_span_f1": 0.7627118644067795,
    "dev_ner_precision": 0.75,
    "dev_ner_recall": 0.7758620689655172,
    "dev_ner_span_f1": 0.7627118644067795
}