{
    "epoch": "1/20",
    "best_epoch": 1,
    "max_gpu_mem": "1.3007",
    "cur_ram": "2.4612",
    "time_epoch": "0:00:06",
    "time_total": "0:00:09",
    "best_train_ner_loss": 1057.9263458251953,
    "train_ner_loss": 1057.9263458251953,
    "best_train_sum": 0.0025597269624573382,
    "train_sum": 0.0025597269624573382,
    "best_dev_ner_loss": 956.315202985491,
    "dev_ner_loss": 956.315202985491,
    "best_dev_sum": 0.0,
    "dev_sum": 0.0,
    "best_train_ner_precision": 0.001671309192200557,
    "best_train_ner_recall": 0.00546448087431694,
    "best_train_ner_span_f1": 0.0025597269624573382,
    "train_ner_precision": 0.001671309192200557,
    "train_ner_recall": 0.00546448087431694,
    "train_ner_span_f1": 0.0025597269624573382,
    "best_dev_ner_precision": 0.0,
    "best_dev_ner_recall": 0.0,
    "best_dev_ner_span_f1": 0.0,
    "dev_ner_precision": 0.0,
    "dev_ner_recall": 0.0,
    "dev_ner_span_f1": 0.0
}