{
    "epoch": "19/20",
    "best_epoch": 17,
    "max_gpu_mem": "2.8211",
    "cur_ram": "2.4820",
    "time_epoch": "0:00:08",
    "time_total": "0:02:46",
    "best_train_ner_loss": 1.070826283207646,
    "train_ner_loss": 0.6593667136298286,
    "best_train_sum": 0.991810737033667,
    "train_sum": 0.991810737033667,
    "best_dev_ner_loss": 18.0093378339495,
    "dev_ner_loss": 21.924781799316406,
    "best_dev_sum": 0.8620689655172413,
    "dev_sum": 0.8,
    "best_train_ner_precision": 0.9836660617059891,
    "best_train_ner_recall": 0.9872495446265938,
    "best_train_ner_span_f1": 0.9854545454545455,
    "train_ner_precision": 0.990909090909091,
    "train_ner_recall": 0.9927140255009107,
    "train_ner_span_f1": 0.991810737033667,
    "best_dev_ner_precision": 0.8620689655172413,
    "best_dev_ner_recall": 0.8620689655172413,
    "best_dev_ner_span_f1": 0.8620689655172413,
    "dev_ner_precision": 0.8070175438596491,
    "dev_ner_recall": 0.7931034482758621,
    "dev_ner_span_f1": 0.8
}