{
    "epoch": "17/20",
    "best_epoch": 17,
    "max_gpu_mem": "2.8211",
    "cur_ram": "2.4819",
    "time_epoch": "0:00:08",
    "time_total": "0:02:29",
    "best_train_ner_loss": 1.070826283207646,
    "train_ner_loss": 1.070826283207646,
    "best_train_sum": 0.9854545454545455,
    "train_sum": 0.9854545454545455,
    "best_dev_ner_loss": 18.0093378339495,
    "dev_ner_loss": 18.0093378339495,
    "best_dev_sum": 0.8620689655172413,
    "dev_sum": 0.8620689655172413,
    "best_train_ner_precision": 0.9836660617059891,
    "best_train_ner_recall": 0.9872495446265938,
    "best_train_ner_span_f1": 0.9854545454545455,
    "train_ner_precision": 0.9836660617059891,
    "train_ner_recall": 0.9872495446265938,
    "train_ner_span_f1": 0.9854545454545455,
    "best_dev_ner_precision": 0.8620689655172413,
    "best_dev_ner_recall": 0.8620689655172413,
    "best_dev_ner_span_f1": 0.8620689655172413,
    "dev_ner_precision": 0.8620689655172413,
    "dev_ner_recall": 0.8620689655172413,
    "dev_ner_span_f1": 0.8620689655172413
}