{
    "epoch": "6/20",
    "best_epoch": 6,
    "max_gpu_mem": "2.8211",
    "cur_ram": "2.4817",
    "time_epoch": "0:00:08",
    "time_total": "0:00:53",
    "best_train_ner_loss": 19.89972287637216,
    "train_ner_loss": 19.89972287637216,
    "best_train_sum": 0.7336956521739131,
    "train_sum": 0.7336956521739131,
    "best_dev_ner_loss": 16.7938049861363,
    "dev_ner_loss": 16.7938049861363,
    "best_dev_sum": 0.7826086956521741,
    "dev_sum": 0.7826086956521741,
    "best_train_ner_precision": 0.7297297297297297,
    "best_train_ner_recall": 0.7377049180327869,
    "best_train_ner_span_f1": 0.7336956521739131,
    "train_ner_precision": 0.7297297297297297,
    "train_ner_recall": 0.7377049180327869,
    "train_ner_span_f1": 0.7336956521739131,
    "best_dev_ner_precision": 0.7894736842105263,
    "best_dev_ner_recall": 0.7758620689655172,
    "best_dev_ner_span_f1": 0.7826086956521741,
    "dev_ner_precision": 0.7894736842105263,
    "dev_ner_recall": 0.7758620689655172,
    "dev_ner_span_f1": 0.7826086956521741
}