{
    "epoch": "16/20",
    "best_epoch": 9,
    "max_gpu_mem": "2.8211",
    "cur_ram": "2.4819",
    "time_epoch": "0:00:08",
    "time_total": "0:02:20",
    "best_train_ner_loss": 8.97554983916106,
    "train_ner_loss": 1.8020551822803639,
    "best_train_sum": 0.9672727272727273,
    "train_sum": 0.9672727272727273,
    "best_dev_ner_loss": 14.631229400634766,
    "dev_ner_loss": 18.9356198992048,
    "best_dev_sum": 0.8108108108108107,
    "dev_sum": 0.7692307692307694,
    "best_train_ner_precision": 0.8540540540540541,
    "best_train_ner_recall": 0.8633879781420765,
    "best_train_ner_span_f1": 0.8586956521739131,
    "train_ner_precision": 0.9655172413793104,
    "train_ner_recall": 0.9690346083788707,
    "train_ner_span_f1": 0.9672727272727273,
    "best_dev_ner_precision": 0.8490566037735849,
    "best_dev_ner_recall": 0.7758620689655172,
    "best_dev_ner_span_f1": 0.8108108108108107,
    "dev_ner_precision": 0.7627118644067796,
    "dev_ner_recall": 0.7758620689655172,
    "dev_ner_span_f1": 0.7692307692307694
}