{
    "epoch": "4/20",
    "best_epoch": 4,
    "max_gpu_mem": "2.8211",
    "cur_ram": "2.4735",
    "time_epoch": "0:00:08",
    "time_total": "0:00:35",
    "best_train_ner_loss": 49.01796690622965,
    "train_ner_loss": 49.01796690622965,
    "best_train_sum": 0.2524038461538462,
    "train_sum": 0.2524038461538462,
    "best_dev_ner_loss": 28.25815827505929,
    "dev_ner_loss": 28.25815827505929,
    "best_dev_sum": 0.4251968503937008,
    "dev_sum": 0.4251968503937008,
    "best_train_ner_precision": 0.3710247349823322,
    "best_train_ner_recall": 0.1912568306010929,
    "best_train_ner_span_f1": 0.2524038461538462,
    "train_ner_precision": 0.3710247349823322,
    "train_ner_recall": 0.1912568306010929,
    "train_ner_span_f1": 0.2524038461538462,
    "best_dev_ner_precision": 0.391304347826087,
    "best_dev_ner_recall": 0.46551724137931033,
    "best_dev_ner_span_f1": 0.4251968503937008,
    "dev_ner_precision": 0.391304347826087,
    "dev_ner_recall": 0.46551724137931033,
    "dev_ner_span_f1": 0.4251968503937008
}