{
    "epoch": "8/20",
    "best_epoch": 7,
    "max_gpu_mem": "7.8701",
    "cur_ram": "2.7896",
    "time_epoch": "0:00:19",
    "time_total": "0:02:40",
    "best_train_ner_loss": 14.375028115731698,
    "train_ner_loss": 11.549393865797255,
    "best_train_sum": 0.845724907063197,
    "train_sum": 0.845724907063197,
    "best_dev_ner_loss": 18.708455766950333,
    "dev_ner_loss": 19.19453321184431,
    "best_dev_sum": 0.7826086956521738,
    "dev_sum": 0.696774193548387,
    "best_train_ner_precision": 0.8033707865168539,
    "best_train_ner_recall": 0.8018691588785046,
    "best_train_ner_span_f1": 0.8026192703461178,
    "train_ner_precision": 0.8410351201478743,
    "train_ner_recall": 0.8504672897196262,
    "train_ner_span_f1": 0.845724907063197,
    "best_dev_ner_precision": 0.8181818181818182,
    "best_dev_ner_recall": 0.75,
    "best_dev_ner_span_f1": 0.7826086956521738,
    "dev_ner_precision": 0.6506024096385542,
    "dev_ner_recall": 0.75,
    "dev_ner_span_f1": 0.696774193548387
}