{
    "epoch": "2/20",
    "best_epoch": 1,
    "max_gpu_mem": "7.8657",
    "cur_ram": "2.7887",
    "time_epoch": "0:00:19",
    "time_total": "0:00:35",
    "best_train_ner_loss": 1272.863251297562,
    "train_ner_loss": 341.3797121754399,
    "best_train_sum": 0.002775850104094379,
    "train_sum": 0.002775850104094379,
    "best_dev_ner_loss": 1045.1398315429688,
    "dev_ner_loss": 92.42141396658761,
    "best_dev_sum": 0.007692307692307693,
    "dev_sum": 0.0,
    "best_train_ner_precision": 0.0019042437431991295,
    "best_train_ner_recall": 0.013084112149532711,
    "best_train_ner_span_f1": 0.0033246259795772976,
    "train_ner_precision": 0.002207505518763797,
    "train_ner_recall": 0.003738317757009346,
    "train_ner_span_f1": 0.002775850104094379,
    "best_dev_ner_precision": 0.004464285714285714,
    "best_dev_ner_recall": 0.027777777777777776,
    "best_dev_ner_span_f1": 0.007692307692307693,
    "dev_ner_precision": 0.0,
    "dev_ner_recall": 0.0,
    "dev_ner_span_f1": 0.0
}