{
    "epoch": "6/20",
    "best_epoch": 6,
    "max_gpu_mem": "7.8679",
    "cur_ram": "2.7896",
    "time_epoch": "0:00:20",
    "time_total": "0:01:58",
    "best_train_ner_loss": 18.117793100851554,
    "train_ner_loss": 18.117793100851554,
    "best_train_sum": 0.7831655992680695,
    "train_sum": 0.7831655992680695,
    "best_dev_ner_loss": 24.826101575578964,
    "dev_ner_loss": 24.826101575578964,
    "best_dev_sum": 0.7352941176470588,
    "dev_sum": 0.7352941176470588,
    "best_train_ner_precision": 0.7670250896057348,
    "best_train_ner_recall": 0.8,
    "best_train_ner_span_f1": 0.7831655992680695,
    "train_ner_precision": 0.7670250896057348,
    "train_ner_recall": 0.8,
    "train_ner_span_f1": 0.7831655992680695,
    "best_dev_ner_precision": 0.78125,
    "best_dev_ner_recall": 0.6944444444444444,
    "best_dev_ner_span_f1": 0.7352941176470588,
    "dev_ner_precision": 0.78125,
    "dev_ner_recall": 0.6944444444444444,
    "dev_ner_span_f1": 0.7352941176470588
}