{
    "epoch": "11/20",
    "best_epoch": 7,
    "max_gpu_mem": "7.8701",
    "cur_ram": "2.7896",
    "time_epoch": "0:00:20",
    "time_total": "0:03:41",
    "best_train_ner_loss": 14.375028115731698,
    "train_ner_loss": 5.29882307405825,
    "best_train_sum": 0.9222222222222223,
    "train_sum": 0.9222222222222223,
    "best_dev_ner_loss": 18.708455766950333,
    "dev_ner_loss": 19.963420867919922,
    "best_dev_sum": 0.7826086956521738,
    "dev_sum": 0.7801418439716311,
    "best_train_ner_precision": 0.8033707865168539,
    "best_train_ner_recall": 0.8018691588785046,
    "best_train_ner_span_f1": 0.8026192703461178,
    "train_ner_precision": 0.9137614678899083,
    "train_ner_recall": 0.930841121495327,
    "train_ner_span_f1": 0.9222222222222223,
    "best_dev_ner_precision": 0.8181818181818182,
    "best_dev_ner_recall": 0.75,
    "best_dev_ner_span_f1": 0.7826086956521738,
    "dev_ner_precision": 0.7971014492753623,
    "dev_ner_recall": 0.7638888888888888,
    "dev_ner_span_f1": 0.7801418439716311
}