{
    "epoch": "7/20",
    "best_epoch": 7,
    "max_gpu_mem": "7.8679",
    "cur_ram": "2.7896",
    "time_epoch": "0:00:20",
    "time_total": "0:02:20",
    "best_train_ner_loss": 14.375028115731698,
    "train_ner_loss": 14.375028115731698,
    "best_train_sum": 0.8026192703461178,
    "train_sum": 0.8026192703461178,
    "best_dev_ner_loss": 18.708455766950333,
    "dev_ner_loss": 18.708455766950333,
    "best_dev_sum": 0.7826086956521738,
    "dev_sum": 0.7826086956521738,
    "best_train_ner_precision": 0.8033707865168539,
    "best_train_ner_recall": 0.8018691588785046,
    "best_train_ner_span_f1": 0.8026192703461178,
    "train_ner_precision": 0.8033707865168539,
    "train_ner_recall": 0.8018691588785046,
    "train_ner_span_f1": 0.8026192703461178,
    "best_dev_ner_precision": 0.8181818181818182,
    "best_dev_ner_recall": 0.75,
    "best_dev_ner_span_f1": 0.7826086956521738,
    "dev_ner_precision": 0.8181818181818182,
    "dev_ner_recall": 0.75,
    "dev_ner_span_f1": 0.7826086956521738
}