{
    "epoch": "10/20",
    "best_epoch": 7,
    "max_gpu_mem": "7.8701",
    "cur_ram": "2.7896",
    "time_epoch": "0:00:19",
    "time_total": "0:03:20",
    "best_train_ner_loss": 14.375028115731698,
    "train_ner_loss": 9.695154472633645,
    "best_train_sum": 0.8765088207985143,
    "train_sum": 0.8765088207985143,
    "best_dev_ner_loss": 18.708455766950333,
    "dev_ner_loss": 23.9683107648577,
    "best_dev_sum": 0.7826086956521738,
    "dev_sum": 0.781456953642384,
    "best_train_ner_precision": 0.8033707865168539,
    "best_train_ner_recall": 0.8018691588785046,
    "best_train_ner_span_f1": 0.8026192703461178,
    "train_ner_precision": 0.8708487084870848,
    "train_ner_recall": 0.8822429906542056,
    "train_ner_span_f1": 0.8765088207985143,
    "best_dev_ner_precision": 0.8181818181818182,
    "best_dev_ner_recall": 0.75,
    "best_dev_ner_span_f1": 0.7826086956521738,
    "dev_ner_precision": 0.7468354430379747,
    "dev_ner_recall": 0.8194444444444444,
    "dev_ner_span_f1": 0.781456953642384
}