{
    "epoch": "9/20",
    "best_epoch": 7,
    "max_gpu_mem": "7.8701",
    "cur_ram": "2.7896",
    "time_epoch": "0:00:19",
    "time_total": "0:03:00",
    "best_train_ner_loss": 14.375028115731698,
    "train_ner_loss": 8.607090596799496,
    "best_train_sum": 0.8774193548387097,
    "train_sum": 0.8774193548387097,
    "best_dev_ner_loss": 18.708455766950333,
    "dev_ner_loss": 19.22759301321847,
    "best_dev_sum": 0.7826086956521738,
    "dev_sum": 0.761904761904762,
    "best_train_ner_precision": 0.8033707865168539,
    "best_train_ner_recall": 0.8018691588785046,
    "best_train_ner_span_f1": 0.8026192703461178,
    "train_ner_precision": 0.8654545454545455,
    "train_ner_recall": 0.8897196261682243,
    "train_ner_span_f1": 0.8774193548387097,
    "best_dev_ner_precision": 0.8181818181818182,
    "best_dev_ner_recall": 0.75,
    "best_dev_ner_span_f1": 0.7826086956521738,
    "dev_ner_precision": 0.7466666666666667,
    "dev_ner_recall": 0.7777777777777778,
    "dev_ner_span_f1": 0.761904761904762
}