{
    "epoch": "9/20",
    "best_epoch": 7,
    "max_gpu_mem": "5.2949",
    "cur_ram": "2.4396",
    "time_epoch": "0:00:09",
    "time_total": "0:01:31",
    "best_train_ner_loss": 19.92664846940474,
    "train_ner_loss": 10.882522305575284,
    "best_train_sum": 0.8470149253731342,
    "train_sum": 0.8470149253731342,
    "best_dev_ner_loss": 19.665588651384628,
    "dev_ner_loss": 17.329749243600027,
    "best_dev_sum": 0.7058823529411764,
    "dev_sum": 0.704,
    "best_train_ner_precision": 0.7344322344322345,
    "best_train_ner_recall": 0.7495327102803738,
    "best_train_ner_span_f1": 0.7419056429232193,
    "train_ner_precision": 0.845437616387337,
    "train_ner_recall": 0.8485981308411215,
    "train_ner_span_f1": 0.8470149253731342,
    "best_dev_ner_precision": 0.7368421052631579,
    "best_dev_ner_recall": 0.6774193548387096,
    "best_dev_ner_span_f1": 0.7058823529411764,
    "dev_ner_precision": 0.6984126984126984,
    "dev_ner_recall": 0.7096774193548387,
    "dev_ner_span_f1": 0.704
}