{
    "epoch": "13/20",
    "best_epoch": 13,
    "max_gpu_mem": "5.2949",
    "cur_ram": "2.4398",
    "time_epoch": "0:00:09",
    "time_total": "0:02:11",
    "best_train_ner_loss": 4.501552581787109,
    "train_ner_loss": 4.501552581787109,
    "best_train_sum": 0.9212233549582948,
    "train_sum": 0.9212233549582948,
    "best_dev_ner_loss": 27.39061110360282,
    "dev_ner_loss": 27.39061110360282,
    "best_dev_sum": 0.7377049180327869,
    "dev_sum": 0.7377049180327869,
    "best_train_ner_precision": 0.9136029411764706,
    "best_train_ner_recall": 0.9289719626168225,
    "best_train_ner_span_f1": 0.9212233549582948,
    "train_ner_precision": 0.9136029411764706,
    "train_ner_recall": 0.9289719626168225,
    "train_ner_span_f1": 0.9212233549582948,
    "best_dev_ner_precision": 0.75,
    "best_dev_ner_recall": 0.7258064516129032,
    "best_dev_ner_span_f1": 0.7377049180327869,
    "dev_ner_precision": 0.75,
    "dev_ner_recall": 0.7258064516129032,
    "dev_ner_span_f1": 0.7377049180327869
}