{
    "epoch": "19/20",
    "best_epoch": 15,
    "max_gpu_mem": "5.2949",
    "cur_ram": "2.4400",
    "time_epoch": "0:00:09",
    "time_total": "0:03:10",
    "best_train_ner_loss": 2.0586962959983133,
    "train_ner_loss": 1.0728792363947088,
    "best_train_sum": 0.9785247432306257,
    "train_sum": 0.9785247432306257,
    "best_dev_ner_loss": 29.131907054356166,
    "dev_ner_loss": 33.64743859427316,
    "best_dev_sum": 0.7839999999999999,
    "dev_sum": 0.768,
    "best_train_ner_precision": 0.9460966542750929,
    "best_train_ner_recall": 0.9514018691588785,
    "best_train_ner_span_f1": 0.9487418452935694,
    "train_ner_precision": 0.9776119402985075,
    "train_ner_recall": 0.9794392523364486,
    "train_ner_span_f1": 0.9785247432306257,
    "best_dev_ner_precision": 0.7777777777777778,
    "best_dev_ner_recall": 0.7903225806451613,
    "best_dev_ner_span_f1": 0.7839999999999999,
    "dev_ner_precision": 0.7619047619047619,
    "dev_ner_recall": 0.7741935483870968,
    "dev_ner_span_f1": 0.768
}