{
    "epoch": "4/20",
    "best_epoch": 1,
    "max_gpu_mem": "5.2949",
    "cur_ram": "2.4267",
    "time_epoch": "0:00:09",
    "time_total": "0:00:39",
    "best_train_ner_loss": 1562.941958063299,
    "train_ner_loss": 85.31737958734686,
    "best_train_sum": 0.0,
    "train_sum": 0.0,
    "best_dev_ner_loss": 1378.9658377511162,
    "dev_ner_loss": 50.73005812508719,
    "best_dev_sum": 0.0,
    "dev_sum": 0.0,
    "best_train_ner_precision": 6.0916179337231965e-05,
    "best_train_ner_recall": 0.003738317757009346,
    "best_train_ner_span_f1": 0.00011987892228848863,
    "train_ner_precision": 0.0,
    "train_ner_recall": 0.0,
    "train_ner_span_f1": 0.0,
    "best_dev_ner_precision": 0.0,
    "best_dev_ner_recall": 0.0,
    "best_dev_ner_span_f1": 0.0,
    "dev_ner_precision": 0.0,
    "dev_ner_recall": 0.0,
    "dev_ner_span_f1": 0.0
}