{
    "epoch": "2/20",
    "best_epoch": 1,
    "max_gpu_mem": "3.6940",
    "cur_ram": "2.4680",
    "time_epoch": "0:00:08",
    "time_total": "0:00:18",
    "best_train_ner_loss": 1885.168670055913,
    "train_ner_loss": 611.8505338033041,
    "best_train_sum": 0.0006662225183211193,
    "train_sum": 0.0006662225183211193,
    "best_dev_ner_loss": 1425.601802280971,
    "dev_ner_loss": 82.75296810695103,
    "best_dev_sum": 0.0,
    "dev_sum": 0.0,
    "best_train_ner_precision": 0.0005534034311012728,
    "best_train_ner_recall": 0.02018348623853211,
    "best_train_ner_span_f1": 0.0010772696112036038,
    "train_ner_precision": 0.00036636746656896867,
    "train_ner_recall": 0.003669724770642202,
    "train_ner_span_f1": 0.0006662225183211193,
    "best_dev_ner_precision": 0.0,
    "best_dev_ner_recall": 0.0,
    "best_dev_ner_span_f1": 0.0,
    "dev_ner_precision": 0.0,
    "dev_ner_recall": 0.0,
    "dev_ner_span_f1": 0.0
}