{
    "epoch": "14/20",
    "best_epoch": 14,
    "max_gpu_mem": "3.7006",
    "cur_ram": "2.4730",
    "time_epoch": "0:00:08",
    "time_total": "0:02:04",
    "best_train_ner_loss": 2.0059283387427236,
    "train_ner_loss": 2.0059283387427236,
    "best_train_sum": 0.968978102189781,
    "train_sum": 0.968978102189781,
    "best_dev_ner_loss": 24.336053575788224,
    "dev_ner_loss": 24.336053575788224,
    "best_dev_sum": 0.7567567567567568,
    "dev_sum": 0.7567567567567568,
    "best_train_ner_precision": 0.9637023593466425,
    "best_train_ner_recall": 0.9743119266055046,
    "best_train_ner_span_f1": 0.968978102189781,
    "train_ner_precision": 0.9637023593466425,
    "train_ner_recall": 0.9743119266055046,
    "train_ner_span_f1": 0.968978102189781,
    "best_dev_ner_precision": 0.711864406779661,
    "best_dev_ner_recall": 0.8076923076923077,
    "best_dev_ner_span_f1": 0.7567567567567568,
    "dev_ner_precision": 0.711864406779661,
    "dev_ner_recall": 0.8076923076923077,
    "dev_ner_span_f1": 0.7567567567567568
}