{
    "epoch": "17/20",
    "best_epoch": 14,
    "max_gpu_mem": "3.7006",
    "cur_ram": "2.4730",
    "time_epoch": "0:00:08",
    "time_total": "0:02:31",
    "best_train_ner_loss": 2.0059283387427236,
    "train_ner_loss": 1.0528727512733609,
    "best_train_sum": 0.9899175068744271,
    "train_sum": 0.9899175068744271,
    "best_dev_ner_loss": 24.336053575788224,
    "dev_ner_loss": 27.61125946044922,
    "best_dev_sum": 0.7567567567567568,
    "dev_sum": 0.7155963302752295,
    "best_train_ner_precision": 0.9637023593466425,
    "best_train_ner_recall": 0.9743119266055046,
    "best_train_ner_span_f1": 0.968978102189781,
    "train_ner_precision": 0.989010989010989,
    "train_ner_recall": 0.9908256880733946,
    "train_ner_span_f1": 0.9899175068744271,
    "best_dev_ner_precision": 0.711864406779661,
    "best_dev_ner_recall": 0.8076923076923077,
    "best_dev_ner_span_f1": 0.7567567567567568,
    "dev_ner_precision": 0.6842105263157895,
    "dev_ner_recall": 0.75,
    "dev_ner_span_f1": 0.7155963302752295
}