{
  "best_metric": 83.871,
  "best_model_checkpoint": "output/meta_2023-09-18-01-57-9889_hf_models_uie-large-en_spotasoc_entity_aquaint-old_multi_fold_7_e18_linear_lr1e-4_ls0_b8_wu0.06_n-1_RP_sn0.1_an0.1_run1/checkpoint-672",
  "epoch": 18.0,
  "global_step": 3024,
  "is_hyper_param_search": false,
  "is_local_process_zero": true,
  "is_world_process_zero": true,
  "log_history": [
    {
      "epoch": 1.0,
      "eval_asoc-F1": 0.0,
      "eval_asoc-P": 0.0,
      "eval_asoc-R": 0.0,
      "eval_asoc-gold": 0.0,
      "eval_asoc-pred": 0.0,
      "eval_asoc-tp": 0.0,
      "eval_gen_len": 5.0778,
      "eval_gold_tree": 60,
      "eval_loss": 0.12927742302417755,
      "eval_ordered-record-F1": 76.4228,
      "eval_ordered-record-P": 74.6032,
      "eval_ordered-record-R": 78.3333,
      "eval_ordered-record-gold": 60.0,
      "eval_ordered-record-pred": 63.0,
      "eval_ordered-record-tp": 47.0,
      "eval_overall-F1": 76.4228,
      "eval_pred_tree": 63,
      "eval_record-F1": 76.4228,
      "eval_record-P": 74.6032,
      "eval_record-R": 78.3333,
      "eval_record-gold": 60.0,
      "eval_record-pred": 63.0,
      "eval_record-tp": 47.0,
      "eval_runtime": 2.4105,
      "eval_samples_per_second": 69.281,
      "eval_spot-F1": 76.4228,
      "eval_spot-P": 74.6032,
      "eval_spot-R": 78.3333,
      "eval_spot-gold": 60.0,
      "eval_spot-pred": 63.0,
      "eval_spot-tp": 47.0,
      "eval_well-formed": 167,
      "step": 168
    },
    {
      "epoch": 2.0,
      "eval_asoc-F1": 0.0,
      "eval_asoc-P": 0.0,
      "eval_asoc-R": 0.0,
      "eval_asoc-gold": 0.0,
      "eval_asoc-pred": 0.0,
      "eval_asoc-tp": 0.0,
      "eval_gen_len": 5.1677,
      "eval_gold_tree": 60,
      "eval_loss": 0.11044721305370331,
      "eval_ordered-record-F1": 78.4,
      "eval_ordered-record-P": 75.3846,
      "eval_ordered-record-R": 81.6667,
      "eval_ordered-record-gold": 60.0,
      "eval_ordered-record-pred": 65.0,
      "eval_ordered-record-tp": 49.0,
      "eval_overall-F1": 78.4,
      "eval_pred_tree": 66,
      "eval_record-F1": 78.4,
      "eval_record-P": 75.3846,
      "eval_record-R": 81.6667,
      "eval_record-gold": 60.0,
      "eval_record-pred": 65.0,
      "eval_record-tp": 49.0,
      "eval_runtime": 2.6318,
      "eval_samples_per_second": 63.454,
      "eval_spot-F1": 78.4,
      "eval_spot-P": 75.3846,
      "eval_spot-R": 81.6667,
      "eval_spot-gold": 60.0,
      "eval_spot-pred": 65.0,
      "eval_spot-tp": 49.0,
      "eval_well-formed": 167,
      "step": 336
    },
    {
      "epoch": 2.98,
      "learning_rate": 8.88106966924701e-05,
      "loss": 0.292,
      "step": 500
    },
    {
      "epoch": 3.0,
      "eval_asoc-F1": 0.0,
      "eval_asoc-P": 0.0,
      "eval_asoc-R": 0.0,
      "eval_asoc-gold": 0.0,
      "eval_asoc-pred": 0.0,
      "eval_asoc-tp": 0.0,
      "eval_gen_len": 5.0359,
      "eval_gold_tree": 60,
      "eval_loss": 0.09679213911294937,
      "eval_ordered-record-F1": 83.6066,
      "eval_ordered-record-P": 82.2581,
      "eval_ordered-record-R": 85.0,
      "eval_ordered-record-gold": 60.0,
      "eval_ordered-record-pred": 62.0,
      "eval_ordered-record-tp": 51.0,
      "eval_overall-F1": 83.6066,
      "eval_pred_tree": 62,
      "eval_record-F1": 83.6066,
      "eval_record-P": 82.2581,
      "eval_record-R": 85.0,
      "eval_record-gold": 60.0,
      "eval_record-pred": 62.0,
      "eval_record-tp": 51.0,
      "eval_runtime": 2.5109,
      "eval_samples_per_second": 66.51,
      "eval_spot-F1": 83.6066,
      "eval_spot-P": 82.2581,
      "eval_spot-R": 85.0,
      "eval_spot-gold": 60.0,
      "eval_spot-pred": 62.0,
      "eval_spot-tp": 51.0,
      "eval_well-formed": 167,
      "step": 504
    },
    {
      "epoch": 4.0,
      "eval_asoc-F1": 0.0,
      "eval_asoc-P": 0.0,
      "eval_asoc-R": 0.0,
      "eval_asoc-gold": 0.0,
      "eval_asoc-pred": 0.0,
      "eval_asoc-tp": 0.0,
      "eval_gen_len": 5.1257,
      "eval_gold_tree": 60,
      "eval_loss": 0.1034032478928566,
      "eval_ordered-record-F1": 83.871,
      "eval_ordered-record-P": 81.25,
      "eval_ordered-record-R": 86.6667,
      "eval_ordered-record-gold": 60.0,
      "eval_ordered-record-pred": 64.0,
      "eval_ordered-record-tp": 52.0,
      "eval_overall-F1": 83.871,
      "eval_pred_tree": 64,
      "eval_record-F1": 83.871,
      "eval_record-P": 81.25,
      "eval_record-R": 86.6667,
      "eval_record-gold": 60.0,
      "eval_record-pred": 64.0,
      "eval_record-tp": 52.0,
      "eval_runtime": 2.6378,
      "eval_samples_per_second": 63.309,
      "eval_spot-F1": 83.871,
      "eval_spot-P": 81.25,
      "eval_spot-R": 86.6667,
      "eval_spot-gold": 60.0,
      "eval_spot-pred": 64.0,
      "eval_spot-tp": 52.0,
      "eval_well-formed": 167,
      "step": 672
    },
    {
      "epoch": 5.0,
      "eval_asoc-F1": 0.0,
      "eval_asoc-P": 0.0,
      "eval_asoc-R": 0.0,
      "eval_asoc-gold": 0.0,
      "eval_asoc-pred": 0.0,
      "eval_asoc-tp": 0.0,
      "eval_gen_len": 5.1557,
      "eval_gold_tree": 60,
      "eval_loss": 0.1500500589609146,
      "eval_ordered-record-F1": 83.871,
      "eval_ordered-record-P": 81.25,
      "eval_ordered-record-R": 86.6667,
      "eval_ordered-record-gold": 60.0,
      "eval_ordered-record-pred": 64.0,
      "eval_ordered-record-tp": 52.0,
      "eval_overall-F1": 83.871,
      "eval_pred_tree": 65,
      "eval_record-F1": 83.871,
      "eval_record-P": 81.25,
      "eval_record-R": 86.6667,
      "eval_record-gold": 60.0,
      "eval_record-pred": 64.0,
      "eval_record-tp": 52.0,
      "eval_runtime": 2.6617,
      "eval_samples_per_second": 62.742,
      "eval_spot-F1": 83.871,
      "eval_spot-P": 81.25,
      "eval_spot-R": 86.6667,
      "eval_spot-gold": 60.0,
      "eval_spot-pred": 64.0,
      "eval_spot-tp": 52.0,
      "eval_well-formed": 167,
      "step": 840
    },
    {
      "epoch": 5.95,
      "learning_rate": 7.121745249824068e-05,
      "loss": 0.0642,
      "step": 1000
    },
    {
      "epoch": 6.0,
      "eval_asoc-F1": 0.0,
      "eval_asoc-P": 0.0,
      "eval_asoc-R": 0.0,
      "eval_asoc-gold": 0.0,
      "eval_asoc-pred": 0.0,
      "eval_asoc-tp": 0.0,
      "eval_gen_len": 5.2814,
      "eval_gold_tree": 60,
      "eval_loss": 0.1773858666419983,
      "eval_ordered-record-F1": 76.8,
      "eval_ordered-record-P": 73.8462,
      "eval_ordered-record-R": 80.0,
      "eval_ordered-record-gold": 60.0,
      "eval_ordered-record-pred": 65.0,
      "eval_ordered-record-tp": 48.0,
      "eval_overall-F1": 76.8,
      "eval_pred_tree": 69,
      "eval_record-F1": 76.8,
      "eval_record-P": 73.8462,
      "eval_record-R": 80.0,
      "eval_record-gold": 60.0,
      "eval_record-pred": 65.0,
      "eval_record-tp": 48.0,
      "eval_runtime": 2.7578,
      "eval_samples_per_second": 60.556,
      "eval_spot-F1": 76.8,
      "eval_spot-P": 73.8462,
      "eval_spot-R": 80.0,
      "eval_spot-gold": 60.0,
      "eval_spot-pred": 65.0,
      "eval_spot-tp": 48.0,
      "eval_well-formed": 167,
      "step": 1008
    },
    {
      "epoch": 7.0,
      "eval_asoc-F1": 0.0,
      "eval_asoc-P": 0.0,
      "eval_asoc-R": 0.0,
      "eval_asoc-gold": 0.0,
      "eval_asoc-pred": 0.0,
      "eval_asoc-tp": 0.0,
      "eval_gen_len": 5.2395,
      "eval_gold_tree": 60,
      "eval_loss": 0.200737863779068,
      "eval_ordered-record-F1": 73.0159,
      "eval_ordered-record-P": 69.697,
      "eval_ordered-record-R": 76.6667,
      "eval_ordered-record-gold": 60.0,
      "eval_ordered-record-pred": 66.0,
      "eval_ordered-record-tp": 46.0,
      "eval_overall-F1": 73.0159,
      "eval_pred_tree": 67,
      "eval_record-F1": 73.0159,
      "eval_record-P": 69.697,
      "eval_record-R": 76.6667,
      "eval_record-gold": 60.0,
      "eval_record-pred": 66.0,
      "eval_record-tp": 46.0,
      "eval_runtime": 2.6929,
      "eval_samples_per_second": 62.016,
      "eval_spot-F1": 73.0159,
      "eval_spot-P": 69.697,
      "eval_spot-R": 76.6667,
      "eval_spot-gold": 60.0,
      "eval_spot-pred": 66.0,
      "eval_spot-tp": 46.0,
      "eval_well-formed": 167,
      "step": 1176
    },
    {
      "epoch": 8.0,
      "eval_asoc-F1": 0.0,
      "eval_asoc-P": 0.0,
      "eval_asoc-R": 0.0,
      "eval_asoc-gold": 0.0,
      "eval_asoc-pred": 0.0,
      "eval_asoc-tp": 0.0,
      "eval_gen_len": 5.1497,
      "eval_gold_tree": 60,
      "eval_loss": 0.16315653920173645,
      "eval_ordered-record-F1": 80.0,
      "eval_ordered-record-P": 76.9231,
      "eval_ordered-record-R": 83.3333,
      "eval_ordered-record-gold": 60.0,
      "eval_ordered-record-pred": 65.0,
      "eval_ordered-record-tp": 50.0,
      "eval_overall-F1": 80.0,
      "eval_pred_tree": 65,
      "eval_record-F1": 80.0,
      "eval_record-P": 76.9231,
      "eval_record-R": 83.3333,
      "eval_record-gold": 60.0,
      "eval_record-pred": 65.0,
      "eval_record-tp": 50.0,
      "eval_runtime": 2.6698,
      "eval_samples_per_second": 62.551,
      "eval_spot-F1": 80.0,
      "eval_spot-P": 76.9231,
      "eval_spot-R": 83.3333,
      "eval_spot-gold": 60.0,
      "eval_spot-pred": 65.0,
      "eval_spot-tp": 50.0,
      "eval_well-formed": 167,
      "step": 1344
    },
    {
      "epoch": 8.93,
      "learning_rate": 5.362420830401126e-05,
      "loss": 0.0369,
      "step": 1500
    },
    {
      "epoch": 9.0,
      "eval_asoc-F1": 0.0,
      "eval_asoc-P": 0.0,
      "eval_asoc-R": 0.0,
      "eval_asoc-gold": 0.0,
      "eval_asoc-pred": 0.0,
      "eval_asoc-tp": 0.0,
      "eval_gen_len": 5.2395,
      "eval_gold_tree": 60,
      "eval_loss": 0.21951697766780853,
      "eval_ordered-record-F1": 77.7778,
      "eval_ordered-record-P": 74.2424,
      "eval_ordered-record-R": 81.6667,
      "eval_ordered-record-gold": 60.0,
      "eval_ordered-record-pred": 66.0,
      "eval_ordered-record-tp": 49.0,
      "eval_overall-F1": 77.7778,
      "eval_pred_tree": 68,
      "eval_record-F1": 77.7778,
      "eval_record-P": 74.2424,
      "eval_record-R": 81.6667,
      "eval_record-gold": 60.0,
      "eval_record-pred": 66.0,
      "eval_record-tp": 49.0,
      "eval_runtime": 2.6674,
      "eval_samples_per_second": 62.607,
      "eval_spot-F1": 77.7778,
      "eval_spot-P": 74.2424,
      "eval_spot-R": 81.6667,
      "eval_spot-gold": 60.0,
      "eval_spot-pred": 66.0,
      "eval_spot-tp": 49.0,
      "eval_well-formed": 167,
      "step": 1512
    },
    {
      "epoch": 10.0,
      "eval_asoc-F1": 0.0,
      "eval_asoc-P": 0.0,
      "eval_asoc-R": 0.0,
      "eval_asoc-gold": 0.0,
      "eval_asoc-pred": 0.0,
      "eval_asoc-tp": 0.0,
      "eval_gen_len": 5.2156,
      "eval_gold_tree": 60,
      "eval_loss": 0.18796275556087494,
      "eval_ordered-record-F1": 74.6032,
      "eval_ordered-record-P": 71.2121,
      "eval_ordered-record-R": 78.3333,
      "eval_ordered-record-gold": 60.0,
      "eval_ordered-record-pred": 66.0,
      "eval_ordered-record-tp": 47.0,
      "eval_overall-F1": 74.6032,
      "eval_pred_tree": 66,
      "eval_record-F1": 74.6032,
      "eval_record-P": 71.2121,
      "eval_record-R": 78.3333,
      "eval_record-gold": 60.0,
      "eval_record-pred": 66.0,
      "eval_record-tp": 47.0,
      "eval_runtime": 2.6771,
      "eval_samples_per_second": 62.381,
      "eval_spot-F1": 74.6032,
      "eval_spot-P": 71.2121,
      "eval_spot-R": 78.3333,
      "eval_spot-gold": 60.0,
      "eval_spot-pred": 66.0,
      "eval_spot-tp": 47.0,
      "eval_well-formed": 167,
      "step": 1680
    },
    {
      "epoch": 11.0,
      "eval_asoc-F1": 0.0,
      "eval_asoc-P": 0.0,
      "eval_asoc-R": 0.0,
      "eval_asoc-gold": 0.0,
      "eval_asoc-pred": 0.0,
      "eval_asoc-tp": 0.0,
      "eval_gen_len": 5.2216,
      "eval_gold_tree": 60,
      "eval_loss": 0.19924195110797882,
      "eval_ordered-record-F1": 74.6032,
      "eval_ordered-record-P": 71.2121,
      "eval_ordered-record-R": 78.3333,
      "eval_ordered-record-gold": 60.0,
      "eval_ordered-record-pred": 66.0,
      "eval_ordered-record-tp": 47.0,
      "eval_overall-F1": 74.6032,
      "eval_pred_tree": 66,
      "eval_record-F1": 74.6032,
      "eval_record-P": 71.2121,
      "eval_record-R": 78.3333,
      "eval_record-gold": 60.0,
      "eval_record-pred": 66.0,
      "eval_record-tp": 47.0,
      "eval_runtime": 2.6831,
      "eval_samples_per_second": 62.241,
      "eval_spot-F1": 74.6032,
      "eval_spot-P": 71.2121,
      "eval_spot-R": 78.3333,
      "eval_spot-gold": 60.0,
      "eval_spot-pred": 66.0,
      "eval_spot-tp": 47.0,
      "eval_well-formed": 167,
      "step": 1848
    },
    {
      "epoch": 11.9,
      "learning_rate": 3.603096410978184e-05,
      "loss": 0.037,
      "step": 2000
    },
    {
      "epoch": 12.0,
      "eval_asoc-F1": 0.0,
      "eval_asoc-P": 0.0,
      "eval_asoc-R": 0.0,
      "eval_asoc-gold": 0.0,
      "eval_asoc-pred": 0.0,
      "eval_asoc-tp": 0.0,
      "eval_gen_len": 5.2216,
      "eval_gold_tree": 60,
      "eval_loss": 0.19998328387737274,
      "eval_ordered-record-F1": 77.1654,
      "eval_ordered-record-P": 73.1343,
      "eval_ordered-record-R": 81.6667,
      "eval_ordered-record-gold": 60.0,
      "eval_ordered-record-pred": 67.0,
      "eval_ordered-record-tp": 49.0,
      "eval_overall-F1": 77.1654,
      "eval_pred_tree": 67,
      "eval_record-F1": 77.1654,
      "eval_record-P": 73.1343,
      "eval_record-R": 81.6667,
      "eval_record-gold": 60.0,
      "eval_record-pred": 67.0,
      "eval_record-tp": 49.0,
      "eval_runtime": 2.6508,
      "eval_samples_per_second": 63.0,
      "eval_spot-F1": 77.1654,
      "eval_spot-P": 73.1343,
      "eval_spot-R": 81.6667,
      "eval_spot-gold": 60.0,
      "eval_spot-pred": 67.0,
      "eval_spot-tp": 49.0,
      "eval_well-formed": 167,
      "step": 2016
    },
    {
      "epoch": 13.0,
      "eval_asoc-F1": 0.0,
      "eval_asoc-P": 0.0,
      "eval_asoc-R": 0.0,
      "eval_asoc-gold": 0.0,
      "eval_asoc-pred": 0.0,
      "eval_asoc-tp": 0.0,
      "eval_gen_len": 5.2994,
      "eval_gold_tree": 60,
      "eval_loss": 0.24047568440437317,
      "eval_ordered-record-F1": 77.1654,
      "eval_ordered-record-P": 73.1343,
      "eval_ordered-record-R": 81.6667,
      "eval_ordered-record-gold": 60.0,
      "eval_ordered-record-pred": 67.0,
      "eval_ordered-record-tp": 49.0,
      "eval_overall-F1": 77.1654,
      "eval_pred_tree": 70,
      "eval_record-F1": 77.1654,
      "eval_record-P": 73.1343,
      "eval_record-R": 81.6667,
      "eval_record-gold": 60.0,
      "eval_record-pred": 67.0,
      "eval_record-tp": 49.0,
      "eval_runtime": 2.7697,
      "eval_samples_per_second": 60.296,
      "eval_spot-F1": 77.1654,
      "eval_spot-P": 73.1343,
      "eval_spot-R": 81.6667,
      "eval_spot-gold": 60.0,
      "eval_spot-pred": 67.0,
      "eval_spot-tp": 49.0,
      "eval_well-formed": 167,
      "step": 2184
    },
    {
      "epoch": 14.0,
      "eval_asoc-F1": 0.0,
      "eval_asoc-P": 0.0,
      "eval_asoc-R": 0.0,
      "eval_asoc-gold": 0.0,
      "eval_asoc-pred": 0.0,
      "eval_asoc-tp": 0.0,
      "eval_gen_len": 5.2156,
      "eval_gold_tree": 60,
      "eval_loss": 0.241654172539711,
      "eval_ordered-record-F1": 77.7778,
      "eval_ordered-record-P": 74.2424,
      "eval_ordered-record-R": 81.6667,
      "eval_ordered-record-gold": 60.0,
      "eval_ordered-record-pred": 66.0,
      "eval_ordered-record-tp": 49.0,
      "eval_overall-F1": 77.7778,
      "eval_pred_tree": 67,
      "eval_record-F1": 77.7778,
      "eval_record-P": 74.2424,
      "eval_record-R": 81.6667,
      "eval_record-gold": 60.0,
      "eval_record-pred": 66.0,
      "eval_record-tp": 49.0,
      "eval_runtime": 2.6637,
      "eval_samples_per_second": 62.695,
      "eval_spot-F1": 77.7778,
      "eval_spot-P": 74.2424,
      "eval_spot-R": 81.6667,
      "eval_spot-gold": 60.0,
      "eval_spot-pred": 66.0,
      "eval_spot-tp": 49.0,
      "eval_well-formed": 167,
      "step": 2352
    },
    {
      "epoch": 14.88,
      "learning_rate": 1.8437719915552427e-05,
      "loss": 0.0343,
      "step": 2500
    },
    {
      "epoch": 15.0,
      "eval_asoc-F1": 0.0,
      "eval_asoc-P": 0.0,
      "eval_asoc-R": 0.0,
      "eval_asoc-gold": 0.0,
      "eval_asoc-pred": 0.0,
      "eval_asoc-tp": 0.0,
      "eval_gen_len": 5.2754,
      "eval_gold_tree": 60,
      "eval_loss": 0.2519025206565857,
      "eval_ordered-record-F1": 77.7778,
      "eval_ordered-record-P": 74.2424,
      "eval_ordered-record-R": 81.6667,
      "eval_ordered-record-gold": 60.0,
      "eval_ordered-record-pred": 66.0,
      "eval_ordered-record-tp": 49.0,
      "eval_overall-F1": 77.7778,
      "eval_pred_tree": 69,
      "eval_record-F1": 77.7778,
      "eval_record-P": 74.2424,
      "eval_record-R": 81.6667,
      "eval_record-gold": 60.0,
      "eval_record-pred": 66.0,
      "eval_record-tp": 49.0,
      "eval_runtime": 2.7504,
      "eval_samples_per_second": 60.718,
      "eval_spot-F1": 77.7778,
      "eval_spot-P": 74.2424,
      "eval_spot-R": 81.6667,
      "eval_spot-gold": 60.0,
      "eval_spot-pred": 66.0,
      "eval_spot-tp": 49.0,
      "eval_well-formed": 167,
      "step": 2520
    },
    {
      "epoch": 16.0,
      "eval_asoc-F1": 0.0,
      "eval_asoc-P": 0.0,
      "eval_asoc-R": 0.0,
      "eval_asoc-gold": 0.0,
      "eval_asoc-pred": 0.0,
      "eval_asoc-tp": 0.0,
      "eval_gen_len": 5.2455,
      "eval_gold_tree": 60,
      "eval_loss": 0.25003787875175476,
      "eval_ordered-record-F1": 77.7778,
      "eval_ordered-record-P": 74.2424,
      "eval_ordered-record-R": 81.6667,
      "eval_ordered-record-gold": 60.0,
      "eval_ordered-record-pred": 66.0,
      "eval_ordered-record-tp": 49.0,
      "eval_overall-F1": 77.7778,
      "eval_pred_tree": 68,
      "eval_record-F1": 77.7778,
      "eval_record-P": 74.2424,
      "eval_record-R": 81.6667,
      "eval_record-gold": 60.0,
      "eval_record-pred": 66.0,
      "eval_record-tp": 49.0,
      "eval_runtime": 2.6576,
      "eval_samples_per_second": 62.838,
      "eval_spot-F1": 77.7778,
      "eval_spot-P": 74.2424,
      "eval_spot-R": 81.6667,
      "eval_spot-gold": 60.0,
      "eval_spot-pred": 66.0,
      "eval_spot-tp": 49.0,
      "eval_well-formed": 167,
      "step": 2688
    },
    {
      "epoch": 17.0,
      "eval_asoc-F1": 0.0,
      "eval_asoc-P": 0.0,
      "eval_asoc-R": 0.0,
      "eval_asoc-gold": 0.0,
      "eval_asoc-pred": 0.0,
      "eval_asoc-tp": 0.0,
      "eval_gen_len": 5.2395,
      "eval_gold_tree": 60,
      "eval_loss": 0.26620155572891235,
      "eval_ordered-record-F1": 77.7778,
      "eval_ordered-record-P": 74.2424,
      "eval_ordered-record-R": 81.6667,
      "eval_ordered-record-gold": 60.0,
      "eval_ordered-record-pred": 66.0,
      "eval_ordered-record-tp": 49.0,
      "eval_overall-F1": 77.7778,
      "eval_pred_tree": 68,
      "eval_record-F1": 77.7778,
      "eval_record-P": 74.2424,
      "eval_record-R": 81.6667,
      "eval_record-gold": 60.0,
      "eval_record-pred": 66.0,
      "eval_record-tp": 49.0,
      "eval_runtime": 2.6844,
      "eval_samples_per_second": 62.211,
      "eval_spot-F1": 77.7778,
      "eval_spot-P": 74.2424,
      "eval_spot-R": 81.6667,
      "eval_spot-gold": 60.0,
      "eval_spot-pred": 66.0,
      "eval_spot-tp": 49.0,
      "eval_well-formed": 167,
      "step": 2856
    },
    {
      "epoch": 17.86,
      "learning_rate": 8.44475721323012e-07,
      "loss": 0.0317,
      "step": 3000
    },
    {
      "epoch": 18.0,
      "eval_asoc-F1": 0.0,
      "eval_asoc-P": 0.0,
      "eval_asoc-R": 0.0,
      "eval_asoc-gold": 0.0,
      "eval_asoc-pred": 0.0,
      "eval_asoc-tp": 0.0,
      "eval_gen_len": 5.2395,
      "eval_gold_tree": 60,
      "eval_loss": 0.2700716555118561,
      "eval_ordered-record-F1": 77.7778,
      "eval_ordered-record-P": 74.2424,
      "eval_ordered-record-R": 81.6667,
      "eval_ordered-record-gold": 60.0,
      "eval_ordered-record-pred": 66.0,
      "eval_ordered-record-tp": 49.0,
      "eval_overall-F1": 77.7778,
      "eval_pred_tree": 68,
      "eval_record-F1": 77.7778,
      "eval_record-P": 74.2424,
      "eval_record-R": 81.6667,
      "eval_record-gold": 60.0,
      "eval_record-pred": 66.0,
      "eval_record-tp": 49.0,
      "eval_runtime": 2.6886,
      "eval_samples_per_second": 62.115,
      "eval_spot-F1": 77.7778,
      "eval_spot-P": 74.2424,
      "eval_spot-R": 81.6667,
      "eval_spot-gold": 60.0,
      "eval_spot-pred": 66.0,
      "eval_spot-tp": 49.0,
      "eval_well-formed": 167,
      "step": 3024
    },
    {
      "epoch": 18.0,
      "step": 3024,
      "total_flos": 0,
      "train_runtime": 900.6202,
      "train_samples_per_second": 3.358
    }
  ],
  "max_steps": 3024,
  "num_train_epochs": 18,
  "total_flos": 0,
  "trial_name": null,
  "trial_params": null
}
