{
  "best_metric": 80.9524,
  "best_model_checkpoint": "output/meta_2023-09-15-03-27-23158_hf_models_uie-base-en_spotasoc_entity_aquaint-old_multi_fold_7_e18_linear_lr1e-4_ls0_b16_wu0.06_n-1_RP_sn0.1_an0.1_run1/checkpoint-672",
  "epoch": 18.0,
  "global_step": 1512,
  "is_hyper_param_search": false,
  "is_local_process_zero": true,
  "is_world_process_zero": true,
  "log_history": [
    {
      "epoch": 1.0,
      "eval_asoc-F1": 0.0,
      "eval_asoc-P": 0.0,
      "eval_asoc-R": 0.0,
      "eval_asoc-gold": 0.0,
      "eval_asoc-pred": 0.0,
      "eval_asoc-tp": 0.0,
      "eval_gen_len": 4.8802,
      "eval_gold_tree": 60,
      "eval_loss": 0.17684029042720795,
      "eval_ordered-record-F1": 68.9655,
      "eval_ordered-record-P": 71.4286,
      "eval_ordered-record-R": 66.6667,
      "eval_ordered-record-gold": 60.0,
      "eval_ordered-record-pred": 56.0,
      "eval_ordered-record-tp": 40.0,
      "eval_overall-F1": 68.9655,
      "eval_pred_tree": 56,
      "eval_record-F1": 68.9655,
      "eval_record-P": 71.4286,
      "eval_record-R": 66.6667,
      "eval_record-gold": 60.0,
      "eval_record-pred": 56.0,
      "eval_record-tp": 40.0,
      "eval_runtime": 1.3093,
      "eval_samples_per_second": 127.545,
      "eval_spot-F1": 68.9655,
      "eval_spot-P": 71.4286,
      "eval_spot-R": 66.6667,
      "eval_spot-gold": 60.0,
      "eval_spot-pred": 56.0,
      "eval_spot-tp": 40.0,
      "eval_well-formed": 167,
      "step": 84
    },
    {
      "epoch": 2.0,
      "eval_asoc-F1": 0.0,
      "eval_asoc-P": 0.0,
      "eval_asoc-R": 0.0,
      "eval_asoc-gold": 0.0,
      "eval_asoc-pred": 0.0,
      "eval_asoc-tp": 0.0,
      "eval_gen_len": 5.2814,
      "eval_gold_tree": 60,
      "eval_loss": 0.12821027636528015,
      "eval_ordered-record-F1": 73.4375,
      "eval_ordered-record-P": 69.1176,
      "eval_ordered-record-R": 78.3333,
      "eval_ordered-record-gold": 60.0,
      "eval_ordered-record-pred": 68.0,
      "eval_ordered-record-tp": 47.0,
      "eval_overall-F1": 73.4375,
      "eval_pred_tree": 68,
      "eval_record-F1": 73.4375,
      "eval_record-P": 69.1176,
      "eval_record-R": 78.3333,
      "eval_record-gold": 60.0,
      "eval_record-pred": 68.0,
      "eval_record-tp": 47.0,
      "eval_runtime": 1.3264,
      "eval_samples_per_second": 125.903,
      "eval_spot-F1": 73.4375,
      "eval_spot-P": 69.1176,
      "eval_spot-R": 78.3333,
      "eval_spot-gold": 60.0,
      "eval_spot-pred": 68.0,
      "eval_spot-tp": 47.0,
      "eval_well-formed": 167,
      "step": 168
    },
    {
      "epoch": 3.0,
      "eval_asoc-F1": 0.0,
      "eval_asoc-P": 0.0,
      "eval_asoc-R": 0.0,
      "eval_asoc-gold": 0.0,
      "eval_asoc-pred": 0.0,
      "eval_asoc-tp": 0.0,
      "eval_gen_len": 5.1497,
      "eval_gold_tree": 60,
      "eval_loss": 0.11118610948324203,
      "eval_ordered-record-F1": 78.4,
      "eval_ordered-record-P": 75.3846,
      "eval_ordered-record-R": 81.6667,
      "eval_ordered-record-gold": 60.0,
      "eval_ordered-record-pred": 65.0,
      "eval_ordered-record-tp": 49.0,
      "eval_overall-F1": 78.4,
      "eval_pred_tree": 65,
      "eval_record-F1": 78.4,
      "eval_record-P": 75.3846,
      "eval_record-R": 81.6667,
      "eval_record-gold": 60.0,
      "eval_record-pred": 65.0,
      "eval_record-tp": 49.0,
      "eval_runtime": 1.3172,
      "eval_samples_per_second": 126.787,
      "eval_spot-F1": 78.4,
      "eval_spot-P": 75.3846,
      "eval_spot-R": 81.6667,
      "eval_spot-gold": 60.0,
      "eval_spot-pred": 65.0,
      "eval_spot-tp": 49.0,
      "eval_well-formed": 167,
      "step": 252
    },
    {
      "epoch": 4.0,
      "eval_asoc-F1": 0.0,
      "eval_asoc-P": 0.0,
      "eval_asoc-R": 0.0,
      "eval_asoc-gold": 0.0,
      "eval_asoc-pred": 0.0,
      "eval_asoc-tp": 0.0,
      "eval_gen_len": 5.1557,
      "eval_gold_tree": 60,
      "eval_loss": 0.12123273313045502,
      "eval_ordered-record-F1": 75.8065,
      "eval_ordered-record-P": 73.4375,
      "eval_ordered-record-R": 78.3333,
      "eval_ordered-record-gold": 60.0,
      "eval_ordered-record-pred": 64.0,
      "eval_ordered-record-tp": 47.0,
      "eval_overall-F1": 75.8065,
      "eval_pred_tree": 64,
      "eval_record-F1": 75.8065,
      "eval_record-P": 73.4375,
      "eval_record-R": 78.3333,
      "eval_record-gold": 60.0,
      "eval_record-pred": 64.0,
      "eval_record-tp": 47.0,
      "eval_runtime": 1.3867,
      "eval_samples_per_second": 120.427,
      "eval_spot-F1": 75.8065,
      "eval_spot-P": 73.4375,
      "eval_spot-R": 78.3333,
      "eval_spot-gold": 60.0,
      "eval_spot-pred": 64.0,
      "eval_spot-tp": 47.0,
      "eval_well-formed": 167,
      "step": 336
    },
    {
      "epoch": 5.0,
      "eval_asoc-F1": 0.0,
      "eval_asoc-P": 0.0,
      "eval_asoc-R": 0.0,
      "eval_asoc-gold": 0.0,
      "eval_asoc-pred": 0.0,
      "eval_asoc-tp": 0.0,
      "eval_gen_len": 5.1377,
      "eval_gold_tree": 60,
      "eval_loss": 0.12728546559810638,
      "eval_ordered-record-F1": 79.0323,
      "eval_ordered-record-P": 76.5625,
      "eval_ordered-record-R": 81.6667,
      "eval_ordered-record-gold": 60.0,
      "eval_ordered-record-pred": 64.0,
      "eval_ordered-record-tp": 49.0,
      "eval_overall-F1": 79.0323,
      "eval_pred_tree": 64,
      "eval_record-F1": 79.0323,
      "eval_record-P": 76.5625,
      "eval_record-R": 81.6667,
      "eval_record-gold": 60.0,
      "eval_record-pred": 64.0,
      "eval_record-tp": 49.0,
      "eval_runtime": 1.3553,
      "eval_samples_per_second": 123.216,
      "eval_spot-F1": 79.0323,
      "eval_spot-P": 76.5625,
      "eval_spot-R": 81.6667,
      "eval_spot-gold": 60.0,
      "eval_spot-pred": 64.0,
      "eval_spot-tp": 49.0,
      "eval_well-formed": 167,
      "step": 420
    },
    {
      "epoch": 5.95,
      "learning_rate": 7.121745249824068e-05,
      "loss": 0.2838,
      "step": 500
    },
    {
      "epoch": 6.0,
      "eval_asoc-F1": 0.0,
      "eval_asoc-P": 0.0,
      "eval_asoc-R": 0.0,
      "eval_asoc-gold": 0.0,
      "eval_asoc-pred": 0.0,
      "eval_asoc-tp": 0.0,
      "eval_gen_len": 5.1317,
      "eval_gold_tree": 60,
      "eval_loss": 0.12564381957054138,
      "eval_ordered-record-F1": 77.4194,
      "eval_ordered-record-P": 75.0,
      "eval_ordered-record-R": 80.0,
      "eval_ordered-record-gold": 60.0,
      "eval_ordered-record-pred": 64.0,
      "eval_ordered-record-tp": 48.0,
      "eval_overall-F1": 77.4194,
      "eval_pred_tree": 64,
      "eval_record-F1": 77.4194,
      "eval_record-P": 75.0,
      "eval_record-R": 80.0,
      "eval_record-gold": 60.0,
      "eval_record-pred": 64.0,
      "eval_record-tp": 48.0,
      "eval_runtime": 0.8204,
      "eval_samples_per_second": 203.57,
      "eval_spot-F1": 77.4194,
      "eval_spot-P": 75.0,
      "eval_spot-R": 80.0,
      "eval_spot-gold": 60.0,
      "eval_spot-pred": 64.0,
      "eval_spot-tp": 48.0,
      "eval_well-formed": 167,
      "step": 504
    },
    {
      "epoch": 7.0,
      "eval_asoc-F1": 0.0,
      "eval_asoc-P": 0.0,
      "eval_asoc-R": 0.0,
      "eval_asoc-gold": 0.0,
      "eval_asoc-pred": 0.0,
      "eval_asoc-tp": 0.0,
      "eval_gen_len": 5.1257,
      "eval_gold_tree": 60,
      "eval_loss": 0.11954431980848312,
      "eval_ordered-record-F1": 80.6452,
      "eval_ordered-record-P": 78.125,
      "eval_ordered-record-R": 83.3333,
      "eval_ordered-record-gold": 60.0,
      "eval_ordered-record-pred": 64.0,
      "eval_ordered-record-tp": 50.0,
      "eval_overall-F1": 80.6452,
      "eval_pred_tree": 64,
      "eval_record-F1": 80.6452,
      "eval_record-P": 78.125,
      "eval_record-R": 83.3333,
      "eval_record-gold": 60.0,
      "eval_record-pred": 64.0,
      "eval_record-tp": 50.0,
      "eval_runtime": 1.3389,
      "eval_samples_per_second": 124.728,
      "eval_spot-F1": 80.6452,
      "eval_spot-P": 78.125,
      "eval_spot-R": 83.3333,
      "eval_spot-gold": 60.0,
      "eval_spot-pred": 64.0,
      "eval_spot-tp": 50.0,
      "eval_well-formed": 167,
      "step": 588
    },
    {
      "epoch": 8.0,
      "eval_asoc-F1": 0.0,
      "eval_asoc-P": 0.0,
      "eval_asoc-R": 0.0,
      "eval_asoc-gold": 0.0,
      "eval_asoc-pred": 0.0,
      "eval_asoc-tp": 0.0,
      "eval_gen_len": 5.1916,
      "eval_gold_tree": 60,
      "eval_loss": 0.11848586797714233,
      "eval_ordered-record-F1": 80.9524,
      "eval_ordered-record-P": 77.2727,
      "eval_ordered-record-R": 85.0,
      "eval_ordered-record-gold": 60.0,
      "eval_ordered-record-pred": 66.0,
      "eval_ordered-record-tp": 51.0,
      "eval_overall-F1": 80.9524,
      "eval_pred_tree": 66,
      "eval_record-F1": 80.9524,
      "eval_record-P": 77.2727,
      "eval_record-R": 85.0,
      "eval_record-gold": 60.0,
      "eval_record-pred": 66.0,
      "eval_record-tp": 51.0,
      "eval_runtime": 1.3454,
      "eval_samples_per_second": 124.131,
      "eval_spot-F1": 80.9524,
      "eval_spot-P": 77.2727,
      "eval_spot-R": 85.0,
      "eval_spot-gold": 60.0,
      "eval_spot-pred": 66.0,
      "eval_spot-tp": 51.0,
      "eval_well-formed": 167,
      "step": 672
    },
    {
      "epoch": 9.0,
      "eval_asoc-F1": 0.0,
      "eval_asoc-P": 0.0,
      "eval_asoc-R": 0.0,
      "eval_asoc-gold": 0.0,
      "eval_asoc-pred": 0.0,
      "eval_asoc-tp": 0.0,
      "eval_gen_len": 5.2335,
      "eval_gold_tree": 60,
      "eval_loss": 0.13893216848373413,
      "eval_ordered-record-F1": 77.1654,
      "eval_ordered-record-P": 73.1343,
      "eval_ordered-record-R": 81.6667,
      "eval_ordered-record-gold": 60.0,
      "eval_ordered-record-pred": 67.0,
      "eval_ordered-record-tp": 49.0,
      "eval_overall-F1": 77.1654,
      "eval_pred_tree": 67,
      "eval_record-F1": 77.1654,
      "eval_record-P": 73.1343,
      "eval_record-R": 81.6667,
      "eval_record-gold": 60.0,
      "eval_record-pred": 67.0,
      "eval_record-tp": 49.0,
      "eval_runtime": 1.3601,
      "eval_samples_per_second": 122.789,
      "eval_spot-F1": 77.1654,
      "eval_spot-P": 73.1343,
      "eval_spot-R": 81.6667,
      "eval_spot-gold": 60.0,
      "eval_spot-pred": 67.0,
      "eval_spot-tp": 49.0,
      "eval_well-formed": 167,
      "step": 756
    },
    {
      "epoch": 10.0,
      "eval_asoc-F1": 0.0,
      "eval_asoc-P": 0.0,
      "eval_asoc-R": 0.0,
      "eval_asoc-gold": 0.0,
      "eval_asoc-pred": 0.0,
      "eval_asoc-tp": 0.0,
      "eval_gen_len": 5.2275,
      "eval_gold_tree": 60,
      "eval_loss": 0.16346214711666107,
      "eval_ordered-record-F1": 78.4,
      "eval_ordered-record-P": 75.3846,
      "eval_ordered-record-R": 81.6667,
      "eval_ordered-record-gold": 60.0,
      "eval_ordered-record-pred": 65.0,
      "eval_ordered-record-tp": 49.0,
      "eval_overall-F1": 78.4,
      "eval_pred_tree": 67,
      "eval_record-F1": 78.4,
      "eval_record-P": 75.3846,
      "eval_record-R": 81.6667,
      "eval_record-gold": 60.0,
      "eval_record-pred": 65.0,
      "eval_record-tp": 49.0,
      "eval_runtime": 1.4201,
      "eval_samples_per_second": 117.598,
      "eval_spot-F1": 78.4,
      "eval_spot-P": 75.3846,
      "eval_spot-R": 81.6667,
      "eval_spot-gold": 60.0,
      "eval_spot-pred": 65.0,
      "eval_spot-tp": 49.0,
      "eval_well-formed": 167,
      "step": 840
    },
    {
      "epoch": 11.0,
      "eval_asoc-F1": 0.0,
      "eval_asoc-P": 0.0,
      "eval_asoc-R": 0.0,
      "eval_asoc-gold": 0.0,
      "eval_asoc-pred": 0.0,
      "eval_asoc-tp": 0.0,
      "eval_gen_len": 5.2575,
      "eval_gold_tree": 60,
      "eval_loss": 0.17918455600738525,
      "eval_ordered-record-F1": 75.5906,
      "eval_ordered-record-P": 71.6418,
      "eval_ordered-record-R": 80.0,
      "eval_ordered-record-gold": 60.0,
      "eval_ordered-record-pred": 67.0,
      "eval_ordered-record-tp": 48.0,
      "eval_overall-F1": 75.5906,
      "eval_pred_tree": 68,
      "eval_record-F1": 75.5906,
      "eval_record-P": 71.6418,
      "eval_record-R": 80.0,
      "eval_record-gold": 60.0,
      "eval_record-pred": 67.0,
      "eval_record-tp": 48.0,
      "eval_runtime": 0.9624,
      "eval_samples_per_second": 173.524,
      "eval_spot-F1": 75.5906,
      "eval_spot-P": 71.6418,
      "eval_spot-R": 80.0,
      "eval_spot-gold": 60.0,
      "eval_spot-pred": 67.0,
      "eval_spot-tp": 48.0,
      "eval_well-formed": 167,
      "step": 924
    },
    {
      "epoch": 11.9,
      "learning_rate": 3.603096410978184e-05,
      "loss": 0.0635,
      "step": 1000
    },
    {
      "epoch": 12.0,
      "eval_asoc-F1": 0.0,
      "eval_asoc-P": 0.0,
      "eval_asoc-R": 0.0,
      "eval_asoc-gold": 0.0,
      "eval_asoc-pred": 0.0,
      "eval_asoc-tp": 0.0,
      "eval_gen_len": 5.2275,
      "eval_gold_tree": 60,
      "eval_loss": 0.17670604586601257,
      "eval_ordered-record-F1": 75.5906,
      "eval_ordered-record-P": 71.6418,
      "eval_ordered-record-R": 80.0,
      "eval_ordered-record-gold": 60.0,
      "eval_ordered-record-pred": 67.0,
      "eval_ordered-record-tp": 48.0,
      "eval_overall-F1": 75.5906,
      "eval_pred_tree": 67,
      "eval_record-F1": 75.5906,
      "eval_record-P": 71.6418,
      "eval_record-R": 80.0,
      "eval_record-gold": 60.0,
      "eval_record-pred": 67.0,
      "eval_record-tp": 48.0,
      "eval_runtime": 1.3435,
      "eval_samples_per_second": 124.306,
      "eval_spot-F1": 75.5906,
      "eval_spot-P": 71.6418,
      "eval_spot-R": 80.0,
      "eval_spot-gold": 60.0,
      "eval_spot-pred": 67.0,
      "eval_spot-tp": 48.0,
      "eval_well-formed": 167,
      "step": 1008
    },
    {
      "epoch": 13.0,
      "eval_asoc-F1": 0.0,
      "eval_asoc-P": 0.0,
      "eval_asoc-R": 0.0,
      "eval_asoc-gold": 0.0,
      "eval_asoc-pred": 0.0,
      "eval_asoc-tp": 0.0,
      "eval_gen_len": 5.2335,
      "eval_gold_tree": 60,
      "eval_loss": 0.1753607988357544,
      "eval_ordered-record-F1": 79.3651,
      "eval_ordered-record-P": 75.7576,
      "eval_ordered-record-R": 83.3333,
      "eval_ordered-record-gold": 60.0,
      "eval_ordered-record-pred": 66.0,
      "eval_ordered-record-tp": 50.0,
      "eval_overall-F1": 79.3651,
      "eval_pred_tree": 67,
      "eval_record-F1": 79.3651,
      "eval_record-P": 75.7576,
      "eval_record-R": 83.3333,
      "eval_record-gold": 60.0,
      "eval_record-pred": 66.0,
      "eval_record-tp": 50.0,
      "eval_runtime": 1.2623,
      "eval_samples_per_second": 132.293,
      "eval_spot-F1": 79.3651,
      "eval_spot-P": 75.7576,
      "eval_spot-R": 83.3333,
      "eval_spot-gold": 60.0,
      "eval_spot-pred": 66.0,
      "eval_spot-tp": 50.0,
      "eval_well-formed": 167,
      "step": 1092
    },
    {
      "epoch": 14.0,
      "eval_asoc-F1": 0.0,
      "eval_asoc-P": 0.0,
      "eval_asoc-R": 0.0,
      "eval_asoc-gold": 0.0,
      "eval_asoc-pred": 0.0,
      "eval_asoc-tp": 0.0,
      "eval_gen_len": 5.2994,
      "eval_gold_tree": 60,
      "eval_loss": 0.19041235744953156,
      "eval_ordered-record-F1": 77.1654,
      "eval_ordered-record-P": 73.1343,
      "eval_ordered-record-R": 81.6667,
      "eval_ordered-record-gold": 60.0,
      "eval_ordered-record-pred": 67.0,
      "eval_ordered-record-tp": 49.0,
      "eval_overall-F1": 77.1654,
      "eval_pred_tree": 69,
      "eval_record-F1": 77.1654,
      "eval_record-P": 73.1343,
      "eval_record-R": 81.6667,
      "eval_record-gold": 60.0,
      "eval_record-pred": 67.0,
      "eval_record-tp": 49.0,
      "eval_runtime": 1.4445,
      "eval_samples_per_second": 115.612,
      "eval_spot-F1": 77.1654,
      "eval_spot-P": 73.1343,
      "eval_spot-R": 81.6667,
      "eval_spot-gold": 60.0,
      "eval_spot-pred": 67.0,
      "eval_spot-tp": 49.0,
      "eval_well-formed": 167,
      "step": 1176
    },
    {
      "epoch": 15.0,
      "eval_asoc-F1": 0.0,
      "eval_asoc-P": 0.0,
      "eval_asoc-R": 0.0,
      "eval_asoc-gold": 0.0,
      "eval_asoc-pred": 0.0,
      "eval_asoc-tp": 0.0,
      "eval_gen_len": 5.3174,
      "eval_gold_tree": 60,
      "eval_loss": 0.21032726764678955,
      "eval_ordered-record-F1": 75.5906,
      "eval_ordered-record-P": 71.6418,
      "eval_ordered-record-R": 80.0,
      "eval_ordered-record-gold": 60.0,
      "eval_ordered-record-pred": 67.0,
      "eval_ordered-record-tp": 48.0,
      "eval_overall-F1": 75.5906,
      "eval_pred_tree": 70,
      "eval_record-F1": 75.5906,
      "eval_record-P": 71.6418,
      "eval_record-R": 80.0,
      "eval_record-gold": 60.0,
      "eval_record-pred": 67.0,
      "eval_record-tp": 48.0,
      "eval_runtime": 1.4968,
      "eval_samples_per_second": 111.568,
      "eval_spot-F1": 75.5906,
      "eval_spot-P": 71.6418,
      "eval_spot-R": 80.0,
      "eval_spot-gold": 60.0,
      "eval_spot-pred": 67.0,
      "eval_spot-tp": 48.0,
      "eval_well-formed": 167,
      "step": 1260
    },
    {
      "epoch": 16.0,
      "eval_asoc-F1": 0.0,
      "eval_asoc-P": 0.0,
      "eval_asoc-R": 0.0,
      "eval_asoc-gold": 0.0,
      "eval_asoc-pred": 0.0,
      "eval_asoc-tp": 0.0,
      "eval_gen_len": 5.3413,
      "eval_gold_tree": 60,
      "eval_loss": 0.21524657309055328,
      "eval_ordered-record-F1": 75.0,
      "eval_ordered-record-P": 70.5882,
      "eval_ordered-record-R": 80.0,
      "eval_ordered-record-gold": 60.0,
      "eval_ordered-record-pred": 68.0,
      "eval_ordered-record-tp": 48.0,
      "eval_overall-F1": 75.0,
      "eval_pred_tree": 70,
      "eval_record-F1": 75.0,
      "eval_record-P": 70.5882,
      "eval_record-R": 80.0,
      "eval_record-gold": 60.0,
      "eval_record-pred": 68.0,
      "eval_record-tp": 48.0,
      "eval_runtime": 1.5141,
      "eval_samples_per_second": 110.295,
      "eval_spot-F1": 75.0,
      "eval_spot-P": 70.5882,
      "eval_spot-R": 80.0,
      "eval_spot-gold": 60.0,
      "eval_spot-pred": 68.0,
      "eval_spot-tp": 48.0,
      "eval_well-formed": 167,
      "step": 1344
    },
    {
      "epoch": 17.0,
      "eval_asoc-F1": 0.0,
      "eval_asoc-P": 0.0,
      "eval_asoc-R": 0.0,
      "eval_asoc-gold": 0.0,
      "eval_asoc-pred": 0.0,
      "eval_asoc-tp": 0.0,
      "eval_gen_len": 5.3174,
      "eval_gold_tree": 60,
      "eval_loss": 0.22210024297237396,
      "eval_ordered-record-F1": 75.5906,
      "eval_ordered-record-P": 71.6418,
      "eval_ordered-record-R": 80.0,
      "eval_ordered-record-gold": 60.0,
      "eval_ordered-record-pred": 67.0,
      "eval_ordered-record-tp": 48.0,
      "eval_overall-F1": 75.5906,
      "eval_pred_tree": 70,
      "eval_record-F1": 75.5906,
      "eval_record-P": 71.6418,
      "eval_record-R": 80.0,
      "eval_record-gold": 60.0,
      "eval_record-pred": 67.0,
      "eval_record-tp": 48.0,
      "eval_runtime": 0.945,
      "eval_samples_per_second": 176.72,
      "eval_spot-F1": 75.5906,
      "eval_spot-P": 71.6418,
      "eval_spot-R": 80.0,
      "eval_spot-gold": 60.0,
      "eval_spot-pred": 67.0,
      "eval_spot-tp": 48.0,
      "eval_well-formed": 167,
      "step": 1428
    },
    {
      "epoch": 17.86,
      "learning_rate": 8.44475721323012e-07,
      "loss": 0.0465,
      "step": 1500
    },
    {
      "epoch": 18.0,
      "eval_asoc-F1": 0.0,
      "eval_asoc-P": 0.0,
      "eval_asoc-R": 0.0,
      "eval_asoc-gold": 0.0,
      "eval_asoc-pred": 0.0,
      "eval_asoc-tp": 0.0,
      "eval_gen_len": 5.2515,
      "eval_gold_tree": 60,
      "eval_loss": 0.212441086769104,
      "eval_ordered-record-F1": 76.1905,
      "eval_ordered-record-P": 72.7273,
      "eval_ordered-record-R": 80.0,
      "eval_ordered-record-gold": 60.0,
      "eval_ordered-record-pred": 66.0,
      "eval_ordered-record-tp": 48.0,
      "eval_overall-F1": 76.1905,
      "eval_pred_tree": 68,
      "eval_record-F1": 76.1905,
      "eval_record-P": 72.7273,
      "eval_record-R": 80.0,
      "eval_record-gold": 60.0,
      "eval_record-pred": 66.0,
      "eval_record-tp": 48.0,
      "eval_runtime": 1.4165,
      "eval_samples_per_second": 117.894,
      "eval_spot-F1": 76.1905,
      "eval_spot-P": 72.7273,
      "eval_spot-R": 80.0,
      "eval_spot-gold": 60.0,
      "eval_spot-pred": 66.0,
      "eval_spot-tp": 48.0,
      "eval_well-formed": 167,
      "step": 1512
    },
    {
      "epoch": 18.0,
      "step": 1512,
      "total_flos": 0,
      "train_runtime": 381.6966,
      "train_samples_per_second": 3.961
    }
  ],
  "max_steps": 1512,
  "num_train_epochs": 18,
  "total_flos": 0,
  "trial_name": null,
  "trial_params": null
}
