{
    "epoch": "19/20",
    "best_epoch": 7,
    "max_gpu_mem": "3.6734",
    "cur_ram": "2.4959",
    "time_epoch": "0:00:08",
    "time_total": "0:02:50",
    "best_train_ner_loss": 15.782285503312654,
    "train_ner_loss": 0.44831092684876683,
    "best_train_sum": 0.9990557129367328,
    "train_sum": 0.9990557129367328,
    "best_dev_ner_loss": 22.8744386945452,
    "dev_ner_loss": 35.11671774727957,
    "best_dev_sum": 0.8450704225352113,
    "dev_sum": 0.7567567567567568,
    "best_train_ner_precision": 0.7781885397412199,
    "best_train_ner_recall": 0.7958412098298677,
    "best_train_ner_span_f1": 0.7869158878504673,
    "train_ner_precision": 0.9981132075471698,
    "train_ner_recall": 1.0,
    "train_ner_span_f1": 0.9990557129367328,
    "best_dev_ner_precision": 0.821917808219178,
    "best_dev_ner_recall": 0.8695652173913043,
    "best_dev_ner_span_f1": 0.8450704225352113,
    "dev_ner_precision": 0.7088607594936709,
    "dev_ner_recall": 0.8115942028985508,
    "dev_ner_span_f1": 0.7567567567567568
}