{
    "epoch": "8/20",
    "best_epoch": 7,
    "max_gpu_mem": "3.6672",
    "cur_ram": "2.4956",
    "time_epoch": "0:00:08",
    "time_total": "0:01:13",
    "best_train_ner_loss": 15.782285503312654,
    "train_ner_loss": 10.771136339973001,
    "best_train_sum": 0.8711194731890874,
    "train_sum": 0.8711194731890874,
    "best_dev_ner_loss": 22.8744386945452,
    "dev_ner_loss": 27.89746311732701,
    "best_dev_sum": 0.8450704225352113,
    "dev_sum": 0.6845637583892616,
    "best_train_ner_precision": 0.7781885397412199,
    "best_train_ner_recall": 0.7958412098298677,
    "best_train_ner_span_f1": 0.7869158878504673,
    "train_ner_precision": 0.8670411985018727,
    "train_ner_recall": 0.8752362948960303,
    "train_ner_span_f1": 0.8711194731890874,
    "best_dev_ner_precision": 0.821917808219178,
    "best_dev_ner_recall": 0.8695652173913043,
    "best_dev_ner_span_f1": 0.8450704225352113,
    "dev_ner_precision": 0.6375,
    "dev_ner_recall": 0.7391304347826086,
    "dev_ner_span_f1": 0.6845637583892616
}