{
    "epoch": "1/20",
    "best_epoch": 1,
    "max_gpu_mem": "1.5180",
    "cur_ram": "2.4728",
    "time_epoch": "0:00:06",
    "time_total": "0:00:09",
    "best_train_ner_loss": 1872.6727031632965,
    "train_ner_loss": 1872.6727031632965,
    "best_train_sum": 0.0012453300124533001,
    "train_sum": 0.0012453300124533001,
    "best_dev_ner_loss": 1563.4308820452009,
    "dev_ner_loss": 1563.4308820452009,
    "best_dev_sum": 0.0,
    "dev_sum": 0.0,
    "best_train_ner_precision": 0.0006402390225684256,
    "best_train_ner_recall": 0.022684310018903593,
    "best_train_ner_span_f1": 0.0012453300124533001,
    "train_ner_precision": 0.0006402390225684256,
    "train_ner_recall": 0.022684310018903593,
    "train_ner_span_f1": 0.0012453300124533001,
    "best_dev_ner_precision": 0.0,
    "best_dev_ner_recall": 0.0,
    "best_dev_ner_span_f1": 0.0,
    "dev_ner_precision": 0.0,
    "dev_ner_recall": 0.0,
    "dev_ner_span_f1": 0.0
}