{
    "epoch": "11/20",
    "best_epoch": 7,
    "max_gpu_mem": "3.6678",
    "cur_ram": "2.4956",
    "time_epoch": "0:00:08",
    "time_total": "0:01:40",
    "best_train_ner_loss": 15.782285503312654,
    "train_ner_loss": 3.373222463271197,
    "best_train_sum": 0.9558685446009388,
    "train_sum": 0.9558685446009388,
    "best_dev_ner_loss": 22.8744386945452,
    "dev_ner_loss": 31.820028032575333,
    "best_dev_sum": 0.8450704225352113,
    "dev_sum": 0.7682119205298014,
    "best_train_ner_precision": 0.7781885397412199,
    "best_train_ner_recall": 0.7958412098298677,
    "best_train_ner_span_f1": 0.7869158878504673,
    "train_ner_precision": 0.9496268656716418,
    "train_ner_recall": 0.9621928166351607,
    "train_ner_span_f1": 0.9558685446009388,
    "best_dev_ner_precision": 0.821917808219178,
    "best_dev_ner_recall": 0.8695652173913043,
    "best_dev_ner_span_f1": 0.8450704225352113,
    "dev_ner_precision": 0.7073170731707317,
    "dev_ner_recall": 0.8405797101449275,
    "dev_ner_span_f1": 0.7682119205298014
}