{
    "epoch": "18/20",
    "best_epoch": 7,
    "max_gpu_mem": "3.6734",
    "cur_ram": "2.4959",
    "time_epoch": "0:00:08",
    "time_total": "0:02:41",
    "best_train_ner_loss": 15.782285503312654,
    "train_ner_loss": 0.569706449321672,
    "best_train_sum": 0.9971671388101984,
    "train_sum": 0.9971671388101984,
    "best_dev_ner_loss": 22.8744386945452,
    "dev_ner_loss": 33.81343787057059,
    "best_dev_sum": 0.8450704225352113,
    "dev_sum": 0.7714285714285714,
    "best_train_ner_precision": 0.7781885397412199,
    "best_train_ner_recall": 0.7958412098298677,
    "best_train_ner_span_f1": 0.7869158878504673,
    "train_ner_precision": 0.9962264150943396,
    "train_ner_recall": 0.998109640831758,
    "train_ner_span_f1": 0.9971671388101984,
    "best_dev_ner_precision": 0.821917808219178,
    "best_dev_ner_recall": 0.8695652173913043,
    "best_dev_ner_span_f1": 0.8450704225352113,
    "dev_ner_precision": 0.7605633802816901,
    "dev_ner_recall": 0.782608695652174,
    "dev_ner_span_f1": 0.7714285714285714
}