{
    "epoch": "10/20",
    "best_epoch": 7,
    "max_gpu_mem": "3.6678",
    "cur_ram": "2.4956",
    "time_epoch": "0:00:08",
    "time_total": "0:01:31",
    "best_train_ner_loss": 15.782285503312654,
    "train_ner_loss": 5.581348755780389,
    "best_train_sum": 0.9240862230552952,
    "train_sum": 0.9240862230552952,
    "best_dev_ner_loss": 22.8744386945452,
    "dev_ner_loss": 25.567596435546875,
    "best_dev_sum": 0.8450704225352113,
    "dev_sum": 0.7832167832167832,
    "best_train_ner_precision": 0.7781885397412199,
    "best_train_ner_recall": 0.7958412098298677,
    "best_train_ner_span_f1": 0.7869158878504673,
    "train_ner_precision": 0.9163568773234201,
    "train_ner_recall": 0.9319470699432892,
    "train_ner_span_f1": 0.9240862230552952,
    "best_dev_ner_precision": 0.821917808219178,
    "best_dev_ner_recall": 0.8695652173913043,
    "best_dev_ner_span_f1": 0.8450704225352113,
    "dev_ner_precision": 0.7567567567567568,
    "dev_ner_recall": 0.8115942028985508,
    "dev_ner_span_f1": 0.7832167832167832
}