{
    "epoch": "14/20",
    "best_epoch": 7,
    "max_gpu_mem": "3.6678",
    "cur_ram": "2.4958",
    "time_epoch": "0:00:08",
    "time_total": "0:02:06",
    "best_train_ner_loss": 15.782285503312654,
    "train_ner_loss": 3.046921187756108,
    "best_train_sum": 0.9568480300187618,
    "train_sum": 0.9568480300187618,
    "best_dev_ner_loss": 22.8744386945452,
    "dev_ner_loss": 35.1350222996303,
    "best_dev_sum": 0.8450704225352113,
    "dev_sum": 0.7482993197278911,
    "best_train_ner_precision": 0.7781885397412199,
    "best_train_ner_recall": 0.7958412098298677,
    "best_train_ner_span_f1": 0.7869158878504673,
    "train_ner_precision": 0.9497206703910615,
    "train_ner_recall": 0.9640831758034026,
    "train_ner_span_f1": 0.9568480300187618,
    "best_dev_ner_precision": 0.821917808219178,
    "best_dev_ner_recall": 0.8695652173913043,
    "best_dev_ner_span_f1": 0.8450704225352113,
    "dev_ner_precision": 0.7051282051282052,
    "dev_ner_recall": 0.7971014492753623,
    "dev_ner_span_f1": 0.7482993197278911
}