{
    "epoch": "15/20",
    "best_epoch": 7,
    "max_gpu_mem": "3.6678",
    "cur_ram": "2.4958",
    "time_epoch": "0:00:08",
    "time_total": "0:02:15",
    "best_train_ner_loss": 15.782285503312654,
    "train_ner_loss": 1.7684242772121055,
    "best_train_sum": 0.9858623939679547,
    "train_sum": 0.9858623939679547,
    "best_dev_ner_loss": 22.8744386945452,
    "dev_ner_loss": 29.10699462890625,
    "best_dev_sum": 0.8450704225352113,
    "dev_sum": 0.7724137931034482,
    "best_train_ner_precision": 0.7781885397412199,
    "best_train_ner_recall": 0.7958412098298677,
    "best_train_ner_span_f1": 0.7869158878504673,
    "train_ner_precision": 0.9830827067669173,
    "train_ner_recall": 0.9886578449905482,
    "train_ner_span_f1": 0.9858623939679547,
    "best_dev_ner_precision": 0.821917808219178,
    "best_dev_ner_recall": 0.8695652173913043,
    "best_dev_ner_span_f1": 0.8450704225352113,
    "dev_ner_precision": 0.7368421052631579,
    "dev_ner_recall": 0.8115942028985508,
    "dev_ner_span_f1": 0.7724137931034482
}