{
    "epoch": "17/20",
    "best_epoch": 7,
    "max_gpu_mem": "3.6734",
    "cur_ram": "2.4959",
    "time_epoch": "0:00:08",
    "time_total": "0:02:32",
    "best_train_ner_loss": 15.782285503312654,
    "train_ner_loss": 0.7550615422865924,
    "best_train_sum": 0.997172478793591,
    "train_sum": 0.997172478793591,
    "best_dev_ner_loss": 22.8744386945452,
    "dev_ner_loss": 37.837018149239675,
    "best_dev_sum": 0.8450704225352113,
    "dev_sum": 0.7814569536423841,
    "best_train_ner_precision": 0.7781885397412199,
    "best_train_ner_recall": 0.7958412098298677,
    "best_train_ner_span_f1": 0.7869158878504673,
    "train_ner_precision": 0.9943609022556391,
    "train_ner_recall": 1.0,
    "train_ner_span_f1": 0.997172478793591,
    "best_dev_ner_precision": 0.821917808219178,
    "best_dev_ner_recall": 0.8695652173913043,
    "best_dev_ner_span_f1": 0.8450704225352113,
    "dev_ner_precision": 0.7195121951219512,
    "dev_ner_recall": 0.855072463768116,
    "dev_ner_span_f1": 0.7814569536423841
}