{
    "epoch": "9/20",
    "best_epoch": 7,
    "max_gpu_mem": "3.6672",
    "cur_ram": "2.4956",
    "time_epoch": "0:00:08",
    "time_total": "0:01:22",
    "best_train_ner_loss": 15.782285503312654,
    "train_ner_loss": 7.222289403279622,
    "best_train_sum": 0.893854748603352,
    "train_sum": 0.893854748603352,
    "best_dev_ner_loss": 22.8744386945452,
    "dev_ner_loss": 28.084332602364675,
    "best_dev_sum": 0.8450704225352113,
    "dev_sum": 0.7702702702702703,
    "best_train_ner_precision": 0.7781885397412199,
    "best_train_ner_recall": 0.7958412098298677,
    "best_train_ner_span_f1": 0.7869158878504673,
    "train_ner_precision": 0.8807339449541285,
    "train_ner_recall": 0.9073724007561437,
    "train_ner_span_f1": 0.893854748603352,
    "best_dev_ner_precision": 0.821917808219178,
    "best_dev_ner_recall": 0.8695652173913043,
    "best_dev_ner_span_f1": 0.8450704225352113,
    "dev_ner_precision": 0.7215189873417721,
    "dev_ner_recall": 0.8260869565217391,
    "dev_ner_span_f1": 0.7702702702702703
}