{
    "epoch": "20/20",
    "best_epoch": 7,
    "max_gpu_mem": "3.6734",
    "cur_ram": "2.4960",
    "time_epoch": "0:00:08",
    "time_total": "0:02:58",
    "best_train_ner_loss": 15.782285503312654,
    "train_ner_loss": 0.3933820537492341,
    "best_train_sum": 0.9971671388101984,
    "train_sum": 0.9971671388101984,
    "best_dev_ner_loss": 22.8744386945452,
    "dev_ner_loss": 36.03938620431082,
    "best_dev_sum": 0.8450704225352113,
    "dev_sum": 0.7346938775510203,
    "best_train_ner_precision": 0.7781885397412199,
    "best_train_ner_recall": 0.7958412098298677,
    "best_train_ner_span_f1": 0.7869158878504673,
    "train_ner_precision": 0.9962264150943396,
    "train_ner_recall": 0.998109640831758,
    "train_ner_span_f1": 0.9971671388101984,
    "best_dev_ner_precision": 0.821917808219178,
    "best_dev_ner_recall": 0.8695652173913043,
    "best_dev_ner_span_f1": 0.8450704225352113,
    "dev_ner_precision": 0.6923076923076923,
    "dev_ner_recall": 0.782608695652174,
    "dev_ner_span_f1": 0.7346938775510203
}