{
    "epoch": "13/20",
    "best_epoch": 7,
    "max_gpu_mem": "3.6678",
    "cur_ram": "2.4958",
    "time_epoch": "0:00:08",
    "time_total": "0:01:57",
    "best_train_ner_loss": 15.782285503312654,
    "train_ner_loss": 2.8571089202282476,
    "best_train_sum": 0.9679245283018868,
    "train_sum": 0.9679245283018868,
    "best_dev_ner_loss": 22.8744386945452,
    "dev_ner_loss": 31.8711062840053,
    "best_dev_sum": 0.8450704225352113,
    "dev_sum": 0.75,
    "best_train_ner_precision": 0.7781885397412199,
    "best_train_ner_recall": 0.7958412098298677,
    "best_train_ner_span_f1": 0.7869158878504673,
    "train_ner_precision": 0.9661016949152542,
    "train_ner_recall": 0.9697542533081286,
    "train_ner_span_f1": 0.9679245283018868,
    "best_dev_ner_precision": 0.821917808219178,
    "best_dev_ner_recall": 0.8695652173913043,
    "best_dev_ner_span_f1": 0.8450704225352113,
    "dev_ner_precision": 0.7611940298507462,
    "dev_ner_recall": 0.7391304347826086,
    "dev_ner_span_f1": 0.75
}