{
    "epoch": "7/20",
    "best_epoch": 7,
    "max_gpu_mem": "3.6672",
    "cur_ram": "2.4956",
    "time_epoch": "0:00:08",
    "time_total": "0:01:04",
    "best_train_ner_loss": 15.782285503312654,
    "train_ner_loss": 15.782285503312654,
    "best_train_sum": 0.7869158878504673,
    "train_sum": 0.7869158878504673,
    "best_dev_ner_loss": 22.8744386945452,
    "dev_ner_loss": 22.8744386945452,
    "best_dev_sum": 0.8450704225352113,
    "dev_sum": 0.8450704225352113,
    "best_train_ner_precision": 0.7781885397412199,
    "best_train_ner_recall": 0.7958412098298677,
    "best_train_ner_span_f1": 0.7869158878504673,
    "train_ner_precision": 0.7781885397412199,
    "train_ner_recall": 0.7958412098298677,
    "train_ner_span_f1": 0.7869158878504673,
    "best_dev_ner_precision": 0.821917808219178,
    "best_dev_ner_recall": 0.8695652173913043,
    "best_dev_ner_span_f1": 0.8450704225352113,
    "dev_ner_precision": 0.821917808219178,
    "dev_ner_recall": 0.8695652173913043,
    "dev_ner_span_f1": 0.8450704225352113
}