{
    "epoch": "12/20",
    "best_epoch": 8,
    "max_gpu_mem": "7.9252",
    "cur_ram": "2.7896",
    "time_epoch": "0:00:15",
    "time_total": "0:03:06",
    "best_train_ner_loss": 13.058939192030165,
    "train_ner_loss": 4.040645528722693,
    "best_train_sum": 0.9416126042632067,
    "train_sum": 0.9416126042632067,
    "best_dev_ner_loss": 15.617337908063616,
    "dev_ner_loss": 20.06464331490653,
    "best_dev_sum": 0.8843537414965987,
    "dev_sum": 0.8689655172413793,
    "best_train_ner_precision": 0.7858407079646018,
    "best_train_ner_recall": 0.8283582089552238,
    "best_train_ner_span_f1": 0.8065395095367848,
    "train_ner_precision": 0.9355432780847146,
    "train_ner_recall": 0.9477611940298507,
    "train_ner_span_f1": 0.9416126042632067,
    "best_dev_ner_precision": 0.8666666666666667,
    "best_dev_ner_recall": 0.9027777777777778,
    "best_dev_ner_span_f1": 0.8843537414965987,
    "dev_ner_precision": 0.863013698630137,
    "dev_ner_recall": 0.875,
    "dev_ner_span_f1": 0.8689655172413793
}