{
    "epoch": "2/20",
    "best_epoch": 1,
    "max_gpu_mem": "7.9218",
    "cur_ram": "2.7888",
    "time_epoch": "0:00:15",
    "time_total": "0:00:26",
    "best_train_ner_loss": 1276.2500712076824,
    "train_ner_loss": 346.4937202135722,
    "best_train_sum": 0.004129387474191328,
    "train_sum": 0.004129387474191328,
    "best_dev_ner_loss": 1082.6024169921875,
    "dev_ner_loss": 92.64619827270508,
    "best_dev_sum": 0.0038461538461538464,
    "dev_sum": 0.0,
    "best_train_ner_precision": 0.0023237800154918666,
    "best_train_ner_recall": 0.016791044776119403,
    "best_train_ner_span_f1": 0.0040825584032660464,
    "train_ner_precision": 0.003271537622682661,
    "train_ner_recall": 0.005597014925373134,
    "train_ner_span_f1": 0.004129387474191328,
    "best_dev_ner_precision": 0.002232142857142857,
    "best_dev_ner_recall": 0.013888888888888888,
    "best_dev_ner_span_f1": 0.0038461538461538464,
    "dev_ner_precision": 0.0,
    "dev_ner_recall": 0.0,
    "dev_ner_span_f1": 0.0
}