{
    "epoch": "6/20",
    "best_epoch": 6,
    "max_gpu_mem": "7.9234",
    "cur_ram": "2.7896",
    "time_epoch": "0:00:15",
    "time_total": "0:01:31",
    "best_train_ner_loss": 18.267544711077655,
    "train_ner_loss": 18.267544711077655,
    "best_train_sum": 0.7714016933207901,
    "train_sum": 0.7714016933207901,
    "best_dev_ner_loss": 18.422724860055105,
    "dev_ner_loss": 18.422724860055105,
    "best_dev_sum": 0.8382352941176471,
    "dev_sum": 0.8382352941176471,
    "best_train_ner_precision": 0.777988614800759,
    "best_train_ner_recall": 0.7649253731343284,
    "best_train_ner_span_f1": 0.7714016933207901,
    "train_ner_precision": 0.777988614800759,
    "train_ner_recall": 0.7649253731343284,
    "train_ner_span_f1": 0.7714016933207901,
    "best_dev_ner_precision": 0.890625,
    "best_dev_ner_recall": 0.7916666666666666,
    "best_dev_ner_span_f1": 0.8382352941176471,
    "dev_ner_precision": 0.890625,
    "dev_ner_recall": 0.7916666666666666,
    "dev_ner_span_f1": 0.8382352941176471
}