{
    "epoch": "18/20",
    "best_epoch": 14,
    "max_gpu_mem": "7.9252",
    "cur_ram": "2.7897",
    "time_epoch": "0:00:15",
    "time_total": "0:04:39",
    "best_train_ner_loss": 3.24095740141692,
    "train_ner_loss": 1.023535481205693,
    "best_train_sum": 0.9888059701492538,
    "train_sum": 0.9888059701492538,
    "best_dev_ner_loss": 19.95450156075614,
    "dev_ner_loss": 21.542371477399552,
    "best_dev_sum": 0.9090909090909091,
    "dev_sum": 0.896551724137931,
    "best_train_ner_precision": 0.9537892791127541,
    "best_train_ner_recall": 0.9626865671641791,
    "best_train_ner_span_f1": 0.958217270194986,
    "train_ner_precision": 0.9888059701492538,
    "train_ner_recall": 0.9888059701492538,
    "train_ner_span_f1": 0.9888059701492538,
    "best_dev_ner_precision": 0.9154929577464789,
    "best_dev_ner_recall": 0.9027777777777778,
    "best_dev_ner_span_f1": 0.9090909090909091,
    "dev_ner_precision": 0.8904109589041096,
    "dev_ner_recall": 0.9027777777777778,
    "dev_ner_span_f1": 0.896551724137931
}