{
    "epoch": "4/20",
    "best_epoch": 4,
    "max_gpu_mem": "7.9218",
    "cur_ram": "2.7891",
    "time_epoch": "0:00:15",
    "time_total": "0:00:58",
    "best_train_ner_loss": 31.961019339384855,
    "train_ner_loss": 31.961019339384855,
    "best_train_sum": 0.5322862129144852,
    "train_sum": 0.5322862129144852,
    "best_dev_ner_loss": 19.630520956856863,
    "dev_ner_loss": 19.630520956856863,
    "best_dev_sum": 0.7236842105263157,
    "dev_sum": 0.7236842105263157,
    "best_train_ner_precision": 0.5,
    "best_train_ner_recall": 0.5690298507462687,
    "best_train_ner_span_f1": 0.5322862129144852,
    "train_ner_precision": 0.5,
    "train_ner_recall": 0.5690298507462687,
    "train_ner_span_f1": 0.5322862129144852,
    "best_dev_ner_precision": 0.6875,
    "best_dev_ner_recall": 0.7638888888888888,
    "best_dev_ner_span_f1": 0.7236842105263157,
    "dev_ner_precision": 0.6875,
    "dev_ner_recall": 0.7638888888888888,
    "dev_ner_span_f1": 0.7236842105263157
}