{
    "epoch": "13/20",
    "best_epoch": 8,
    "max_gpu_mem": "7.9252",
    "cur_ram": "2.7896",
    "time_epoch": "0:00:15",
    "time_total": "0:03:21",
    "best_train_ner_loss": 13.058939192030165,
    "train_ner_loss": 2.2399075119583696,
    "best_train_sum": 0.9739292364990689,
    "train_sum": 0.9739292364990689,
    "best_dev_ner_loss": 15.617337908063616,
    "dev_ner_loss": 18.68113054547991,
    "best_dev_sum": 0.8843537414965987,
    "dev_sum": 0.875,
    "best_train_ner_precision": 0.7858407079646018,
    "best_train_ner_recall": 0.8283582089552238,
    "best_train_ner_span_f1": 0.8065395095367848,
    "train_ner_precision": 0.9721189591078067,
    "train_ner_recall": 0.9757462686567164,
    "train_ner_span_f1": 0.9739292364990689,
    "best_dev_ner_precision": 0.8666666666666667,
    "best_dev_ner_recall": 0.9027777777777778,
    "best_dev_ner_span_f1": 0.8843537414965987,
    "dev_ner_precision": 0.875,
    "dev_ner_recall": 0.875,
    "dev_ner_span_f1": 0.875
}