{
    "epoch": "7/20",
    "best_epoch": 7,
    "max_gpu_mem": "7.9234",
    "cur_ram": "2.7896",
    "time_epoch": "0:00:15",
    "time_total": "0:01:47",
    "best_train_ner_loss": 15.068851718196163,
    "train_ner_loss": 15.068851718196163,
    "best_train_sum": 0.7807585568917669,
    "train_sum": 0.7807585568917669,
    "best_dev_ner_loss": 16.333938598632812,
    "dev_ner_loss": 16.333938598632812,
    "best_dev_sum": 0.863013698630137,
    "dev_sum": 0.863013698630137,
    "best_train_ner_precision": 0.7743119266055046,
    "best_train_ner_recall": 0.7873134328358209,
    "best_train_ner_span_f1": 0.7807585568917669,
    "train_ner_precision": 0.7743119266055046,
    "train_ner_recall": 0.7873134328358209,
    "train_ner_span_f1": 0.7807585568917669,
    "best_dev_ner_precision": 0.8513513513513513,
    "best_dev_ner_recall": 0.875,
    "best_dev_ner_span_f1": 0.863013698630137,
    "dev_ner_precision": 0.8513513513513513,
    "dev_ner_recall": 0.875,
    "dev_ner_span_f1": 0.863013698630137
}