{
    "epoch": "9/20",
    "best_epoch": 8,
    "max_gpu_mem": "7.9234",
    "cur_ram": "2.7896",
    "time_epoch": "0:00:15",
    "time_total": "0:02:20",
    "best_train_ner_loss": 13.058939192030165,
    "train_ner_loss": 9.397603670756022,
    "best_train_sum": 0.8587257617728532,
    "train_sum": 0.8587257617728532,
    "best_dev_ner_loss": 15.617337908063616,
    "dev_ner_loss": 16.23778315952846,
    "best_dev_sum": 0.8843537414965987,
    "dev_sum": 0.8531468531468532,
    "best_train_ner_precision": 0.7858407079646018,
    "best_train_ner_recall": 0.8283582089552238,
    "best_train_ner_span_f1": 0.8065395095367848,
    "train_ner_precision": 0.850091407678245,
    "train_ner_recall": 0.8675373134328358,
    "train_ner_span_f1": 0.8587257617728532,
    "best_dev_ner_precision": 0.8666666666666667,
    "best_dev_ner_recall": 0.9027777777777778,
    "best_dev_ner_span_f1": 0.8843537414965987,
    "dev_ner_precision": 0.8591549295774648,
    "dev_ner_recall": 0.8472222222222222,
    "dev_ner_span_f1": 0.8531468531468532
}