{
    "epoch": "1/20",
    "best_epoch": 1,
    "max_gpu_mem": "3.7623",
    "cur_ram": "2.8118",
    "time_epoch": "0:00:03",
    "time_total": "0:00:06",
    "best_train_ner_loss": 998.339995320638,
    "train_ner_loss": 998.339995320638,
    "best_train_sum": 0.003975557682397114,
    "train_sum": 0.003975557682397114,
    "best_dev_ner_loss": 882.6434020996094,
    "dev_ner_loss": 882.6434020996094,
    "best_dev_sum": 0.0,
    "dev_sum": 0.0,
    "best_train_ner_precision": 0.002174438270113554,
    "best_train_ner_recall": 0.023156089193825044,
    "best_train_ner_span_f1": 0.003975557682397114,
    "train_ner_precision": 0.002174438270113554,
    "train_ner_recall": 0.023156089193825044,
    "train_ner_span_f1": 0.003975557682397114,
    "best_dev_ner_precision": 0.0,
    "best_dev_ner_recall": 0.0,
    "best_dev_ner_span_f1": 0.0,
    "dev_ner_precision": 0.0,
    "dev_ner_recall": 0.0,
    "dev_ner_span_f1": 0.0
}