{
    "epoch": "2/20",
    "best_epoch": 1,
    "max_gpu_mem": "10.4644",
    "cur_ram": "2.8307",
    "time_epoch": "0:00:07",
    "time_total": "0:00:15",
    "best_train_ner_loss": 998.339995320638,
    "train_ner_loss": 665.7577341715495,
    "best_train_sum": 0.003729737483861713,
    "train_sum": 0.003729737483861713,
    "best_dev_ner_loss": 882.6434020996094,
    "dev_ner_loss": 288.27963638305664,
    "best_dev_sum": 0.0,
    "dev_sum": 0.0,
    "best_train_ner_precision": 0.002174438270113554,
    "best_train_ner_recall": 0.023156089193825044,
    "best_train_ner_span_f1": 0.003975557682397114,
    "train_ner_precision": 0.002239448751076658,
    "train_ner_recall": 0.011149228130360206,
    "train_ner_span_f1": 0.003729737483861713,
    "best_dev_ner_precision": 0.0,
    "best_dev_ner_recall": 0.0,
    "best_dev_ner_span_f1": 0.0,
    "dev_ner_precision": 0.0,
    "dev_ner_recall": 0.0,
    "dev_ner_span_f1": 0.0
}