{
    "epoch": "4/20",
    "best_epoch": 4,
    "max_gpu_mem": "10.4644",
    "cur_ram": "2.8311",
    "time_epoch": "0:00:07",
    "time_total": "0:00:31",
    "best_train_ner_loss": 86.94433097839355,
    "train_ner_loss": 86.94433097839355,
    "best_train_sum": 0.6685104701698933,
    "train_sum": 0.6685104701698933,
    "best_dev_ner_loss": 43.47392749786377,
    "dev_ner_loss": 43.47392749786377,
    "best_dev_sum": 0.8417721518987341,
    "dev_sum": 0.8417721518987341,
    "best_train_ner_precision": 0.6197802197802198,
    "best_train_ner_recall": 0.725557461406518,
    "best_train_ner_span_f1": 0.6685104701698933,
    "train_ner_precision": 0.6197802197802198,
    "train_ner_recall": 0.725557461406518,
    "train_ner_span_f1": 0.6685104701698933,
    "best_dev_ner_precision": 0.7964071856287425,
    "best_dev_ner_recall": 0.8926174496644296,
    "best_dev_ner_span_f1": 0.8417721518987341,
    "dev_ner_precision": 0.7964071856287425,
    "dev_ner_recall": 0.8926174496644296,
    "dev_ner_span_f1": 0.8417721518987341
}