{
    "epoch": "12/20",
    "best_epoch": 12,
    "max_gpu_mem": "10.4678",
    "cur_ram": "2.8481",
    "time_epoch": "0:00:07",
    "time_total": "0:01:36",
    "best_train_ner_loss": 4.167676099141439,
    "train_ner_loss": 4.167676099141439,
    "best_train_sum": 0.983704974271012,
    "train_sum": 0.983704974271012,
    "best_dev_ner_loss": 21.083996772766113,
    "dev_ner_loss": 21.083996772766113,
    "best_dev_sum": 0.9568106312292358,
    "dev_sum": 0.9568106312292358,
    "best_train_ner_precision": 0.983704974271012,
    "best_train_ner_recall": 0.983704974271012,
    "best_train_ner_span_f1": 0.983704974271012,
    "train_ner_precision": 0.983704974271012,
    "train_ner_recall": 0.983704974271012,
    "train_ner_span_f1": 0.983704974271012,
    "best_dev_ner_precision": 0.9473684210526315,
    "best_dev_ner_recall": 0.9664429530201343,
    "best_dev_ner_span_f1": 0.9568106312292358,
    "dev_ner_precision": 0.9473684210526315,
    "dev_ner_recall": 0.9664429530201343,
    "dev_ner_span_f1": 0.9568106312292358
}