{
    "epoch": "18/20",
    "best_epoch": 13,
    "max_gpu_mem": "10.4726",
    "cur_ram": "2.8482",
    "time_epoch": "0:00:07",
    "time_total": "0:02:23",
    "best_train_ner_loss": 3.9971536000569663,
    "train_ner_loss": 1.8107583363850912,
    "best_train_sum": 0.99013299013299,
    "train_sum": 0.99013299013299,
    "best_dev_ner_loss": 19.246305465698242,
    "dev_ner_loss": 19.20192813873291,
    "best_dev_sum": 0.9765886287625419,
    "dev_sum": 0.9765886287625419,
    "best_train_ner_precision": 0.9821276595744681,
    "best_train_ner_recall": 0.9897084048027445,
    "best_train_ner_span_f1": 0.9859034600598036,
    "train_ner_precision": 0.9905579399141631,
    "train_ner_recall": 0.9897084048027445,
    "train_ner_span_f1": 0.99013299013299,
    "best_dev_ner_precision": 0.9733333333333334,
    "best_dev_ner_recall": 0.9798657718120806,
    "best_dev_ner_span_f1": 0.9765886287625419,
    "dev_ner_precision": 0.9733333333333334,
    "dev_ner_recall": 0.9798657718120806,
    "dev_ner_span_f1": 0.9765886287625419
}