{
    "epoch": "9/20",
    "best_epoch": 6,
    "max_gpu_mem": "10.4644",
    "cur_ram": "2.8316",
    "time_epoch": "0:00:07",
    "time_total": "0:01:13",
    "best_train_ner_loss": 20.672448348999023,
    "train_ner_loss": 17.43609873453776,
    "best_train_sum": 0.938481120067883,
    "train_sum": 0.938481120067883,
    "best_dev_ner_loss": 28.87679672241211,
    "dev_ner_loss": 22.14211082458496,
    "best_dev_sum": 0.9311475409836064,
    "dev_sum": 0.9276315789473683,
    "best_train_ner_precision": 0.9279128248113998,
    "best_train_ner_recall": 0.9493996569468267,
    "best_train_ner_span_f1": 0.9385332768122086,
    "train_ner_precision": 0.9286314021830394,
    "train_ner_recall": 0.9485420240137221,
    "train_ner_span_f1": 0.938481120067883,
    "best_dev_ner_precision": 0.9102564102564102,
    "best_dev_ner_recall": 0.9530201342281879,
    "best_dev_ner_span_f1": 0.9311475409836064,
    "dev_ner_precision": 0.9096774193548387,
    "dev_ner_recall": 0.9463087248322147,
    "dev_ner_span_f1": 0.9276315789473683
}