{
  "best_metric": 85.4962,
  "best_model_checkpoint": "output/meta_2023-09-18-00-54-28160_hf_models_uie-large-en_spotasoc_entity_aquaint-old_multi_fold_3_e18_linear_lr1e-4_ls0_b8_wu0.06_n-1_RP_sn0.1_an0.1_run1/checkpoint-1512",
  "epoch": 9.0,
  "global_step": 1512,
  "is_hyper_param_search": false,
  "is_local_process_zero": true,
  "is_world_process_zero": true,
  "log_history": [
    {
      "epoch": 1.0,
      "eval_asoc-F1": 0.0,
      "eval_asoc-P": 0.0,
      "eval_asoc-R": 0.0,
      "eval_asoc-gold": 0.0,
      "eval_asoc-pred": 0.0,
      "eval_asoc-tp": 0.0,
      "eval_gen_len": 5.9222,
      "eval_gold_tree": 63,
      "eval_loss": 0.16985832154750824,
      "eval_ordered-record-F1": 67.5497,
      "eval_ordered-record-P": 57.9545,
      "eval_ordered-record-R": 80.9524,
      "eval_ordered-record-gold": 63.0,
      "eval_ordered-record-pred": 88.0,
      "eval_ordered-record-tp": 51.0,
      "eval_overall-F1": 67.5497,
      "eval_pred_tree": 88,
      "eval_record-F1": 67.5497,
      "eval_record-P": 57.9545,
      "eval_record-R": 80.9524,
      "eval_record-gold": 63.0,
      "eval_record-pred": 88.0,
      "eval_record-tp": 51.0,
      "eval_runtime": 3.356,
      "eval_samples_per_second": 49.762,
      "eval_spot-F1": 67.5497,
      "eval_spot-P": 57.9545,
      "eval_spot-R": 80.9524,
      "eval_spot-gold": 63.0,
      "eval_spot-pred": 88.0,
      "eval_spot-tp": 51.0,
      "eval_well-formed": 167,
      "step": 168
    },
    {
      "epoch": 2.0,
      "eval_asoc-F1": 0.0,
      "eval_asoc-P": 0.0,
      "eval_asoc-R": 0.0,
      "eval_asoc-gold": 0.0,
      "eval_asoc-pred": 0.0,
      "eval_asoc-tp": 0.0,
      "eval_gen_len": 5.4072,
      "eval_gold_tree": 63,
      "eval_loss": 0.14351513981819153,
      "eval_ordered-record-F1": 72.5926,
      "eval_ordered-record-P": 68.0556,
      "eval_ordered-record-R": 77.7778,
      "eval_ordered-record-gold": 63.0,
      "eval_ordered-record-pred": 72.0,
      "eval_ordered-record-tp": 49.0,
      "eval_overall-F1": 72.5926,
      "eval_pred_tree": 74,
      "eval_record-F1": 72.5926,
      "eval_record-P": 68.0556,
      "eval_record-R": 77.7778,
      "eval_record-gold": 63.0,
      "eval_record-pred": 72.0,
      "eval_record-tp": 49.0,
      "eval_runtime": 2.9078,
      "eval_samples_per_second": 57.432,
      "eval_spot-F1": 72.5926,
      "eval_spot-P": 68.0556,
      "eval_spot-R": 77.7778,
      "eval_spot-gold": 63.0,
      "eval_spot-pred": 72.0,
      "eval_spot-tp": 49.0,
      "eval_well-formed": 167,
      "step": 336
    },
    {
      "epoch": 2.98,
      "learning_rate": 8.88106966924701e-05,
      "loss": 0.2841,
      "step": 500
    },
    {
      "epoch": 3.0,
      "eval_asoc-F1": 0.0,
      "eval_asoc-P": 0.0,
      "eval_asoc-R": 0.0,
      "eval_asoc-gold": 0.0,
      "eval_asoc-pred": 0.0,
      "eval_asoc-tp": 0.0,
      "eval_gen_len": 5.1916,
      "eval_gold_tree": 63,
      "eval_loss": 0.1167563945055008,
      "eval_ordered-record-F1": 75.3846,
      "eval_ordered-record-P": 73.1343,
      "eval_ordered-record-R": 77.7778,
      "eval_ordered-record-gold": 63.0,
      "eval_ordered-record-pred": 67.0,
      "eval_ordered-record-tp": 49.0,
      "eval_overall-F1": 75.3846,
      "eval_pred_tree": 67,
      "eval_record-F1": 75.3846,
      "eval_record-P": 73.1343,
      "eval_record-R": 77.7778,
      "eval_record-gold": 63.0,
      "eval_record-pred": 67.0,
      "eval_record-tp": 49.0,
      "eval_runtime": 2.9257,
      "eval_samples_per_second": 57.08,
      "eval_spot-F1": 75.3846,
      "eval_spot-P": 73.1343,
      "eval_spot-R": 77.7778,
      "eval_spot-gold": 63.0,
      "eval_spot-pred": 67.0,
      "eval_spot-tp": 49.0,
      "eval_well-formed": 167,
      "step": 504
    },
    {
      "epoch": 4.0,
      "eval_asoc-F1": 0.0,
      "eval_asoc-P": 0.0,
      "eval_asoc-R": 0.0,
      "eval_asoc-gold": 0.0,
      "eval_asoc-pred": 0.0,
      "eval_asoc-tp": 0.0,
      "eval_gen_len": 5.2934,
      "eval_gold_tree": 63,
      "eval_loss": 0.10892155021429062,
      "eval_ordered-record-F1": 78.1955,
      "eval_ordered-record-P": 74.2857,
      "eval_ordered-record-R": 82.5397,
      "eval_ordered-record-gold": 63.0,
      "eval_ordered-record-pred": 70.0,
      "eval_ordered-record-tp": 52.0,
      "eval_overall-F1": 78.1955,
      "eval_pred_tree": 70,
      "eval_record-F1": 78.1955,
      "eval_record-P": 74.2857,
      "eval_record-R": 82.5397,
      "eval_record-gold": 63.0,
      "eval_record-pred": 70.0,
      "eval_record-tp": 52.0,
      "eval_runtime": 3.2599,
      "eval_samples_per_second": 51.229,
      "eval_spot-F1": 78.1955,
      "eval_spot-P": 74.2857,
      "eval_spot-R": 82.5397,
      "eval_spot-gold": 63.0,
      "eval_spot-pred": 70.0,
      "eval_spot-tp": 52.0,
      "eval_well-formed": 167,
      "step": 672
    },
    {
      "epoch": 5.0,
      "eval_asoc-F1": 0.0,
      "eval_asoc-P": 0.0,
      "eval_asoc-R": 0.0,
      "eval_asoc-gold": 0.0,
      "eval_asoc-pred": 0.0,
      "eval_asoc-tp": 0.0,
      "eval_gen_len": 5.3293,
      "eval_gold_tree": 63,
      "eval_loss": 0.12527363002300262,
      "eval_ordered-record-F1": 73.1343,
      "eval_ordered-record-P": 69.0141,
      "eval_ordered-record-R": 77.7778,
      "eval_ordered-record-gold": 63.0,
      "eval_ordered-record-pred": 71.0,
      "eval_ordered-record-tp": 49.0,
      "eval_overall-F1": 73.1343,
      "eval_pred_tree": 71,
      "eval_record-F1": 73.1343,
      "eval_record-P": 69.0141,
      "eval_record-R": 77.7778,
      "eval_record-gold": 63.0,
      "eval_record-pred": 71.0,
      "eval_record-tp": 49.0,
      "eval_runtime": 3.3285,
      "eval_samples_per_second": 50.173,
      "eval_spot-F1": 73.1343,
      "eval_spot-P": 69.0141,
      "eval_spot-R": 77.7778,
      "eval_spot-gold": 63.0,
      "eval_spot-pred": 71.0,
      "eval_spot-tp": 49.0,
      "eval_well-formed": 167,
      "step": 840
    },
    {
      "epoch": 5.95,
      "learning_rate": 7.121745249824068e-05,
      "loss": 0.0646,
      "step": 1000
    },
    {
      "epoch": 6.0,
      "eval_asoc-F1": 0.0,
      "eval_asoc-P": 0.0,
      "eval_asoc-R": 0.0,
      "eval_asoc-gold": 0.0,
      "eval_asoc-pred": 0.0,
      "eval_asoc-tp": 0.0,
      "eval_gen_len": 5.3293,
      "eval_gold_tree": 63,
      "eval_loss": 0.14560168981552124,
      "eval_ordered-record-F1": 80.303,
      "eval_ordered-record-P": 76.8116,
      "eval_ordered-record-R": 84.127,
      "eval_ordered-record-gold": 63.0,
      "eval_ordered-record-pred": 69.0,
      "eval_ordered-record-tp": 53.0,
      "eval_overall-F1": 80.303,
      "eval_pred_tree": 69,
      "eval_record-F1": 80.303,
      "eval_record-P": 76.8116,
      "eval_record-R": 84.127,
      "eval_record-gold": 63.0,
      "eval_record-pred": 69.0,
      "eval_record-tp": 53.0,
      "eval_runtime": 2.9555,
      "eval_samples_per_second": 56.505,
      "eval_spot-F1": 80.303,
      "eval_spot-P": 76.8116,
      "eval_spot-R": 84.127,
      "eval_spot-gold": 63.0,
      "eval_spot-pred": 69.0,
      "eval_spot-tp": 53.0,
      "eval_well-formed": 167,
      "step": 1008
    },
    {
      "epoch": 7.0,
      "eval_asoc-F1": 0.0,
      "eval_asoc-P": 0.0,
      "eval_asoc-R": 0.0,
      "eval_asoc-gold": 0.0,
      "eval_asoc-pred": 0.0,
      "eval_asoc-tp": 0.0,
      "eval_gen_len": 5.2156,
      "eval_gold_tree": 63,
      "eval_loss": 0.18201494216918945,
      "eval_ordered-record-F1": 80.0,
      "eval_ordered-record-P": 77.6119,
      "eval_ordered-record-R": 82.5397,
      "eval_ordered-record-gold": 63.0,
      "eval_ordered-record-pred": 67.0,
      "eval_ordered-record-tp": 52.0,
      "eval_overall-F1": 80.0,
      "eval_pred_tree": 67,
      "eval_record-F1": 80.0,
      "eval_record-P": 77.6119,
      "eval_record-R": 82.5397,
      "eval_record-gold": 63.0,
      "eval_record-pred": 67.0,
      "eval_record-tp": 52.0,
      "eval_runtime": 2.87,
      "eval_samples_per_second": 58.188,
      "eval_spot-F1": 80.0,
      "eval_spot-P": 77.6119,
      "eval_spot-R": 82.5397,
      "eval_spot-gold": 63.0,
      "eval_spot-pred": 67.0,
      "eval_spot-tp": 52.0,
      "eval_well-formed": 167,
      "step": 1176
    },
    {
      "epoch": 8.0,
      "eval_asoc-F1": 0.0,
      "eval_asoc-P": 0.0,
      "eval_asoc-R": 0.0,
      "eval_asoc-gold": 0.0,
      "eval_asoc-pred": 0.0,
      "eval_asoc-tp": 0.0,
      "eval_gen_len": 5.2754,
      "eval_gold_tree": 63,
      "eval_loss": 0.18618081510066986,
      "eval_ordered-record-F1": 79.3893,
      "eval_ordered-record-P": 76.4706,
      "eval_ordered-record-R": 82.5397,
      "eval_ordered-record-gold": 63.0,
      "eval_ordered-record-pred": 68.0,
      "eval_ordered-record-tp": 52.0,
      "eval_overall-F1": 79.3893,
      "eval_pred_tree": 69,
      "eval_record-F1": 79.3893,
      "eval_record-P": 76.4706,
      "eval_record-R": 82.5397,
      "eval_record-gold": 63.0,
      "eval_record-pred": 68.0,
      "eval_record-tp": 52.0,
      "eval_runtime": 2.9927,
      "eval_samples_per_second": 55.803,
      "eval_spot-F1": 79.3893,
      "eval_spot-P": 76.4706,
      "eval_spot-R": 82.5397,
      "eval_spot-gold": 63.0,
      "eval_spot-pred": 68.0,
      "eval_spot-tp": 52.0,
      "eval_well-formed": 167,
      "step": 1344
    },
    {
      "epoch": 8.93,
      "learning_rate": 5.362420830401126e-05,
      "loss": 0.0419,
      "step": 1500
    },
    {
      "epoch": 9.0,
      "eval_asoc-F1": 0.0,
      "eval_asoc-P": 0.0,
      "eval_asoc-R": 0.0,
      "eval_asoc-gold": 0.0,
      "eval_asoc-pred": 0.0,
      "eval_asoc-tp": 0.0,
      "eval_gen_len": 5.2934,
      "eval_gold_tree": 63,
      "eval_loss": 0.13913282752037048,
      "eval_ordered-record-F1": 85.4962,
      "eval_ordered-record-P": 82.3529,
      "eval_ordered-record-R": 88.8889,
      "eval_ordered-record-gold": 63.0,
      "eval_ordered-record-pred": 68.0,
      "eval_ordered-record-tp": 56.0,
      "eval_overall-F1": 85.4962,
      "eval_pred_tree": 69,
      "eval_record-F1": 85.4962,
      "eval_record-P": 82.3529,
      "eval_record-R": 88.8889,
      "eval_record-gold": 63.0,
      "eval_record-pred": 68.0,
      "eval_record-tp": 56.0,
      "eval_runtime": 2.9735,
      "eval_samples_per_second": 56.162,
      "eval_spot-F1": 85.4962,
      "eval_spot-P": 82.3529,
      "eval_spot-R": 88.8889,
      "eval_spot-gold": 63.0,
      "eval_spot-pred": 68.0,
      "eval_spot-tp": 56.0,
      "eval_well-formed": 167,
      "step": 1512
    }
  ],
  "max_steps": 3024,
  "num_train_epochs": 18,
  "total_flos": 524352241545216.0,
  "trial_name": null,
  "trial_params": null
}
