{
    "epoch": "6/20",
    "best_epoch": 5,
    "max_gpu_mem": "3.6699",
    "cur_ram": "2.4999",
    "time_epoch": "0:00:08",
    "time_total": "0:00:55",
    "best_train_ner_loss": 15.334859922820447,
    "train_ner_loss": 10.09609925513174,
    "best_train_sum": 0.8403669724770643,
    "train_sum": 0.8403669724770643,
    "best_dev_ner_loss": 11.07334736415318,
    "dev_ner_loss": 9.585562569754464,
    "best_dev_sum": 0.8480000000000001,
    "dev_sum": 0.8387096774193548,
    "best_train_ner_precision": 0.7348353552859619,
    "best_train_ner_recall": 0.7984934086629002,
    "best_train_ner_span_f1": 0.7653429602888087,
    "train_ner_precision": 0.8193202146690519,
    "train_ner_recall": 0.8625235404896422,
    "train_ner_span_f1": 0.8403669724770643,
    "best_dev_ner_precision": 0.803030303030303,
    "best_dev_ner_recall": 0.8983050847457628,
    "best_dev_ner_span_f1": 0.8480000000000001,
    "dev_ner_precision": 0.8,
    "dev_ner_recall": 0.8813559322033898,
    "dev_ner_span_f1": 0.8387096774193548
}