{
    "epoch": "8/20",
    "best_epoch": 8,
    "max_gpu_mem": "3.6699",
    "cur_ram": "2.4999",
    "time_epoch": "0:00:08",
    "time_total": "0:01:12",
    "best_train_ner_loss": 4.449304879880419,
    "train_ner_loss": 4.449304879880419,
    "best_train_sum": 0.9339534883720929,
    "train_sum": 0.9339534883720929,
    "best_dev_ner_loss": 8.039575031825475,
    "dev_ner_loss": 8.039575031825475,
    "best_dev_sum": 0.8870967741935484,
    "dev_sum": 0.8870967741935484,
    "best_train_ner_precision": 0.9227941176470589,
    "best_train_ner_recall": 0.9453860640301318,
    "best_train_ner_span_f1": 0.9339534883720929,
    "train_ner_precision": 0.9227941176470589,
    "train_ner_recall": 0.9453860640301318,
    "train_ner_span_f1": 0.9339534883720929,
    "best_dev_ner_precision": 0.8461538461538461,
    "best_dev_ner_recall": 0.9322033898305084,
    "best_dev_ner_span_f1": 0.8870967741935484,
    "dev_ner_precision": 0.8461538461538461,
    "dev_ner_recall": 0.9322033898305084,
    "dev_ner_span_f1": 0.8870967741935484
}