{
    "epoch": "2/20",
    "best_epoch": 1,
    "max_gpu_mem": "3.6699",
    "cur_ram": "2.4979",
    "time_epoch": "0:00:08",
    "time_total": "0:00:18",
    "best_train_ner_loss": 862.4866057751226,
    "train_ner_loss": 242.53540476630715,
    "best_train_sum": 0.015586945932781296,
    "train_sum": 0.015586945932781296,
    "best_dev_ner_loss": 619.7484632219587,
    "dev_ner_loss": 77.61306599208287,
    "best_dev_sum": 0.02196078431372549,
    "dev_sum": 0.0,
    "best_train_ner_precision": 0.008854342683338966,
    "best_train_ner_recall": 0.24670433145009416,
    "best_train_ner_span_f1": 0.017095132454652225,
    "train_ner_precision": 0.010512483574244415,
    "train_ner_recall": 0.030131826741996232,
    "train_ner_span_f1": 0.015586945932781296,
    "best_dev_ner_precision": 0.011513157894736841,
    "best_dev_ner_recall": 0.23728813559322035,
    "best_dev_ner_span_f1": 0.02196078431372549,
    "dev_ner_precision": 0.0,
    "dev_ner_recall": 0.0,
    "dev_ner_span_f1": 0.0
}