{
    "epoch": "9/20",
    "best_epoch": 8,
    "max_gpu_mem": "3.6699",
    "cur_ram": "2.5046",
    "time_epoch": "0:00:08",
    "time_total": "0:01:21",
    "best_train_ner_loss": 4.449304879880419,
    "train_ner_loss": 3.3987280901740577,
    "best_train_sum": 0.9478584729981379,
    "train_sum": 0.9478584729981379,
    "best_dev_ner_loss": 8.039575031825475,
    "dev_ner_loss": 10.29645129612514,
    "best_dev_sum": 0.8870967741935484,
    "dev_sum": 0.8760330578512397,
    "best_train_ner_precision": 0.9227941176470589,
    "best_train_ner_recall": 0.9453860640301318,
    "best_train_ner_span_f1": 0.9339534883720929,
    "train_ner_precision": 0.9373848987108656,
    "train_ner_recall": 0.9585687382297552,
    "train_ner_span_f1": 0.9478584729981379,
    "best_dev_ner_precision": 0.8461538461538461,
    "best_dev_ner_recall": 0.9322033898305084,
    "best_dev_ner_span_f1": 0.8870967741935484,
    "dev_ner_precision": 0.8548387096774194,
    "dev_ner_recall": 0.8983050847457628,
    "dev_ner_span_f1": 0.8760330578512397
}