{
    "epoch": "13/20",
    "best_epoch": 10,
    "max_gpu_mem": "3.6734",
    "cur_ram": "2.5046",
    "time_epoch": "0:00:08",
    "time_total": "0:01:57",
    "best_train_ner_loss": 2.6353998371199068,
    "train_ner_loss": 1.3814119825176163,
    "best_train_sum": 0.9793233082706767,
    "train_sum": 0.9793233082706767,
    "best_dev_ner_loss": 9.365242276872907,
    "dev_ner_loss": 10.692177636282784,
    "best_dev_sum": 0.9421487603305785,
    "dev_sum": 0.912,
    "best_train_ner_precision": 0.9531835205992509,
    "best_train_ner_recall": 0.9585687382297552,
    "best_train_ner_span_f1": 0.955868544600939,
    "train_ner_precision": 0.9774859287054409,
    "train_ner_recall": 0.9811676082862524,
    "train_ner_span_f1": 0.9793233082706767,
    "best_dev_ner_precision": 0.9193548387096774,
    "best_dev_ner_recall": 0.9661016949152542,
    "best_dev_ner_span_f1": 0.9421487603305785,
    "dev_ner_precision": 0.8636363636363636,
    "dev_ner_recall": 0.9661016949152542,
    "dev_ner_span_f1": 0.912
}