{
    "epoch": "7/20",
    "best_epoch": 5,
    "max_gpu_mem": "3.6699",
    "cur_ram": "2.4999",
    "time_epoch": "0:00:08",
    "time_total": "0:01:03",
    "best_train_ner_loss": 15.334859922820447,
    "train_ner_loss": 7.473942270465925,
    "best_train_sum": 0.8828996282527881,
    "train_sum": 0.8828996282527881,
    "best_dev_ner_loss": 11.07334736415318,
    "dev_ner_loss": 10.673834664481026,
    "best_dev_sum": 0.8480000000000001,
    "dev_sum": 0.8346456692913385,
    "best_train_ner_precision": 0.7348353552859619,
    "best_train_ner_recall": 0.7984934086629002,
    "best_train_ner_span_f1": 0.7653429602888087,
    "train_ner_precision": 0.8715596330275229,
    "train_ner_recall": 0.8945386064030132,
    "train_ner_span_f1": 0.8828996282527881,
    "best_dev_ner_precision": 0.803030303030303,
    "best_dev_ner_recall": 0.8983050847457628,
    "best_dev_ner_span_f1": 0.8480000000000001,
    "dev_ner_precision": 0.7794117647058824,
    "dev_ner_recall": 0.8983050847457628,
    "dev_ner_span_f1": 0.8346456692913385
}