{
    "epoch": "4/20",
    "best_epoch": 4,
    "max_gpu_mem": "3.7030",
    "cur_ram": "2.5065",
    "time_epoch": "0:00:08",
    "time_total": "0:00:36",
    "best_train_ner_loss": 79.86938708436256,
    "train_ner_loss": 79.86938708436256,
    "best_train_sum": 0.1262848751835536,
    "train_sum": 0.1262848751835536,
    "best_dev_ner_loss": 47.931001390729634,
    "dev_ner_loss": 47.931001390729634,
    "best_dev_sum": 0.29940119760479045,
    "dev_sum": 0.29940119760479045,
    "best_train_ner_precision": 0.28289473684210525,
    "best_train_ner_recall": 0.08128544423440454,
    "best_train_ner_span_f1": 0.1262848751835536,
    "train_ner_precision": 0.28289473684210525,
    "train_ner_recall": 0.08128544423440454,
    "train_ner_span_f1": 0.1262848751835536,
    "best_dev_ner_precision": 0.25,
    "best_dev_ner_recall": 0.373134328358209,
    "best_dev_ner_span_f1": 0.29940119760479045,
    "dev_ner_precision": 0.25,
    "dev_ner_recall": 0.373134328358209,
    "dev_ner_span_f1": 0.29940119760479045
}