{
    "epoch": "14/20",
    "best_epoch": 14,
    "max_gpu_mem": "3.7068",
    "cur_ram": "2.5158",
    "time_epoch": "0:00:08",
    "time_total": "0:02:06",
    "best_train_ner_loss": 1.6109356225705613,
    "train_ner_loss": 1.6109356225705613,
    "best_train_sum": 0.9699248120300752,
    "train_sum": 0.9699248120300752,
    "best_dev_ner_loss": 32.65683855329241,
    "dev_ner_loss": 32.65683855329241,
    "best_dev_sum": 0.759124087591241,
    "dev_sum": 0.759124087591241,
    "best_train_ner_precision": 0.9644859813084112,
    "best_train_ner_recall": 0.9754253308128544,
    "best_train_ner_span_f1": 0.9699248120300752,
    "train_ner_precision": 0.9644859813084112,
    "train_ner_recall": 0.9754253308128544,
    "train_ner_span_f1": 0.9699248120300752,
    "best_dev_ner_precision": 0.7428571428571429,
    "best_dev_ner_recall": 0.7761194029850746,
    "best_dev_ner_span_f1": 0.759124087591241,
    "dev_ner_precision": 0.7428571428571429,
    "dev_ner_recall": 0.7761194029850746,
    "dev_ner_span_f1": 0.759124087591241
}