{
    "epoch": "10/20",
    "best_epoch": 10,
    "max_gpu_mem": "3.7055",
    "cur_ram": "2.5157",
    "time_epoch": "0:00:08",
    "time_total": "0:01:31",
    "best_train_ner_loss": 7.37492026534735,
    "train_ner_loss": 7.37492026534735,
    "best_train_sum": 0.891588785046729,
    "train_sum": 0.891588785046729,
    "best_dev_ner_loss": 27.20852497645787,
    "dev_ner_loss": 27.20852497645787,
    "best_dev_sum": 0.7445255474452556,
    "dev_sum": 0.7445255474452556,
    "best_train_ner_precision": 0.8817005545286506,
    "best_train_ner_recall": 0.9017013232514177,
    "best_train_ner_span_f1": 0.891588785046729,
    "train_ner_precision": 0.8817005545286506,
    "train_ner_recall": 0.9017013232514177,
    "train_ner_span_f1": 0.891588785046729,
    "best_dev_ner_precision": 0.7285714285714285,
    "best_dev_ner_recall": 0.7611940298507462,
    "best_dev_ner_span_f1": 0.7445255474452556,
    "dev_ner_precision": 0.7285714285714285,
    "dev_ner_recall": 0.7611940298507462,
    "dev_ner_span_f1": 0.7445255474452556
}