{
    "epoch": "20/20",
    "best_epoch": 16,
    "max_gpu_mem": "3.7068",
    "cur_ram": "2.5159",
    "time_epoch": "0:00:08",
    "time_total": "0:03:00",
    "best_train_ner_loss": 1.2365174761005477,
    "train_ner_loss": 0.4977883357627719,
    "best_train_sum": 0.994328922495274,
    "train_sum": 0.994328922495274,
    "best_dev_ner_loss": 32.997856685093474,
    "dev_ner_loss": 36.37076841081892,
    "best_dev_sum": 0.7883211678832117,
    "dev_sum": 0.7737226277372262,
    "best_train_ner_precision": 0.9830508474576272,
    "best_train_ner_recall": 0.9867674858223062,
    "best_train_ner_span_f1": 0.9849056603773584,
    "train_ner_precision": 0.994328922495274,
    "train_ner_recall": 0.994328922495274,
    "train_ner_span_f1": 0.994328922495274,
    "best_dev_ner_precision": 0.7714285714285715,
    "best_dev_ner_recall": 0.8059701492537313,
    "best_dev_ner_span_f1": 0.7883211678832117,
    "dev_ner_precision": 0.7571428571428571,
    "dev_ner_recall": 0.7910447761194029,
    "dev_ner_span_f1": 0.7737226277372262
}