{
    "epoch": "1/20",
    "best_epoch": 1,
    "max_gpu_mem": "1.5501",
    "cur_ram": "2.4948",
    "time_epoch": "0:00:06",
    "time_total": "0:00:09",
    "best_train_ner_loss": 1875.327740837546,
    "train_ner_loss": 1875.327740837546,
    "best_train_sum": 0.0011385395642498576,
    "train_sum": 0.0011385395642498576,
    "best_dev_ner_loss": 1439.6483415876116,
    "dev_ner_loss": 1439.6483415876116,
    "best_dev_sum": 0.0,
    "dev_sum": 0.0,
    "best_train_ner_precision": 0.0005852931786740449,
    "best_train_ner_recall": 0.020793950850661626,
    "best_train_ner_span_f1": 0.0011385395642498576,
    "train_ner_precision": 0.0005852931786740449,
    "train_ner_recall": 0.020793950850661626,
    "train_ner_span_f1": 0.0011385395642498576,
    "best_dev_ner_precision": 0.0,
    "best_dev_ner_recall": 0.0,
    "best_dev_ner_span_f1": 0.0,
    "dev_ner_precision": 0.0,
    "dev_ner_recall": 0.0,
    "dev_ner_span_f1": 0.0
}