{
    "epoch": "13/20",
    "best_epoch": 11,
    "max_gpu_mem": "3.7068",
    "cur_ram": "2.5158",
    "time_epoch": "0:00:08",
    "time_total": "0:01:58",
    "best_train_ner_loss": 4.898235246246936,
    "train_ner_loss": 2.6163929957969514,
    "best_train_sum": 0.9669499527856468,
    "train_sum": 0.9669499527856468,
    "best_dev_ner_loss": 27.658187866210938,
    "dev_ner_loss": 29.3913699558803,
    "best_dev_sum": 0.75,
    "dev_sum": 0.7338129496402879,
    "best_train_ner_precision": 0.9288389513108615,
    "best_train_ner_recall": 0.9376181474480151,
    "best_train_ner_span_f1": 0.9332079021636875,
    "train_ner_precision": 0.9660377358490566,
    "train_ner_recall": 0.9678638941398866,
    "train_ner_span_f1": 0.9669499527856468,
    "best_dev_ner_precision": 0.7391304347826086,
    "best_dev_ner_recall": 0.7611940298507462,
    "best_dev_ner_span_f1": 0.75,
    "dev_ner_precision": 0.7083333333333334,
    "dev_ner_recall": 0.7611940298507462,
    "dev_ner_span_f1": 0.7338129496402879
}