{
    "epoch": "6/20",
    "best_epoch": 6,
    "max_gpu_mem": "3.7030",
    "cur_ram": "2.5154",
    "time_epoch": "0:00:08",
    "time_total": "0:00:55",
    "best_train_ner_loss": 22.527973249846813,
    "train_ner_loss": 22.527973249846813,
    "best_train_sum": 0.709502262443439,
    "train_sum": 0.709502262443439,
    "best_dev_ner_loss": 31.128685814993723,
    "dev_ner_loss": 31.128685814993723,
    "best_dev_sum": 0.7067669172932332,
    "dev_sum": 0.7067669172932332,
    "best_train_ner_precision": 0.6805555555555556,
    "best_train_ner_recall": 0.7410207939508506,
    "best_train_ner_span_f1": 0.709502262443439,
    "train_ner_precision": 0.6805555555555556,
    "train_ner_recall": 0.7410207939508506,
    "train_ner_span_f1": 0.709502262443439,
    "best_dev_ner_precision": 0.7121212121212122,
    "best_dev_ner_recall": 0.7014925373134329,
    "best_dev_ner_span_f1": 0.7067669172932332,
    "dev_ner_precision": 0.7121212121212122,
    "dev_ner_recall": 0.7014925373134329,
    "dev_ner_span_f1": 0.7067669172932332
}