{
    "epoch": "2/20",
    "best_epoch": 1,
    "max_gpu_mem": "3.7030",
    "cur_ram": "2.5065",
    "time_epoch": "0:00:08",
    "time_total": "0:00:19",
    "best_train_ner_loss": 1875.327740837546,
    "train_ner_loss": 601.0039041182574,
    "best_train_sum": 0.0006943239021003298,
    "train_sum": 0.0006943239021003298,
    "best_dev_ner_loss": 1439.6483415876116,
    "dev_ner_loss": 108.18224034990583,
    "best_dev_sum": 0.0,
    "dev_sum": 0.0,
    "best_train_ner_precision": 0.0005852931786740449,
    "best_train_ner_recall": 0.020793950850661626,
    "best_train_ner_span_f1": 0.0011385395642498576,
    "train_ner_precision": 0.00038226299694189603,
    "train_ner_recall": 0.003780718336483932,
    "train_ner_span_f1": 0.0006943239021003298,
    "best_dev_ner_precision": 0.0,
    "best_dev_ner_recall": 0.0,
    "best_dev_ner_span_f1": 0.0,
    "dev_ner_precision": 0.0,
    "dev_ner_recall": 0.0,
    "dev_ner_span_f1": 0.0
}