{
    "epoch": "12/20",
    "best_epoch": 11,
    "max_gpu_mem": "3.7055",
    "cur_ram": "2.5158",
    "time_epoch": "0:00:08",
    "time_total": "0:01:49",
    "best_train_ner_loss": 4.898235246246936,
    "train_ner_loss": 3.074701234406116,
    "best_train_sum": 0.9596244131455398,
    "train_sum": 0.9596244131455398,
    "best_dev_ner_loss": 27.658187866210938,
    "dev_ner_loss": 29.87819835117885,
    "best_dev_sum": 0.75,
    "dev_sum": 0.7313432835820896,
    "best_train_ner_precision": 0.9288389513108615,
    "best_train_ner_recall": 0.9376181474480151,
    "best_train_ner_span_f1": 0.9332079021636875,
    "train_ner_precision": 0.9533582089552238,
    "train_ner_recall": 0.9659735349716446,
    "train_ner_span_f1": 0.9596244131455398,
    "best_dev_ner_precision": 0.7391304347826086,
    "best_dev_ner_recall": 0.7611940298507462,
    "best_dev_ner_span_f1": 0.75,
    "dev_ner_precision": 0.7313432835820896,
    "dev_ner_recall": 0.7313432835820896,
    "dev_ner_span_f1": 0.7313432835820896
}