{
    "epoch": "5/20",
    "best_epoch": 5,
    "max_gpu_mem": "5.2509",
    "cur_ram": "2.4482",
    "time_epoch": "0:00:04",
    "time_total": "0:00:25",
    "best_train_ner_loss": 79.58772360483805,
    "train_ner_loss": 79.58772360483805,
    "best_train_sum": 0.6258714175058094,
    "train_sum": 0.6258714175058094,
    "best_dev_ner_loss": 47.285972595214844,
    "dev_ner_loss": 47.285972595214844,
    "best_dev_sum": 0.7452471482889734,
    "dev_sum": 0.7452471482889734,
    "best_train_ner_precision": 0.5702187720536345,
    "best_train_ner_recall": 0.6935622317596567,
    "best_train_ner_span_f1": 0.6258714175058094,
    "train_ner_precision": 0.5702187720536345,
    "train_ner_recall": 0.6935622317596567,
    "train_ner_span_f1": 0.6258714175058094,
    "best_dev_ner_precision": 0.7101449275362319,
    "best_dev_ner_recall": 0.784,
    "best_dev_ner_span_f1": 0.7452471482889734,
    "dev_ner_precision": 0.7101449275362319,
    "dev_ner_recall": 0.784,
    "dev_ner_span_f1": 0.7452471482889734
}