{
    "epoch": "13/20",
    "best_epoch": 13,
    "max_gpu_mem": "5.2509",
    "cur_ram": "2.4488",
    "time_epoch": "0:00:04",
    "time_total": "0:01:03",
    "best_train_ner_loss": 6.394153467814127,
    "train_ner_loss": 6.394153467814127,
    "best_train_sum": 0.9862424763542562,
    "train_sum": 0.9862424763542562,
    "best_dev_ner_loss": 15.780794143676758,
    "dev_ner_loss": 15.780794143676758,
    "best_dev_sum": 0.952,
    "dev_sum": 0.952,
    "best_train_ner_precision": 0.9879414298018949,
    "best_train_ner_recall": 0.984549356223176,
    "best_train_ner_span_f1": 0.9862424763542562,
    "train_ner_precision": 0.9879414298018949,
    "train_ner_recall": 0.984549356223176,
    "train_ner_span_f1": 0.9862424763542562,
    "best_dev_ner_precision": 0.952,
    "best_dev_ner_recall": 0.952,
    "best_dev_ner_span_f1": 0.952,
    "dev_ner_precision": 0.952,
    "dev_ner_recall": 0.952,
    "dev_ner_span_f1": 0.952
}