{
    "epoch": "2/20",
    "best_epoch": 1,
    "max_gpu_mem": "5.2509",
    "cur_ram": "2.4436",
    "time_epoch": "0:00:04",
    "time_total": "0:00:11",
    "best_train_ner_loss": 1045.2882191975912,
    "train_ner_loss": 905.3682322184245,
    "best_train_sum": 0.0007707129094412332,
    "train_sum": 0.0007707129094412332,
    "best_dev_ner_loss": 918.7114410400391,
    "dev_ner_loss": 469.08470916748047,
    "best_dev_sum": 0.0,
    "dev_sum": 0.0,
    "best_train_ner_precision": 0.0,
    "best_train_ner_recall": 0.0,
    "best_train_ner_span_f1": 0.0,
    "train_ner_precision": 0.0006993006993006993,
    "train_ner_recall": 0.0008583690987124463,
    "train_ner_span_f1": 0.0007707129094412332,
    "best_dev_ner_precision": 0.0,
    "best_dev_ner_recall": 0.0,
    "best_dev_ner_span_f1": 0.0,
    "dev_ner_precision": 0.0,
    "dev_ner_recall": 0.0,
    "dev_ner_span_f1": 0.0
}