{
    "epoch": "10/20",
    "best_epoch": 9,
    "max_gpu_mem": "5.2509",
    "cur_ram": "2.4488",
    "time_epoch": "0:00:04",
    "time_total": "0:00:51",
    "best_train_ner_loss": 10.048932711283365,
    "train_ner_loss": 9.625344848632812,
    "best_train_sum": 0.9697486152535152,
    "train_sum": 0.9697486152535152,
    "best_dev_ner_loss": 14.230316162109375,
    "dev_ner_loss": 19.51376247406006,
    "best_dev_sum": 0.936,
    "dev_sum": 0.9285714285714286,
    "best_train_ner_precision": 0.9585448392554992,
    "best_train_ner_recall": 0.9725321888412017,
    "best_train_ner_span_f1": 0.9654878568385172,
    "train_ner_precision": 0.9627749576988156,
    "train_ner_recall": 0.976824034334764,
    "train_ner_span_f1": 0.9697486152535152,
    "best_dev_ner_precision": 0.936,
    "best_dev_ner_recall": 0.936,
    "best_dev_ner_span_f1": 0.936,
    "dev_ner_precision": 0.9212598425196851,
    "dev_ner_recall": 0.936,
    "dev_ner_span_f1": 0.9285714285714286
}