{
    "epoch": "6/20",
    "best_epoch": 6,
    "max_gpu_mem": "5.2509",
    "cur_ram": "2.4487",
    "time_epoch": "0:00:04",
    "time_total": "0:00:30",
    "best_train_ner_loss": 46.328137715657554,
    "train_ner_loss": 46.328137715657554,
    "best_train_sum": 0.8297520661157025,
    "train_sum": 0.8297520661157025,
    "best_dev_ner_loss": 26.268054008483887,
    "dev_ner_loss": 26.268054008483887,
    "best_dev_sum": 0.8492063492063492,
    "dev_sum": 0.8492063492063492,
    "best_train_ner_precision": 0.8,
    "best_train_ner_recall": 0.8618025751072962,
    "best_train_ner_span_f1": 0.8297520661157025,
    "train_ner_precision": 0.8,
    "train_ner_recall": 0.8618025751072962,
    "train_ner_span_f1": 0.8297520661157025,
    "best_dev_ner_precision": 0.84251968503937,
    "best_dev_ner_recall": 0.856,
    "best_dev_ner_span_f1": 0.8492063492063492,
    "dev_ner_precision": 0.84251968503937,
    "dev_ner_recall": 0.856,
    "dev_ner_span_f1": 0.8492063492063492
}