{
    "epoch": "8/20",
    "best_epoch": 8,
    "max_gpu_mem": "5.2509",
    "cur_ram": "2.4487",
    "time_epoch": "0:00:04",
    "time_total": "0:00:41",
    "best_train_ner_loss": 13.984658749898275,
    "train_ner_loss": 13.984658749898275,
    "best_train_sum": 0.9421768707482994,
    "train_sum": 0.9421768707482994,
    "best_dev_ner_loss": 12.094440460205078,
    "dev_ner_loss": 12.094440460205078,
    "best_dev_sum": 0.9163346613545816,
    "dev_sum": 0.9163346613545816,
    "best_train_ner_precision": 0.9334456613310868,
    "best_train_ner_recall": 0.9510729613733906,
    "best_train_ner_span_f1": 0.9421768707482994,
    "train_ner_precision": 0.9334456613310868,
    "train_ner_recall": 0.9510729613733906,
    "train_ner_span_f1": 0.9421768707482994,
    "best_dev_ner_precision": 0.9126984126984127,
    "best_dev_ner_recall": 0.92,
    "best_dev_ner_span_f1": 0.9163346613545816,
    "dev_ner_precision": 0.9126984126984127,
    "dev_ner_recall": 0.92,
    "dev_ner_span_f1": 0.9163346613545816
}