{
    "epoch": "9/20",
    "best_epoch": 9,
    "max_gpu_mem": "5.2509",
    "cur_ram": "2.4488",
    "time_epoch": "0:00:04",
    "time_total": "0:00:46",
    "best_train_ner_loss": 10.048932711283365,
    "train_ner_loss": 10.048932711283365,
    "best_train_sum": 0.9654878568385172,
    "train_sum": 0.9654878568385172,
    "best_dev_ner_loss": 14.230316162109375,
    "dev_ner_loss": 14.230316162109375,
    "best_dev_sum": 0.936,
    "dev_sum": 0.936,
    "best_train_ner_precision": 0.9585448392554992,
    "best_train_ner_recall": 0.9725321888412017,
    "best_train_ner_span_f1": 0.9654878568385172,
    "train_ner_precision": 0.9585448392554992,
    "train_ner_recall": 0.9725321888412017,
    "train_ner_span_f1": 0.9654878568385172,
    "best_dev_ner_precision": 0.936,
    "best_dev_ner_recall": 0.936,
    "best_dev_ner_span_f1": 0.936,
    "dev_ner_precision": 0.936,
    "dev_ner_recall": 0.936,
    "dev_ner_span_f1": 0.936
}