{
    "epoch": "3/20",
    "best_epoch": 3,
    "max_gpu_mem": "5.2509",
    "cur_ram": "2.4437",
    "time_epoch": "0:00:04",
    "time_total": "0:00:15",
    "best_train_ner_loss": 349.0074442545573,
    "train_ner_loss": 349.0074442545573,
    "best_train_sum": 0.006562756357670222,
    "train_sum": 0.006562756357670222,
    "best_dev_ner_loss": 179.5469856262207,
    "dev_ner_loss": 179.5469856262207,
    "best_dev_sum": 0.04511278195488722,
    "dev_sum": 0.04511278195488722,
    "best_train_ner_precision": 0.07407407407407407,
    "best_train_ner_recall": 0.0034334763948497852,
    "best_train_ner_span_f1": 0.006562756357670222,
    "train_ner_precision": 0.07407407407407407,
    "train_ner_recall": 0.0034334763948497852,
    "train_ner_span_f1": 0.006562756357670222,
    "best_dev_ner_precision": 0.375,
    "best_dev_ner_recall": 0.024,
    "best_dev_ner_span_f1": 0.04511278195488722,
    "dev_ner_precision": 0.375,
    "dev_ner_recall": 0.024,
    "dev_ner_span_f1": 0.04511278195488722
}