{
    "epoch": "18/20",
    "best_epoch": 14,
    "max_gpu_mem": "5.2509",
    "cur_ram": "2.4535",
    "time_epoch": "0:00:04",
    "time_total": "0:01:26",
    "best_train_ner_loss": 4.772821426391602,
    "train_ner_loss": 2.4715291341145833,
    "best_train_sum": 0.9927132447492499,
    "train_sum": 0.9927132447492499,
    "best_dev_ner_loss": 16.298741340637207,
    "dev_ner_loss": 15.040789604187012,
    "best_dev_sum": 0.9677419354838709,
    "dev_sum": 0.9641434262948207,
    "best_train_ner_precision": 0.9778534923339012,
    "best_train_ner_recall": 0.9854077253218884,
    "best_train_ner_span_f1": 0.9816160752458316,
    "train_ner_precision": 0.9914383561643836,
    "train_ner_recall": 0.9939914163090129,
    "train_ner_span_f1": 0.9927132447492499,
    "best_dev_ner_precision": 0.975609756097561,
    "best_dev_ner_recall": 0.96,
    "best_dev_ner_span_f1": 0.9677419354838709,
    "dev_ner_precision": 0.9603174603174603,
    "dev_ner_recall": 0.968,
    "dev_ner_span_f1": 0.9641434262948207
}