{
    "epoch": "17/20",
    "best_epoch": 14,
    "max_gpu_mem": "5.2509",
    "cur_ram": "2.4535",
    "time_epoch": "0:00:04",
    "time_total": "0:01:22",
    "best_train_ner_loss": 4.772821426391602,
    "train_ner_loss": 2.669289398193359,
    "best_train_sum": 0.9939965694682675,
    "train_sum": 0.9939965694682675,
    "best_dev_ner_loss": 16.298741340637207,
    "dev_ner_loss": 18.69655990600586,
    "best_dev_sum": 0.9677419354838709,
    "dev_sum": 0.9596774193548387,
    "best_train_ner_precision": 0.9778534923339012,
    "best_train_ner_recall": 0.9854077253218884,
    "best_train_ner_span_f1": 0.9816160752458316,
    "train_ner_precision": 0.9931448157669237,
    "train_ner_recall": 0.9948497854077253,
    "train_ner_span_f1": 0.9939965694682675,
    "best_dev_ner_precision": 0.975609756097561,
    "best_dev_ner_recall": 0.96,
    "best_dev_ner_span_f1": 0.9677419354838709,
    "dev_ner_precision": 0.967479674796748,
    "dev_ner_recall": 0.952,
    "dev_ner_span_f1": 0.9596774193548387
}