{
    "epoch": "1/20",
    "best_epoch": 1,
    "max_gpu_mem": "1.8470",
    "cur_ram": "2.4313",
    "time_epoch": "0:00:02",
    "time_total": "0:00:05",
    "best_train_ner_loss": 1045.2882191975912,
    "train_ner_loss": 1045.2882191975912,
    "best_train_sum": 0.0,
    "train_sum": 0.0,
    "best_dev_ner_loss": 918.7114410400391,
    "dev_ner_loss": 918.7114410400391,
    "best_dev_sum": 0.0,
    "dev_sum": 0.0,
    "best_train_ner_precision": 0.0,
    "best_train_ner_recall": 0.0,
    "best_train_ner_span_f1": 0.0,
    "train_ner_precision": 0.0,
    "train_ner_recall": 0.0,
    "train_ner_span_f1": 0.0,
    "best_dev_ner_precision": 0.0,
    "best_dev_ner_recall": 0.0,
    "best_dev_ner_span_f1": 0.0,
    "dev_ner_precision": 0.0,
    "dev_ner_recall": 0.0,
    "dev_ner_span_f1": 0.0
}