{
    "epoch": "4/20",
    "best_epoch": 4,
    "max_gpu_mem": "5.2509",
    "cur_ram": "2.4482",
    "time_epoch": "0:00:04",
    "time_total": "0:00:20",
    "best_train_ner_loss": 160.97574818929036,
    "train_ner_loss": 160.97574818929036,
    "best_train_sum": 0.4542772861356932,
    "train_sum": 0.4542772861356932,
    "best_dev_ner_loss": 76.06070518493652,
    "dev_ner_loss": 76.06070518493652,
    "best_dev_sum": 0.5955882352941175,
    "dev_sum": 0.5955882352941175,
    "best_train_ner_precision": 0.5316455696202531,
    "best_train_ner_recall": 0.3965665236051502,
    "best_train_ner_span_f1": 0.4542772861356932,
    "train_ner_precision": 0.5316455696202531,
    "train_ner_recall": 0.3965665236051502,
    "train_ner_span_f1": 0.4542772861356932,
    "best_dev_ner_precision": 0.5510204081632653,
    "best_dev_ner_recall": 0.648,
    "best_dev_ner_span_f1": 0.5955882352941175,
    "dev_ner_precision": 0.5510204081632653,
    "dev_ner_recall": 0.648,
    "dev_ner_span_f1": 0.5955882352941175
}