{
    "epoch": "7/20",
    "best_epoch": 7,
    "max_gpu_mem": "5.2509",
    "cur_ram": "2.4487",
    "time_epoch": "0:00:04",
    "time_total": "0:00:36",
    "best_train_ner_loss": 24.45773639678955,
    "train_ner_loss": 24.45773639678955,
    "best_train_sum": 0.9130801687763713,
    "train_sum": 0.9130801687763713,
    "best_dev_ner_loss": 22.538994789123535,
    "dev_ner_loss": 22.538994789123535,
    "best_dev_sum": 0.904,
    "dev_sum": 0.904,
    "best_train_ner_precision": 0.8979253112033195,
    "best_train_ner_recall": 0.9287553648068669,
    "best_train_ner_span_f1": 0.9130801687763713,
    "train_ner_precision": 0.8979253112033195,
    "train_ner_recall": 0.9287553648068669,
    "train_ner_span_f1": 0.9130801687763713,
    "best_dev_ner_precision": 0.904,
    "best_dev_ner_recall": 0.904,
    "best_dev_ner_span_f1": 0.904,
    "dev_ner_precision": 0.904,
    "dev_ner_recall": 0.904,
    "dev_ner_span_f1": 0.904
}