{
    "epoch": "16/20",
    "best_epoch": 14,
    "max_gpu_mem": "5.2509",
    "cur_ram": "2.4535",
    "time_epoch": "0:00:04",
    "time_total": "0:01:18",
    "best_train_ner_loss": 4.772821426391602,
    "train_ner_loss": 2.6434329986572265,
    "best_train_sum": 0.9935705100728676,
    "train_sum": 0.9935705100728676,
    "best_dev_ner_loss": 16.298741340637207,
    "dev_ner_loss": 17.295692443847656,
    "best_dev_sum": 0.9677419354838709,
    "dev_sum": 0.96,
    "best_train_ner_precision": 0.9778534923339012,
    "best_train_ner_recall": 0.9854077253218884,
    "best_train_ner_span_f1": 0.9816160752458316,
    "train_ner_precision": 0.9922945205479452,
    "train_ner_recall": 0.9948497854077253,
    "train_ner_span_f1": 0.9935705100728676,
    "best_dev_ner_precision": 0.975609756097561,
    "best_dev_ner_recall": 0.96,
    "best_dev_ner_span_f1": 0.9677419354838709,
    "dev_ner_precision": 0.96,
    "dev_ner_recall": 0.96,
    "dev_ner_span_f1": 0.96
}