{
    "epoch": "11/20",
    "best_epoch": 9,
    "max_gpu_mem": "5.2509",
    "cur_ram": "2.4488",
    "time_epoch": "0:00:04",
    "time_total": "0:00:55",
    "best_train_ner_loss": 10.048932711283365,
    "train_ner_loss": 7.533249219258626,
    "best_train_sum": 0.9773407439076528,
    "train_sum": 0.9773407439076528,
    "best_dev_ner_loss": 14.230316162109375,
    "dev_ner_loss": 22.584145545959473,
    "best_dev_sum": 0.936,
    "dev_sum": 0.9354838709677419,
    "best_train_ner_precision": 0.9585448392554992,
    "best_train_ner_recall": 0.9725321888412017,
    "best_train_ner_span_f1": 0.9654878568385172,
    "train_ner_precision": 0.9735945485519591,
    "train_ner_recall": 0.9811158798283262,
    "train_ner_span_f1": 0.9773407439076528,
    "best_dev_ner_precision": 0.936,
    "best_dev_ner_recall": 0.936,
    "best_dev_ner_span_f1": 0.936,
    "dev_ner_precision": 0.943089430894309,
    "dev_ner_recall": 0.928,
    "dev_ner_span_f1": 0.9354838709677419
}