{
    "epoch": "19/20",
    "best_epoch": 14,
    "max_gpu_mem": "5.2509",
    "cur_ram": "2.4535",
    "time_epoch": "0:00:04",
    "time_total": "0:01:30",
    "best_train_ner_loss": 4.772821426391602,
    "train_ner_loss": 1.9238157908121745,
    "best_train_sum": 0.997427101200686,
    "train_sum": 0.997427101200686,
    "best_dev_ner_loss": 16.298741340637207,
    "dev_ner_loss": 15.194960594177246,
    "best_dev_sum": 0.9677419354838709,
    "dev_sum": 0.9561752988047808,
    "best_train_ner_precision": 0.9778534923339012,
    "best_train_ner_recall": 0.9854077253218884,
    "best_train_ner_span_f1": 0.9816160752458316,
    "train_ner_precision": 0.9965724078834619,
    "train_ner_recall": 0.9982832618025751,
    "train_ner_span_f1": 0.997427101200686,
    "best_dev_ner_precision": 0.975609756097561,
    "best_dev_ner_recall": 0.96,
    "best_dev_ner_span_f1": 0.9677419354838709,
    "dev_ner_precision": 0.9523809523809523,
    "dev_ner_recall": 0.96,
    "dev_ner_span_f1": 0.9561752988047808
}