{
    "epoch": "8/20",
    "best_epoch": 6,
    "max_gpu_mem": "3.6956",
    "cur_ram": "2.4679",
    "time_epoch": "0:00:08",
    "time_total": "0:01:13",
    "best_train_ner_loss": 10.816864275464825,
    "train_ner_loss": 5.853981990440219,
    "best_train_sum": 0.8984238178633976,
    "train_sum": 0.8984238178633976,
    "best_dev_ner_loss": 6.5211012704031805,
    "dev_ner_loss": 12.194674628121513,
    "best_dev_sum": 0.9142857142857143,
    "dev_sum": 0.8846153846153846,
    "best_train_ner_precision": 0.8272884283246977,
    "best_train_ner_recall": 0.8584229390681004,
    "best_train_ner_span_f1": 0.8425681618293756,
    "train_ner_precision": 0.8784246575342466,
    "train_ner_recall": 0.9193548387096774,
    "train_ner_span_f1": 0.8984238178633976,
    "best_dev_ner_precision": 0.9411764705882353,
    "best_dev_ner_recall": 0.8888888888888888,
    "best_dev_ner_span_f1": 0.9142857142857143,
    "dev_ner_precision": 0.92,
    "dev_ner_recall": 0.8518518518518519,
    "dev_ner_span_f1": 0.8846153846153846
}