{
    "epoch": "7/20",
    "best_epoch": 6,
    "max_gpu_mem": "3.6926",
    "cur_ram": "2.4679",
    "time_epoch": "0:00:08",
    "time_total": "0:01:04",
    "best_train_ner_loss": 10.816864275464825,
    "train_ner_loss": 7.3994543038162535,
    "best_train_sum": 0.8910369068541301,
    "train_sum": 0.8910369068541301,
    "best_dev_ner_loss": 6.5211012704031805,
    "dev_ner_loss": 9.632161004202706,
    "best_dev_sum": 0.9142857142857143,
    "dev_sum": 0.838095238095238,
    "best_train_ner_precision": 0.8272884283246977,
    "best_train_ner_recall": 0.8584229390681004,
    "best_train_ner_span_f1": 0.8425681618293756,
    "train_ner_precision": 0.8741379310344828,
    "train_ner_recall": 0.9086021505376344,
    "train_ner_span_f1": 0.8910369068541301,
    "best_dev_ner_precision": 0.9411764705882353,
    "best_dev_ner_recall": 0.8888888888888888,
    "best_dev_ner_span_f1": 0.9142857142857143,
    "dev_ner_precision": 0.8627450980392157,
    "dev_ner_recall": 0.8148148148148148,
    "dev_ner_span_f1": 0.838095238095238
}