{
    "epoch": "2/20",
    "best_epoch": 1,
    "max_gpu_mem": "3.6922",
    "cur_ram": "2.4584",
    "time_epoch": "0:00:08",
    "time_total": "0:00:18",
    "best_train_ner_loss": 857.6603327732461,
    "train_ner_loss": 244.81124470280665,
    "best_train_sum": 0.013671875,
    "train_sum": 0.013671875,
    "best_dev_ner_loss": 634.0484749930246,
    "dev_ner_loss": 71.0419921875,
    "best_dev_sum": 0.017353579175704986,
    "dev_sum": 0.0,
    "best_train_ner_precision": 0.009020706622018725,
    "best_train_ner_recall": 0.23655913978494625,
    "best_train_ner_span_f1": 0.01737871107892831,
    "train_ner_precision": 0.009395973154362415,
    "train_ner_recall": 0.025089605734767026,
    "train_ner_span_f1": 0.013671875,
    "best_dev_ner_precision": 0.009029345372460496,
    "best_dev_ner_recall": 0.2222222222222222,
    "best_dev_ner_span_f1": 0.017353579175704986,
    "dev_ner_precision": 0.0,
    "dev_ner_recall": 0.0,
    "dev_ner_span_f1": 0.0
}