{
    "epoch": "13/20",
    "best_epoch": 6,
    "max_gpu_mem": "3.7031",
    "cur_ram": "2.4681",
    "time_epoch": "0:00:08",
    "time_total": "0:01:56",
    "best_train_ner_loss": 10.816864275464825,
    "train_ner_loss": 1.0241551866718368,
    "best_train_sum": 0.982174688057041,
    "train_sum": 0.982174688057041,
    "best_dev_ner_loss": 6.5211012704031805,
    "dev_ner_loss": 9.102628980364118,
    "best_dev_sum": 0.9142857142857143,
    "dev_sum": 0.8990825688073394,
    "best_train_ner_precision": 0.8272884283246977,
    "best_train_ner_recall": 0.8584229390681004,
    "best_train_ner_span_f1": 0.8425681618293756,
    "train_ner_precision": 0.9769503546099291,
    "train_ner_recall": 0.9874551971326165,
    "train_ner_span_f1": 0.982174688057041,
    "best_dev_ner_precision": 0.9411764705882353,
    "best_dev_ner_recall": 0.8888888888888888,
    "best_dev_ner_span_f1": 0.9142857142857143,
    "dev_ner_precision": 0.8909090909090909,
    "dev_ner_recall": 0.9074074074074074,
    "dev_ner_span_f1": 0.8990825688073394
}