{
    "epoch": "20/20",
    "best_epoch": 16,
    "max_gpu_mem": "3.7031",
    "cur_ram": "2.4683",
    "time_epoch": "0:00:08",
    "time_total": "0:02:58",
    "best_train_ner_loss": 0.30193156822054995,
    "train_ner_loss": 0.1575180876488779,
    "best_train_sum": 0.998211091234347,
    "train_sum": 0.998211091234347,
    "best_dev_ner_loss": 11.44351169041225,
    "dev_ner_loss": 11.782615389142718,
    "best_dev_sum": 0.9158878504672898,
    "dev_sum": 0.9158878504672898,
    "best_train_ner_precision": 0.9982078853046595,
    "best_train_ner_recall": 0.9982078853046595,
    "best_train_ner_span_f1": 0.9982078853046595,
    "train_ner_precision": 0.9964285714285714,
    "train_ner_recall": 1.0,
    "train_ner_span_f1": 0.998211091234347,
    "best_dev_ner_precision": 0.9245283018867925,
    "best_dev_ner_recall": 0.9074074074074074,
    "best_dev_ner_span_f1": 0.9158878504672898,
    "dev_ner_precision": 0.9245283018867925,
    "dev_ner_recall": 0.9074074074074074,
    "dev_ner_span_f1": 0.9158878504672898
}