{
    "epoch": "10/20",
    "best_epoch": 6,
    "max_gpu_mem": "3.6985",
    "cur_ram": "2.4679",
    "time_epoch": "0:00:08",
    "time_total": "0:01:30",
    "best_train_ner_loss": 10.816864275464825,
    "train_ner_loss": 2.0429263769411574,
    "best_train_sum": 0.9767441860465115,
    "train_sum": 0.9767441860465115,
    "best_dev_ner_loss": 6.5211012704031805,
    "dev_ner_loss": 10.686327798025948,
    "best_dev_sum": 0.9142857142857143,
    "dev_sum": 0.8932038834951458,
    "best_train_ner_precision": 0.8272884283246977,
    "best_train_ner_recall": 0.8584229390681004,
    "best_train_ner_span_f1": 0.8425681618293756,
    "train_ner_precision": 0.975,
    "train_ner_recall": 0.978494623655914,
    "train_ner_span_f1": 0.9767441860465115,
    "best_dev_ner_precision": 0.9411764705882353,
    "best_dev_ner_recall": 0.8888888888888888,
    "best_dev_ner_span_f1": 0.9142857142857143,
    "dev_ner_precision": 0.9387755102040817,
    "dev_ner_recall": 0.8518518518518519,
    "dev_ner_span_f1": 0.8932038834951458
}