{
    "epoch": "4/20",
    "best_epoch": 4,
    "max_gpu_mem": "2.2990",
    "cur_ram": "2.4266",
    "time_epoch": "0:00:03",
    "time_total": "0:00:17",
    "best_train_ner_loss": 93.75051358540853,
    "train_ner_loss": 93.75051358540853,
    "best_train_sum": 0.6417785234899328,
    "train_sum": 0.6417785234899328,
    "best_dev_ner_loss": 53.19883918762207,
    "dev_ner_loss": 53.19883918762207,
    "best_dev_sum": 0.8366013071895426,
    "dev_sum": 0.8366013071895426,
    "best_train_ner_precision": 0.6280788177339901,
    "best_train_ner_recall": 0.6560891938250428,
    "best_train_ner_span_f1": 0.6417785234899328,
    "train_ner_precision": 0.6280788177339901,
    "train_ner_recall": 0.6560891938250428,
    "train_ner_span_f1": 0.6417785234899328,
    "best_dev_ner_precision": 0.8152866242038217,
    "best_dev_ner_recall": 0.8590604026845637,
    "best_dev_ner_span_f1": 0.8366013071895426,
    "dev_ner_precision": 0.8152866242038217,
    "dev_ner_recall": 0.8590604026845637,
    "dev_ner_span_f1": 0.8366013071895426
}