{
    "epoch": "18/20",
    "best_epoch": 9,
    "max_gpu_mem": "2.2990",
    "cur_ram": "2.4275",
    "time_epoch": "0:00:03",
    "time_total": "0:01:08",
    "best_train_ner_loss": 5.463337580362956,
    "train_ner_loss": 0.49282995859781903,
    "best_train_sum": 0.9995713673381912,
    "train_sum": 0.9995713673381912,
    "best_dev_ner_loss": 25.963078498840332,
    "dev_ner_loss": 33.613420486450195,
    "best_dev_sum": 0.94314381270903,
    "dev_sum": 0.9235880398671096,
    "best_train_ner_precision": 0.9837467921300257,
    "best_train_ner_recall": 0.9862778730703259,
    "best_train_ner_span_f1": 0.9850107066381156,
    "train_ner_precision": 0.9991431019708654,
    "train_ner_recall": 1.0,
    "train_ner_span_f1": 0.9995713673381912,
    "best_dev_ner_precision": 0.94,
    "best_dev_ner_recall": 0.9463087248322147,
    "best_dev_ner_span_f1": 0.94314381270903,
    "dev_ner_precision": 0.9144736842105263,
    "dev_ner_recall": 0.9328859060402684,
    "dev_ner_span_f1": 0.9235880398671096
}