{
    "epoch": "3/20",
    "best_epoch": 3,
    "max_gpu_mem": "2.2990",
    "cur_ram": "2.4266",
    "time_epoch": "0:00:03",
    "time_total": "0:00:13",
    "best_train_ner_loss": 262.02843475341797,
    "train_ner_loss": 262.02843475341797,
    "best_train_sum": 0.26436781609195403,
    "train_sum": 0.26436781609195403,
    "best_dev_ner_loss": 124.33304595947266,
    "dev_ner_loss": 124.33304595947266,
    "best_dev_sum": 0.604982206405694,
    "dev_sum": 0.604982206405694,
    "best_train_ner_precision": 0.5175,
    "best_train_ner_recall": 0.17753001715265868,
    "best_train_ner_span_f1": 0.26436781609195403,
    "train_ner_precision": 0.5175,
    "train_ner_recall": 0.17753001715265868,
    "train_ner_span_f1": 0.26436781609195403,
    "best_dev_ner_precision": 0.6439393939393939,
    "best_dev_ner_recall": 0.5704697986577181,
    "best_dev_ner_span_f1": 0.604982206405694,
    "dev_ner_precision": 0.6439393939393939,
    "dev_ner_recall": 0.5704697986577181,
    "dev_ner_span_f1": 0.604982206405694
}