{
    "epoch": "10/20",
    "best_epoch": 9,
    "max_gpu_mem": "2.2990",
    "cur_ram": "2.4275",
    "time_epoch": "0:00:03",
    "time_total": "0:00:40",
    "best_train_ner_loss": 5.463337580362956,
    "train_ner_loss": 3.683053906758626,
    "best_train_sum": 0.9888698630136987,
    "train_sum": 0.9888698630136987,
    "best_dev_ner_loss": 25.963078498840332,
    "dev_ner_loss": 30.9625883102417,
    "best_dev_sum": 0.94314381270903,
    "dev_sum": 0.9078947368421052,
    "best_train_ner_precision": 0.9837467921300257,
    "best_train_ner_recall": 0.9862778730703259,
    "best_train_ner_span_f1": 0.9850107066381156,
    "train_ner_precision": 0.9871794871794872,
    "train_ner_recall": 0.9905660377358491,
    "train_ner_span_f1": 0.9888698630136987,
    "best_dev_ner_precision": 0.94,
    "best_dev_ner_recall": 0.9463087248322147,
    "best_dev_ner_span_f1": 0.94314381270903,
    "dev_ner_precision": 0.8903225806451613,
    "dev_ner_recall": 0.9261744966442953,
    "dev_ner_span_f1": 0.9078947368421052
}