{
    "epoch": "13/20",
    "best_epoch": 9,
    "max_gpu_mem": "2.2990",
    "cur_ram": "2.4275",
    "time_epoch": "0:00:03",
    "time_total": "0:00:50",
    "best_train_ner_loss": 5.463337580362956,
    "train_ner_loss": 1.0901575724283854,
    "best_train_sum": 0.9978549978549979,
    "train_sum": 0.9978549978549979,
    "best_dev_ner_loss": 25.963078498840332,
    "dev_ner_loss": 29.7456693649292,
    "best_dev_sum": 0.94314381270903,
    "dev_sum": 0.9271523178807947,
    "best_train_ner_precision": 0.9837467921300257,
    "best_train_ner_recall": 0.9862778730703259,
    "best_train_ner_span_f1": 0.9850107066381156,
    "train_ner_precision": 0.9982832618025751,
    "train_ner_recall": 0.9974271012006861,
    "train_ner_span_f1": 0.9978549978549979,
    "best_dev_ner_precision": 0.94,
    "best_dev_ner_recall": 0.9463087248322147,
    "best_dev_ner_span_f1": 0.94314381270903,
    "dev_ner_precision": 0.9150326797385621,
    "dev_ner_recall": 0.9395973154362416,
    "dev_ner_span_f1": 0.9271523178807947
}