{
    "epoch": "11/20",
    "best_epoch": 9,
    "max_gpu_mem": "2.2990",
    "cur_ram": "2.4275",
    "time_epoch": "0:00:03",
    "time_total": "0:00:43",
    "best_train_ner_loss": 5.463337580362956,
    "train_ner_loss": 3.194651794433594,
    "best_train_sum": 0.9922945205479452,
    "train_sum": 0.9922945205479452,
    "best_dev_ner_loss": 25.963078498840332,
    "dev_ner_loss": 29.106558799743652,
    "best_dev_sum": 0.94314381270903,
    "dev_sum": 0.9108910891089109,
    "best_train_ner_precision": 0.9837467921300257,
    "best_train_ner_recall": 0.9862778730703259,
    "best_train_ner_span_f1": 0.9850107066381156,
    "train_ner_precision": 0.9905982905982906,
    "train_ner_recall": 0.9939965694682675,
    "train_ner_span_f1": 0.9922945205479452,
    "best_dev_ner_precision": 0.94,
    "best_dev_ner_recall": 0.9463087248322147,
    "best_dev_ner_span_f1": 0.94314381270903,
    "dev_ner_precision": 0.8961038961038961,
    "dev_ner_recall": 0.9261744966442953,
    "dev_ner_span_f1": 0.9108910891089109
}