{
    "epoch": "20/20",
    "best_epoch": 9,
    "max_gpu_mem": "2.2990",
    "cur_ram": "2.4275",
    "time_epoch": "0:00:03",
    "time_total": "0:01:15",
    "best_train_ner_loss": 5.463337580362956,
    "train_ner_loss": 0.2944643020629883,
    "best_train_sum": 1.0,
    "train_sum": 1.0,
    "best_dev_ner_loss": 25.963078498840332,
    "dev_ner_loss": 36.18544578552246,
    "best_dev_sum": 0.94314381270903,
    "dev_sum": 0.9240924092409241,
    "best_train_ner_precision": 0.9837467921300257,
    "best_train_ner_recall": 0.9862778730703259,
    "best_train_ner_span_f1": 0.9850107066381156,
    "train_ner_precision": 1.0,
    "train_ner_recall": 1.0,
    "train_ner_span_f1": 1.0,
    "best_dev_ner_precision": 0.94,
    "best_dev_ner_recall": 0.9463087248322147,
    "best_dev_ner_span_f1": 0.94314381270903,
    "dev_ner_precision": 0.9090909090909091,
    "dev_ner_recall": 0.9395973154362416,
    "dev_ner_span_f1": 0.9240924092409241
}