{
    "epoch": "5/20",
    "best_epoch": 5,
    "max_gpu_mem": "2.2990",
    "cur_ram": "2.4266",
    "time_epoch": "0:00:03",
    "time_total": "0:00:21",
    "best_train_ner_loss": 43.027780278523764,
    "train_ner_loss": 43.027780278523764,
    "best_train_sum": 0.8228476821192052,
    "train_sum": 0.8228476821192052,
    "best_dev_ner_loss": 37.1050443649292,
    "dev_ner_loss": 37.1050443649292,
    "best_dev_sum": 0.8571428571428572,
    "dev_sum": 0.8571428571428572,
    "best_train_ner_precision": 0.7952,
    "best_train_ner_recall": 0.8524871355060034,
    "best_train_ner_span_f1": 0.8228476821192052,
    "train_ner_precision": 0.7952,
    "train_ner_recall": 0.8524871355060034,
    "train_ner_span_f1": 0.8228476821192052,
    "best_dev_ner_precision": 0.8301886792452831,
    "best_dev_ner_recall": 0.8859060402684564,
    "best_dev_ner_span_f1": 0.8571428571428572,
    "dev_ner_precision": 0.8301886792452831,
    "dev_ner_recall": 0.8859060402684564,
    "dev_ner_span_f1": 0.8571428571428572
}