{
    "epoch": "18/20",
    "best_epoch": 6,
    "max_gpu_mem": "11.0167",
    "cur_ram": "2.8097",
    "time_epoch": "0:00:16",
    "time_total": "0:05:10",
    "best_train_ner_loss": 16.255466885036892,
    "train_ner_loss": 0.21109453837076822,
    "best_train_sum": 0.9962825278810409,
    "train_sum": 0.9962825278810409,
    "best_dev_ner_loss": 17.360953739711217,
    "dev_ner_loss": 36.947687421526226,
    "best_dev_sum": 0.8064516129032259,
    "dev_sum": 0.748091603053435,
    "best_train_ner_precision": 0.7700729927007299,
    "best_train_ner_recall": 0.7843866171003717,
    "best_train_ner_span_f1": 0.7771639042357275,
    "train_ner_precision": 0.9962825278810409,
    "train_ner_recall": 0.9962825278810409,
    "train_ner_span_f1": 0.9962825278810409,
    "best_dev_ner_precision": 0.78125,
    "best_dev_ner_recall": 0.8333333333333334,
    "best_dev_ner_span_f1": 0.8064516129032259,
    "dev_ner_precision": 0.6901408450704225,
    "dev_ner_recall": 0.8166666666666667,
    "dev_ner_span_f1": 0.748091603053435
}