{
    "epoch": "4/20",
    "best_epoch": 4,
    "max_gpu_mem": "11.0086",
    "cur_ram": "2.8088",
    "time_epoch": "0:00:16",
    "time_total": "0:01:13",
    "best_train_ner_loss": 35.85704595071298,
    "train_ner_loss": 35.85704595071298,
    "best_train_sum": 0.49126034958601655,
    "train_sum": 0.49126034958601655,
    "best_dev_ner_loss": 21.26292964390346,
    "dev_ner_loss": 21.26292964390346,
    "best_dev_sum": 0.6885245901639343,
    "dev_sum": 0.6885245901639343,
    "best_train_ner_precision": 0.48633879781420764,
    "best_train_ner_recall": 0.4962825278810409,
    "best_train_ner_span_f1": 0.49126034958601655,
    "train_ner_precision": 0.48633879781420764,
    "train_ner_recall": 0.4962825278810409,
    "train_ner_span_f1": 0.49126034958601655,
    "best_dev_ner_precision": 0.6774193548387096,
    "best_dev_ner_recall": 0.7,
    "best_dev_ner_span_f1": 0.6885245901639343,
    "dev_ner_precision": 0.6774193548387096,
    "dev_ner_recall": 0.7,
    "dev_ner_span_f1": 0.6885245901639343
}