{
    "epoch": "10/20",
    "best_epoch": 6,
    "max_gpu_mem": "11.0167",
    "cur_ram": "2.8095",
    "time_epoch": "0:00:16",
    "time_total": "0:02:58",
    "best_train_ner_loss": 16.255466885036892,
    "train_ner_loss": 6.361023090503834,
    "best_train_sum": 0.9072543617998163,
    "train_sum": 0.9072543617998163,
    "best_dev_ner_loss": 17.360953739711217,
    "dev_ner_loss": 24.786119733537948,
    "best_dev_sum": 0.8064516129032259,
    "dev_sum": 0.78125,
    "best_train_ner_precision": 0.7700729927007299,
    "best_train_ner_recall": 0.7843866171003717,
    "best_train_ner_span_f1": 0.7771639042357275,
    "train_ner_precision": 0.896551724137931,
    "train_ner_recall": 0.9182156133828996,
    "train_ner_span_f1": 0.9072543617998163,
    "best_dev_ner_precision": 0.78125,
    "best_dev_ner_recall": 0.8333333333333334,
    "best_dev_ner_span_f1": 0.8064516129032259,
    "dev_ner_precision": 0.7352941176470589,
    "dev_ner_recall": 0.8333333333333334,
    "dev_ner_span_f1": 0.78125
}