{
    "epoch": "8/20",
    "best_epoch": 6,
    "max_gpu_mem": "11.0167",
    "cur_ram": "2.8094",
    "time_epoch": "0:00:16",
    "time_total": "0:02:25",
    "best_train_ner_loss": 16.255466885036892,
    "train_ner_loss": 13.52617175490768,
    "best_train_sum": 0.8272058823529412,
    "train_sum": 0.8272058823529412,
    "best_dev_ner_loss": 17.360953739711217,
    "dev_ner_loss": 21.33560562133789,
    "best_dev_sum": 0.8064516129032259,
    "dev_sum": 0.7441860465116279,
    "best_train_ner_precision": 0.7700729927007299,
    "best_train_ner_recall": 0.7843866171003717,
    "best_train_ner_span_f1": 0.7771639042357275,
    "train_ner_precision": 0.8181818181818182,
    "train_ner_recall": 0.8364312267657993,
    "train_ner_span_f1": 0.8272058823529412,
    "best_dev_ner_precision": 0.78125,
    "best_dev_ner_recall": 0.8333333333333334,
    "best_dev_ner_span_f1": 0.8064516129032259,
    "dev_ner_precision": 0.6956521739130435,
    "dev_ner_recall": 0.8,
    "dev_ner_span_f1": 0.7441860465116279
}