{
    "epoch": "3/20",
    "best_epoch": 3,
    "max_gpu_mem": "11.0086",
    "cur_ram": "2.8086",
    "time_epoch": "0:00:16",
    "time_total": "0:00:54",
    "best_train_ner_loss": 66.75846498983877,
    "train_ner_loss": 66.75846498983877,
    "best_train_sum": 0.10774410774410775,
    "train_sum": 0.10774410774410775,
    "best_dev_ner_loss": 31.898289816720144,
    "dev_ner_loss": 31.898289816720144,
    "best_dev_sum": 0.5242718446601942,
    "dev_sum": 0.5242718446601942,
    "best_train_ner_precision": 0.5714285714285714,
    "best_train_ner_recall": 0.05947955390334572,
    "best_train_ner_span_f1": 0.10774410774410775,
    "train_ner_precision": 0.5714285714285714,
    "train_ner_recall": 0.05947955390334572,
    "train_ner_span_f1": 0.10774410774410775,
    "best_dev_ner_precision": 0.627906976744186,
    "best_dev_ner_recall": 0.45,
    "best_dev_ner_span_f1": 0.5242718446601942,
    "dev_ner_precision": 0.627906976744186,
    "dev_ner_recall": 0.45,
    "dev_ner_span_f1": 0.5242718446601942
}