{
    "epoch": "12/20",
    "best_epoch": 6,
    "max_gpu_mem": "11.0167",
    "cur_ram": "2.8095",
    "time_epoch": "0:00:16",
    "time_total": "0:03:31",
    "best_train_ner_loss": 16.255466885036892,
    "train_ner_loss": 2.59326532151964,
    "best_train_sum": 0.962962962962963,
    "train_sum": 0.962962962962963,
    "best_dev_ner_loss": 17.360953739711217,
    "dev_ner_loss": 27.70647975376674,
    "best_dev_sum": 0.8064516129032259,
    "dev_sum": 0.7244094488188977,
    "best_train_ner_precision": 0.7700729927007299,
    "best_train_ner_recall": 0.7843866171003717,
    "best_train_ner_span_f1": 0.7771639042357275,
    "train_ner_precision": 0.959409594095941,
    "train_ner_recall": 0.966542750929368,
    "train_ner_span_f1": 0.962962962962963,
    "best_dev_ner_precision": 0.78125,
    "best_dev_ner_recall": 0.8333333333333334,
    "best_dev_ner_span_f1": 0.8064516129032259,
    "dev_ner_precision": 0.6865671641791045,
    "dev_ner_recall": 0.7666666666666667,
    "dev_ner_span_f1": 0.7244094488188977
}