{
    "epoch": "2/20",
    "best_epoch": 1,
    "max_gpu_mem": "11.0051",
    "cur_ram": "2.8084",
    "time_epoch": "0:00:20",
    "time_total": "0:00:38",
    "best_train_ner_loss": 1455.2313684534145,
    "train_ner_loss": 527.9263377719456,
    "best_train_sum": 0.0,
    "train_sum": 0.0,
    "best_dev_ner_loss": 1290.4716186523438,
    "dev_ner_loss": 70.93788146972656,
    "best_dev_sum": 0.0,
    "dev_sum": 0.0,
    "best_train_ner_precision": 0.00020634967426229992,
    "best_train_ner_recall": 0.013011152416356878,
    "best_train_ner_span_f1": 0.0004062563477554337,
    "train_ner_precision": 0.0,
    "train_ner_recall": 0.0,
    "train_ner_span_f1": 0.0,
    "best_dev_ner_precision": 0.0,
    "best_dev_ner_recall": 0.0,
    "best_dev_ner_span_f1": 0.0,
    "dev_ner_precision": 0.0,
    "dev_ner_recall": 0.0,
    "dev_ner_span_f1": 0.0
}