{
    "epoch": "11/20",
    "best_epoch": 6,
    "max_gpu_mem": "11.0167",
    "cur_ram": "2.8095",
    "time_epoch": "0:00:16",
    "time_total": "0:03:14",
    "best_train_ner_loss": 16.255466885036892,
    "train_ner_loss": 4.928651491800944,
    "best_train_sum": 0.9168207024029574,
    "train_sum": 0.9168207024029574,
    "best_dev_ner_loss": 17.360953739711217,
    "dev_ner_loss": 26.40749250139509,
    "best_dev_sum": 0.8064516129032259,
    "dev_sum": 0.7441860465116279,
    "best_train_ner_precision": 0.7700729927007299,
    "best_train_ner_recall": 0.7843866171003717,
    "best_train_ner_span_f1": 0.7771639042357275,
    "train_ner_precision": 0.9117647058823529,
    "train_ner_recall": 0.9219330855018587,
    "train_ner_span_f1": 0.9168207024029574,
    "best_dev_ner_precision": 0.78125,
    "best_dev_ner_recall": 0.8333333333333334,
    "best_dev_ner_span_f1": 0.8064516129032259,
    "dev_ner_precision": 0.6956521739130435,
    "dev_ner_recall": 0.8,
    "dev_ner_span_f1": 0.7441860465116279
}