{
    "epoch": "16/20",
    "best_epoch": 6,
    "max_gpu_mem": "11.0167",
    "cur_ram": "2.8097",
    "time_epoch": "0:00:16",
    "time_total": "0:04:37",
    "best_train_ner_loss": 16.255466885036892,
    "train_ner_loss": 0.7092979572437428,
    "best_train_sum": 0.9860982391102874,
    "train_sum": 0.9860982391102874,
    "best_dev_ner_loss": 17.360953739711217,
    "dev_ner_loss": 31.524788992745535,
    "best_dev_sum": 0.8064516129032259,
    "dev_sum": 0.7751937984496124,
    "best_train_ner_precision": 0.7700729927007299,
    "best_train_ner_recall": 0.7843866171003717,
    "best_train_ner_span_f1": 0.7771639042357275,
    "train_ner_precision": 0.9833641404805915,
    "train_ner_recall": 0.9888475836431226,
    "train_ner_span_f1": 0.9860982391102874,
    "best_dev_ner_precision": 0.78125,
    "best_dev_ner_recall": 0.8333333333333334,
    "best_dev_ner_span_f1": 0.8064516129032259,
    "dev_ner_precision": 0.7246376811594203,
    "dev_ner_recall": 0.8333333333333334,
    "dev_ner_span_f1": 0.7751937984496124
}