{
    "epoch": "1/20",
    "best_epoch": 1,
    "max_gpu_mem": "4.2852",
    "cur_ram": "2.7897",
    "time_epoch": "0:00:11",
    "time_total": "0:00:16",
    "best_train_ner_loss": 1455.2313684534145,
    "train_ner_loss": 1455.2313684534145,
    "best_train_sum": 0.0004062563477554337,
    "train_sum": 0.0004062563477554337,
    "best_dev_ner_loss": 1290.4716186523438,
    "dev_ner_loss": 1290.4716186523438,
    "best_dev_sum": 0.0,
    "dev_sum": 0.0,
    "best_train_ner_precision": 0.00020634967426229992,
    "best_train_ner_recall": 0.013011152416356878,
    "best_train_ner_span_f1": 0.0004062563477554337,
    "train_ner_precision": 0.00020634967426229992,
    "train_ner_recall": 0.013011152416356878,
    "train_ner_span_f1": 0.0004062563477554337,
    "best_dev_ner_precision": 0.0,
    "best_dev_ner_recall": 0.0,
    "best_dev_ner_span_f1": 0.0,
    "dev_ner_precision": 0.0,
    "dev_ner_recall": 0.0,
    "dev_ner_span_f1": 0.0
}