{
    "epoch": "7/20",
    "best_epoch": 6,
    "max_gpu_mem": "11.0167",
    "cur_ram": "2.8094",
    "time_epoch": "0:00:16",
    "time_total": "0:02:08",
    "best_train_ner_loss": 16.255466885036892,
    "train_ner_loss": 12.063001350120262,
    "best_train_sum": 0.8198529411764706,
    "train_sum": 0.8198529411764706,
    "best_dev_ner_loss": 17.360953739711217,
    "dev_ner_loss": 20.23210906982422,
    "best_dev_sum": 0.8064516129032259,
    "dev_sum": 0.761904761904762,
    "best_train_ner_precision": 0.7700729927007299,
    "best_train_ner_recall": 0.7843866171003717,
    "best_train_ner_span_f1": 0.7771639042357275,
    "train_ner_precision": 0.8109090909090909,
    "train_ner_recall": 0.828996282527881,
    "train_ner_span_f1": 0.8198529411764706,
    "best_dev_ner_precision": 0.78125,
    "best_dev_ner_recall": 0.8333333333333334,
    "best_dev_ner_span_f1": 0.8064516129032259,
    "dev_ner_precision": 0.7272727272727273,
    "dev_ner_recall": 0.8,
    "dev_ner_span_f1": 0.761904761904762
}