{
    "epoch": "13/20",
    "best_epoch": 6,
    "max_gpu_mem": "11.0167",
    "cur_ram": "2.8095",
    "time_epoch": "0:00:16",
    "time_total": "0:03:47",
    "best_train_ner_loss": 16.255466885036892,
    "train_ner_loss": 1.9282452618634258,
    "best_train_sum": 0.9703153988868274,
    "train_sum": 0.9703153988868274,
    "best_dev_ner_loss": 17.360953739711217,
    "dev_ner_loss": 32.564065660749165,
    "best_dev_sum": 0.8064516129032259,
    "dev_sum": 0.7286821705426356,
    "best_train_ner_precision": 0.7700729927007299,
    "best_train_ner_recall": 0.7843866171003717,
    "best_train_ner_span_f1": 0.7771639042357275,
    "train_ner_precision": 0.9685185185185186,
    "train_ner_recall": 0.9721189591078067,
    "train_ner_span_f1": 0.9703153988868274,
    "best_dev_ner_precision": 0.78125,
    "best_dev_ner_recall": 0.8333333333333334,
    "best_dev_ner_span_f1": 0.8064516129032259,
    "dev_ner_precision": 0.6811594202898551,
    "dev_ner_recall": 0.7833333333333333,
    "dev_ner_span_f1": 0.7286821705426356
}