{
    "epoch": "9/20",
    "best_epoch": 6,
    "max_gpu_mem": "11.0167",
    "cur_ram": "2.8095",
    "time_epoch": "0:00:16",
    "time_total": "0:02:41",
    "best_train_ner_loss": 16.255466885036892,
    "train_ner_loss": 6.973197725084093,
    "best_train_sum": 0.8903225806451613,
    "train_sum": 0.8903225806451613,
    "best_dev_ner_loss": 17.360953739711217,
    "dev_ner_loss": 26.409169333321707,
    "best_dev_sum": 0.8064516129032259,
    "dev_sum": 0.7559055118110236,
    "best_train_ner_precision": 0.7700729927007299,
    "best_train_ner_recall": 0.7843866171003717,
    "best_train_ner_span_f1": 0.7771639042357275,
    "train_ner_precision": 0.8829981718464351,
    "train_ner_recall": 0.8977695167286245,
    "train_ner_span_f1": 0.8903225806451613,
    "best_dev_ner_precision": 0.78125,
    "best_dev_ner_recall": 0.8333333333333334,
    "best_dev_ner_span_f1": 0.8064516129032259,
    "dev_ner_precision": 0.7164179104477612,
    "dev_ner_recall": 0.8,
    "dev_ner_span_f1": 0.7559055118110236
}