{
    "epoch": "13/20",
    "best_epoch": 8,
    "max_gpu_mem": "7.4359",
    "cur_ram": "2.7831",
    "time_epoch": "0:00:13",
    "time_total": "0:03:04",
    "best_train_ner_loss": 5.958558082580566,
    "train_ner_loss": 1.1607365036010742,
    "best_train_sum": 0.9881710646041857,
    "train_sum": 0.9881710646041857,
    "best_dev_ner_loss": 16.12849017551967,
    "dev_ner_loss": 19.899003165108816,
    "best_dev_sum": 0.8421052631578947,
    "dev_sum": 0.7627118644067795,
    "best_train_ner_precision": 0.9151943462897526,
    "best_train_ner_recall": 0.9435336976320583,
    "best_train_ner_span_f1": 0.9291479820627803,
    "train_ner_precision": 0.9872727272727273,
    "train_ner_recall": 0.9890710382513661,
    "train_ner_span_f1": 0.9881710646041857,
    "best_dev_ner_precision": 0.8571428571428571,
    "best_dev_ner_recall": 0.8275862068965517,
    "best_dev_ner_span_f1": 0.8421052631578947,
    "dev_ner_precision": 0.75,
    "dev_ner_recall": 0.7758620689655172,
    "dev_ner_span_f1": 0.7627118644067795
}