{
    "epoch": "6/20",
    "best_epoch": 5,
    "max_gpu_mem": "7.4342",
    "cur_ram": "2.7831",
    "time_epoch": "0:00:13",
    "time_total": "0:01:24",
    "best_train_ner_loss": 21.005312194824217,
    "train_ner_loss": 13.590516471862793,
    "best_train_sum": 0.8339285714285715,
    "train_sum": 0.8339285714285715,
    "best_dev_ner_loss": 17.429249354771205,
    "dev_ner_loss": 16.052643367222377,
    "best_dev_sum": 0.7627118644067795,
    "dev_sum": 0.736842105263158,
    "best_train_ner_precision": 0.6905982905982906,
    "best_train_ner_recall": 0.7358834244080146,
    "best_train_ner_span_f1": 0.7125220458553791,
    "train_ner_precision": 0.8178633975481612,
    "train_ner_recall": 0.8506375227686703,
    "train_ner_span_f1": 0.8339285714285715,
    "best_dev_ner_precision": 0.75,
    "best_dev_ner_recall": 0.7758620689655172,
    "best_dev_ner_span_f1": 0.7627118644067795,
    "dev_ner_precision": 0.75,
    "dev_ner_recall": 0.7241379310344828,
    "dev_ner_span_f1": 0.736842105263158
}