{
    "epoch": "10/20",
    "best_epoch": 8,
    "max_gpu_mem": "7.4359",
    "cur_ram": "2.7831",
    "time_epoch": "0:00:13",
    "time_total": "0:02:22",
    "best_train_ner_loss": 5.958558082580566,
    "train_ner_loss": 2.2510297775268553,
    "best_train_sum": 0.9773755656108597,
    "train_sum": 0.9773755656108597,
    "best_dev_ner_loss": 16.12849017551967,
    "dev_ner_loss": 16.288998740059988,
    "best_dev_sum": 0.8421052631578947,
    "dev_sum": 0.8,
    "best_train_ner_precision": 0.9151943462897526,
    "best_train_ner_recall": 0.9435336976320583,
    "best_train_ner_span_f1": 0.9291479820627803,
    "train_ner_precision": 0.9712230215827338,
    "train_ner_recall": 0.9836065573770492,
    "train_ner_span_f1": 0.9773755656108597,
    "best_dev_ner_precision": 0.8571428571428571,
    "best_dev_ner_recall": 0.8275862068965517,
    "best_dev_ner_span_f1": 0.8421052631578947,
    "dev_ner_precision": 0.8070175438596491,
    "dev_ner_recall": 0.7931034482758621,
    "dev_ner_span_f1": 0.8
}