{
    "epoch": "8/20",
    "best_epoch": 8,
    "max_gpu_mem": "7.4342",
    "cur_ram": "2.7831",
    "time_epoch": "0:00:13",
    "time_total": "0:01:53",
    "best_train_ner_loss": 5.958558082580566,
    "train_ner_loss": 5.958558082580566,
    "best_train_sum": 0.9291479820627803,
    "train_sum": 0.9291479820627803,
    "best_dev_ner_loss": 16.12849017551967,
    "dev_ner_loss": 16.12849017551967,
    "best_dev_sum": 0.8421052631578947,
    "dev_sum": 0.8421052631578947,
    "best_train_ner_precision": 0.9151943462897526,
    "best_train_ner_recall": 0.9435336976320583,
    "best_train_ner_span_f1": 0.9291479820627803,
    "train_ner_precision": 0.9151943462897526,
    "train_ner_recall": 0.9435336976320583,
    "train_ner_span_f1": 0.9291479820627803,
    "best_dev_ner_precision": 0.8571428571428571,
    "best_dev_ner_recall": 0.8275862068965517,
    "best_dev_ner_span_f1": 0.8421052631578947,
    "dev_ner_precision": 0.8571428571428571,
    "dev_ner_recall": 0.8275862068965517,
    "dev_ner_span_f1": 0.8421052631578947
}