{
    "epoch": "1/20",
    "best_epoch": 1,
    "max_gpu_mem": "3.4204",
    "cur_ram": "2.7305",
    "time_epoch": "0:00:07",
    "time_total": "0:00:10",
    "best_train_ner_loss": 1173.9716760253907,
    "train_ner_loss": 1173.9716760253907,
    "best_train_sum": 0.0008593833924159415,
    "train_sum": 0.0008593833924159415,
    "best_dev_ner_loss": 832.7004023960659,
    "dev_ner_loss": 832.7004023960659,
    "best_dev_sum": 0.0,
    "dev_sum": 0.0,
    "best_train_ner_precision": 0.0004427472466655598,
    "best_train_ner_recall": 0.014571948998178506,
    "best_train_ner_span_f1": 0.0008593833924159415,
    "train_ner_precision": 0.0004427472466655598,
    "train_ner_recall": 0.014571948998178506,
    "train_ner_span_f1": 0.0008593833924159415,
    "best_dev_ner_precision": 0.0,
    "best_dev_ner_recall": 0.0,
    "best_dev_ner_span_f1": 0.0,
    "dev_ner_precision": 0.0,
    "dev_ner_recall": 0.0,
    "dev_ner_span_f1": 0.0
}