{
    "epoch": "19/20",
    "best_epoch": 8,
    "max_gpu_mem": "7.4359",
    "cur_ram": "2.7831",
    "time_epoch": "0:00:13",
    "time_total": "0:04:28",
    "best_train_ner_loss": 5.958558082580566,
    "train_ner_loss": 0.2643472290039062,
    "best_train_sum": 0.997270245677889,
    "train_sum": 0.997270245677889,
    "best_dev_ner_loss": 16.12849017551967,
    "dev_ner_loss": 22.6955931527274,
    "best_dev_sum": 0.8421052631578947,
    "dev_sum": 0.7899159663865546,
    "best_train_ner_precision": 0.9151943462897526,
    "best_train_ner_recall": 0.9435336976320583,
    "best_train_ner_span_f1": 0.9291479820627803,
    "train_ner_precision": 0.9963636363636363,
    "train_ner_recall": 0.9981785063752276,
    "train_ner_span_f1": 0.997270245677889,
    "best_dev_ner_precision": 0.8571428571428571,
    "best_dev_ner_recall": 0.8275862068965517,
    "best_dev_ner_span_f1": 0.8421052631578947,
    "dev_ner_precision": 0.7704918032786885,
    "dev_ner_recall": 0.8103448275862069,
    "dev_ner_span_f1": 0.7899159663865546
}