{
    "epoch": "5/20",
    "best_epoch": 5,
    "max_gpu_mem": "7.4289",
    "cur_ram": "2.7662",
    "time_epoch": "0:00:13",
    "time_total": "0:01:09",
    "best_train_ner_loss": 21.005312194824217,
    "train_ner_loss": 21.005312194824217,
    "best_train_sum": 0.7125220458553791,
    "train_sum": 0.7125220458553791,
    "best_dev_ner_loss": 17.429249354771205,
    "dev_ner_loss": 17.429249354771205,
    "best_dev_sum": 0.7627118644067795,
    "dev_sum": 0.7627118644067795,
    "best_train_ner_precision": 0.6905982905982906,
    "best_train_ner_recall": 0.7358834244080146,
    "best_train_ner_span_f1": 0.7125220458553791,
    "train_ner_precision": 0.6905982905982906,
    "train_ner_recall": 0.7358834244080146,
    "train_ner_span_f1": 0.7125220458553791,
    "best_dev_ner_precision": 0.75,
    "best_dev_ner_recall": 0.7758620689655172,
    "best_dev_ner_span_f1": 0.7627118644067795,
    "dev_ner_precision": 0.75,
    "dev_ner_recall": 0.7758620689655172,
    "dev_ner_span_f1": 0.7627118644067795
}