{
    "epoch": "3/20",
    "best_epoch": 3,
    "max_gpu_mem": "7.4289",
    "cur_ram": "2.7659",
    "time_epoch": "0:00:13",
    "time_total": "0:00:39",
    "best_train_ner_loss": 76.40980152130128,
    "train_ner_loss": 76.40980152130128,
    "best_train_sum": 0.11594202898550726,
    "train_sum": 0.11594202898550726,
    "best_dev_ner_loss": 37.63986560276577,
    "dev_ner_loss": 37.63986560276577,
    "best_dev_sum": 0.3366336633663366,
    "dev_sum": 0.3366336633663366,
    "best_train_ner_precision": 0.5,
    "best_train_ner_recall": 0.06557377049180328,
    "best_train_ner_span_f1": 0.11594202898550726,
    "train_ner_precision": 0.5,
    "train_ner_recall": 0.06557377049180328,
    "train_ner_span_f1": 0.11594202898550726,
    "best_dev_ner_precision": 0.3953488372093023,
    "best_dev_ner_recall": 0.29310344827586204,
    "best_dev_ner_span_f1": 0.3366336633663366,
    "dev_ner_precision": 0.3953488372093023,
    "dev_ner_recall": 0.29310344827586204,
    "dev_ner_span_f1": 0.3366336633663366
}