{
    "epoch": "4/20",
    "best_epoch": 4,
    "max_gpu_mem": "7.4289",
    "cur_ram": "2.7661",
    "time_epoch": "0:00:13",
    "time_total": "0:00:54",
    "best_train_ner_loss": 35.69533945083618,
    "train_ner_loss": 35.69533945083618,
    "best_train_sum": 0.467032967032967,
    "train_sum": 0.467032967032967,
    "best_dev_ner_loss": 22.931485857282365,
    "dev_ner_loss": 22.931485857282365,
    "best_dev_sum": 0.5853658536585366,
    "dev_sum": 0.5853658536585366,
    "best_train_ner_precision": 0.4696132596685083,
    "best_train_ner_recall": 0.4644808743169399,
    "best_train_ner_span_f1": 0.467032967032967,
    "train_ner_precision": 0.4696132596685083,
    "train_ner_recall": 0.4644808743169399,
    "train_ner_span_f1": 0.467032967032967,
    "best_dev_ner_precision": 0.5538461538461539,
    "best_dev_ner_recall": 0.6206896551724138,
    "best_dev_ner_span_f1": 0.5853658536585366,
    "dev_ner_precision": 0.5538461538461539,
    "dev_ner_recall": 0.6206896551724138,
    "dev_ner_span_f1": 0.5853658536585366
}