{
  "best_metric": 83.871,
  "best_model_checkpoint": "output/meta_2023-09-18-02-28-14920_hf_models_uie-large-en_spotasoc_entity_aquaint-old_multi_fold_9_e18_linear_lr1e-4_ls0_b8_wu0.06_n-1_RP_sn0.1_an0.1_run1/checkpoint-2171",
  "epoch": 18.0,
  "global_step": 3006,
  "is_hyper_param_search": false,
  "is_local_process_zero": true,
  "is_world_process_zero": true,
  "log_history": [
    {
      "epoch": 1.0,
      "eval_asoc-F1": 0.0,
      "eval_asoc-P": 0.0,
      "eval_asoc-R": 0.0,
      "eval_asoc-gold": 0.0,
      "eval_asoc-pred": 0.0,
      "eval_asoc-tp": 0.0,
      "eval_gen_len": 4.8393,
      "eval_gold_tree": 62,
      "eval_loss": 0.13449589908123016,
      "eval_ordered-record-F1": 58.6207,
      "eval_ordered-record-P": 62.963,
      "eval_ordered-record-R": 54.8387,
      "eval_ordered-record-gold": 62.0,
      "eval_ordered-record-pred": 54.0,
      "eval_ordered-record-tp": 34.0,
      "eval_overall-F1": 58.6207,
      "eval_pred_tree": 54,
      "eval_record-F1": 58.6207,
      "eval_record-P": 62.963,
      "eval_record-R": 54.8387,
      "eval_record-gold": 62.0,
      "eval_record-pred": 54.0,
      "eval_record-tp": 34.0,
      "eval_runtime": 2.5213,
      "eval_samples_per_second": 66.633,
      "eval_spot-F1": 58.6207,
      "eval_spot-P": 62.963,
      "eval_spot-R": 54.8387,
      "eval_spot-gold": 62.0,
      "eval_spot-pred": 54.0,
      "eval_spot-tp": 34.0,
      "eval_well-formed": 168,
      "step": 167
    },
    {
      "epoch": 2.0,
      "eval_asoc-F1": 0.0,
      "eval_asoc-P": 0.0,
      "eval_asoc-R": 0.0,
      "eval_asoc-gold": 0.0,
      "eval_asoc-pred": 0.0,
      "eval_asoc-tp": 0.0,
      "eval_gen_len": 5.4702,
      "eval_gold_tree": 62,
      "eval_loss": 0.13405343890190125,
      "eval_ordered-record-F1": 64.0625,
      "eval_ordered-record-P": 62.1212,
      "eval_ordered-record-R": 66.129,
      "eval_ordered-record-gold": 62.0,
      "eval_ordered-record-pred": 66.0,
      "eval_ordered-record-tp": 41.0,
      "eval_overall-F1": 64.0625,
      "eval_pred_tree": 67,
      "eval_record-F1": 64.0625,
      "eval_record-P": 62.1212,
      "eval_record-R": 66.129,
      "eval_record-gold": 62.0,
      "eval_record-pred": 66.0,
      "eval_record-tp": 41.0,
      "eval_runtime": 2.8912,
      "eval_samples_per_second": 58.108,
      "eval_spot-F1": 64.0625,
      "eval_spot-P": 62.1212,
      "eval_spot-R": 66.129,
      "eval_spot-gold": 62.0,
      "eval_spot-pred": 66.0,
      "eval_spot-tp": 41.0,
      "eval_well-formed": 168,
      "step": 334
    },
    {
      "epoch": 2.99,
      "learning_rate": 8.870796460176991e-05,
      "loss": 0.2916,
      "step": 500
    },
    {
      "epoch": 3.0,
      "eval_asoc-F1": 0.0,
      "eval_asoc-P": 0.0,
      "eval_asoc-R": 0.0,
      "eval_asoc-gold": 0.0,
      "eval_asoc-pred": 0.0,
      "eval_asoc-tp": 0.0,
      "eval_gen_len": 5.5536,
      "eval_gold_tree": 62,
      "eval_loss": 0.12764456868171692,
      "eval_ordered-record-F1": 82.8125,
      "eval_ordered-record-P": 80.303,
      "eval_ordered-record-R": 85.4839,
      "eval_ordered-record-gold": 62.0,
      "eval_ordered-record-pred": 66.0,
      "eval_ordered-record-tp": 53.0,
      "eval_overall-F1": 82.8125,
      "eval_pred_tree": 76,
      "eval_record-F1": 82.8125,
      "eval_record-P": 80.303,
      "eval_record-R": 85.4839,
      "eval_record-gold": 62.0,
      "eval_record-pred": 66.0,
      "eval_record-tp": 53.0,
      "eval_runtime": 3.8842,
      "eval_samples_per_second": 43.252,
      "eval_spot-F1": 82.8125,
      "eval_spot-P": 80.303,
      "eval_spot-R": 85.4839,
      "eval_spot-gold": 62.0,
      "eval_spot-pred": 66.0,
      "eval_spot-tp": 53.0,
      "eval_well-formed": 168,
      "step": 501
    },
    {
      "epoch": 4.0,
      "eval_asoc-F1": 0.0,
      "eval_asoc-P": 0.0,
      "eval_asoc-R": 0.0,
      "eval_asoc-gold": 0.0,
      "eval_asoc-pred": 0.0,
      "eval_asoc-tp": 0.0,
      "eval_gen_len": 5.0179,
      "eval_gold_tree": 62,
      "eval_loss": 0.10594862699508667,
      "eval_ordered-record-F1": 80.9917,
      "eval_ordered-record-P": 83.0508,
      "eval_ordered-record-R": 79.0323,
      "eval_ordered-record-gold": 62.0,
      "eval_ordered-record-pred": 59.0,
      "eval_ordered-record-tp": 49.0,
      "eval_overall-F1": 80.9917,
      "eval_pred_tree": 59,
      "eval_record-F1": 80.9917,
      "eval_record-P": 83.0508,
      "eval_record-R": 79.0323,
      "eval_record-gold": 62.0,
      "eval_record-pred": 59.0,
      "eval_record-tp": 49.0,
      "eval_runtime": 2.7596,
      "eval_samples_per_second": 60.877,
      "eval_spot-F1": 80.9917,
      "eval_spot-P": 83.0508,
      "eval_spot-R": 79.0323,
      "eval_spot-gold": 62.0,
      "eval_spot-pred": 59.0,
      "eval_spot-tp": 49.0,
      "eval_well-formed": 168,
      "step": 668
    },
    {
      "epoch": 5.0,
      "eval_asoc-F1": 0.0,
      "eval_asoc-P": 0.0,
      "eval_asoc-R": 0.0,
      "eval_asoc-gold": 0.0,
      "eval_asoc-pred": 0.0,
      "eval_asoc-tp": 0.0,
      "eval_gen_len": 5.0536,
      "eval_gold_tree": 62,
      "eval_loss": 0.10670729726552963,
      "eval_ordered-record-F1": 77.686,
      "eval_ordered-record-P": 79.661,
      "eval_ordered-record-R": 75.8065,
      "eval_ordered-record-gold": 62.0,
      "eval_ordered-record-pred": 59.0,
      "eval_ordered-record-tp": 47.0,
      "eval_overall-F1": 77.686,
      "eval_pred_tree": 59,
      "eval_record-F1": 77.686,
      "eval_record-P": 79.661,
      "eval_record-R": 75.8065,
      "eval_record-gold": 62.0,
      "eval_record-pred": 59.0,
      "eval_record-tp": 47.0,
      "eval_runtime": 2.76,
      "eval_samples_per_second": 60.87,
      "eval_spot-F1": 77.686,
      "eval_spot-P": 79.661,
      "eval_spot-R": 75.8065,
      "eval_spot-gold": 62.0,
      "eval_spot-pred": 59.0,
      "eval_spot-tp": 47.0,
      "eval_well-formed": 168,
      "step": 835
    },
    {
      "epoch": 5.99,
      "learning_rate": 7.100884955752213e-05,
      "loss": 0.066,
      "step": 1000
    },
    {
      "epoch": 6.0,
      "eval_asoc-F1": 0.0,
      "eval_asoc-P": 0.0,
      "eval_asoc-R": 0.0,
      "eval_asoc-gold": 0.0,
      "eval_asoc-pred": 0.0,
      "eval_asoc-tp": 0.0,
      "eval_gen_len": 4.9762,
      "eval_gold_tree": 62,
      "eval_loss": 0.0996473878622055,
      "eval_ordered-record-F1": 78.9916,
      "eval_ordered-record-P": 82.4561,
      "eval_ordered-record-R": 75.8065,
      "eval_ordered-record-gold": 62.0,
      "eval_ordered-record-pred": 57.0,
      "eval_ordered-record-tp": 47.0,
      "eval_overall-F1": 78.9916,
      "eval_pred_tree": 57,
      "eval_record-F1": 78.9916,
      "eval_record-P": 82.4561,
      "eval_record-R": 75.8065,
      "eval_record-gold": 62.0,
      "eval_record-pred": 57.0,
      "eval_record-tp": 47.0,
      "eval_runtime": 2.7195,
      "eval_samples_per_second": 61.777,
      "eval_spot-F1": 78.9916,
      "eval_spot-P": 82.4561,
      "eval_spot-R": 75.8065,
      "eval_spot-gold": 62.0,
      "eval_spot-pred": 57.0,
      "eval_spot-tp": 47.0,
      "eval_well-formed": 168,
      "step": 1002
    },
    {
      "epoch": 7.0,
      "eval_asoc-F1": 0.0,
      "eval_asoc-P": 0.0,
      "eval_asoc-R": 0.0,
      "eval_asoc-gold": 0.0,
      "eval_asoc-pred": 0.0,
      "eval_asoc-tp": 0.0,
      "eval_gen_len": 5.2738,
      "eval_gold_tree": 62,
      "eval_loss": 0.15482890605926514,
      "eval_ordered-record-F1": 79.3651,
      "eval_ordered-record-P": 78.125,
      "eval_ordered-record-R": 80.6452,
      "eval_ordered-record-gold": 62.0,
      "eval_ordered-record-pred": 64.0,
      "eval_ordered-record-tp": 50.0,
      "eval_overall-F1": 79.3651,
      "eval_pred_tree": 65,
      "eval_record-F1": 79.3651,
      "eval_record-P": 78.125,
      "eval_record-R": 80.6452,
      "eval_record-gold": 62.0,
      "eval_record-pred": 64.0,
      "eval_record-tp": 50.0,
      "eval_runtime": 3.0141,
      "eval_samples_per_second": 55.737,
      "eval_spot-F1": 79.3651,
      "eval_spot-P": 78.125,
      "eval_spot-R": 80.6452,
      "eval_spot-gold": 62.0,
      "eval_spot-pred": 64.0,
      "eval_spot-tp": 50.0,
      "eval_well-formed": 168,
      "step": 1169
    },
    {
      "epoch": 8.0,
      "eval_asoc-F1": 0.0,
      "eval_asoc-P": 0.0,
      "eval_asoc-R": 0.0,
      "eval_asoc-gold": 0.0,
      "eval_asoc-pred": 0.0,
      "eval_asoc-tp": 0.0,
      "eval_gen_len": 5.2321,
      "eval_gold_tree": 62,
      "eval_loss": 0.1108468621969223,
      "eval_ordered-record-F1": 79.0323,
      "eval_ordered-record-P": 79.0323,
      "eval_ordered-record-R": 79.0323,
      "eval_ordered-record-gold": 62.0,
      "eval_ordered-record-pred": 62.0,
      "eval_ordered-record-tp": 49.0,
      "eval_overall-F1": 79.0323,
      "eval_pred_tree": 63,
      "eval_record-F1": 79.0323,
      "eval_record-P": 79.0323,
      "eval_record-R": 79.0323,
      "eval_record-gold": 62.0,
      "eval_record-pred": 62.0,
      "eval_record-tp": 49.0,
      "eval_runtime": 3.0205,
      "eval_samples_per_second": 55.62,
      "eval_spot-F1": 79.0323,
      "eval_spot-P": 79.0323,
      "eval_spot-R": 79.0323,
      "eval_spot-gold": 62.0,
      "eval_spot-pred": 62.0,
      "eval_spot-tp": 49.0,
      "eval_well-formed": 168,
      "step": 1336
    },
    {
      "epoch": 8.98,
      "learning_rate": 5.3309734513274334e-05,
      "loss": 0.0395,
      "step": 1500
    },
    {
      "epoch": 9.0,
      "eval_asoc-F1": 0.0,
      "eval_asoc-P": 0.0,
      "eval_asoc-R": 0.0,
      "eval_asoc-gold": 0.0,
      "eval_asoc-pred": 0.0,
      "eval_asoc-tp": 0.0,
      "eval_gen_len": 5.1845,
      "eval_gold_tree": 62,
      "eval_loss": 0.14268603920936584,
      "eval_ordered-record-F1": 74.7967,
      "eval_ordered-record-P": 75.4098,
      "eval_ordered-record-R": 74.1935,
      "eval_ordered-record-gold": 62.0,
      "eval_ordered-record-pred": 61.0,
      "eval_ordered-record-tp": 46.0,
      "eval_overall-F1": 74.7967,
      "eval_pred_tree": 62,
      "eval_record-F1": 74.7967,
      "eval_record-P": 75.4098,
      "eval_record-R": 74.1935,
      "eval_record-gold": 62.0,
      "eval_record-pred": 61.0,
      "eval_record-tp": 46.0,
      "eval_runtime": 3.0744,
      "eval_samples_per_second": 54.644,
      "eval_spot-F1": 74.7967,
      "eval_spot-P": 75.4098,
      "eval_spot-R": 74.1935,
      "eval_spot-gold": 62.0,
      "eval_spot-pred": 61.0,
      "eval_spot-tp": 46.0,
      "eval_well-formed": 168,
      "step": 1503
    },
    {
      "epoch": 10.0,
      "eval_asoc-F1": 0.0,
      "eval_asoc-P": 0.0,
      "eval_asoc-R": 0.0,
      "eval_asoc-gold": 0.0,
      "eval_asoc-pred": 0.0,
      "eval_asoc-tp": 0.0,
      "eval_gen_len": 5.1905,
      "eval_gold_tree": 62,
      "eval_loss": 0.14319640398025513,
      "eval_ordered-record-F1": 78.0488,
      "eval_ordered-record-P": 78.6885,
      "eval_ordered-record-R": 77.4194,
      "eval_ordered-record-gold": 62.0,
      "eval_ordered-record-pred": 61.0,
      "eval_ordered-record-tp": 48.0,
      "eval_overall-F1": 78.0488,
      "eval_pred_tree": 63,
      "eval_record-F1": 78.0488,
      "eval_record-P": 78.6885,
      "eval_record-R": 77.4194,
      "eval_record-gold": 62.0,
      "eval_record-pred": 61.0,
      "eval_record-tp": 48.0,
      "eval_runtime": 3.0834,
      "eval_samples_per_second": 54.485,
      "eval_spot-F1": 78.0488,
      "eval_spot-P": 78.6885,
      "eval_spot-R": 77.4194,
      "eval_spot-gold": 62.0,
      "eval_spot-pred": 61.0,
      "eval_spot-tp": 48.0,
      "eval_well-formed": 168,
      "step": 1670
    },
    {
      "epoch": 11.0,
      "eval_asoc-F1": 0.0,
      "eval_asoc-P": 0.0,
      "eval_asoc-R": 0.0,
      "eval_asoc-gold": 0.0,
      "eval_asoc-pred": 0.0,
      "eval_asoc-tp": 0.0,
      "eval_gen_len": 5.506,
      "eval_gold_tree": 62,
      "eval_loss": 0.15121710300445557,
      "eval_ordered-record-F1": 82.5397,
      "eval_ordered-record-P": 81.25,
      "eval_ordered-record-R": 83.871,
      "eval_ordered-record-gold": 62.0,
      "eval_ordered-record-pred": 64.0,
      "eval_ordered-record-tp": 52.0,
      "eval_overall-F1": 82.5397,
      "eval_pred_tree": 74,
      "eval_record-F1": 82.5397,
      "eval_record-P": 81.25,
      "eval_record-R": 83.871,
      "eval_record-gold": 62.0,
      "eval_record-pred": 64.0,
      "eval_record-tp": 52.0,
      "eval_runtime": 4.1233,
      "eval_samples_per_second": 40.744,
      "eval_spot-F1": 82.5397,
      "eval_spot-P": 81.25,
      "eval_spot-R": 83.871,
      "eval_spot-gold": 62.0,
      "eval_spot-pred": 64.0,
      "eval_spot-tp": 52.0,
      "eval_well-formed": 168,
      "step": 1837
    },
    {
      "epoch": 11.98,
      "learning_rate": 3.561061946902655e-05,
      "loss": 0.0364,
      "step": 2000
    },
    {
      "epoch": 12.0,
      "eval_asoc-F1": 0.0,
      "eval_asoc-P": 0.0,
      "eval_asoc-R": 0.0,
      "eval_asoc-gold": 0.0,
      "eval_asoc-pred": 0.0,
      "eval_asoc-tp": 0.0,
      "eval_gen_len": 5.1905,
      "eval_gold_tree": 62,
      "eval_loss": 0.16094346344470978,
      "eval_ordered-record-F1": 80.3279,
      "eval_ordered-record-P": 81.6667,
      "eval_ordered-record-R": 79.0323,
      "eval_ordered-record-gold": 62.0,
      "eval_ordered-record-pred": 60.0,
      "eval_ordered-record-tp": 49.0,
      "eval_overall-F1": 80.3279,
      "eval_pred_tree": 63,
      "eval_record-F1": 80.3279,
      "eval_record-P": 81.6667,
      "eval_record-R": 79.0323,
      "eval_record-gold": 62.0,
      "eval_record-pred": 60.0,
      "eval_record-tp": 49.0,
      "eval_runtime": 3.2371,
      "eval_samples_per_second": 51.899,
      "eval_spot-F1": 80.3279,
      "eval_spot-P": 81.6667,
      "eval_spot-R": 79.0323,
      "eval_spot-gold": 62.0,
      "eval_spot-pred": 60.0,
      "eval_spot-tp": 49.0,
      "eval_well-formed": 168,
      "step": 2004
    },
    {
      "epoch": 13.0,
      "eval_asoc-F1": 0.0,
      "eval_asoc-P": 0.0,
      "eval_asoc-R": 0.0,
      "eval_asoc-gold": 0.0,
      "eval_asoc-pred": 0.0,
      "eval_asoc-tp": 0.0,
      "eval_gen_len": 5.1548,
      "eval_gold_tree": 62,
      "eval_loss": 0.1600935012102127,
      "eval_ordered-record-F1": 83.871,
      "eval_ordered-record-P": 83.871,
      "eval_ordered-record-R": 83.871,
      "eval_ordered-record-gold": 62.0,
      "eval_ordered-record-pred": 62.0,
      "eval_ordered-record-tp": 52.0,
      "eval_overall-F1": 83.871,
      "eval_pred_tree": 63,
      "eval_record-F1": 83.871,
      "eval_record-P": 83.871,
      "eval_record-R": 83.871,
      "eval_record-gold": 62.0,
      "eval_record-pred": 62.0,
      "eval_record-tp": 52.0,
      "eval_runtime": 2.901,
      "eval_samples_per_second": 57.911,
      "eval_spot-F1": 83.871,
      "eval_spot-P": 83.871,
      "eval_spot-R": 83.871,
      "eval_spot-gold": 62.0,
      "eval_spot-pred": 62.0,
      "eval_spot-tp": 52.0,
      "eval_well-formed": 168,
      "step": 2171
    },
    {
      "epoch": 14.0,
      "eval_asoc-F1": 0.0,
      "eval_asoc-P": 0.0,
      "eval_asoc-R": 0.0,
      "eval_asoc-gold": 0.0,
      "eval_asoc-pred": 0.0,
      "eval_asoc-tp": 0.0,
      "eval_gen_len": 5.3155,
      "eval_gold_tree": 62,
      "eval_loss": 0.1517716348171234,
      "eval_ordered-record-F1": 81.6,
      "eval_ordered-record-P": 80.9524,
      "eval_ordered-record-R": 82.2581,
      "eval_ordered-record-gold": 62.0,
      "eval_ordered-record-pred": 63.0,
      "eval_ordered-record-tp": 51.0,
      "eval_overall-F1": 81.6,
      "eval_pred_tree": 68,
      "eval_record-F1": 81.6,
      "eval_record-P": 80.9524,
      "eval_record-R": 82.2581,
      "eval_record-gold": 62.0,
      "eval_record-pred": 63.0,
      "eval_record-tp": 51.0,
      "eval_runtime": 3.3493,
      "eval_samples_per_second": 50.16,
      "eval_spot-F1": 81.6,
      "eval_spot-P": 80.9524,
      "eval_spot-R": 82.2581,
      "eval_spot-gold": 62.0,
      "eval_spot-pred": 63.0,
      "eval_spot-tp": 51.0,
      "eval_well-formed": 168,
      "step": 2338
    },
    {
      "epoch": 14.97,
      "learning_rate": 1.791150442477876e-05,
      "loss": 0.0341,
      "step": 2500
    },
    {
      "epoch": 15.0,
      "eval_asoc-F1": 0.0,
      "eval_asoc-P": 0.0,
      "eval_asoc-R": 0.0,
      "eval_asoc-gold": 0.0,
      "eval_asoc-pred": 0.0,
      "eval_asoc-tp": 0.0,
      "eval_gen_len": 5.2321,
      "eval_gold_tree": 62,
      "eval_loss": 0.17032283544540405,
      "eval_ordered-record-F1": 78.0488,
      "eval_ordered-record-P": 78.6885,
      "eval_ordered-record-R": 77.4194,
      "eval_ordered-record-gold": 62.0,
      "eval_ordered-record-pred": 61.0,
      "eval_ordered-record-tp": 48.0,
      "eval_overall-F1": 78.0488,
      "eval_pred_tree": 65,
      "eval_record-F1": 78.0488,
      "eval_record-P": 78.6885,
      "eval_record-R": 77.4194,
      "eval_record-gold": 62.0,
      "eval_record-pred": 61.0,
      "eval_record-tp": 48.0,
      "eval_runtime": 3.2347,
      "eval_samples_per_second": 51.936,
      "eval_spot-F1": 78.0488,
      "eval_spot-P": 78.6885,
      "eval_spot-R": 77.4194,
      "eval_spot-gold": 62.0,
      "eval_spot-pred": 61.0,
      "eval_spot-tp": 48.0,
      "eval_well-formed": 168,
      "step": 2505
    },
    {
      "epoch": 16.0,
      "eval_asoc-F1": 0.0,
      "eval_asoc-P": 0.0,
      "eval_asoc-R": 0.0,
      "eval_asoc-gold": 0.0,
      "eval_asoc-pred": 0.0,
      "eval_asoc-tp": 0.0,
      "eval_gen_len": 5.2976,
      "eval_gold_tree": 62,
      "eval_loss": 0.18370577692985535,
      "eval_ordered-record-F1": 76.4228,
      "eval_ordered-record-P": 77.0492,
      "eval_ordered-record-R": 75.8065,
      "eval_ordered-record-gold": 62.0,
      "eval_ordered-record-pred": 61.0,
      "eval_ordered-record-tp": 47.0,
      "eval_overall-F1": 76.4228,
      "eval_pred_tree": 67,
      "eval_record-F1": 76.4228,
      "eval_record-P": 77.0492,
      "eval_record-R": 75.8065,
      "eval_record-gold": 62.0,
      "eval_record-pred": 61.0,
      "eval_record-tp": 47.0,
      "eval_runtime": 3.4284,
      "eval_samples_per_second": 49.003,
      "eval_spot-F1": 76.4228,
      "eval_spot-P": 77.0492,
      "eval_spot-R": 75.8065,
      "eval_spot-gold": 62.0,
      "eval_spot-pred": 61.0,
      "eval_spot-tp": 47.0,
      "eval_well-formed": 168,
      "step": 2672
    },
    {
      "epoch": 17.0,
      "eval_asoc-F1": 0.0,
      "eval_asoc-P": 0.0,
      "eval_asoc-R": 0.0,
      "eval_asoc-gold": 0.0,
      "eval_asoc-pred": 0.0,
      "eval_asoc-tp": 0.0,
      "eval_gen_len": 5.3036,
      "eval_gold_tree": 62,
      "eval_loss": 0.18485532701015472,
      "eval_ordered-record-F1": 77.4194,
      "eval_ordered-record-P": 77.4194,
      "eval_ordered-record-R": 77.4194,
      "eval_ordered-record-gold": 62.0,
      "eval_ordered-record-pred": 62.0,
      "eval_ordered-record-tp": 48.0,
      "eval_overall-F1": 77.4194,
      "eval_pred_tree": 67,
      "eval_record-F1": 77.4194,
      "eval_record-P": 77.4194,
      "eval_record-R": 77.4194,
      "eval_record-gold": 62.0,
      "eval_record-pred": 62.0,
      "eval_record-tp": 48.0,
      "eval_runtime": 3.3456,
      "eval_samples_per_second": 50.215,
      "eval_spot-F1": 77.4194,
      "eval_spot-P": 77.4194,
      "eval_spot-R": 77.4194,
      "eval_spot-gold": 62.0,
      "eval_spot-pred": 62.0,
      "eval_spot-tp": 48.0,
      "eval_well-formed": 168,
      "step": 2839
    },
    {
      "epoch": 17.96,
      "learning_rate": 2.1238938053097347e-07,
      "loss": 0.0311,
      "step": 3000
    },
    {
      "epoch": 18.0,
      "eval_asoc-F1": 0.0,
      "eval_asoc-P": 0.0,
      "eval_asoc-R": 0.0,
      "eval_asoc-gold": 0.0,
      "eval_asoc-pred": 0.0,
      "eval_asoc-tp": 0.0,
      "eval_gen_len": 5.2738,
      "eval_gold_tree": 62,
      "eval_loss": 0.18420366942882538,
      "eval_ordered-record-F1": 77.4194,
      "eval_ordered-record-P": 77.4194,
      "eval_ordered-record-R": 77.4194,
      "eval_ordered-record-gold": 62.0,
      "eval_ordered-record-pred": 62.0,
      "eval_ordered-record-tp": 48.0,
      "eval_overall-F1": 77.4194,
      "eval_pred_tree": 66,
      "eval_record-F1": 77.4194,
      "eval_record-P": 77.4194,
      "eval_record-R": 77.4194,
      "eval_record-gold": 62.0,
      "eval_record-pred": 62.0,
      "eval_record-tp": 48.0,
      "eval_runtime": 3.2252,
      "eval_samples_per_second": 52.09,
      "eval_spot-F1": 77.4194,
      "eval_spot-P": 77.4194,
      "eval_spot-R": 77.4194,
      "eval_spot-gold": 62.0,
      "eval_spot-pred": 62.0,
      "eval_spot-tp": 48.0,
      "eval_well-formed": 168,
      "step": 3006
    },
    {
      "epoch": 18.0,
      "step": 3006,
      "total_flos": 0,
      "train_runtime": 896.0022,
      "train_samples_per_second": 3.355
    }
  ],
  "max_steps": 3006,
  "num_train_epochs": 18,
  "total_flos": 0,
  "trial_name": null,
  "trial_params": null
}
