{
  "best_metric": 82.1918,
  "best_model_checkpoint": "output/meta_2023-09-15-03-06-12215_hf_models_uie-base-en_spotasoc_entity_aquaint-old_multi_fold_4_e18_linear_lr1e-4_ls0_b16_wu0.06_n-1_RP_sn0.1_an0.1_run1/checkpoint-420",
  "epoch": 18.0,
  "global_step": 1512,
  "is_hyper_param_search": false,
  "is_local_process_zero": true,
  "is_world_process_zero": true,
  "log_history": [
    {
      "epoch": 1.0,
      "eval_asoc-F1": 0.0,
      "eval_asoc-P": 0.0,
      "eval_asoc-R": 0.0,
      "eval_asoc-gold": 0.0,
      "eval_asoc-pred": 0.0,
      "eval_asoc-tp": 0.0,
      "eval_gen_len": 5.6826,
      "eval_gold_tree": 72,
      "eval_loss": 0.2139720767736435,
      "eval_ordered-record-F1": 64.4295,
      "eval_ordered-record-P": 62.3377,
      "eval_ordered-record-R": 66.6667,
      "eval_ordered-record-gold": 72.0,
      "eval_ordered-record-pred": 77.0,
      "eval_ordered-record-tp": 48.0,
      "eval_overall-F1": 64.4295,
      "eval_pred_tree": 77,
      "eval_record-F1": 64.4295,
      "eval_record-P": 62.3377,
      "eval_record-R": 66.6667,
      "eval_record-gold": 72.0,
      "eval_record-pred": 77.0,
      "eval_record-tp": 48.0,
      "eval_runtime": 1.7795,
      "eval_samples_per_second": 93.849,
      "eval_spot-F1": 64.4295,
      "eval_spot-P": 62.3377,
      "eval_spot-R": 66.6667,
      "eval_spot-gold": 72.0,
      "eval_spot-pred": 77.0,
      "eval_spot-tp": 48.0,
      "eval_well-formed": 167,
      "step": 84
    },
    {
      "epoch": 2.0,
      "eval_asoc-F1": 0.0,
      "eval_asoc-P": 0.0,
      "eval_asoc-R": 0.0,
      "eval_asoc-gold": 0.0,
      "eval_asoc-pred": 0.0,
      "eval_asoc-tp": 0.0,
      "eval_gen_len": 5.4311,
      "eval_gold_tree": 72,
      "eval_loss": 0.18020986020565033,
      "eval_ordered-record-F1": 77.7778,
      "eval_ordered-record-P": 77.7778,
      "eval_ordered-record-R": 77.7778,
      "eval_ordered-record-gold": 72.0,
      "eval_ordered-record-pred": 72.0,
      "eval_ordered-record-tp": 56.0,
      "eval_overall-F1": 77.7778,
      "eval_pred_tree": 72,
      "eval_record-F1": 77.7778,
      "eval_record-P": 77.7778,
      "eval_record-R": 77.7778,
      "eval_record-gold": 72.0,
      "eval_record-pred": 72.0,
      "eval_record-tp": 56.0,
      "eval_runtime": 1.6054,
      "eval_samples_per_second": 104.027,
      "eval_spot-F1": 77.7778,
      "eval_spot-P": 77.7778,
      "eval_spot-R": 77.7778,
      "eval_spot-gold": 72.0,
      "eval_spot-pred": 72.0,
      "eval_spot-tp": 56.0,
      "eval_well-formed": 167,
      "step": 168
    },
    {
      "epoch": 3.0,
      "eval_asoc-F1": 0.0,
      "eval_asoc-P": 0.0,
      "eval_asoc-R": 0.0,
      "eval_asoc-gold": 0.0,
      "eval_asoc-pred": 0.0,
      "eval_asoc-tp": 0.0,
      "eval_gen_len": 5.497,
      "eval_gold_tree": 72,
      "eval_loss": 0.22420163452625275,
      "eval_ordered-record-F1": 72.6027,
      "eval_ordered-record-P": 71.6216,
      "eval_ordered-record-R": 73.6111,
      "eval_ordered-record-gold": 72.0,
      "eval_ordered-record-pred": 74.0,
      "eval_ordered-record-tp": 53.0,
      "eval_overall-F1": 72.6027,
      "eval_pred_tree": 75,
      "eval_record-F1": 72.6027,
      "eval_record-P": 71.6216,
      "eval_record-R": 73.6111,
      "eval_record-gold": 72.0,
      "eval_record-pred": 74.0,
      "eval_record-tp": 53.0,
      "eval_runtime": 1.5971,
      "eval_samples_per_second": 104.563,
      "eval_spot-F1": 72.6027,
      "eval_spot-P": 71.6216,
      "eval_spot-R": 73.6111,
      "eval_spot-gold": 72.0,
      "eval_spot-pred": 74.0,
      "eval_spot-tp": 53.0,
      "eval_well-formed": 167,
      "step": 252
    },
    {
      "epoch": 4.0,
      "eval_asoc-F1": 0.0,
      "eval_asoc-P": 0.0,
      "eval_asoc-R": 0.0,
      "eval_asoc-gold": 0.0,
      "eval_asoc-pred": 0.0,
      "eval_asoc-tp": 0.0,
      "eval_gen_len": 5.3832,
      "eval_gold_tree": 72,
      "eval_loss": 0.12538032233715057,
      "eval_ordered-record-F1": 78.3217,
      "eval_ordered-record-P": 78.8732,
      "eval_ordered-record-R": 77.7778,
      "eval_ordered-record-gold": 72.0,
      "eval_ordered-record-pred": 71.0,
      "eval_ordered-record-tp": 56.0,
      "eval_overall-F1": 78.3217,
      "eval_pred_tree": 71,
      "eval_record-F1": 78.3217,
      "eval_record-P": 78.8732,
      "eval_record-R": 77.7778,
      "eval_record-gold": 72.0,
      "eval_record-pred": 71.0,
      "eval_record-tp": 56.0,
      "eval_runtime": 1.5951,
      "eval_samples_per_second": 104.695,
      "eval_spot-F1": 78.3217,
      "eval_spot-P": 78.8732,
      "eval_spot-R": 77.7778,
      "eval_spot-gold": 72.0,
      "eval_spot-pred": 71.0,
      "eval_spot-tp": 56.0,
      "eval_well-formed": 167,
      "step": 336
    },
    {
      "epoch": 5.0,
      "eval_asoc-F1": 0.0,
      "eval_asoc-P": 0.0,
      "eval_asoc-R": 0.0,
      "eval_asoc-gold": 0.0,
      "eval_asoc-pred": 0.0,
      "eval_asoc-tp": 0.0,
      "eval_gen_len": 5.503,
      "eval_gold_tree": 72,
      "eval_loss": 0.09287597984075546,
      "eval_ordered-record-F1": 82.1918,
      "eval_ordered-record-P": 81.0811,
      "eval_ordered-record-R": 83.3333,
      "eval_ordered-record-gold": 72.0,
      "eval_ordered-record-pred": 74.0,
      "eval_ordered-record-tp": 60.0,
      "eval_overall-F1": 82.1918,
      "eval_pred_tree": 74,
      "eval_record-F1": 82.1918,
      "eval_record-P": 81.0811,
      "eval_record-R": 83.3333,
      "eval_record-gold": 72.0,
      "eval_record-pred": 74.0,
      "eval_record-tp": 60.0,
      "eval_runtime": 1.4756,
      "eval_samples_per_second": 113.174,
      "eval_spot-F1": 82.1918,
      "eval_spot-P": 81.0811,
      "eval_spot-R": 83.3333,
      "eval_spot-gold": 72.0,
      "eval_spot-pred": 74.0,
      "eval_spot-tp": 60.0,
      "eval_well-formed": 167,
      "step": 420
    },
    {
      "epoch": 5.95,
      "learning_rate": 7.121745249824068e-05,
      "loss": 0.2701,
      "step": 500
    },
    {
      "epoch": 6.0,
      "eval_asoc-F1": 0.0,
      "eval_asoc-P": 0.0,
      "eval_asoc-R": 0.0,
      "eval_asoc-gold": 0.0,
      "eval_asoc-pred": 0.0,
      "eval_asoc-tp": 0.0,
      "eval_gen_len": 5.3234,
      "eval_gold_tree": 72,
      "eval_loss": 0.19667039811611176,
      "eval_ordered-record-F1": 78.2609,
      "eval_ordered-record-P": 81.8182,
      "eval_ordered-record-R": 75.0,
      "eval_ordered-record-gold": 72.0,
      "eval_ordered-record-pred": 66.0,
      "eval_ordered-record-tp": 54.0,
      "eval_overall-F1": 78.2609,
      "eval_pred_tree": 69,
      "eval_record-F1": 78.2609,
      "eval_record-P": 81.8182,
      "eval_record-R": 75.0,
      "eval_record-gold": 72.0,
      "eval_record-pred": 66.0,
      "eval_record-tp": 54.0,
      "eval_runtime": 1.5941,
      "eval_samples_per_second": 104.759,
      "eval_spot-F1": 78.2609,
      "eval_spot-P": 81.8182,
      "eval_spot-R": 75.0,
      "eval_spot-gold": 72.0,
      "eval_spot-pred": 66.0,
      "eval_spot-tp": 54.0,
      "eval_well-formed": 167,
      "step": 504
    },
    {
      "epoch": 7.0,
      "eval_asoc-F1": 0.0,
      "eval_asoc-P": 0.0,
      "eval_asoc-R": 0.0,
      "eval_asoc-gold": 0.0,
      "eval_asoc-pred": 0.0,
      "eval_asoc-tp": 0.0,
      "eval_gen_len": 5.3353,
      "eval_gold_tree": 72,
      "eval_loss": 0.1366112381219864,
      "eval_ordered-record-F1": 81.6901,
      "eval_ordered-record-P": 82.8571,
      "eval_ordered-record-R": 80.5556,
      "eval_ordered-record-gold": 72.0,
      "eval_ordered-record-pred": 70.0,
      "eval_ordered-record-tp": 58.0,
      "eval_overall-F1": 81.6901,
      "eval_pred_tree": 70,
      "eval_record-F1": 81.6901,
      "eval_record-P": 82.8571,
      "eval_record-R": 80.5556,
      "eval_record-gold": 72.0,
      "eval_record-pred": 70.0,
      "eval_record-tp": 58.0,
      "eval_runtime": 1.5395,
      "eval_samples_per_second": 108.48,
      "eval_spot-F1": 81.6901,
      "eval_spot-P": 82.8571,
      "eval_spot-R": 80.5556,
      "eval_spot-gold": 72.0,
      "eval_spot-pred": 70.0,
      "eval_spot-tp": 58.0,
      "eval_well-formed": 167,
      "step": 588
    },
    {
      "epoch": 8.0,
      "eval_asoc-F1": 0.0,
      "eval_asoc-P": 0.0,
      "eval_asoc-R": 0.0,
      "eval_asoc-gold": 0.0,
      "eval_asoc-pred": 0.0,
      "eval_asoc-tp": 0.0,
      "eval_gen_len": 5.3413,
      "eval_gold_tree": 72,
      "eval_loss": 0.13415488600730896,
      "eval_ordered-record-F1": 81.6901,
      "eval_ordered-record-P": 82.8571,
      "eval_ordered-record-R": 80.5556,
      "eval_ordered-record-gold": 72.0,
      "eval_ordered-record-pred": 70.0,
      "eval_ordered-record-tp": 58.0,
      "eval_overall-F1": 81.6901,
      "eval_pred_tree": 70,
      "eval_record-F1": 81.6901,
      "eval_record-P": 82.8571,
      "eval_record-R": 80.5556,
      "eval_record-gold": 72.0,
      "eval_record-pred": 70.0,
      "eval_record-tp": 58.0,
      "eval_runtime": 1.5216,
      "eval_samples_per_second": 109.749,
      "eval_spot-F1": 81.6901,
      "eval_spot-P": 82.8571,
      "eval_spot-R": 80.5556,
      "eval_spot-gold": 72.0,
      "eval_spot-pred": 70.0,
      "eval_spot-tp": 58.0,
      "eval_well-formed": 167,
      "step": 672
    },
    {
      "epoch": 9.0,
      "eval_asoc-F1": 0.0,
      "eval_asoc-P": 0.0,
      "eval_asoc-R": 0.0,
      "eval_asoc-gold": 0.0,
      "eval_asoc-pred": 0.0,
      "eval_asoc-tp": 0.0,
      "eval_gen_len": 5.3892,
      "eval_gold_tree": 72,
      "eval_loss": 0.13903751969337463,
      "eval_ordered-record-F1": 80.2817,
      "eval_ordered-record-P": 81.4286,
      "eval_ordered-record-R": 79.1667,
      "eval_ordered-record-gold": 72.0,
      "eval_ordered-record-pred": 70.0,
      "eval_ordered-record-tp": 57.0,
      "eval_overall-F1": 80.2817,
      "eval_pred_tree": 70,
      "eval_record-F1": 80.2817,
      "eval_record-P": 81.4286,
      "eval_record-R": 79.1667,
      "eval_record-gold": 72.0,
      "eval_record-pred": 70.0,
      "eval_record-tp": 57.0,
      "eval_runtime": 1.5563,
      "eval_samples_per_second": 107.305,
      "eval_spot-F1": 80.2817,
      "eval_spot-P": 81.4286,
      "eval_spot-R": 79.1667,
      "eval_spot-gold": 72.0,
      "eval_spot-pred": 70.0,
      "eval_spot-tp": 57.0,
      "eval_well-formed": 167,
      "step": 756
    },
    {
      "epoch": 10.0,
      "eval_asoc-F1": 0.0,
      "eval_asoc-P": 0.0,
      "eval_asoc-R": 0.0,
      "eval_asoc-gold": 0.0,
      "eval_asoc-pred": 0.0,
      "eval_asoc-tp": 0.0,
      "eval_gen_len": 5.3713,
      "eval_gold_tree": 72,
      "eval_loss": 0.1575392484664917,
      "eval_ordered-record-F1": 78.3217,
      "eval_ordered-record-P": 78.8732,
      "eval_ordered-record-R": 77.7778,
      "eval_ordered-record-gold": 72.0,
      "eval_ordered-record-pred": 71.0,
      "eval_ordered-record-tp": 56.0,
      "eval_overall-F1": 78.3217,
      "eval_pred_tree": 71,
      "eval_record-F1": 78.3217,
      "eval_record-P": 78.8732,
      "eval_record-R": 77.7778,
      "eval_record-gold": 72.0,
      "eval_record-pred": 71.0,
      "eval_record-tp": 56.0,
      "eval_runtime": 1.5887,
      "eval_samples_per_second": 105.115,
      "eval_spot-F1": 78.3217,
      "eval_spot-P": 78.8732,
      "eval_spot-R": 77.7778,
      "eval_spot-gold": 72.0,
      "eval_spot-pred": 71.0,
      "eval_spot-tp": 56.0,
      "eval_well-formed": 167,
      "step": 840
    },
    {
      "epoch": 11.0,
      "eval_asoc-F1": 0.0,
      "eval_asoc-P": 0.0,
      "eval_asoc-R": 0.0,
      "eval_asoc-gold": 0.0,
      "eval_asoc-pred": 0.0,
      "eval_asoc-tp": 0.0,
      "eval_gen_len": 5.5329,
      "eval_gold_tree": 72,
      "eval_loss": 0.18131723999977112,
      "eval_ordered-record-F1": 80.2721,
      "eval_ordered-record-P": 78.6667,
      "eval_ordered-record-R": 81.9444,
      "eval_ordered-record-gold": 72.0,
      "eval_ordered-record-pred": 75.0,
      "eval_ordered-record-tp": 59.0,
      "eval_overall-F1": 80.2721,
      "eval_pred_tree": 75,
      "eval_record-F1": 80.2721,
      "eval_record-P": 78.6667,
      "eval_record-R": 81.9444,
      "eval_record-gold": 72.0,
      "eval_record-pred": 75.0,
      "eval_record-tp": 59.0,
      "eval_runtime": 1.599,
      "eval_samples_per_second": 104.438,
      "eval_spot-F1": 80.2721,
      "eval_spot-P": 78.6667,
      "eval_spot-R": 81.9444,
      "eval_spot-gold": 72.0,
      "eval_spot-pred": 75.0,
      "eval_spot-tp": 59.0,
      "eval_well-formed": 167,
      "step": 924
    },
    {
      "epoch": 11.9,
      "learning_rate": 3.603096410978184e-05,
      "loss": 0.0571,
      "step": 1000
    },
    {
      "epoch": 12.0,
      "eval_asoc-F1": 0.0,
      "eval_asoc-P": 0.0,
      "eval_asoc-R": 0.0,
      "eval_asoc-gold": 0.0,
      "eval_asoc-pred": 0.0,
      "eval_asoc-tp": 0.0,
      "eval_gen_len": 5.3713,
      "eval_gold_tree": 72,
      "eval_loss": 0.19646990299224854,
      "eval_ordered-record-F1": 78.8732,
      "eval_ordered-record-P": 80.0,
      "eval_ordered-record-R": 77.7778,
      "eval_ordered-record-gold": 72.0,
      "eval_ordered-record-pred": 70.0,
      "eval_ordered-record-tp": 56.0,
      "eval_overall-F1": 78.8732,
      "eval_pred_tree": 70,
      "eval_record-F1": 78.8732,
      "eval_record-P": 80.0,
      "eval_record-R": 77.7778,
      "eval_record-gold": 72.0,
      "eval_record-pred": 70.0,
      "eval_record-tp": 56.0,
      "eval_runtime": 1.4589,
      "eval_samples_per_second": 114.471,
      "eval_spot-F1": 78.8732,
      "eval_spot-P": 80.0,
      "eval_spot-R": 77.7778,
      "eval_spot-gold": 72.0,
      "eval_spot-pred": 70.0,
      "eval_spot-tp": 56.0,
      "eval_well-formed": 167,
      "step": 1008
    },
    {
      "epoch": 13.0,
      "eval_asoc-F1": 0.0,
      "eval_asoc-P": 0.0,
      "eval_asoc-R": 0.0,
      "eval_asoc-gold": 0.0,
      "eval_asoc-pred": 0.0,
      "eval_asoc-tp": 0.0,
      "eval_gen_len": 5.3473,
      "eval_gold_tree": 72,
      "eval_loss": 0.24095866084098816,
      "eval_ordered-record-F1": 78.8732,
      "eval_ordered-record-P": 80.0,
      "eval_ordered-record-R": 77.7778,
      "eval_ordered-record-gold": 72.0,
      "eval_ordered-record-pred": 70.0,
      "eval_ordered-record-tp": 56.0,
      "eval_overall-F1": 78.8732,
      "eval_pred_tree": 70,
      "eval_record-F1": 78.8732,
      "eval_record-P": 80.0,
      "eval_record-R": 77.7778,
      "eval_record-gold": 72.0,
      "eval_record-pred": 70.0,
      "eval_record-tp": 56.0,
      "eval_runtime": 1.6576,
      "eval_samples_per_second": 100.747,
      "eval_spot-F1": 78.8732,
      "eval_spot-P": 80.0,
      "eval_spot-R": 77.7778,
      "eval_spot-gold": 72.0,
      "eval_spot-pred": 70.0,
      "eval_spot-tp": 56.0,
      "eval_well-formed": 167,
      "step": 1092
    },
    {
      "epoch": 14.0,
      "eval_asoc-F1": 0.0,
      "eval_asoc-P": 0.0,
      "eval_asoc-R": 0.0,
      "eval_asoc-gold": 0.0,
      "eval_asoc-pred": 0.0,
      "eval_asoc-tp": 0.0,
      "eval_gen_len": 5.2754,
      "eval_gold_tree": 72,
      "eval_loss": 0.23776322603225708,
      "eval_ordered-record-F1": 74.8201,
      "eval_ordered-record-P": 77.6119,
      "eval_ordered-record-R": 72.2222,
      "eval_ordered-record-gold": 72.0,
      "eval_ordered-record-pred": 67.0,
      "eval_ordered-record-tp": 52.0,
      "eval_overall-F1": 74.8201,
      "eval_pred_tree": 67,
      "eval_record-F1": 74.8201,
      "eval_record-P": 77.6119,
      "eval_record-R": 72.2222,
      "eval_record-gold": 72.0,
      "eval_record-pred": 67.0,
      "eval_record-tp": 52.0,
      "eval_runtime": 1.6795,
      "eval_samples_per_second": 99.436,
      "eval_spot-F1": 74.8201,
      "eval_spot-P": 77.6119,
      "eval_spot-R": 72.2222,
      "eval_spot-gold": 72.0,
      "eval_spot-pred": 67.0,
      "eval_spot-tp": 52.0,
      "eval_well-formed": 167,
      "step": 1176
    },
    {
      "epoch": 15.0,
      "eval_asoc-F1": 0.0,
      "eval_asoc-P": 0.0,
      "eval_asoc-R": 0.0,
      "eval_asoc-gold": 0.0,
      "eval_asoc-pred": 0.0,
      "eval_asoc-tp": 0.0,
      "eval_gen_len": 5.2994,
      "eval_gold_tree": 72,
      "eval_loss": 0.21551822125911713,
      "eval_ordered-record-F1": 77.1429,
      "eval_ordered-record-P": 79.4118,
      "eval_ordered-record-R": 75.0,
      "eval_ordered-record-gold": 72.0,
      "eval_ordered-record-pred": 68.0,
      "eval_ordered-record-tp": 54.0,
      "eval_overall-F1": 77.1429,
      "eval_pred_tree": 68,
      "eval_record-F1": 77.1429,
      "eval_record-P": 79.4118,
      "eval_record-R": 75.0,
      "eval_record-gold": 72.0,
      "eval_record-pred": 68.0,
      "eval_record-tp": 54.0,
      "eval_runtime": 1.5828,
      "eval_samples_per_second": 105.509,
      "eval_spot-F1": 77.1429,
      "eval_spot-P": 79.4118,
      "eval_spot-R": 75.0,
      "eval_spot-gold": 72.0,
      "eval_spot-pred": 68.0,
      "eval_spot-tp": 54.0,
      "eval_well-formed": 167,
      "step": 1260
    },
    {
      "epoch": 16.0,
      "eval_asoc-F1": 0.0,
      "eval_asoc-P": 0.0,
      "eval_asoc-R": 0.0,
      "eval_asoc-gold": 0.0,
      "eval_asoc-pred": 0.0,
      "eval_asoc-tp": 0.0,
      "eval_gen_len": 5.4431,
      "eval_gold_tree": 72,
      "eval_loss": 0.21894389390945435,
      "eval_ordered-record-F1": 79.1667,
      "eval_ordered-record-P": 79.1667,
      "eval_ordered-record-R": 79.1667,
      "eval_ordered-record-gold": 72.0,
      "eval_ordered-record-pred": 72.0,
      "eval_ordered-record-tp": 57.0,
      "eval_overall-F1": 79.1667,
      "eval_pred_tree": 72,
      "eval_record-F1": 79.1667,
      "eval_record-P": 79.1667,
      "eval_record-R": 79.1667,
      "eval_record-gold": 72.0,
      "eval_record-pred": 72.0,
      "eval_record-tp": 57.0,
      "eval_runtime": 0.9874,
      "eval_samples_per_second": 169.135,
      "eval_spot-F1": 79.1667,
      "eval_spot-P": 79.1667,
      "eval_spot-R": 79.1667,
      "eval_spot-gold": 72.0,
      "eval_spot-pred": 72.0,
      "eval_spot-tp": 57.0,
      "eval_well-formed": 167,
      "step": 1344
    },
    {
      "epoch": 17.0,
      "eval_asoc-F1": 0.0,
      "eval_asoc-P": 0.0,
      "eval_asoc-R": 0.0,
      "eval_asoc-gold": 0.0,
      "eval_asoc-pred": 0.0,
      "eval_asoc-tp": 0.0,
      "eval_gen_len": 5.4072,
      "eval_gold_tree": 72,
      "eval_loss": 0.23433196544647217,
      "eval_ordered-record-F1": 79.7203,
      "eval_ordered-record-P": 80.2817,
      "eval_ordered-record-R": 79.1667,
      "eval_ordered-record-gold": 72.0,
      "eval_ordered-record-pred": 71.0,
      "eval_ordered-record-tp": 57.0,
      "eval_overall-F1": 79.7203,
      "eval_pred_tree": 71,
      "eval_record-F1": 79.7203,
      "eval_record-P": 80.2817,
      "eval_record-R": 79.1667,
      "eval_record-gold": 72.0,
      "eval_record-pred": 71.0,
      "eval_record-tp": 57.0,
      "eval_runtime": 1.6205,
      "eval_samples_per_second": 103.054,
      "eval_spot-F1": 79.7203,
      "eval_spot-P": 80.2817,
      "eval_spot-R": 79.1667,
      "eval_spot-gold": 72.0,
      "eval_spot-pred": 71.0,
      "eval_spot-tp": 57.0,
      "eval_well-formed": 167,
      "step": 1428
    },
    {
      "epoch": 17.86,
      "learning_rate": 8.44475721323012e-07,
      "loss": 0.0432,
      "step": 1500
    },
    {
      "epoch": 18.0,
      "eval_asoc-F1": 0.0,
      "eval_asoc-P": 0.0,
      "eval_asoc-R": 0.0,
      "eval_asoc-gold": 0.0,
      "eval_asoc-pred": 0.0,
      "eval_asoc-tp": 0.0,
      "eval_gen_len": 5.4072,
      "eval_gold_tree": 72,
      "eval_loss": 0.23286579549312592,
      "eval_ordered-record-F1": 79.7203,
      "eval_ordered-record-P": 80.2817,
      "eval_ordered-record-R": 79.1667,
      "eval_ordered-record-gold": 72.0,
      "eval_ordered-record-pred": 71.0,
      "eval_ordered-record-tp": 57.0,
      "eval_overall-F1": 79.7203,
      "eval_pred_tree": 71,
      "eval_record-F1": 79.7203,
      "eval_record-P": 80.2817,
      "eval_record-R": 79.1667,
      "eval_record-gold": 72.0,
      "eval_record-pred": 71.0,
      "eval_record-tp": 57.0,
      "eval_runtime": 1.5815,
      "eval_samples_per_second": 105.596,
      "eval_spot-F1": 79.7203,
      "eval_spot-P": 80.2817,
      "eval_spot-R": 79.1667,
      "eval_spot-gold": 72.0,
      "eval_spot-pred": 71.0,
      "eval_spot-tp": 57.0,
      "eval_well-formed": 167,
      "step": 1512
    }
  ],
  "max_steps": 1512,
  "num_train_epochs": 18,
  "total_flos": 183569665789440.0,
  "trial_name": null,
  "trial_params": null
}
