{
  "best_metric": 81.1189,
  "best_model_checkpoint": "output/meta_2023-09-18-00-05-2138_hf_models_uie-large-en_spotasoc_entity_aquaint-old_multi_fold_0_e18_linear_lr1e-4_ls0_b8_wu0.06_n-1_RP_sn0.1_an0.1_run1/checkpoint-1344",
  "epoch": 18.0,
  "global_step": 3024,
  "is_hyper_param_search": false,
  "is_local_process_zero": true,
  "is_world_process_zero": true,
  "log_history": [
    {
      "epoch": 1.0,
      "eval_asoc-F1": 0.0,
      "eval_asoc-P": 0.0,
      "eval_asoc-R": 0.0,
      "eval_asoc-gold": 0.0,
      "eval_asoc-pred": 0.0,
      "eval_asoc-tp": 0.0,
      "eval_gen_len": 5.3772,
      "eval_gold_tree": 73,
      "eval_loss": 0.16268791258335114,
      "eval_ordered-record-F1": 73.9726,
      "eval_ordered-record-P": 73.9726,
      "eval_ordered-record-R": 73.9726,
      "eval_ordered-record-gold": 73.0,
      "eval_ordered-record-pred": 73.0,
      "eval_ordered-record-tp": 54.0,
      "eval_overall-F1": 73.9726,
      "eval_pred_tree": 73,
      "eval_record-F1": 73.9726,
      "eval_record-P": 73.9726,
      "eval_record-R": 73.9726,
      "eval_record-gold": 73.0,
      "eval_record-pred": 73.0,
      "eval_record-tp": 54.0,
      "eval_runtime": 2.8114,
      "eval_samples_per_second": 59.402,
      "eval_spot-F1": 73.9726,
      "eval_spot-P": 73.9726,
      "eval_spot-R": 73.9726,
      "eval_spot-gold": 73.0,
      "eval_spot-pred": 73.0,
      "eval_spot-tp": 54.0,
      "eval_well-formed": 167,
      "step": 168
    },
    {
      "epoch": 2.0,
      "eval_asoc-F1": 0.0,
      "eval_asoc-P": 0.0,
      "eval_asoc-R": 0.0,
      "eval_asoc-gold": 0.0,
      "eval_asoc-pred": 0.0,
      "eval_asoc-tp": 0.0,
      "eval_gen_len": 5.5509,
      "eval_gold_tree": 73,
      "eval_loss": 0.12306937575340271,
      "eval_ordered-record-F1": 71.5232,
      "eval_ordered-record-P": 69.2308,
      "eval_ordered-record-R": 73.9726,
      "eval_ordered-record-gold": 73.0,
      "eval_ordered-record-pred": 78.0,
      "eval_ordered-record-tp": 54.0,
      "eval_overall-F1": 71.5232,
      "eval_pred_tree": 78,
      "eval_record-F1": 71.5232,
      "eval_record-P": 69.2308,
      "eval_record-R": 73.9726,
      "eval_record-gold": 73.0,
      "eval_record-pred": 78.0,
      "eval_record-tp": 54.0,
      "eval_runtime": 3.2889,
      "eval_samples_per_second": 50.776,
      "eval_spot-F1": 71.5232,
      "eval_spot-P": 69.2308,
      "eval_spot-R": 73.9726,
      "eval_spot-gold": 73.0,
      "eval_spot-pred": 78.0,
      "eval_spot-tp": 54.0,
      "eval_well-formed": 167,
      "step": 336
    },
    {
      "epoch": 2.98,
      "learning_rate": 8.88106966924701e-05,
      "loss": 0.2929,
      "step": 500
    },
    {
      "epoch": 3.0,
      "eval_asoc-F1": 0.0,
      "eval_asoc-P": 0.0,
      "eval_asoc-R": 0.0,
      "eval_asoc-gold": 0.0,
      "eval_asoc-pred": 0.0,
      "eval_asoc-tp": 0.0,
      "eval_fixed": 1,
      "eval_gen_len": 6.0479,
      "eval_gold_tree": 73,
      "eval_loss": 0.1301625818014145,
      "eval_ordered-record-F1": 67.8571,
      "eval_ordered-record-P": 60.0,
      "eval_ordered-record-R": 78.0822,
      "eval_ordered-record-gold": 73.0,
      "eval_ordered-record-pred": 95.0,
      "eval_ordered-record-tp": 57.0,
      "eval_overall-F1": 67.8571,
      "eval_pred_tree": 96,
      "eval_record-F1": 67.8571,
      "eval_record-P": 60.0,
      "eval_record-R": 78.0822,
      "eval_record-gold": 73.0,
      "eval_record-pred": 95.0,
      "eval_record-tp": 57.0,
      "eval_runtime": 5.5533,
      "eval_samples_per_second": 30.072,
      "eval_spot-F1": 67.8571,
      "eval_spot-P": 60.0,
      "eval_spot-R": 78.0822,
      "eval_spot-gold": 73.0,
      "eval_spot-pred": 95.0,
      "eval_spot-tp": 57.0,
      "eval_well-formed": 167,
      "step": 504
    },
    {
      "epoch": 4.0,
      "eval_asoc-F1": 0.0,
      "eval_asoc-P": 0.0,
      "eval_asoc-R": 0.0,
      "eval_asoc-gold": 0.0,
      "eval_asoc-pred": 0.0,
      "eval_asoc-tp": 0.0,
      "eval_gen_len": 5.3952,
      "eval_gold_tree": 73,
      "eval_loss": 0.13404357433319092,
      "eval_ordered-record-F1": 75.3425,
      "eval_ordered-record-P": 75.3425,
      "eval_ordered-record-R": 75.3425,
      "eval_ordered-record-gold": 73.0,
      "eval_ordered-record-pred": 73.0,
      "eval_ordered-record-tp": 55.0,
      "eval_overall-F1": 75.3425,
      "eval_pred_tree": 73,
      "eval_record-F1": 75.3425,
      "eval_record-P": 75.3425,
      "eval_record-R": 75.3425,
      "eval_record-gold": 73.0,
      "eval_record-pred": 73.0,
      "eval_record-tp": 55.0,
      "eval_runtime": 3.6293,
      "eval_samples_per_second": 46.014,
      "eval_spot-F1": 75.3425,
      "eval_spot-P": 75.3425,
      "eval_spot-R": 75.3425,
      "eval_spot-gold": 73.0,
      "eval_spot-pred": 73.0,
      "eval_spot-tp": 55.0,
      "eval_well-formed": 167,
      "step": 672
    },
    {
      "epoch": 5.0,
      "eval_asoc-F1": 0.0,
      "eval_asoc-P": 0.0,
      "eval_asoc-R": 0.0,
      "eval_asoc-gold": 0.0,
      "eval_asoc-pred": 0.0,
      "eval_asoc-tp": 0.0,
      "eval_gen_len": 5.4731,
      "eval_gold_tree": 73,
      "eval_loss": 0.1259731501340866,
      "eval_ordered-record-F1": 78.9116,
      "eval_ordered-record-P": 78.3784,
      "eval_ordered-record-R": 79.4521,
      "eval_ordered-record-gold": 73.0,
      "eval_ordered-record-pred": 74.0,
      "eval_ordered-record-tp": 58.0,
      "eval_overall-F1": 78.9116,
      "eval_pred_tree": 74,
      "eval_record-F1": 78.9116,
      "eval_record-P": 78.3784,
      "eval_record-R": 79.4521,
      "eval_record-gold": 73.0,
      "eval_record-pred": 74.0,
      "eval_record-tp": 58.0,
      "eval_runtime": 3.4966,
      "eval_samples_per_second": 47.76,
      "eval_spot-F1": 78.9116,
      "eval_spot-P": 78.3784,
      "eval_spot-R": 79.4521,
      "eval_spot-gold": 73.0,
      "eval_spot-pred": 74.0,
      "eval_spot-tp": 58.0,
      "eval_well-formed": 167,
      "step": 840
    },
    {
      "epoch": 5.95,
      "learning_rate": 7.121745249824068e-05,
      "loss": 0.0637,
      "step": 1000
    },
    {
      "epoch": 6.0,
      "eval_asoc-F1": 0.0,
      "eval_asoc-P": 0.0,
      "eval_asoc-R": 0.0,
      "eval_asoc-gold": 0.0,
      "eval_asoc-pred": 0.0,
      "eval_asoc-tp": 0.0,
      "eval_gen_len": 5.4671,
      "eval_gold_tree": 73,
      "eval_loss": 0.14636218547821045,
      "eval_ordered-record-F1": 78.0822,
      "eval_ordered-record-P": 78.0822,
      "eval_ordered-record-R": 78.0822,
      "eval_ordered-record-gold": 73.0,
      "eval_ordered-record-pred": 73.0,
      "eval_ordered-record-tp": 57.0,
      "eval_overall-F1": 78.0822,
      "eval_pred_tree": 76,
      "eval_record-F1": 78.0822,
      "eval_record-P": 78.0822,
      "eval_record-R": 78.0822,
      "eval_record-gold": 73.0,
      "eval_record-pred": 73.0,
      "eval_record-tp": 57.0,
      "eval_runtime": 3.1197,
      "eval_samples_per_second": 53.531,
      "eval_spot-F1": 78.0822,
      "eval_spot-P": 78.0822,
      "eval_spot-R": 78.0822,
      "eval_spot-gold": 73.0,
      "eval_spot-pred": 73.0,
      "eval_spot-tp": 57.0,
      "eval_well-formed": 167,
      "step": 1008
    },
    {
      "epoch": 7.0,
      "eval_asoc-F1": 0.0,
      "eval_asoc-P": 0.0,
      "eval_asoc-R": 0.0,
      "eval_asoc-gold": 0.0,
      "eval_asoc-pred": 0.0,
      "eval_asoc-tp": 0.0,
      "eval_gen_len": 5.3293,
      "eval_gold_tree": 73,
      "eval_loss": 0.16581472754478455,
      "eval_ordered-record-F1": 80.5556,
      "eval_ordered-record-P": 81.6901,
      "eval_ordered-record-R": 79.4521,
      "eval_ordered-record-gold": 73.0,
      "eval_ordered-record-pred": 71.0,
      "eval_ordered-record-tp": 58.0,
      "eval_overall-F1": 80.5556,
      "eval_pred_tree": 71,
      "eval_record-F1": 80.5556,
      "eval_record-P": 81.6901,
      "eval_record-R": 79.4521,
      "eval_record-gold": 73.0,
      "eval_record-pred": 71.0,
      "eval_record-tp": 58.0,
      "eval_runtime": 3.65,
      "eval_samples_per_second": 45.753,
      "eval_spot-F1": 80.5556,
      "eval_spot-P": 81.6901,
      "eval_spot-R": 79.4521,
      "eval_spot-gold": 73.0,
      "eval_spot-pred": 71.0,
      "eval_spot-tp": 58.0,
      "eval_well-formed": 167,
      "step": 1176
    },
    {
      "epoch": 8.0,
      "eval_asoc-F1": 0.0,
      "eval_asoc-P": 0.0,
      "eval_asoc-R": 0.0,
      "eval_asoc-gold": 0.0,
      "eval_asoc-pred": 0.0,
      "eval_asoc-tp": 0.0,
      "eval_gen_len": 5.2934,
      "eval_gold_tree": 73,
      "eval_loss": 0.18779133260250092,
      "eval_ordered-record-F1": 81.1189,
      "eval_ordered-record-P": 82.8571,
      "eval_ordered-record-R": 79.4521,
      "eval_ordered-record-gold": 73.0,
      "eval_ordered-record-pred": 70.0,
      "eval_ordered-record-tp": 58.0,
      "eval_overall-F1": 81.1189,
      "eval_pred_tree": 70,
      "eval_record-F1": 81.1189,
      "eval_record-P": 82.8571,
      "eval_record-R": 79.4521,
      "eval_record-gold": 73.0,
      "eval_record-pred": 70.0,
      "eval_record-tp": 58.0,
      "eval_runtime": 2.7959,
      "eval_samples_per_second": 59.731,
      "eval_spot-F1": 81.1189,
      "eval_spot-P": 82.8571,
      "eval_spot-R": 79.4521,
      "eval_spot-gold": 73.0,
      "eval_spot-pred": 70.0,
      "eval_spot-tp": 58.0,
      "eval_well-formed": 167,
      "step": 1344
    },
    {
      "epoch": 8.93,
      "learning_rate": 5.362420830401126e-05,
      "loss": 0.0392,
      "step": 1500
    },
    {
      "epoch": 9.0,
      "eval_asoc-F1": 0.0,
      "eval_asoc-P": 0.0,
      "eval_asoc-R": 0.0,
      "eval_asoc-gold": 0.0,
      "eval_asoc-pred": 0.0,
      "eval_asoc-tp": 0.0,
      "eval_gen_len": 5.2335,
      "eval_gold_tree": 73,
      "eval_loss": 0.1809597760438919,
      "eval_ordered-record-F1": 78.0142,
      "eval_ordered-record-P": 80.8824,
      "eval_ordered-record-R": 75.3425,
      "eval_ordered-record-gold": 73.0,
      "eval_ordered-record-pred": 68.0,
      "eval_ordered-record-tp": 55.0,
      "eval_overall-F1": 78.0142,
      "eval_pred_tree": 68,
      "eval_record-F1": 78.0142,
      "eval_record-P": 80.8824,
      "eval_record-R": 75.3425,
      "eval_record-gold": 73.0,
      "eval_record-pred": 68.0,
      "eval_record-tp": 55.0,
      "eval_runtime": 2.7856,
      "eval_samples_per_second": 59.952,
      "eval_spot-F1": 78.0142,
      "eval_spot-P": 80.8824,
      "eval_spot-R": 75.3425,
      "eval_spot-gold": 73.0,
      "eval_spot-pred": 68.0,
      "eval_spot-tp": 55.0,
      "eval_well-formed": 167,
      "step": 1512
    },
    {
      "epoch": 10.0,
      "eval_asoc-F1": 0.0,
      "eval_asoc-P": 0.0,
      "eval_asoc-R": 0.0,
      "eval_asoc-gold": 0.0,
      "eval_asoc-pred": 0.0,
      "eval_asoc-tp": 0.0,
      "eval_gen_len": 5.3593,
      "eval_gold_tree": 73,
      "eval_loss": 0.19154250621795654,
      "eval_ordered-record-F1": 78.6207,
      "eval_ordered-record-P": 79.1667,
      "eval_ordered-record-R": 78.0822,
      "eval_ordered-record-gold": 73.0,
      "eval_ordered-record-pred": 72.0,
      "eval_ordered-record-tp": 57.0,
      "eval_overall-F1": 78.6207,
      "eval_pred_tree": 72,
      "eval_record-F1": 78.6207,
      "eval_record-P": 79.1667,
      "eval_record-R": 78.0822,
      "eval_record-gold": 73.0,
      "eval_record-pred": 72.0,
      "eval_record-tp": 57.0,
      "eval_runtime": 2.7835,
      "eval_samples_per_second": 59.996,
      "eval_spot-F1": 78.6207,
      "eval_spot-P": 79.1667,
      "eval_spot-R": 78.0822,
      "eval_spot-gold": 73.0,
      "eval_spot-pred": 72.0,
      "eval_spot-tp": 57.0,
      "eval_well-formed": 167,
      "step": 1680
    },
    {
      "epoch": 11.0,
      "eval_asoc-F1": 0.0,
      "eval_asoc-P": 0.0,
      "eval_asoc-R": 0.0,
      "eval_asoc-gold": 0.0,
      "eval_asoc-pred": 0.0,
      "eval_asoc-tp": 0.0,
      "eval_gen_len": 5.4012,
      "eval_gold_tree": 73,
      "eval_loss": 0.24320636689662933,
      "eval_ordered-record-F1": 78.3217,
      "eval_ordered-record-P": 80.0,
      "eval_ordered-record-R": 76.7123,
      "eval_ordered-record-gold": 73.0,
      "eval_ordered-record-pred": 70.0,
      "eval_ordered-record-tp": 56.0,
      "eval_overall-F1": 78.3217,
      "eval_pred_tree": 74,
      "eval_record-F1": 78.3217,
      "eval_record-P": 80.0,
      "eval_record-R": 76.7123,
      "eval_record-gold": 73.0,
      "eval_record-pred": 70.0,
      "eval_record-tp": 56.0,
      "eval_runtime": 3.0188,
      "eval_samples_per_second": 55.32,
      "eval_spot-F1": 78.3217,
      "eval_spot-P": 80.0,
      "eval_spot-R": 76.7123,
      "eval_spot-gold": 73.0,
      "eval_spot-pred": 70.0,
      "eval_spot-tp": 56.0,
      "eval_well-formed": 167,
      "step": 1848
    },
    {
      "epoch": 11.9,
      "learning_rate": 3.603096410978184e-05,
      "loss": 0.0391,
      "step": 2000
    },
    {
      "epoch": 12.0,
      "eval_asoc-F1": 0.0,
      "eval_asoc-P": 0.0,
      "eval_asoc-R": 0.0,
      "eval_asoc-gold": 0.0,
      "eval_asoc-pred": 0.0,
      "eval_asoc-tp": 0.0,
      "eval_gen_len": 5.3353,
      "eval_gold_tree": 73,
      "eval_loss": 0.24203938245773315,
      "eval_ordered-record-F1": 80.2817,
      "eval_ordered-record-P": 82.6087,
      "eval_ordered-record-R": 78.0822,
      "eval_ordered-record-gold": 73.0,
      "eval_ordered-record-pred": 69.0,
      "eval_ordered-record-tp": 57.0,
      "eval_overall-F1": 80.2817,
      "eval_pred_tree": 72,
      "eval_record-F1": 80.2817,
      "eval_record-P": 82.6087,
      "eval_record-R": 78.0822,
      "eval_record-gold": 73.0,
      "eval_record-pred": 69.0,
      "eval_record-tp": 57.0,
      "eval_runtime": 2.918,
      "eval_samples_per_second": 57.23,
      "eval_spot-F1": 80.2817,
      "eval_spot-P": 82.6087,
      "eval_spot-R": 78.0822,
      "eval_spot-gold": 73.0,
      "eval_spot-pred": 69.0,
      "eval_spot-tp": 57.0,
      "eval_well-formed": 167,
      "step": 2016
    },
    {
      "epoch": 13.0,
      "eval_asoc-F1": 0.0,
      "eval_asoc-P": 0.0,
      "eval_asoc-R": 0.0,
      "eval_asoc-gold": 0.0,
      "eval_asoc-pred": 0.0,
      "eval_asoc-tp": 0.0,
      "eval_gen_len": 5.4251,
      "eval_gold_tree": 73,
      "eval_loss": 0.22191259264945984,
      "eval_ordered-record-F1": 78.9116,
      "eval_ordered-record-P": 78.3784,
      "eval_ordered-record-R": 79.4521,
      "eval_ordered-record-gold": 73.0,
      "eval_ordered-record-pred": 74.0,
      "eval_ordered-record-tp": 58.0,
      "eval_overall-F1": 78.9116,
      "eval_pred_tree": 74,
      "eval_record-F1": 78.9116,
      "eval_record-P": 78.3784,
      "eval_record-R": 79.4521,
      "eval_record-gold": 73.0,
      "eval_record-pred": 74.0,
      "eval_record-tp": 58.0,
      "eval_runtime": 2.9253,
      "eval_samples_per_second": 57.089,
      "eval_spot-F1": 78.9116,
      "eval_spot-P": 78.3784,
      "eval_spot-R": 79.4521,
      "eval_spot-gold": 73.0,
      "eval_spot-pred": 74.0,
      "eval_spot-tp": 58.0,
      "eval_well-formed": 167,
      "step": 2184
    },
    {
      "epoch": 14.0,
      "eval_asoc-F1": 0.0,
      "eval_asoc-P": 0.0,
      "eval_asoc-R": 0.0,
      "eval_asoc-gold": 0.0,
      "eval_asoc-pred": 0.0,
      "eval_asoc-tp": 0.0,
      "eval_gen_len": 5.2515,
      "eval_gold_tree": 73,
      "eval_loss": 0.229043111205101,
      "eval_ordered-record-F1": 77.4648,
      "eval_ordered-record-P": 79.7101,
      "eval_ordered-record-R": 75.3425,
      "eval_ordered-record-gold": 73.0,
      "eval_ordered-record-pred": 69.0,
      "eval_ordered-record-tp": 55.0,
      "eval_overall-F1": 77.4648,
      "eval_pred_tree": 69,
      "eval_record-F1": 77.4648,
      "eval_record-P": 79.7101,
      "eval_record-R": 75.3425,
      "eval_record-gold": 73.0,
      "eval_record-pred": 69.0,
      "eval_record-tp": 55.0,
      "eval_runtime": 2.8056,
      "eval_samples_per_second": 59.523,
      "eval_spot-F1": 77.4648,
      "eval_spot-P": 79.7101,
      "eval_spot-R": 75.3425,
      "eval_spot-gold": 73.0,
      "eval_spot-pred": 69.0,
      "eval_spot-tp": 55.0,
      "eval_well-formed": 167,
      "step": 2352
    },
    {
      "epoch": 14.88,
      "learning_rate": 1.8437719915552427e-05,
      "loss": 0.0355,
      "step": 2500
    },
    {
      "epoch": 15.0,
      "eval_asoc-F1": 0.0,
      "eval_asoc-P": 0.0,
      "eval_asoc-R": 0.0,
      "eval_asoc-gold": 0.0,
      "eval_asoc-pred": 0.0,
      "eval_asoc-tp": 0.0,
      "eval_gen_len": 5.3533,
      "eval_gold_tree": 73,
      "eval_loss": 0.2193307876586914,
      "eval_ordered-record-F1": 78.6207,
      "eval_ordered-record-P": 79.1667,
      "eval_ordered-record-R": 78.0822,
      "eval_ordered-record-gold": 73.0,
      "eval_ordered-record-pred": 72.0,
      "eval_ordered-record-tp": 57.0,
      "eval_overall-F1": 78.6207,
      "eval_pred_tree": 72,
      "eval_record-F1": 78.6207,
      "eval_record-P": 79.1667,
      "eval_record-R": 78.0822,
      "eval_record-gold": 73.0,
      "eval_record-pred": 72.0,
      "eval_record-tp": 57.0,
      "eval_runtime": 2.9215,
      "eval_samples_per_second": 57.163,
      "eval_spot-F1": 78.6207,
      "eval_spot-P": 79.1667,
      "eval_spot-R": 78.0822,
      "eval_spot-gold": 73.0,
      "eval_spot-pred": 72.0,
      "eval_spot-tp": 57.0,
      "eval_well-formed": 167,
      "step": 2520
    },
    {
      "epoch": 16.0,
      "eval_asoc-F1": 0.0,
      "eval_asoc-P": 0.0,
      "eval_asoc-R": 0.0,
      "eval_asoc-gold": 0.0,
      "eval_asoc-pred": 0.0,
      "eval_asoc-tp": 0.0,
      "eval_gen_len": 5.2934,
      "eval_gold_tree": 73,
      "eval_loss": 0.23218271136283875,
      "eval_ordered-record-F1": 78.3217,
      "eval_ordered-record-P": 80.0,
      "eval_ordered-record-R": 76.7123,
      "eval_ordered-record-gold": 73.0,
      "eval_ordered-record-pred": 70.0,
      "eval_ordered-record-tp": 56.0,
      "eval_overall-F1": 78.3217,
      "eval_pred_tree": 70,
      "eval_record-F1": 78.3217,
      "eval_record-P": 80.0,
      "eval_record-R": 76.7123,
      "eval_record-gold": 73.0,
      "eval_record-pred": 70.0,
      "eval_record-tp": 56.0,
      "eval_runtime": 2.818,
      "eval_samples_per_second": 59.262,
      "eval_spot-F1": 78.3217,
      "eval_spot-P": 80.0,
      "eval_spot-R": 76.7123,
      "eval_spot-gold": 73.0,
      "eval_spot-pred": 70.0,
      "eval_spot-tp": 56.0,
      "eval_well-formed": 167,
      "step": 2688
    },
    {
      "epoch": 17.0,
      "eval_asoc-F1": 0.0,
      "eval_asoc-P": 0.0,
      "eval_asoc-R": 0.0,
      "eval_asoc-gold": 0.0,
      "eval_asoc-pred": 0.0,
      "eval_asoc-tp": 0.0,
      "eval_gen_len": 5.2934,
      "eval_gold_tree": 73,
      "eval_loss": 0.24686084687709808,
      "eval_ordered-record-F1": 79.7203,
      "eval_ordered-record-P": 81.4286,
      "eval_ordered-record-R": 78.0822,
      "eval_ordered-record-gold": 73.0,
      "eval_ordered-record-pred": 70.0,
      "eval_ordered-record-tp": 57.0,
      "eval_overall-F1": 79.7203,
      "eval_pred_tree": 70,
      "eval_record-F1": 79.7203,
      "eval_record-P": 81.4286,
      "eval_record-R": 78.0822,
      "eval_record-gold": 73.0,
      "eval_record-pred": 70.0,
      "eval_record-tp": 57.0,
      "eval_runtime": 2.8024,
      "eval_samples_per_second": 59.592,
      "eval_spot-F1": 79.7203,
      "eval_spot-P": 81.4286,
      "eval_spot-R": 78.0822,
      "eval_spot-gold": 73.0,
      "eval_spot-pred": 70.0,
      "eval_spot-tp": 57.0,
      "eval_well-formed": 167,
      "step": 2856
    },
    {
      "epoch": 17.86,
      "learning_rate": 8.44475721323012e-07,
      "loss": 0.0293,
      "step": 3000
    },
    {
      "epoch": 18.0,
      "eval_asoc-F1": 0.0,
      "eval_asoc-P": 0.0,
      "eval_asoc-R": 0.0,
      "eval_asoc-gold": 0.0,
      "eval_asoc-pred": 0.0,
      "eval_asoc-tp": 0.0,
      "eval_gen_len": 5.2934,
      "eval_gold_tree": 73,
      "eval_loss": 0.2481657862663269,
      "eval_ordered-record-F1": 78.3217,
      "eval_ordered-record-P": 80.0,
      "eval_ordered-record-R": 76.7123,
      "eval_ordered-record-gold": 73.0,
      "eval_ordered-record-pred": 70.0,
      "eval_ordered-record-tp": 56.0,
      "eval_overall-F1": 78.3217,
      "eval_pred_tree": 70,
      "eval_record-F1": 78.3217,
      "eval_record-P": 80.0,
      "eval_record-R": 76.7123,
      "eval_record-gold": 73.0,
      "eval_record-pred": 70.0,
      "eval_record-tp": 56.0,
      "eval_runtime": 2.8379,
      "eval_samples_per_second": 58.847,
      "eval_spot-F1": 78.3217,
      "eval_spot-P": 80.0,
      "eval_spot-R": 76.7123,
      "eval_spot-gold": 73.0,
      "eval_spot-pred": 70.0,
      "eval_spot-tp": 56.0,
      "eval_well-formed": 167,
      "step": 3024
    },
    {
      "epoch": 18.0,
      "step": 3024,
      "total_flos": 0,
      "train_runtime": 961.2916,
      "train_samples_per_second": 3.146
    }
  ],
  "max_steps": 3024,
  "num_train_epochs": 18,
  "total_flos": 0,
  "trial_name": null,
  "trial_params": null
}
