{
  "best_metric": 83.3333,
  "best_model_checkpoint": "output/meta_2023-09-15-03-20-16632_hf_models_uie-base-en_spotasoc_entity_aquaint-old_multi_fold_6_e18_linear_lr1e-4_ls0_b16_wu0.06_n-1_RP_sn0.1_an0.1_run1/checkpoint-924",
  "epoch": 18.0,
  "global_step": 1512,
  "is_hyper_param_search": false,
  "is_local_process_zero": true,
  "is_world_process_zero": true,
  "log_history": [
    {
      "epoch": 1.0,
      "eval_asoc-F1": 0.0,
      "eval_asoc-P": 0.0,
      "eval_asoc-R": 0.0,
      "eval_asoc-gold": 0.0,
      "eval_asoc-pred": 0.0,
      "eval_asoc-tp": 0.0,
      "eval_gen_len": 6.024,
      "eval_gold_tree": 85,
      "eval_loss": 0.2723628878593445,
      "eval_ordered-record-F1": 54.8571,
      "eval_ordered-record-P": 53.3333,
      "eval_ordered-record-R": 56.4706,
      "eval_ordered-record-gold": 85.0,
      "eval_ordered-record-pred": 90.0,
      "eval_ordered-record-tp": 48.0,
      "eval_overall-F1": 54.8571,
      "eval_pred_tree": 90,
      "eval_record-F1": 54.8571,
      "eval_record-P": 53.3333,
      "eval_record-R": 56.4706,
      "eval_record-gold": 85.0,
      "eval_record-pred": 90.0,
      "eval_record-tp": 48.0,
      "eval_runtime": 1.7178,
      "eval_samples_per_second": 97.216,
      "eval_spot-F1": 54.8571,
      "eval_spot-P": 53.3333,
      "eval_spot-R": 56.4706,
      "eval_spot-gold": 85.0,
      "eval_spot-pred": 90.0,
      "eval_spot-tp": 48.0,
      "eval_well-formed": 167,
      "step": 84
    },
    {
      "epoch": 2.0,
      "eval_asoc-F1": 0.0,
      "eval_asoc-P": 0.0,
      "eval_asoc-R": 0.0,
      "eval_asoc-gold": 0.0,
      "eval_asoc-pred": 0.0,
      "eval_asoc-tp": 0.0,
      "eval_gen_len": 6.1916,
      "eval_gold_tree": 85,
      "eval_loss": 0.16248749196529388,
      "eval_ordered-record-F1": 74.5763,
      "eval_ordered-record-P": 71.7391,
      "eval_ordered-record-R": 77.6471,
      "eval_ordered-record-gold": 85.0,
      "eval_ordered-record-pred": 92.0,
      "eval_ordered-record-tp": 66.0,
      "eval_overall-F1": 74.5763,
      "eval_pred_tree": 92,
      "eval_record-F1": 74.5763,
      "eval_record-P": 71.7391,
      "eval_record-R": 77.6471,
      "eval_record-gold": 85.0,
      "eval_record-pred": 92.0,
      "eval_record-tp": 66.0,
      "eval_runtime": 1.8306,
      "eval_samples_per_second": 91.228,
      "eval_spot-F1": 74.5763,
      "eval_spot-P": 71.7391,
      "eval_spot-R": 77.6471,
      "eval_spot-gold": 85.0,
      "eval_spot-pred": 92.0,
      "eval_spot-tp": 66.0,
      "eval_well-formed": 167,
      "step": 168
    },
    {
      "epoch": 3.0,
      "eval_asoc-F1": 0.0,
      "eval_asoc-P": 0.0,
      "eval_asoc-R": 0.0,
      "eval_asoc-gold": 0.0,
      "eval_asoc-pred": 0.0,
      "eval_asoc-tp": 0.0,
      "eval_gen_len": 6.024,
      "eval_gold_tree": 85,
      "eval_loss": 0.1804305911064148,
      "eval_ordered-record-F1": 75.2941,
      "eval_ordered-record-P": 75.2941,
      "eval_ordered-record-R": 75.2941,
      "eval_ordered-record-gold": 85.0,
      "eval_ordered-record-pred": 85.0,
      "eval_ordered-record-tp": 64.0,
      "eval_overall-F1": 75.2941,
      "eval_pred_tree": 86,
      "eval_record-F1": 75.2941,
      "eval_record-P": 75.2941,
      "eval_record-R": 75.2941,
      "eval_record-gold": 85.0,
      "eval_record-pred": 85.0,
      "eval_record-tp": 64.0,
      "eval_runtime": 1.0181,
      "eval_samples_per_second": 164.028,
      "eval_spot-F1": 75.2941,
      "eval_spot-P": 75.2941,
      "eval_spot-R": 75.2941,
      "eval_spot-gold": 85.0,
      "eval_spot-pred": 85.0,
      "eval_spot-tp": 64.0,
      "eval_well-formed": 167,
      "step": 252
    },
    {
      "epoch": 4.0,
      "eval_asoc-F1": 0.0,
      "eval_asoc-P": 0.0,
      "eval_asoc-R": 0.0,
      "eval_asoc-gold": 0.0,
      "eval_asoc-pred": 0.0,
      "eval_asoc-tp": 0.0,
      "eval_gen_len": 5.7844,
      "eval_gold_tree": 85,
      "eval_loss": 0.20366714894771576,
      "eval_ordered-record-F1": 75.1515,
      "eval_ordered-record-P": 77.5,
      "eval_ordered-record-R": 72.9412,
      "eval_ordered-record-gold": 85.0,
      "eval_ordered-record-pred": 80.0,
      "eval_ordered-record-tp": 62.0,
      "eval_overall-F1": 75.1515,
      "eval_pred_tree": 80,
      "eval_record-F1": 75.1515,
      "eval_record-P": 77.5,
      "eval_record-R": 72.9412,
      "eval_record-gold": 85.0,
      "eval_record-pred": 80.0,
      "eval_record-tp": 62.0,
      "eval_runtime": 1.0831,
      "eval_samples_per_second": 154.194,
      "eval_spot-F1": 75.1515,
      "eval_spot-P": 77.5,
      "eval_spot-R": 72.9412,
      "eval_spot-gold": 85.0,
      "eval_spot-pred": 80.0,
      "eval_spot-tp": 62.0,
      "eval_well-formed": 167,
      "step": 336
    },
    {
      "epoch": 5.0,
      "eval_asoc-F1": 0.0,
      "eval_asoc-P": 0.0,
      "eval_asoc-R": 0.0,
      "eval_asoc-gold": 0.0,
      "eval_asoc-pred": 0.0,
      "eval_asoc-tp": 0.0,
      "eval_gen_len": 5.7665,
      "eval_gold_tree": 85,
      "eval_loss": 0.14836843311786652,
      "eval_ordered-record-F1": 78.3133,
      "eval_ordered-record-P": 80.2469,
      "eval_ordered-record-R": 76.4706,
      "eval_ordered-record-gold": 85.0,
      "eval_ordered-record-pred": 81.0,
      "eval_ordered-record-tp": 65.0,
      "eval_overall-F1": 78.3133,
      "eval_pred_tree": 81,
      "eval_record-F1": 78.3133,
      "eval_record-P": 80.2469,
      "eval_record-R": 76.4706,
      "eval_record-gold": 85.0,
      "eval_record-pred": 81.0,
      "eval_record-tp": 65.0,
      "eval_runtime": 0.9868,
      "eval_samples_per_second": 169.229,
      "eval_spot-F1": 78.3133,
      "eval_spot-P": 80.2469,
      "eval_spot-R": 76.4706,
      "eval_spot-gold": 85.0,
      "eval_spot-pred": 81.0,
      "eval_spot-tp": 65.0,
      "eval_well-formed": 167,
      "step": 420
    },
    {
      "epoch": 5.95,
      "learning_rate": 7.121745249824068e-05,
      "loss": 0.2685,
      "step": 500
    },
    {
      "epoch": 6.0,
      "eval_asoc-F1": 0.0,
      "eval_asoc-P": 0.0,
      "eval_asoc-R": 0.0,
      "eval_asoc-gold": 0.0,
      "eval_asoc-pred": 0.0,
      "eval_asoc-tp": 0.0,
      "eval_gen_len": 5.8922,
      "eval_gold_tree": 85,
      "eval_loss": 0.16530083119869232,
      "eval_ordered-record-F1": 79.7619,
      "eval_ordered-record-P": 80.7229,
      "eval_ordered-record-R": 78.8235,
      "eval_ordered-record-gold": 85.0,
      "eval_ordered-record-pred": 83.0,
      "eval_ordered-record-tp": 67.0,
      "eval_overall-F1": 79.7619,
      "eval_pred_tree": 83,
      "eval_record-F1": 79.7619,
      "eval_record-P": 80.7229,
      "eval_record-R": 78.8235,
      "eval_record-gold": 85.0,
      "eval_record-pred": 83.0,
      "eval_record-tp": 67.0,
      "eval_runtime": 1.2068,
      "eval_samples_per_second": 138.382,
      "eval_spot-F1": 79.7619,
      "eval_spot-P": 80.7229,
      "eval_spot-R": 78.8235,
      "eval_spot-gold": 85.0,
      "eval_spot-pred": 83.0,
      "eval_spot-tp": 67.0,
      "eval_well-formed": 167,
      "step": 504
    },
    {
      "epoch": 7.0,
      "eval_asoc-F1": 0.0,
      "eval_asoc-P": 0.0,
      "eval_asoc-R": 0.0,
      "eval_asoc-gold": 0.0,
      "eval_asoc-pred": 0.0,
      "eval_asoc-tp": 0.0,
      "eval_gen_len": 5.8862,
      "eval_gold_tree": 85,
      "eval_loss": 0.17306335270404816,
      "eval_ordered-record-F1": 77.381,
      "eval_ordered-record-P": 78.3133,
      "eval_ordered-record-R": 76.4706,
      "eval_ordered-record-gold": 85.0,
      "eval_ordered-record-pred": 83.0,
      "eval_ordered-record-tp": 65.0,
      "eval_overall-F1": 77.381,
      "eval_pred_tree": 83,
      "eval_record-F1": 77.381,
      "eval_record-P": 78.3133,
      "eval_record-R": 76.4706,
      "eval_record-gold": 85.0,
      "eval_record-pred": 83.0,
      "eval_record-tp": 65.0,
      "eval_runtime": 1.8065,
      "eval_samples_per_second": 92.444,
      "eval_spot-F1": 77.381,
      "eval_spot-P": 78.3133,
      "eval_spot-R": 76.4706,
      "eval_spot-gold": 85.0,
      "eval_spot-pred": 83.0,
      "eval_spot-tp": 65.0,
      "eval_well-formed": 167,
      "step": 588
    },
    {
      "epoch": 8.0,
      "eval_asoc-F1": 0.0,
      "eval_asoc-P": 0.0,
      "eval_asoc-R": 0.0,
      "eval_asoc-gold": 0.0,
      "eval_asoc-pred": 0.0,
      "eval_asoc-tp": 0.0,
      "eval_gen_len": 5.8802,
      "eval_gold_tree": 85,
      "eval_loss": 0.19646504521369934,
      "eval_ordered-record-F1": 79.0419,
      "eval_ordered-record-P": 80.4878,
      "eval_ordered-record-R": 77.6471,
      "eval_ordered-record-gold": 85.0,
      "eval_ordered-record-pred": 82.0,
      "eval_ordered-record-tp": 66.0,
      "eval_overall-F1": 79.0419,
      "eval_pred_tree": 83,
      "eval_record-F1": 79.0419,
      "eval_record-P": 80.4878,
      "eval_record-R": 77.6471,
      "eval_record-gold": 85.0,
      "eval_record-pred": 82.0,
      "eval_record-tp": 66.0,
      "eval_runtime": 1.7663,
      "eval_samples_per_second": 94.549,
      "eval_spot-F1": 79.0419,
      "eval_spot-P": 80.4878,
      "eval_spot-R": 77.6471,
      "eval_spot-gold": 85.0,
      "eval_spot-pred": 82.0,
      "eval_spot-tp": 66.0,
      "eval_well-formed": 167,
      "step": 672
    },
    {
      "epoch": 9.0,
      "eval_asoc-F1": 0.0,
      "eval_asoc-P": 0.0,
      "eval_asoc-R": 0.0,
      "eval_asoc-gold": 0.0,
      "eval_asoc-pred": 0.0,
      "eval_asoc-tp": 0.0,
      "eval_gen_len": 5.8862,
      "eval_gold_tree": 85,
      "eval_loss": 0.19064484536647797,
      "eval_ordered-record-F1": 79.7619,
      "eval_ordered-record-P": 80.7229,
      "eval_ordered-record-R": 78.8235,
      "eval_ordered-record-gold": 85.0,
      "eval_ordered-record-pred": 83.0,
      "eval_ordered-record-tp": 67.0,
      "eval_overall-F1": 79.7619,
      "eval_pred_tree": 83,
      "eval_record-F1": 79.7619,
      "eval_record-P": 80.7229,
      "eval_record-R": 78.8235,
      "eval_record-gold": 85.0,
      "eval_record-pred": 83.0,
      "eval_record-tp": 67.0,
      "eval_runtime": 1.8222,
      "eval_samples_per_second": 91.649,
      "eval_spot-F1": 79.7619,
      "eval_spot-P": 80.7229,
      "eval_spot-R": 78.8235,
      "eval_spot-gold": 85.0,
      "eval_spot-pred": 83.0,
      "eval_spot-tp": 67.0,
      "eval_well-formed": 167,
      "step": 756
    },
    {
      "epoch": 10.0,
      "eval_asoc-F1": 0.0,
      "eval_asoc-P": 0.0,
      "eval_asoc-R": 0.0,
      "eval_asoc-gold": 0.0,
      "eval_asoc-pred": 0.0,
      "eval_asoc-tp": 0.0,
      "eval_gen_len": 5.9042,
      "eval_gold_tree": 85,
      "eval_loss": 0.18884094059467316,
      "eval_ordered-record-F1": 82.1429,
      "eval_ordered-record-P": 83.1325,
      "eval_ordered-record-R": 81.1765,
      "eval_ordered-record-gold": 85.0,
      "eval_ordered-record-pred": 83.0,
      "eval_ordered-record-tp": 69.0,
      "eval_overall-F1": 82.1429,
      "eval_pred_tree": 83,
      "eval_record-F1": 82.1429,
      "eval_record-P": 83.1325,
      "eval_record-R": 81.1765,
      "eval_record-gold": 85.0,
      "eval_record-pred": 83.0,
      "eval_record-tp": 69.0,
      "eval_runtime": 1.6981,
      "eval_samples_per_second": 98.345,
      "eval_spot-F1": 82.1429,
      "eval_spot-P": 83.1325,
      "eval_spot-R": 81.1765,
      "eval_spot-gold": 85.0,
      "eval_spot-pred": 83.0,
      "eval_spot-tp": 69.0,
      "eval_well-formed": 167,
      "step": 840
    },
    {
      "epoch": 11.0,
      "eval_asoc-F1": 0.0,
      "eval_asoc-P": 0.0,
      "eval_asoc-R": 0.0,
      "eval_asoc-gold": 0.0,
      "eval_asoc-pred": 0.0,
      "eval_asoc-tp": 0.0,
      "eval_gen_len": 5.9042,
      "eval_gold_tree": 85,
      "eval_loss": 0.22770681977272034,
      "eval_ordered-record-F1": 83.3333,
      "eval_ordered-record-P": 84.3373,
      "eval_ordered-record-R": 82.3529,
      "eval_ordered-record-gold": 85.0,
      "eval_ordered-record-pred": 83.0,
      "eval_ordered-record-tp": 70.0,
      "eval_overall-F1": 83.3333,
      "eval_pred_tree": 83,
      "eval_record-F1": 83.3333,
      "eval_record-P": 84.3373,
      "eval_record-R": 82.3529,
      "eval_record-gold": 85.0,
      "eval_record-pred": 83.0,
      "eval_record-tp": 70.0,
      "eval_runtime": 1.7513,
      "eval_samples_per_second": 95.36,
      "eval_spot-F1": 83.3333,
      "eval_spot-P": 84.3373,
      "eval_spot-R": 82.3529,
      "eval_spot-gold": 85.0,
      "eval_spot-pred": 83.0,
      "eval_spot-tp": 70.0,
      "eval_well-formed": 167,
      "step": 924
    },
    {
      "epoch": 11.9,
      "learning_rate": 3.603096410978184e-05,
      "loss": 0.0569,
      "step": 1000
    },
    {
      "epoch": 12.0,
      "eval_asoc-F1": 0.0,
      "eval_asoc-P": 0.0,
      "eval_asoc-R": 0.0,
      "eval_asoc-gold": 0.0,
      "eval_asoc-pred": 0.0,
      "eval_asoc-tp": 0.0,
      "eval_gen_len": 5.9281,
      "eval_gold_tree": 85,
      "eval_loss": 0.18864724040031433,
      "eval_ordered-record-F1": 81.6568,
      "eval_ordered-record-P": 82.1429,
      "eval_ordered-record-R": 81.1765,
      "eval_ordered-record-gold": 85.0,
      "eval_ordered-record-pred": 84.0,
      "eval_ordered-record-tp": 69.0,
      "eval_overall-F1": 81.6568,
      "eval_pred_tree": 84,
      "eval_record-F1": 81.6568,
      "eval_record-P": 82.1429,
      "eval_record-R": 81.1765,
      "eval_record-gold": 85.0,
      "eval_record-pred": 84.0,
      "eval_record-tp": 69.0,
      "eval_runtime": 1.8236,
      "eval_samples_per_second": 91.577,
      "eval_spot-F1": 81.6568,
      "eval_spot-P": 82.1429,
      "eval_spot-R": 81.1765,
      "eval_spot-gold": 85.0,
      "eval_spot-pred": 84.0,
      "eval_spot-tp": 69.0,
      "eval_well-formed": 167,
      "step": 1008
    },
    {
      "epoch": 13.0,
      "eval_asoc-F1": 0.0,
      "eval_asoc-P": 0.0,
      "eval_asoc-R": 0.0,
      "eval_asoc-gold": 0.0,
      "eval_asoc-pred": 0.0,
      "eval_asoc-tp": 0.0,
      "eval_gen_len": 5.9461,
      "eval_gold_tree": 85,
      "eval_loss": 0.2602002024650574,
      "eval_ordered-record-F1": 80.4734,
      "eval_ordered-record-P": 80.9524,
      "eval_ordered-record-R": 80.0,
      "eval_ordered-record-gold": 85.0,
      "eval_ordered-record-pred": 84.0,
      "eval_ordered-record-tp": 68.0,
      "eval_overall-F1": 80.4734,
      "eval_pred_tree": 85,
      "eval_record-F1": 80.4734,
      "eval_record-P": 80.9524,
      "eval_record-R": 80.0,
      "eval_record-gold": 85.0,
      "eval_record-pred": 84.0,
      "eval_record-tp": 68.0,
      "eval_runtime": 1.8029,
      "eval_samples_per_second": 92.628,
      "eval_spot-F1": 80.4734,
      "eval_spot-P": 80.9524,
      "eval_spot-R": 80.0,
      "eval_spot-gold": 85.0,
      "eval_spot-pred": 84.0,
      "eval_spot-tp": 68.0,
      "eval_well-formed": 167,
      "step": 1092
    },
    {
      "epoch": 14.0,
      "eval_asoc-F1": 0.0,
      "eval_asoc-P": 0.0,
      "eval_asoc-R": 0.0,
      "eval_asoc-gold": 0.0,
      "eval_asoc-pred": 0.0,
      "eval_asoc-tp": 0.0,
      "eval_gen_len": 5.8862,
      "eval_gold_tree": 85,
      "eval_loss": 0.2539454400539398,
      "eval_ordered-record-F1": 79.7619,
      "eval_ordered-record-P": 80.7229,
      "eval_ordered-record-R": 78.8235,
      "eval_ordered-record-gold": 85.0,
      "eval_ordered-record-pred": 83.0,
      "eval_ordered-record-tp": 67.0,
      "eval_overall-F1": 79.7619,
      "eval_pred_tree": 83,
      "eval_record-F1": 79.7619,
      "eval_record-P": 80.7229,
      "eval_record-R": 78.8235,
      "eval_record-gold": 85.0,
      "eval_record-pred": 83.0,
      "eval_record-tp": 67.0,
      "eval_runtime": 1.7185,
      "eval_samples_per_second": 97.178,
      "eval_spot-F1": 79.7619,
      "eval_spot-P": 80.7229,
      "eval_spot-R": 78.8235,
      "eval_spot-gold": 85.0,
      "eval_spot-pred": 83.0,
      "eval_spot-tp": 67.0,
      "eval_well-formed": 167,
      "step": 1176
    },
    {
      "epoch": 15.0,
      "eval_asoc-F1": 0.0,
      "eval_asoc-P": 0.0,
      "eval_asoc-R": 0.0,
      "eval_asoc-gold": 0.0,
      "eval_asoc-pred": 0.0,
      "eval_asoc-tp": 0.0,
      "eval_gen_len": 5.8802,
      "eval_gold_tree": 85,
      "eval_loss": 0.27722597122192383,
      "eval_ordered-record-F1": 78.5714,
      "eval_ordered-record-P": 79.5181,
      "eval_ordered-record-R": 77.6471,
      "eval_ordered-record-gold": 85.0,
      "eval_ordered-record-pred": 83.0,
      "eval_ordered-record-tp": 66.0,
      "eval_overall-F1": 78.5714,
      "eval_pred_tree": 83,
      "eval_record-F1": 78.5714,
      "eval_record-P": 79.5181,
      "eval_record-R": 77.6471,
      "eval_record-gold": 85.0,
      "eval_record-pred": 83.0,
      "eval_record-tp": 66.0,
      "eval_runtime": 1.7514,
      "eval_samples_per_second": 95.351,
      "eval_spot-F1": 78.5714,
      "eval_spot-P": 79.5181,
      "eval_spot-R": 77.6471,
      "eval_spot-gold": 85.0,
      "eval_spot-pred": 83.0,
      "eval_spot-tp": 66.0,
      "eval_well-formed": 167,
      "step": 1260
    },
    {
      "epoch": 16.0,
      "eval_asoc-F1": 0.0,
      "eval_asoc-P": 0.0,
      "eval_asoc-R": 0.0,
      "eval_asoc-gold": 0.0,
      "eval_asoc-pred": 0.0,
      "eval_asoc-tp": 0.0,
      "eval_gen_len": 5.8443,
      "eval_gold_tree": 85,
      "eval_loss": 0.2562504708766937,
      "eval_ordered-record-F1": 77.8443,
      "eval_ordered-record-P": 79.2683,
      "eval_ordered-record-R": 76.4706,
      "eval_ordered-record-gold": 85.0,
      "eval_ordered-record-pred": 82.0,
      "eval_ordered-record-tp": 65.0,
      "eval_overall-F1": 77.8443,
      "eval_pred_tree": 82,
      "eval_record-F1": 77.8443,
      "eval_record-P": 79.2683,
      "eval_record-R": 76.4706,
      "eval_record-gold": 85.0,
      "eval_record-pred": 82.0,
      "eval_record-tp": 65.0,
      "eval_runtime": 1.6686,
      "eval_samples_per_second": 100.082,
      "eval_spot-F1": 77.8443,
      "eval_spot-P": 79.2683,
      "eval_spot-R": 76.4706,
      "eval_spot-gold": 85.0,
      "eval_spot-pred": 82.0,
      "eval_spot-tp": 65.0,
      "eval_well-formed": 167,
      "step": 1344
    },
    {
      "epoch": 17.0,
      "eval_asoc-F1": 0.0,
      "eval_asoc-P": 0.0,
      "eval_asoc-R": 0.0,
      "eval_asoc-gold": 0.0,
      "eval_asoc-pred": 0.0,
      "eval_asoc-tp": 0.0,
      "eval_gen_len": 5.8862,
      "eval_gold_tree": 85,
      "eval_loss": 0.25703513622283936,
      "eval_ordered-record-F1": 79.7619,
      "eval_ordered-record-P": 80.7229,
      "eval_ordered-record-R": 78.8235,
      "eval_ordered-record-gold": 85.0,
      "eval_ordered-record-pred": 83.0,
      "eval_ordered-record-tp": 67.0,
      "eval_overall-F1": 79.7619,
      "eval_pred_tree": 83,
      "eval_record-F1": 79.7619,
      "eval_record-P": 80.7229,
      "eval_record-R": 78.8235,
      "eval_record-gold": 85.0,
      "eval_record-pred": 83.0,
      "eval_record-tp": 67.0,
      "eval_runtime": 1.7078,
      "eval_samples_per_second": 97.786,
      "eval_spot-F1": 79.7619,
      "eval_spot-P": 80.7229,
      "eval_spot-R": 78.8235,
      "eval_spot-gold": 85.0,
      "eval_spot-pred": 83.0,
      "eval_spot-tp": 67.0,
      "eval_well-formed": 167,
      "step": 1428
    },
    {
      "epoch": 17.86,
      "learning_rate": 8.44475721323012e-07,
      "loss": 0.0466,
      "step": 1500
    },
    {
      "epoch": 18.0,
      "eval_asoc-F1": 0.0,
      "eval_asoc-P": 0.0,
      "eval_asoc-R": 0.0,
      "eval_asoc-gold": 0.0,
      "eval_asoc-pred": 0.0,
      "eval_asoc-tp": 0.0,
      "eval_gen_len": 5.9222,
      "eval_gold_tree": 85,
      "eval_loss": 0.2579188942909241,
      "eval_ordered-record-F1": 80.4734,
      "eval_ordered-record-P": 80.9524,
      "eval_ordered-record-R": 80.0,
      "eval_ordered-record-gold": 85.0,
      "eval_ordered-record-pred": 84.0,
      "eval_ordered-record-tp": 68.0,
      "eval_overall-F1": 80.4734,
      "eval_pred_tree": 84,
      "eval_record-F1": 80.4734,
      "eval_record-P": 80.9524,
      "eval_record-R": 80.0,
      "eval_record-gold": 85.0,
      "eval_record-pred": 84.0,
      "eval_record-tp": 68.0,
      "eval_runtime": 1.8202,
      "eval_samples_per_second": 91.746,
      "eval_spot-F1": 80.4734,
      "eval_spot-P": 80.9524,
      "eval_spot-R": 80.0,
      "eval_spot-gold": 85.0,
      "eval_spot-pred": 84.0,
      "eval_spot-tp": 68.0,
      "eval_well-formed": 167,
      "step": 1512
    }
  ],
  "max_steps": 1512,
  "num_train_epochs": 18,
  "total_flos": 187021334545920.0,
  "trial_name": null,
  "trial_params": null
}
