{
    "epoch": "2/20",
    "best_epoch": 1,
    "max_gpu_mem": "10.8631",
    "cur_ram": "2.8277",
    "time_epoch": "0:00:07",
    "time_total": "0:00:15",
    "best_train_ner_loss": 996.2520528157552,
    "train_ner_loss": 659.5788800557455,
    "best_train_sum": 0.0035031382279959136,
    "train_sum": 0.0035031382279959136,
    "best_dev_ner_loss": 860.2384338378906,
    "dev_ner_loss": 237.30578994750977,
    "best_dev_sum": 0.0012262415695892092,
    "dev_sum": 0.0,
    "best_train_ner_precision": 0.0021779462773251594,
    "best_train_ner_recall": 0.02317596566523605,
    "best_train_ner_span_f1": 0.003981713611561717,
    "train_ner_precision": 0.002110446711220542,
    "train_ner_recall": 0.010300429184549357,
    "train_ner_span_f1": 0.0035031382279959136,
    "best_dev_ner_precision": 0.0006640106241699867,
    "best_dev_ner_recall": 0.008,
    "best_dev_ner_span_f1": 0.0012262415695892092,
    "dev_ner_precision": 0.0,
    "dev_ner_recall": 0.0,
    "dev_ner_span_f1": 0.0
}