{
    "epoch": "20/20",
    "best_epoch": 13,
    "max_gpu_mem": "10.8843",
    "cur_ram": "2.8288",
    "time_epoch": "0:00:07",
    "time_total": "0:02:42",
    "best_train_ner_loss": 2.5962957382202148,
    "train_ner_loss": 0.4103965759277344,
    "best_train_sum": 0.9978549978549979,
    "train_sum": 0.9978549978549979,
    "best_dev_ner_loss": 9.635627746582031,
    "dev_ner_loss": 9.186532974243164,
    "best_dev_sum": 0.976,
    "dev_sum": 0.9721115537848605,
    "best_train_ner_precision": 0.9854576561163387,
    "best_train_ner_recall": 0.9888412017167382,
    "best_train_ner_span_f1": 0.987146529562982,
    "train_ner_precision": 0.9974271012006861,
    "train_ner_recall": 0.9982832618025751,
    "train_ner_span_f1": 0.9978549978549979,
    "best_dev_ner_precision": 0.976,
    "best_dev_ner_recall": 0.976,
    "best_dev_ner_span_f1": 0.976,
    "dev_ner_precision": 0.9682539682539683,
    "dev_ner_recall": 0.976,
    "dev_ner_span_f1": 0.9721115537848605
}