{
    "epoch": "3/20",
    "best_epoch": 3,
    "max_gpu_mem": "10.8631",
    "cur_ram": "2.8279",
    "time_epoch": "0:00:07",
    "time_total": "0:00:22",
    "best_train_ner_loss": 214.75897089640299,
    "train_ner_loss": 214.75897089640299,
    "best_train_sum": 0.25480505216913785,
    "train_sum": 0.25480505216913785,
    "best_dev_ner_loss": 81.90337562561035,
    "dev_ner_loss": 81.90337562561035,
    "best_dev_sum": 0.5963636363636364,
    "dev_sum": 0.5963636363636364,
    "best_train_ner_precision": 0.35365853658536583,
    "best_train_ner_recall": 0.19914163090128756,
    "best_train_ner_span_f1": 0.25480505216913785,
    "train_ner_precision": 0.35365853658536583,
    "train_ner_recall": 0.19914163090128756,
    "train_ner_span_f1": 0.25480505216913785,
    "best_dev_ner_precision": 0.5466666666666666,
    "best_dev_ner_recall": 0.656,
    "best_dev_ner_span_f1": 0.5963636363636364,
    "dev_ner_precision": 0.5466666666666666,
    "dev_ner_recall": 0.656,
    "dev_ner_span_f1": 0.5963636363636364
}