{
    "epoch": "5/20",
    "best_epoch": 5,
    "max_gpu_mem": "10.8631",
    "cur_ram": "2.8281",
    "time_epoch": "0:00:07",
    "time_total": "0:00:41",
    "best_train_ner_loss": 31.005613644917805,
    "train_ner_loss": 31.005613644917805,
    "best_train_sum": 0.892992026856903,
    "train_sum": 0.892992026856903,
    "best_dev_ner_loss": 15.318607330322266,
    "dev_ner_loss": 15.318607330322266,
    "best_dev_sum": 0.9206349206349207,
    "dev_sum": 0.9206349206349207,
    "best_train_ner_precision": 0.8735632183908046,
    "best_train_ner_recall": 0.9133047210300429,
    "best_train_ner_span_f1": 0.892992026856903,
    "train_ner_precision": 0.8735632183908046,
    "train_ner_recall": 0.9133047210300429,
    "train_ner_span_f1": 0.892992026856903,
    "best_dev_ner_precision": 0.9133858267716536,
    "best_dev_ner_recall": 0.928,
    "best_dev_ner_span_f1": 0.9206349206349207,
    "dev_ner_precision": 0.9133858267716536,
    "dev_ner_recall": 0.928,
    "dev_ner_span_f1": 0.9206349206349207
}