{
    "epoch": "8/20",
    "best_epoch": 8,
    "max_gpu_mem": "10.8631",
    "cur_ram": "2.8286",
    "time_epoch": "0:00:07",
    "time_total": "0:01:08",
    "best_train_ner_loss": 11.98230374654134,
    "train_ner_loss": 11.98230374654134,
    "best_train_sum": 0.9577103801794106,
    "train_sum": 0.9577103801794106,
    "best_dev_ner_loss": 13.267862319946289,
    "dev_ner_loss": 13.267862319946289,
    "best_dev_sum": 0.9565217391304348,
    "dev_sum": 0.9565217391304348,
    "best_train_ner_precision": 0.9532312925170068,
    "best_train_ner_recall": 0.9622317596566523,
    "best_train_ner_span_f1": 0.9577103801794106,
    "train_ner_precision": 0.9532312925170068,
    "train_ner_recall": 0.9622317596566523,
    "train_ner_span_f1": 0.9577103801794106,
    "best_dev_ner_precision": 0.9453125,
    "best_dev_ner_recall": 0.968,
    "best_dev_ner_span_f1": 0.9565217391304348,
    "dev_ner_precision": 0.9453125,
    "dev_ner_recall": 0.968,
    "dev_ner_span_f1": 0.9565217391304348
}