{
    "epoch": "7/20",
    "best_epoch": 7,
    "max_gpu_mem": "10.8631",
    "cur_ram": "2.8286",
    "time_epoch": "0:00:07",
    "time_total": "0:00:59",
    "best_train_ner_loss": 13.525599479675293,
    "train_ner_loss": 13.525599479675293,
    "best_train_sum": 0.9603411513859275,
    "train_sum": 0.9603411513859275,
    "best_dev_ner_loss": 13.655767440795898,
    "dev_ner_loss": 13.655767440795898,
    "best_dev_sum": 0.9392712550607287,
    "dev_sum": 0.9392712550607287,
    "best_train_ner_precision": 0.9542372881355933,
    "best_train_ner_recall": 0.9665236051502146,
    "best_train_ner_span_f1": 0.9603411513859275,
    "train_ner_precision": 0.9542372881355933,
    "train_ner_recall": 0.9665236051502146,
    "train_ner_span_f1": 0.9603411513859275,
    "best_dev_ner_precision": 0.9508196721311475,
    "best_dev_ner_recall": 0.928,
    "best_dev_ner_span_f1": 0.9392712550607287,
    "dev_ner_precision": 0.9508196721311475,
    "dev_ner_recall": 0.928,
    "dev_ner_span_f1": 0.9392712550607287
}