{
    "epoch": "14/20",
    "best_epoch": 13,
    "max_gpu_mem": "10.8843",
    "cur_ram": "2.8288",
    "time_epoch": "0:00:07",
    "time_total": "0:01:59",
    "best_train_ner_loss": 2.5962957382202148,
    "train_ner_loss": 1.8893999099731444,
    "best_train_sum": 0.9922879177377892,
    "train_sum": 0.9922879177377892,
    "best_dev_ner_loss": 9.635627746582031,
    "dev_ner_loss": 8.519658088684082,
    "best_dev_sum": 0.976,
    "dev_sum": 0.976,
    "best_train_ner_precision": 0.9854576561163387,
    "best_train_ner_recall": 0.9888412017167382,
    "best_train_ner_span_f1": 0.987146529562982,
    "train_ner_precision": 0.9905902480752781,
    "train_ner_recall": 0.9939914163090129,
    "train_ner_span_f1": 0.9922879177377892,
    "best_dev_ner_precision": 0.976,
    "best_dev_ner_recall": 0.976,
    "best_dev_ner_span_f1": 0.976,
    "dev_ner_precision": 0.976,
    "dev_ner_recall": 0.976,
    "dev_ner_span_f1": 0.976
}