{
    "epoch": "4/20",
    "best_epoch": 4,
    "max_gpu_mem": "10.8631",
    "cur_ram": "2.8281",
    "time_epoch": "0:00:07",
    "time_total": "0:00:32",
    "best_train_ner_loss": 74.64475377400716,
    "train_ner_loss": 74.64475377400716,
    "best_train_sum": 0.7156473391580619,
    "train_sum": 0.7156473391580619,
    "best_dev_ner_loss": 26.13169765472412,
    "dev_ner_loss": 26.13169765472412,
    "best_dev_sum": 0.8853754940711464,
    "dev_sum": 0.8853754940711464,
    "best_train_ner_precision": 0.6659275683665927,
    "best_train_ner_recall": 0.7733905579399142,
    "best_train_ner_span_f1": 0.7156473391580619,
    "train_ner_precision": 0.6659275683665927,
    "train_ner_recall": 0.7733905579399142,
    "train_ner_span_f1": 0.7156473391580619,
    "best_dev_ner_precision": 0.875,
    "best_dev_ner_recall": 0.896,
    "best_dev_ner_span_f1": 0.8853754940711464,
    "dev_ner_precision": 0.875,
    "dev_ner_recall": 0.896,
    "dev_ner_span_f1": 0.8853754940711464
}