{
    "epoch": "6/20",
    "best_epoch": 6,
    "max_gpu_mem": "10.8631",
    "cur_ram": "2.8286",
    "time_epoch": "0:00:07",
    "time_total": "0:00:50",
    "best_train_ner_loss": 19.791496976216635,
    "train_ner_loss": 19.791496976216635,
    "best_train_sum": 0.9387234042553191,
    "train_sum": 0.9387234042553191,
    "best_dev_ner_loss": 13.846295356750488,
    "dev_ner_loss": 13.846295356750488,
    "best_dev_sum": 0.9328063241106719,
    "dev_sum": 0.9328063241106719,
    "best_train_ner_precision": 0.9308016877637131,
    "best_train_ner_recall": 0.9467811158798283,
    "best_train_ner_span_f1": 0.9387234042553191,
    "train_ner_precision": 0.9308016877637131,
    "train_ner_recall": 0.9467811158798283,
    "train_ner_span_f1": 0.9387234042553191,
    "best_dev_ner_precision": 0.921875,
    "best_dev_ner_recall": 0.944,
    "best_dev_ner_span_f1": 0.9328063241106719,
    "dev_ner_precision": 0.921875,
    "dev_ner_recall": 0.944,
    "dev_ner_span_f1": 0.9328063241106719
}