{
    "epoch": "10/20",
    "best_epoch": 10,
    "max_gpu_mem": "10.8631",
    "cur_ram": "2.8287",
    "time_epoch": "0:00:07",
    "time_total": "0:01:25",
    "best_train_ner_loss": 7.6279449462890625,
    "train_ner_loss": 7.6279449462890625,
    "best_train_sum": 0.9727195225916454,
    "train_sum": 0.9727195225916454,
    "best_dev_ner_loss": 15.30369758605957,
    "dev_ner_loss": 15.30369758605957,
    "best_dev_sum": 0.9596774193548387,
    "dev_sum": 0.9596774193548387,
    "best_train_ner_precision": 0.9661303979678239,
    "best_train_ner_recall": 0.9793991416309012,
    "best_train_ner_span_f1": 0.9727195225916454,
    "train_ner_precision": 0.9661303979678239,
    "train_ner_recall": 0.9793991416309012,
    "train_ner_span_f1": 0.9727195225916454,
    "best_dev_ner_precision": 0.967479674796748,
    "best_dev_ner_recall": 0.952,
    "best_dev_ner_span_f1": 0.9596774193548387,
    "dev_ner_precision": 0.967479674796748,
    "dev_ner_recall": 0.952,
    "dev_ner_span_f1": 0.9596774193548387
}