{
    "epoch": "12/20",
    "best_epoch": 11,
    "max_gpu_mem": "10.8843",
    "cur_ram": "2.8288",
    "time_epoch": "0:00:07",
    "time_total": "0:01:43",
    "best_train_ner_loss": 6.724903996785482,
    "train_ner_loss": 5.977020390828451,
    "best_train_sum": 0.9790508764429243,
    "train_sum": 0.9790508764429243,
    "best_dev_ner_loss": 9.194802284240723,
    "dev_ner_loss": 7.9781293869018555,
    "best_dev_sum": 0.9721115537848605,
    "dev_sum": 0.9718875502008033,
    "best_train_ner_precision": 0.9761499148211243,
    "best_train_ner_recall": 0.9836909871244636,
    "best_train_ner_span_f1": 0.9799059427105601,
    "train_ner_precision": 0.975298126064736,
    "train_ner_recall": 0.9828326180257511,
    "train_ner_span_f1": 0.9790508764429243,
    "best_dev_ner_precision": 0.9682539682539683,
    "best_dev_ner_recall": 0.976,
    "best_dev_ner_span_f1": 0.9721115537848605,
    "dev_ner_precision": 0.9758064516129032,
    "dev_ner_recall": 0.968,
    "dev_ner_span_f1": 0.9718875502008033
}