{
    "epoch": "9/20",
    "best_epoch": 8,
    "max_gpu_mem": "2.8460",
    "cur_ram": "2.4903",
    "time_epoch": "0:00:08",
    "time_total": "0:01:21",
    "best_train_ner_loss": 11.689333173963758,
    "train_ner_loss": 7.559223492940267,
    "best_train_sum": 0.8642659279778394,
    "train_sum": 0.8642659279778394,
    "best_dev_ner_loss": 23.263439995901926,
    "dev_ner_loss": 25.29814556666783,
    "best_dev_sum": 0.704,
    "dev_sum": 0.6976744186046512,
    "best_train_ner_precision": 0.8247232472324724,
    "best_train_ner_recall": 0.8355140186915888,
    "best_train_ner_span_f1": 0.8300835654596102,
    "train_ner_precision": 0.8540145985401459,
    "train_ner_recall": 0.874766355140187,
    "train_ner_span_f1": 0.8642659279778394,
    "best_dev_ner_precision": 0.6984126984126984,
    "best_dev_ner_recall": 0.7096774193548387,
    "best_dev_ner_span_f1": 0.704,
    "dev_ner_precision": 0.6716417910447762,
    "dev_ner_recall": 0.7258064516129032,
    "dev_ner_span_f1": 0.6976744186046512
}