{
    "epoch": "10/20",
    "best_epoch": 10,
    "max_gpu_mem": "2.8460",
    "cur_ram": "2.4903",
    "time_epoch": "0:00:08",
    "time_total": "0:01:29",
    "best_train_ner_loss": 6.319647471110026,
    "train_ner_loss": 6.319647471110026,
    "best_train_sum": 0.891566265060241,
    "train_sum": 0.891566265060241,
    "best_dev_ner_loss": 22.20467976161412,
    "dev_ner_loss": 22.20467976161412,
    "best_dev_sum": 0.7244094488188977,
    "dev_sum": 0.7244094488188977,
    "best_train_ner_precision": 0.8841911764705882,
    "best_train_ner_recall": 0.8990654205607477,
    "best_train_ner_span_f1": 0.891566265060241,
    "train_ner_precision": 0.8841911764705882,
    "train_ner_recall": 0.8990654205607477,
    "train_ner_span_f1": 0.891566265060241,
    "best_dev_ner_precision": 0.7076923076923077,
    "best_dev_ner_recall": 0.7419354838709677,
    "best_dev_ner_span_f1": 0.7244094488188977,
    "dev_ner_precision": 0.7076923076923077,
    "dev_ner_recall": 0.7419354838709677,
    "dev_ner_span_f1": 0.7244094488188977
}