{
    "epoch": "19/20",
    "best_epoch": 16,
    "max_gpu_mem": "2.8464",
    "cur_ram": "2.4905",
    "time_epoch": "0:00:08",
    "time_total": "0:02:48",
    "best_train_ner_loss": 1.0637421784577545,
    "train_ner_loss": 0.5701888755515769,
    "best_train_sum": 0.9934640522875817,
    "train_sum": 0.9934640522875817,
    "best_dev_ner_loss": 35.569902420043945,
    "dev_ner_loss": 36.57016617911203,
    "best_dev_sum": 0.7619047619047619,
    "dev_sum": 0.7460317460317459,
    "best_train_ner_precision": 0.9777365491651205,
    "best_train_ner_recall": 0.9850467289719627,
    "best_train_ner_span_f1": 0.9813780260707635,
    "train_ner_precision": 0.9925373134328358,
    "train_ner_recall": 0.994392523364486,
    "train_ner_span_f1": 0.9934640522875817,
    "best_dev_ner_precision": 0.75,
    "best_dev_ner_recall": 0.7741935483870968,
    "best_dev_ner_span_f1": 0.7619047619047619,
    "dev_ner_precision": 0.734375,
    "dev_ner_recall": 0.7580645161290323,
    "dev_ner_span_f1": 0.7460317460317459
}