{
    "epoch": "4/20",
    "best_epoch": 4,
    "max_gpu_mem": "2.8460",
    "cur_ram": "2.4824",
    "time_epoch": "0:00:08",
    "time_total": "0:00:35",
    "best_train_ner_loss": 51.04339737362332,
    "train_ner_loss": 51.04339737362332,
    "best_train_sum": 0.1589958158995816,
    "train_sum": 0.1589958158995816,
    "best_dev_ner_loss": 34.995928628104075,
    "dev_ner_loss": 34.995928628104075,
    "best_dev_sum": 0.373134328358209,
    "dev_sum": 0.373134328358209,
    "best_train_ner_precision": 0.3131868131868132,
    "best_train_ner_recall": 0.10654205607476636,
    "best_train_ner_span_f1": 0.1589958158995816,
    "train_ner_precision": 0.3131868131868132,
    "train_ner_recall": 0.10654205607476636,
    "train_ner_span_f1": 0.1589958158995816,
    "best_dev_ner_precision": 0.3472222222222222,
    "best_dev_ner_recall": 0.4032258064516129,
    "best_dev_ner_span_f1": 0.373134328358209,
    "dev_ner_precision": 0.3472222222222222,
    "dev_ner_recall": 0.4032258064516129,
    "dev_ner_span_f1": 0.373134328358209
}