{
    "epoch": "2/20",
    "best_epoch": 1,
    "max_gpu_mem": "2.8271",
    "cur_ram": "2.4824",
    "time_epoch": "0:00:08",
    "time_total": "0:00:18",
    "best_train_ner_loss": 1065.9968284324364,
    "train_ner_loss": 411.16301494174536,
    "best_train_sum": 0.0017421602787456448,
    "train_sum": 0.0017421602787456448,
    "best_dev_ner_loss": 902.5648803710938,
    "dev_ner_loss": 91.37497656685966,
    "best_dev_sum": 0.0,
    "dev_sum": 0.0,
    "best_train_ner_precision": 0.00021105951878429716,
    "best_train_ner_recall": 0.001869158878504673,
    "best_train_ner_span_f1": 0.000379290726341741,
    "train_ner_precision": 0.0016313213703099511,
    "train_ner_recall": 0.001869158878504673,
    "train_ner_span_f1": 0.0017421602787456448,
    "best_dev_ner_precision": 0.0,
    "best_dev_ner_recall": 0.0,
    "best_dev_ner_span_f1": 0.0,
    "dev_ner_precision": 0.0,
    "dev_ner_recall": 0.0,
    "dev_ner_span_f1": 0.0
}