{
    "epoch": "6/20",
    "best_epoch": 6,
    "max_gpu_mem": "2.8460",
    "cur_ram": "2.4901",
    "time_epoch": "0:00:08",
    "time_total": "0:00:53",
    "best_train_ner_loss": 19.808871092619718,
    "train_ner_loss": 19.808871092619718,
    "best_train_sum": 0.7084870848708485,
    "train_sum": 0.7084870848708485,
    "best_dev_ner_loss": 23.847930635724747,
    "dev_ner_loss": 23.847930635724747,
    "best_dev_sum": 0.634920634920635,
    "dev_sum": 0.634920634920635,
    "best_train_ner_precision": 0.6994535519125683,
    "best_train_ner_recall": 0.7177570093457943,
    "best_train_ner_span_f1": 0.7084870848708485,
    "train_ner_precision": 0.6994535519125683,
    "train_ner_recall": 0.7177570093457943,
    "train_ner_span_f1": 0.7084870848708485,
    "best_dev_ner_precision": 0.625,
    "best_dev_ner_recall": 0.6451612903225806,
    "best_dev_ner_span_f1": 0.634920634920635,
    "dev_ner_precision": 0.625,
    "dev_ner_recall": 0.6451612903225806,
    "dev_ner_span_f1": 0.634920634920635
}