{
    "epoch": "18/20",
    "best_epoch": 16,
    "max_gpu_mem": "2.8464",
    "cur_ram": "2.4905",
    "time_epoch": "0:00:08",
    "time_total": "0:02:40",
    "best_train_ner_loss": 1.0637421784577545,
    "train_ner_loss": 0.8720887502034506,
    "best_train_sum": 0.9841269841269842,
    "train_sum": 0.9841269841269842,
    "best_dev_ner_loss": 35.569902420043945,
    "dev_ner_loss": 34.62465367998396,
    "best_dev_sum": 0.7619047619047619,
    "dev_sum": 0.7384615384615385,
    "best_train_ner_precision": 0.9777365491651205,
    "best_train_ner_recall": 0.9850467289719627,
    "best_train_ner_span_f1": 0.9813780260707635,
    "train_ner_precision": 0.9832089552238806,
    "train_ner_recall": 0.9850467289719627,
    "train_ner_span_f1": 0.9841269841269842,
    "best_dev_ner_precision": 0.75,
    "best_dev_ner_recall": 0.7741935483870968,
    "best_dev_ner_span_f1": 0.7619047619047619,
    "dev_ner_precision": 0.7058823529411765,
    "dev_ner_recall": 0.7741935483870968,
    "dev_ner_span_f1": 0.7384615384615385
}