{
    "epoch": "1/20",
    "best_epoch": 1,
    "max_gpu_mem": "1.3135",
    "cur_ram": "2.4700",
    "time_epoch": "0:00:06",
    "time_total": "0:00:09",
    "best_train_ner_loss": 1065.9968284324364,
    "train_ner_loss": 1065.9968284324364,
    "best_train_sum": 0.000379290726341741,
    "train_sum": 0.000379290726341741,
    "best_dev_ner_loss": 902.5648803710938,
    "dev_ner_loss": 902.5648803710938,
    "best_dev_sum": 0.0,
    "dev_sum": 0.0,
    "best_train_ner_precision": 0.00021105951878429716,
    "best_train_ner_recall": 0.001869158878504673,
    "best_train_ner_span_f1": 0.000379290726341741,
    "train_ner_precision": 0.00021105951878429716,
    "train_ner_recall": 0.001869158878504673,
    "train_ner_span_f1": 0.000379290726341741,
    "best_dev_ner_precision": 0.0,
    "best_dev_ner_recall": 0.0,
    "best_dev_ner_span_f1": 0.0,
    "dev_ner_precision": 0.0,
    "dev_ner_recall": 0.0,
    "dev_ner_span_f1": 0.0
}