{
    "epoch": "3/20",
    "best_epoch": 1,
    "max_gpu_mem": "2.8271",
    "cur_ram": "2.4824",
    "time_epoch": "0:00:08",
    "time_total": "0:00:27",
    "best_train_ner_loss": 1065.9968284324364,
    "train_ner_loss": 91.26335115785952,
    "best_train_sum": 0.0,
    "train_sum": 0.0,
    "best_dev_ner_loss": 902.5648803710938,
    "dev_ner_loss": 65.16837746756417,
    "best_dev_sum": 0.0,
    "dev_sum": 0.0,
    "best_train_ner_precision": 0.00021105951878429716,
    "best_train_ner_recall": 0.001869158878504673,
    "best_train_ner_span_f1": 0.000379290726341741,
    "train_ner_precision": 0.0,
    "train_ner_recall": 0.0,
    "train_ner_span_f1": 0.0,
    "best_dev_ner_precision": 0.0,
    "best_dev_ner_recall": 0.0,
    "best_dev_ner_span_f1": 0.0,
    "dev_ner_precision": 0.0,
    "dev_ner_recall": 0.0,
    "dev_ner_span_f1": 0.0
}