{
    "epoch": "11/20",
    "best_epoch": 10,
    "max_gpu_mem": "2.8460",
    "cur_ram": "2.4904",
    "time_epoch": "0:00:08",
    "time_total": "0:01:38",
    "best_train_ner_loss": 6.319647471110026,
    "train_ner_loss": 5.079557312859429,
    "best_train_sum": 0.9117920148560816,
    "train_sum": 0.9117920148560816,
    "best_dev_ner_loss": 22.20467976161412,
    "dev_ner_loss": 22.48071507045201,
    "best_dev_sum": 0.7244094488188977,
    "dev_sum": 0.7218045112781956,
    "best_train_ner_precision": 0.8841911764705882,
    "best_train_ner_recall": 0.8990654205607477,
    "best_train_ner_span_f1": 0.891566265060241,
    "train_ner_precision": 0.9059040590405905,
    "train_ner_recall": 0.9177570093457944,
    "train_ner_span_f1": 0.9117920148560816,
    "best_dev_ner_precision": 0.7076923076923077,
    "best_dev_ner_recall": 0.7419354838709677,
    "best_dev_ner_span_f1": 0.7244094488188977,
    "dev_ner_precision": 0.676056338028169,
    "dev_ner_recall": 0.7741935483870968,
    "dev_ner_span_f1": 0.7218045112781956
}