{
    "epoch": "8/20",
    "best_epoch": 8,
    "max_gpu_mem": "2.8460",
    "cur_ram": "2.4902",
    "time_epoch": "0:00:08",
    "time_total": "0:01:12",
    "best_train_ner_loss": 11.689333173963758,
    "train_ner_loss": 11.689333173963758,
    "best_train_sum": 0.8300835654596102,
    "train_sum": 0.8300835654596102,
    "best_dev_ner_loss": 23.263439995901926,
    "dev_ner_loss": 23.263439995901926,
    "best_dev_sum": 0.704,
    "dev_sum": 0.704,
    "best_train_ner_precision": 0.8247232472324724,
    "best_train_ner_recall": 0.8355140186915888,
    "best_train_ner_span_f1": 0.8300835654596102,
    "train_ner_precision": 0.8247232472324724,
    "train_ner_recall": 0.8355140186915888,
    "train_ner_span_f1": 0.8300835654596102,
    "best_dev_ner_precision": 0.6984126984126984,
    "best_dev_ner_recall": 0.7096774193548387,
    "best_dev_ner_span_f1": 0.704,
    "dev_ner_precision": 0.6984126984126984,
    "dev_ner_recall": 0.7096774193548387,
    "dev_ner_span_f1": 0.704
}