{
    "epoch": "18/20",
    "best_epoch": 14,
    "max_gpu_mem": "7.7661",
    "cur_ram": "2.8036",
    "time_epoch": "0:00:20",
    "time_total": "0:05:38",
    "best_train_ner_loss": 3.3781365288628473,
    "train_ner_loss": 0.8613971074422201,
    "best_train_sum": 0.985645933014354,
    "train_sum": 0.985645933014354,
    "best_dev_ner_loss": 31.863751002720424,
    "dev_ner_loss": 33.99506432669504,
    "best_dev_sum": 0.7786259541984734,
    "dev_sum": 0.7441860465116279,
    "best_train_ner_precision": 0.9599236641221374,
    "best_train_ner_recall": 0.9636015325670498,
    "best_train_ner_span_f1": 0.9617590822179731,
    "train_ner_precision": 0.9847036328871893,
    "train_ner_recall": 0.9865900383141762,
    "train_ner_span_f1": 0.985645933014354,
    "best_dev_ner_precision": 0.75,
    "best_dev_ner_recall": 0.8095238095238095,
    "best_dev_ner_span_f1": 0.7786259541984734,
    "dev_ner_precision": 0.7272727272727273,
    "dev_ner_recall": 0.7619047619047619,
    "dev_ner_span_f1": 0.7441860465116279
}