{
    "epoch": "12/20",
    "best_epoch": 12,
    "max_gpu_mem": "7.7661",
    "cur_ram": "2.8034",
    "time_epoch": "0:00:18",
    "time_total": "0:03:33",
    "best_train_ner_loss": 3.9952079984876843,
    "train_ner_loss": 3.9952079984876843,
    "best_train_sum": 0.9436485195797517,
    "train_sum": 0.9436485195797517,
    "best_dev_ner_loss": 38.31673158918108,
    "dev_ner_loss": 38.31673158918108,
    "best_dev_sum": 0.7313432835820896,
    "dev_sum": 0.7313432835820896,
    "best_train_ner_precision": 0.940952380952381,
    "best_train_ner_recall": 0.946360153256705,
    "best_train_ner_span_f1": 0.9436485195797517,
    "train_ner_precision": 0.940952380952381,
    "train_ner_recall": 0.946360153256705,
    "train_ner_span_f1": 0.9436485195797517,
    "best_dev_ner_precision": 0.6901408450704225,
    "best_dev_ner_recall": 0.7777777777777778,
    "best_dev_ner_span_f1": 0.7313432835820896,
    "dev_ner_precision": 0.6901408450704225,
    "dev_ner_recall": 0.7777777777777778,
    "dev_ner_span_f1": 0.7313432835820896
}