{
    "epoch": "8/20",
    "best_epoch": 8,
    "max_gpu_mem": "7.7661",
    "cur_ram": "2.8033",
    "time_epoch": "0:00:17",
    "time_total": "0:02:19",
    "best_train_ner_loss": 11.029773429588035,
    "train_ner_loss": 11.029773429588035,
    "best_train_sum": 0.8385269121813032,
    "train_sum": 0.8385269121813032,
    "best_dev_ner_loss": 24.174585614885604,
    "dev_ner_loss": 24.174585614885604,
    "best_dev_sum": 0.704,
    "dev_sum": 0.704,
    "best_train_ner_precision": 0.8268156424581006,
    "best_train_ner_recall": 0.8505747126436781,
    "best_train_ner_span_f1": 0.8385269121813032,
    "train_ner_precision": 0.8268156424581006,
    "train_ner_recall": 0.8505747126436781,
    "train_ner_span_f1": 0.8385269121813032,
    "best_dev_ner_precision": 0.7096774193548387,
    "best_dev_ner_recall": 0.6984126984126984,
    "best_dev_ner_span_f1": 0.704,
    "dev_ner_precision": 0.7096774193548387,
    "dev_ner_recall": 0.6984126984126984,
    "dev_ner_span_f1": 0.704
}