{
    "epoch": "10/20",
    "best_epoch": 9,
    "max_gpu_mem": "7.7661",
    "cur_ram": "2.8034",
    "time_epoch": "0:00:17",
    "time_total": "0:02:56",
    "best_train_ner_loss": 9.062185676009566,
    "train_ner_loss": 5.716863808808504,
    "best_train_sum": 0.9021842355175688,
    "train_sum": 0.9021842355175688,
    "best_dev_ner_loss": 28.50552749633789,
    "dev_ner_loss": 25.68292781284877,
    "best_dev_sum": 0.706766917293233,
    "dev_sum": 0.696969696969697,
    "best_train_ner_precision": 0.8458646616541353,
    "best_train_ner_recall": 0.8620689655172413,
    "best_train_ner_span_f1": 0.8538899430740037,
    "train_ner_precision": 0.8945386064030132,
    "train_ner_recall": 0.9099616858237548,
    "train_ner_span_f1": 0.9021842355175688,
    "best_dev_ner_precision": 0.6714285714285714,
    "best_dev_ner_recall": 0.746031746031746,
    "best_dev_ner_span_f1": 0.706766917293233,
    "dev_ner_precision": 0.6666666666666666,
    "dev_ner_recall": 0.7301587301587301,
    "dev_ner_span_f1": 0.696969696969697
}