{
    "epoch": "9/20",
    "best_epoch": 9,
    "max_gpu_mem": "7.7661",
    "cur_ram": "2.8033",
    "time_epoch": "0:00:17",
    "time_total": "0:02:38",
    "best_train_ner_loss": 9.062185676009566,
    "train_ner_loss": 9.062185676009566,
    "best_train_sum": 0.8538899430740037,
    "train_sum": 0.8538899430740037,
    "best_dev_ner_loss": 28.50552749633789,
    "dev_ner_loss": 28.50552749633789,
    "best_dev_sum": 0.706766917293233,
    "dev_sum": 0.706766917293233,
    "best_train_ner_precision": 0.8458646616541353,
    "best_train_ner_recall": 0.8620689655172413,
    "best_train_ner_span_f1": 0.8538899430740037,
    "train_ner_precision": 0.8458646616541353,
    "train_ner_recall": 0.8620689655172413,
    "train_ner_span_f1": 0.8538899430740037,
    "best_dev_ner_precision": 0.6714285714285714,
    "best_dev_ner_recall": 0.746031746031746,
    "best_dev_ner_span_f1": 0.706766917293233,
    "dev_ner_precision": 0.6714285714285714,
    "dev_ner_recall": 0.746031746031746,
    "dev_ner_span_f1": 0.706766917293233
}