{
    "epoch": "2/20",
    "best_epoch": 1,
    "max_gpu_mem": "7.7661",
    "cur_ram": "2.7862",
    "time_epoch": "0:00:17",
    "time_total": "0:00:30",
    "best_train_ner_loss": 1271.4897737856265,
    "train_ner_loss": 340.54955574318217,
    "best_train_sum": 0.0,
    "train_sum": 0.0,
    "best_dev_ner_loss": 1048.6864362444196,
    "dev_ner_loss": 87.67152622767857,
    "best_dev_sum": 0.0,
    "dev_sum": 0.0,
    "best_train_ner_precision": 0.0023584905660377358,
    "best_train_ner_recall": 0.017241379310344827,
    "best_train_ner_span_f1": 0.004149377593360996,
    "train_ner_precision": 0.0,
    "train_ner_recall": 0.0,
    "train_ner_span_f1": 0.0,
    "best_dev_ner_precision": 0.0,
    "best_dev_ner_recall": 0.0,
    "best_dev_ner_span_f1": 0.0,
    "dev_ner_precision": 0.0,
    "dev_ner_recall": 0.0,
    "dev_ner_span_f1": 0.0
}