{
    "epoch": "20/20",
    "best_epoch": 14,
    "max_gpu_mem": "7.7661",
    "cur_ram": "2.8036",
    "time_epoch": "0:00:19",
    "time_total": "0:06:18",
    "best_train_ner_loss": 3.3781365288628473,
    "train_ner_loss": 0.7205470756248191,
    "best_train_sum": 0.988527724665392,
    "train_sum": 0.988527724665392,
    "best_dev_ner_loss": 31.863751002720424,
    "dev_ner_loss": 37.73771503993443,
    "best_dev_sum": 0.7786259541984734,
    "dev_sum": 0.7633587786259542,
    "best_train_ner_precision": 0.9599236641221374,
    "best_train_ner_recall": 0.9636015325670498,
    "best_train_ner_span_f1": 0.9617590822179731,
    "train_ner_precision": 0.9866412213740458,
    "train_ner_recall": 0.9904214559386973,
    "train_ner_span_f1": 0.988527724665392,
    "best_dev_ner_precision": 0.75,
    "best_dev_ner_recall": 0.8095238095238095,
    "best_dev_ner_span_f1": 0.7786259541984734,
    "dev_ner_precision": 0.7352941176470589,
    "dev_ner_recall": 0.7936507936507936,
    "dev_ner_span_f1": 0.7633587786259542
}