{
    "epoch": "15/20",
    "best_epoch": 14,
    "max_gpu_mem": "7.7661",
    "cur_ram": "2.8036",
    "time_epoch": "0:00:21",
    "time_total": "0:04:38",
    "best_train_ner_loss": 3.3781365288628473,
    "train_ner_loss": 2.2281054037588612,
    "best_train_sum": 0.9685414680648236,
    "train_sum": 0.9685414680648236,
    "best_dev_ner_loss": 31.863751002720424,
    "dev_ner_loss": 33.55494853428432,
    "best_dev_sum": 0.7786259541984734,
    "dev_sum": 0.7669172932330828,
    "best_train_ner_precision": 0.9599236641221374,
    "best_train_ner_recall": 0.9636015325670498,
    "best_train_ner_span_f1": 0.9617590822179731,
    "train_ner_precision": 0.9639468690702088,
    "train_ner_recall": 0.9731800766283525,
    "train_ner_span_f1": 0.9685414680648236,
    "best_dev_ner_precision": 0.75,
    "best_dev_ner_recall": 0.8095238095238095,
    "best_dev_ner_span_f1": 0.7786259541984734,
    "dev_ner_precision": 0.7285714285714285,
    "dev_ner_recall": 0.8095238095238095,
    "dev_ner_span_f1": 0.7669172932330828
}