{
    "epoch": "9/20",
    "best_epoch": 8,
    "max_gpu_mem": "7.5262",
    "cur_ram": "2.7604",
    "time_epoch": "0:00:14",
    "time_total": "0:02:09",
    "best_train_ner_loss": 5.841238059997559,
    "train_ner_loss": 3.61424560546875,
    "best_train_sum": 0.9433611884865365,
    "train_sum": 0.9433611884865365,
    "best_dev_ner_loss": 21.500438962663925,
    "dev_ner_loss": 28.571254185267858,
    "best_dev_sum": 0.7761194029850746,
    "dev_sum": 0.7154471544715446,
    "best_train_ner_precision": 0.9102564102564102,
    "best_train_ner_recall": 0.9289719626168225,
    "best_train_ner_span_f1": 0.9195189639222942,
    "train_ner_precision": 0.9372693726937269,
    "train_ner_recall": 0.9495327102803738,
    "train_ner_span_f1": 0.9433611884865365,
    "best_dev_ner_precision": 0.7222222222222222,
    "best_dev_ner_recall": 0.8387096774193549,
    "best_dev_ner_span_f1": 0.7761194029850746,
    "dev_ner_precision": 0.7213114754098361,
    "dev_ner_recall": 0.7096774193548387,
    "dev_ner_span_f1": 0.7154471544715446
}