{
    "epoch": "2/20",
    "best_epoch": 1,
    "max_gpu_mem": "7.5262",
    "cur_ram": "2.7593",
    "time_epoch": "0:00:13",
    "time_total": "0:00:25",
    "best_train_ner_loss": 1183.3768823242187,
    "train_ner_loss": 389.5604543304443,
    "best_train_sum": 0.0,
    "train_sum": 0.0,
    "best_dev_ner_loss": 788.737544468471,
    "dev_ner_loss": 83.91275678362165,
    "best_dev_sum": 0.0,
    "dev_sum": 0.0,
    "best_train_ner_precision": 0.00032509752925877764,
    "best_train_ner_recall": 0.011214953271028037,
    "best_train_ner_span_f1": 0.0006318782581222685,
    "train_ner_precision": 0.0,
    "train_ner_recall": 0.0,
    "train_ner_span_f1": 0.0,
    "best_dev_ner_precision": 0.0,
    "best_dev_ner_recall": 0.0,
    "best_dev_ner_span_f1": 0.0,
    "dev_ner_precision": 0.0,
    "dev_ner_recall": 0.0,
    "dev_ner_span_f1": 0.0
}