{
    "epoch": "1/20",
    "best_epoch": 1,
    "max_gpu_mem": "3.5181",
    "cur_ram": "2.7403",
    "time_epoch": "0:00:07",
    "time_total": "0:00:10",
    "best_train_ner_loss": 1183.3768823242187,
    "train_ner_loss": 1183.3768823242187,
    "best_train_sum": 0.0006318782581222685,
    "train_sum": 0.0006318782581222685,
    "best_dev_ner_loss": 788.737544468471,
    "dev_ner_loss": 788.737544468471,
    "best_dev_sum": 0.0,
    "dev_sum": 0.0,
    "best_train_ner_precision": 0.00032509752925877764,
    "best_train_ner_recall": 0.011214953271028037,
    "best_train_ner_span_f1": 0.0006318782581222685,
    "train_ner_precision": 0.00032509752925877764,
    "train_ner_recall": 0.011214953271028037,
    "train_ner_span_f1": 0.0006318782581222685,
    "best_dev_ner_precision": 0.0,
    "best_dev_ner_recall": 0.0,
    "best_dev_ner_span_f1": 0.0,
    "dev_ner_precision": 0.0,
    "dev_ner_recall": 0.0,
    "dev_ner_span_f1": 0.0
}