{
    "epoch": "13/20",
    "best_epoch": 12,
    "max_gpu_mem": "7.5284",
    "cur_ram": "2.7604",
    "time_epoch": "0:00:13",
    "time_total": "0:03:07",
    "best_train_ner_loss": 2.0468576431274412,
    "train_ner_loss": 1.0812542724609375,
    "best_train_sum": 0.9823255813953488,
    "train_sum": 0.9823255813953488,
    "best_dev_ner_loss": 24.74042293003627,
    "dev_ner_loss": 29.967236382620676,
    "best_dev_sum": 0.8130081300813008,
    "dev_sum": 0.8125,
    "best_train_ner_precision": 0.9609665427509294,
    "best_train_ner_recall": 0.9663551401869159,
    "best_train_ner_span_f1": 0.9636533084808946,
    "train_ner_precision": 0.9777777777777777,
    "train_ner_recall": 0.9869158878504672,
    "train_ner_span_f1": 0.9823255813953488,
    "best_dev_ner_precision": 0.819672131147541,
    "best_dev_ner_recall": 0.8064516129032258,
    "best_dev_ner_span_f1": 0.8130081300813008,
    "dev_ner_precision": 0.7878787878787878,
    "dev_ner_recall": 0.8387096774193549,
    "dev_ner_span_f1": 0.8125
}