{
    "epoch": "11/20",
    "best_epoch": 10,
    "max_gpu_mem": "7.5284",
    "cur_ram": "2.7604",
    "time_epoch": "0:00:13",
    "time_total": "0:02:38",
    "best_train_ner_loss": 2.5419217681884767,
    "train_ner_loss": 2.336962242126465,
    "best_train_sum": 0.9739292364990688,
    "train_sum": 0.9739292364990688,
    "best_dev_ner_loss": 23.815773010253906,
    "dev_ner_loss": 26.61005428859166,
    "best_dev_sum": 0.7999999999999999,
    "dev_sum": 0.7846153846153845,
    "best_train_ner_precision": 0.9628252788104089,
    "best_train_ner_recall": 0.9682242990654205,
    "best_train_ner_span_f1": 0.9655172413793104,
    "train_ner_precision": 0.9703153988868275,
    "train_ner_recall": 0.9775700934579439,
    "train_ner_span_f1": 0.9739292364990688,
    "best_dev_ner_precision": 0.7647058823529411,
    "best_dev_ner_recall": 0.8387096774193549,
    "best_dev_ner_span_f1": 0.7999999999999999,
    "dev_ner_precision": 0.75,
    "dev_ner_recall": 0.8225806451612904,
    "dev_ner_span_f1": 0.7846153846153845
}