{
    "epoch": "11/20",
    "best_epoch": 10,
    "max_gpu_mem": "3.6850",
    "cur_ram": "2.5015",
    "time_epoch": "0:00:08",
    "time_total": "0:01:41",
    "best_train_ner_loss": 2.528303819544175,
    "train_ner_loss": 3.1571244258506623,
    "best_train_sum": 0.9540229885057472,
    "train_sum": 0.9540229885057472,
    "best_dev_ner_loss": 18.17318207877023,
    "dev_ner_loss": 18.865998676845006,
    "best_dev_sum": 0.8805031446540881,
    "dev_sum": 0.8625,
    "best_train_ner_precision": 0.9522900763358778,
    "best_train_ner_recall": 0.9670542635658915,
    "best_train_ner_span_f1": 0.9596153846153846,
    "train_ner_precision": 0.9431818181818182,
    "train_ner_recall": 0.9651162790697675,
    "train_ner_span_f1": 0.9540229885057472,
    "best_dev_ner_precision": 0.8433734939759037,
    "best_dev_ner_recall": 0.9210526315789473,
    "best_dev_ner_span_f1": 0.8805031446540881,
    "dev_ner_precision": 0.8214285714285714,
    "dev_ner_recall": 0.9078947368421053,
    "dev_ner_span_f1": 0.8625
}