{
    "epoch": "4/20",
    "best_epoch": 4,
    "max_gpu_mem": "3.6850",
    "cur_ram": "2.4939",
    "time_epoch": "0:00:08",
    "time_total": "0:00:36",
    "best_train_ner_loss": 31.554446033402986,
    "train_ner_loss": 31.554446033402986,
    "best_train_sum": 0.40150093808630394,
    "train_sum": 0.40150093808630394,
    "best_dev_ner_loss": 25.68295533316476,
    "dev_ner_loss": 25.68295533316476,
    "best_dev_sum": 0.5340909090909091,
    "dev_sum": 0.5340909090909091,
    "best_train_ner_precision": 0.3890909090909091,
    "best_train_ner_recall": 0.41472868217054265,
    "best_train_ner_span_f1": 0.40150093808630394,
    "train_ner_precision": 0.3890909090909091,
    "train_ner_recall": 0.41472868217054265,
    "train_ner_span_f1": 0.40150093808630394,
    "best_dev_ner_precision": 0.47,
    "best_dev_ner_recall": 0.618421052631579,
    "best_dev_ner_span_f1": 0.5340909090909091,
    "dev_ner_precision": 0.47,
    "dev_ner_recall": 0.618421052631579,
    "dev_ner_span_f1": 0.5340909090909091
}