{
    "epoch": "8/20",
    "best_epoch": 8,
    "max_gpu_mem": "3.6850",
    "cur_ram": "2.4945",
    "time_epoch": "0:00:08",
    "time_total": "0:01:13",
    "best_train_ner_loss": 4.316618190092199,
    "train_ner_loss": 4.316618190092199,
    "best_train_sum": 0.9300095877277086,
    "train_sum": 0.9300095877277086,
    "best_dev_ner_loss": 18.854349408830917,
    "dev_ner_loss": 18.854349408830917,
    "best_dev_sum": 0.84472049689441,
    "dev_sum": 0.84472049689441,
    "best_train_ner_precision": 0.920303605313093,
    "best_train_ner_recall": 0.939922480620155,
    "best_train_ner_span_f1": 0.9300095877277086,
    "train_ner_precision": 0.920303605313093,
    "train_ner_recall": 0.939922480620155,
    "train_ner_span_f1": 0.9300095877277086,
    "best_dev_ner_precision": 0.8,
    "best_dev_ner_recall": 0.8947368421052632,
    "best_dev_ner_span_f1": 0.84472049689441,
    "dev_ner_precision": 0.8,
    "dev_ner_recall": 0.8947368421052632,
    "dev_ner_span_f1": 0.84472049689441
}