{
    "epoch": "2/20",
    "best_epoch": 1,
    "max_gpu_mem": "3.6818",
    "cur_ram": "2.4917",
    "time_epoch": "0:00:08",
    "time_total": "0:00:18",
    "best_train_ner_loss": 853.6164508894378,
    "train_ner_loss": 242.0865935531317,
    "best_train_sum": 0.01705352913311227,
    "train_sum": 0.01705352913311227,
    "best_dev_ner_loss": 643.9114074707031,
    "dev_ner_loss": 111.69415065220424,
    "best_dev_sum": 0.022972002871500363,
    "dev_sum": 0.0,
    "best_train_ner_precision": 0.008065618591934382,
    "best_train_ner_recall": 0.22868217054263565,
    "best_train_ner_span_f1": 0.015581671728509177,
    "train_ner_precision": 0.01128526645768025,
    "train_ner_recall": 0.03488372093023256,
    "train_ner_span_f1": 0.01705352913311227,
    "best_dev_ner_precision": 0.012148823082763858,
    "best_dev_ner_recall": 0.21052631578947367,
    "best_dev_ner_span_f1": 0.022972002871500363,
    "dev_ner_precision": 0.0,
    "dev_ner_recall": 0.0,
    "dev_ner_span_f1": 0.0
}