{
    "epoch": "18/20",
    "best_epoch": 10,
    "max_gpu_mem": "3.6850",
    "cur_ram": "2.5017",
    "time_epoch": "0:00:08",
    "time_total": "0:02:41",
    "best_train_ner_loss": 2.528303819544175,
    "train_ner_loss": 0.3903361301796109,
    "best_train_sum": 0.9961315280464217,
    "train_sum": 0.9961315280464217,
    "best_dev_ner_loss": 18.17318207877023,
    "dev_ner_loss": 23.2362790788923,
    "best_dev_sum": 0.8805031446540881,
    "dev_sum": 0.875,
    "best_train_ner_precision": 0.9522900763358778,
    "best_train_ner_recall": 0.9670542635658915,
    "best_train_ner_span_f1": 0.9596153846153846,
    "train_ner_precision": 0.9942084942084942,
    "train_ner_recall": 0.998062015503876,
    "train_ner_span_f1": 0.9961315280464217,
    "best_dev_ner_precision": 0.8433734939759037,
    "best_dev_ner_recall": 0.9210526315789473,
    "best_dev_ner_span_f1": 0.8805031446540881,
    "dev_ner_precision": 0.8333333333333334,
    "dev_ner_recall": 0.9210526315789473,
    "dev_ner_span_f1": 0.875
}