{
    "epoch": "5/20",
    "best_epoch": 5,
    "max_gpu_mem": "3.6850",
    "cur_ram": "2.4939",
    "time_epoch": "0:00:08",
    "time_total": "0:00:45",
    "best_train_ner_loss": 17.37497907526353,
    "train_ner_loss": 17.37497907526353,
    "best_train_sum": 0.6806187443130118,
    "train_sum": 0.6806187443130118,
    "best_dev_ner_loss": 19.026283809116908,
    "dev_ner_loss": 19.026283809116908,
    "best_dev_sum": 0.7904191616766467,
    "dev_sum": 0.7904191616766467,
    "best_train_ner_precision": 0.6415094339622641,
    "best_train_ner_recall": 0.7248062015503876,
    "best_train_ner_span_f1": 0.6806187443130118,
    "train_ner_precision": 0.6415094339622641,
    "train_ner_recall": 0.7248062015503876,
    "train_ner_span_f1": 0.6806187443130118,
    "best_dev_ner_precision": 0.7252747252747253,
    "best_dev_ner_recall": 0.868421052631579,
    "best_dev_ner_span_f1": 0.7904191616766467,
    "dev_ner_precision": 0.7252747252747253,
    "dev_ner_recall": 0.868421052631579,
    "dev_ner_span_f1": 0.7904191616766467
}