{
    "epoch": "7/20",
    "best_epoch": 6,
    "max_gpu_mem": "3.6850",
    "cur_ram": "2.4945",
    "time_epoch": "0:00:08",
    "time_total": "0:01:04",
    "best_train_ner_loss": 10.263152496487487,
    "train_ner_loss": 6.814861578099868,
    "best_train_sum": 0.8776290630975144,
    "train_sum": 0.8776290630975144,
    "best_dev_ner_loss": 17.302758625575475,
    "dev_ner_loss": 17.2872257232666,
    "best_dev_sum": 0.8427672955974843,
    "dev_sum": 0.8333333333333334,
    "best_train_ner_precision": 0.8455743879472694,
    "best_train_ner_recall": 0.8701550387596899,
    "best_train_ner_span_f1": 0.8576886341929322,
    "train_ner_precision": 0.8660377358490566,
    "train_ner_recall": 0.8895348837209303,
    "train_ner_span_f1": 0.8776290630975144,
    "best_dev_ner_precision": 0.8072289156626506,
    "best_dev_ner_recall": 0.881578947368421,
    "best_dev_ner_span_f1": 0.8427672955974843,
    "dev_ner_precision": 0.8125,
    "dev_ner_recall": 0.8552631578947368,
    "dev_ner_span_f1": 0.8333333333333334
}