{
    "epoch": "15/20",
    "best_epoch": 10,
    "max_gpu_mem": "3.6850",
    "cur_ram": "2.5017",
    "time_epoch": "0:00:08",
    "time_total": "0:02:15",
    "best_train_ner_loss": 2.528303819544175,
    "train_ner_loss": 0.8297193190630745,
    "best_train_sum": 0.9903288201160542,
    "train_sum": 0.9903288201160542,
    "best_dev_ner_loss": 18.17318207877023,
    "dev_ner_loss": 29.584638868059432,
    "best_dev_sum": 0.8805031446540881,
    "dev_sum": 0.8375,
    "best_train_ner_precision": 0.9522900763358778,
    "best_train_ner_recall": 0.9670542635658915,
    "best_train_ner_span_f1": 0.9596153846153846,
    "train_ner_precision": 0.9884169884169884,
    "train_ner_recall": 0.9922480620155039,
    "train_ner_span_f1": 0.9903288201160542,
    "best_dev_ner_precision": 0.8433734939759037,
    "best_dev_ner_recall": 0.9210526315789473,
    "best_dev_ner_span_f1": 0.8805031446540881,
    "dev_ner_precision": 0.7976190476190477,
    "dev_ner_recall": 0.881578947368421,
    "dev_ner_span_f1": 0.8375
}