{
    "epoch": "10/20",
    "best_epoch": 8,
    "max_gpu_mem": "2.5991",
    "cur_ram": "2.4470",
    "time_epoch": "0:00:07",
    "time_total": "0:01:22",
    "best_train_ner_loss": 7.484470024108886,
    "train_ner_loss": 3.93331241607666,
    "best_train_sum": 0.96,
    "train_sum": 0.96,
    "best_dev_ner_loss": 22.52597509111677,
    "dev_ner_loss": 26.559887749808176,
    "best_dev_sum": 0.8188976377952757,
    "dev_sum": 0.7777777777777778,
    "best_train_ner_precision": 0.8832116788321168,
    "best_train_ner_recall": 0.9046728971962616,
    "best_train_ner_span_f1": 0.8938134810710988,
    "train_ner_precision": 0.9555555555555556,
    "train_ner_recall": 0.9644859813084112,
    "train_ner_span_f1": 0.96,
    "best_dev_ner_precision": 0.8,
    "best_dev_ner_recall": 0.8387096774193549,
    "best_dev_ner_span_f1": 0.8188976377952757,
    "dev_ner_precision": 0.765625,
    "dev_ner_recall": 0.7903225806451613,
    "dev_ner_span_f1": 0.7777777777777778
}