{
    "epoch": "15/20",
    "best_epoch": 8,
    "max_gpu_mem": "2.5991",
    "cur_ram": "2.4471",
    "time_epoch": "0:00:07",
    "time_total": "0:02:02",
    "best_train_ner_loss": 7.484470024108886,
    "train_ner_loss": 0.7306826019287109,
    "best_train_sum": 0.9915966386554622,
    "train_sum": 0.9915966386554622,
    "best_dev_ner_loss": 22.52597509111677,
    "dev_ner_loss": 30.29028865269252,
    "best_dev_sum": 0.8188976377952757,
    "dev_sum": 0.736,
    "best_train_ner_precision": 0.8832116788321168,
    "best_train_ner_recall": 0.9046728971962616,
    "best_train_ner_span_f1": 0.8938134810710988,
    "train_ner_precision": 0.9906716417910447,
    "train_ner_recall": 0.9925233644859813,
    "train_ner_span_f1": 0.9915966386554622,
    "best_dev_ner_precision": 0.8,
    "best_dev_ner_recall": 0.8387096774193549,
    "best_dev_ner_span_f1": 0.8188976377952757,
    "dev_ner_precision": 0.7301587301587301,
    "dev_ner_recall": 0.7419354838709677,
    "dev_ner_span_f1": 0.736
}