{
    "epoch": "2/20",
    "best_epoch": 1,
    "max_gpu_mem": "2.5838",
    "cur_ram": "2.4387",
    "time_epoch": "0:00:07",
    "time_total": "0:00:17",
    "best_train_ner_loss": 1507.2668139648438,
    "train_ner_loss": 738.902928161621,
    "best_train_sum": 0.004524886877828055,
    "train_sum": 0.004524886877828055,
    "best_dev_ner_loss": 1133.9451381138392,
    "dev_ner_loss": 108.55540575299945,
    "best_dev_sum": 0.009972801450589302,
    "dev_sum": 0.0,
    "best_train_ner_precision": 0.006386539816772375,
    "best_train_ner_recall": 0.27102803738317754,
    "best_train_ner_span_f1": 0.012479022333146864,
    "train_ner_precision": 0.0024765611179904477,
    "train_ner_recall": 0.026168224299065422,
    "train_ner_span_f1": 0.004524886877828055,
    "best_dev_ner_precision": 0.005130597014925373,
    "best_dev_ner_recall": 0.1774193548387097,
    "best_dev_ner_span_f1": 0.009972801450589302,
    "dev_ner_precision": 0.0,
    "dev_ner_recall": 0.0,
    "dev_ner_span_f1": 0.0
}