{
    "epoch": "13/20",
    "best_epoch": 8,
    "max_gpu_mem": "2.5991",
    "cur_ram": "2.4471",
    "time_epoch": "0:00:07",
    "time_total": "0:01:46",
    "best_train_ner_loss": 7.484470024108886,
    "train_ner_loss": 1.602919158935547,
    "best_train_sum": 0.9832089552238806,
    "train_sum": 0.9832089552238806,
    "best_dev_ner_loss": 22.52597509111677,
    "dev_ner_loss": 31.073448181152344,
    "best_dev_sum": 0.8188976377952757,
    "dev_sum": 0.7716535433070866,
    "best_train_ner_precision": 0.8832116788321168,
    "best_train_ner_recall": 0.9046728971962616,
    "best_train_ner_span_f1": 0.8938134810710988,
    "train_ner_precision": 0.9813780260707635,
    "train_ner_recall": 0.9850467289719627,
    "train_ner_span_f1": 0.9832089552238806,
    "best_dev_ner_precision": 0.8,
    "best_dev_ner_recall": 0.8387096774193549,
    "best_dev_ner_span_f1": 0.8188976377952757,
    "dev_ner_precision": 0.7538461538461538,
    "dev_ner_recall": 0.7903225806451613,
    "dev_ner_span_f1": 0.7716535433070866
}