{
    "epoch": "11/20",
    "best_epoch": 8,
    "max_gpu_mem": "2.5991",
    "cur_ram": "2.4470",
    "time_epoch": "0:00:07",
    "time_total": "0:01:30",
    "best_train_ner_loss": 7.484470024108886,
    "train_ner_loss": 2.693254928588867,
    "best_train_sum": 0.9720670391061453,
    "train_sum": 0.9720670391061453,
    "best_dev_ner_loss": 22.52597509111677,
    "dev_ner_loss": 29.11732292175293,
    "best_dev_sum": 0.8188976377952757,
    "dev_sum": 0.8064516129032258,
    "best_train_ner_precision": 0.8832116788321168,
    "best_train_ner_recall": 0.9046728971962616,
    "best_train_ner_span_f1": 0.8938134810710988,
    "train_ner_precision": 0.9684601113172542,
    "train_ner_recall": 0.9757009345794393,
    "train_ner_span_f1": 0.9720670391061453,
    "best_dev_ner_precision": 0.8,
    "best_dev_ner_recall": 0.8387096774193549,
    "best_dev_ner_span_f1": 0.8188976377952757,
    "dev_ner_precision": 0.8064516129032258,
    "dev_ner_recall": 0.8064516129032258,
    "dev_ner_span_f1": 0.8064516129032258
}