{
    "epoch": "6/20",
    "best_epoch": 5,
    "max_gpu_mem": "2.5971",
    "cur_ram": "2.4468",
    "time_epoch": "0:00:07",
    "time_total": "0:00:50",
    "best_train_ner_loss": 31.303226203918456,
    "train_ner_loss": 18.87586181640625,
    "best_train_sum": 0.7472727272727272,
    "train_sum": 0.7472727272727272,
    "best_dev_ner_loss": 21.78094904763358,
    "dev_ner_loss": 18.82785551888602,
    "best_dev_sum": 0.7175572519083969,
    "dev_sum": 0.7121212121212119,
    "best_train_ner_precision": 0.44677661169415295,
    "best_train_ner_recall": 0.5570093457943925,
    "best_train_ner_span_f1": 0.4958402662229618,
    "train_ner_precision": 0.727433628318584,
    "train_ner_recall": 0.7682242990654206,
    "train_ner_span_f1": 0.7472727272727272,
    "best_dev_ner_precision": 0.6811594202898551,
    "best_dev_ner_recall": 0.7580645161290323,
    "best_dev_ner_span_f1": 0.7175572519083969,
    "dev_ner_precision": 0.6714285714285714,
    "dev_ner_recall": 0.7580645161290323,
    "dev_ner_span_f1": 0.7121212121212119
}