{
    "epoch": "17/20",
    "best_epoch": 8,
    "max_gpu_mem": "2.6002",
    "cur_ram": "2.4471",
    "time_epoch": "0:00:07",
    "time_total": "0:02:18",
    "best_train_ner_loss": 7.484470024108886,
    "train_ner_loss": 0.5335879516601563,
    "best_train_sum": 0.9944029850746269,
    "train_sum": 0.9944029850746269,
    "best_dev_ner_loss": 22.52597509111677,
    "dev_ner_loss": 30.526817866734095,
    "best_dev_sum": 0.8188976377952757,
    "dev_sum": 0.7804878048780488,
    "best_train_ner_precision": 0.8832116788321168,
    "best_train_ner_recall": 0.9046728971962616,
    "best_train_ner_span_f1": 0.8938134810710988,
    "train_ner_precision": 0.9925512104283054,
    "train_ner_recall": 0.9962616822429906,
    "train_ner_span_f1": 0.9944029850746269,
    "best_dev_ner_precision": 0.8,
    "best_dev_ner_recall": 0.8387096774193549,
    "best_dev_ner_span_f1": 0.8188976377952757,
    "dev_ner_precision": 0.7868852459016393,
    "dev_ner_recall": 0.7741935483870968,
    "dev_ner_span_f1": 0.7804878048780488
}