{
    "epoch": "20/20",
    "best_epoch": 8,
    "max_gpu_mem": "2.6002",
    "cur_ram": "2.4471",
    "time_epoch": "0:00:07",
    "time_total": "0:02:42",
    "best_train_ner_loss": 7.484470024108886,
    "train_ner_loss": 0.30706062316894533,
    "best_train_sum": 0.9934518241347053,
    "train_sum": 0.9934518241347053,
    "best_dev_ner_loss": 22.52597509111677,
    "dev_ner_loss": 31.548025131225586,
    "best_dev_sum": 0.8188976377952757,
    "dev_sum": 0.7839999999999999,
    "best_train_ner_precision": 0.8832116788321168,
    "best_train_ner_recall": 0.9046728971962616,
    "best_train_ner_span_f1": 0.8938134810710988,
    "train_ner_precision": 0.9943820224719101,
    "train_ner_recall": 0.9925233644859813,
    "train_ner_span_f1": 0.9934518241347053,
    "best_dev_ner_precision": 0.8,
    "best_dev_ner_recall": 0.8387096774193549,
    "best_dev_ner_span_f1": 0.8188976377952757,
    "dev_ner_precision": 0.7777777777777778,
    "dev_ner_recall": 0.7903225806451613,
    "dev_ner_span_f1": 0.7839999999999999
}