{
    "epoch": "3/20",
    "best_epoch": 1,
    "max_gpu_mem": "2.5971",
    "cur_ram": "2.4388",
    "time_epoch": "0:00:07",
    "time_total": "0:00:25",
    "best_train_ner_loss": 1507.2668139648438,
    "train_ner_loss": 114.51602272033692,
    "best_train_sum": 0.0,
    "train_sum": 0.0,
    "best_dev_ner_loss": 1133.9451381138392,
    "dev_ner_loss": 73.505065373012,
    "best_dev_sum": 0.009972801450589302,
    "dev_sum": 0.0,
    "best_train_ner_precision": 0.006386539816772375,
    "best_train_ner_recall": 0.27102803738317754,
    "best_train_ner_span_f1": 0.012479022333146864,
    "train_ner_precision": 0.0,
    "train_ner_recall": 0.0,
    "train_ner_span_f1": 0.0,
    "best_dev_ner_precision": 0.005130597014925373,
    "best_dev_ner_recall": 0.1774193548387097,
    "best_dev_ner_span_f1": 0.009972801450589302,
    "dev_ner_precision": 0.0,
    "dev_ner_recall": 0.0,
    "dev_ner_span_f1": 0.0
}