{
    "epoch": "12/20",
    "best_epoch": 8,
    "max_gpu_mem": "2.5991",
    "cur_ram": "2.4470",
    "time_epoch": "0:00:07",
    "time_total": "0:01:38",
    "best_train_ner_loss": 7.484470024108886,
    "train_ner_loss": 1.4288384246826171,
    "best_train_sum": 0.9822595704948647,
    "train_sum": 0.9822595704948647,
    "best_dev_ner_loss": 22.52597509111677,
    "dev_ner_loss": 34.955484117780415,
    "best_dev_sum": 0.8188976377952757,
    "dev_sum": 0.7936507936507936,
    "best_train_ner_precision": 0.8832116788321168,
    "best_train_ner_recall": 0.9046728971962616,
    "best_train_ner_span_f1": 0.8938134810710988,
    "train_ner_precision": 0.9813432835820896,
    "train_ner_recall": 0.983177570093458,
    "train_ner_span_f1": 0.9822595704948647,
    "best_dev_ner_precision": 0.8,
    "best_dev_ner_recall": 0.8387096774193549,
    "best_dev_ner_span_f1": 0.8188976377952757,
    "dev_ner_precision": 0.78125,
    "dev_ner_recall": 0.8064516129032258,
    "dev_ner_span_f1": 0.7936507936507936
}