{
    "epoch": "7/20",
    "best_epoch": 7,
    "max_gpu_mem": "2.5971",
    "cur_ram": "2.4468",
    "time_epoch": "0:00:07",
    "time_total": "0:00:58",
    "best_train_ner_loss": 11.729294776916504,
    "train_ner_loss": 11.729294776916504,
    "best_train_sum": 0.8334866605335787,
    "train_sum": 0.8334866605335787,
    "best_dev_ner_loss": 21.049820491245814,
    "dev_ner_loss": 21.049820491245814,
    "best_dev_sum": 0.71875,
    "dev_sum": 0.71875,
    "best_train_ner_precision": 0.8206521739130435,
    "best_train_ner_recall": 0.8467289719626169,
    "best_train_ner_span_f1": 0.8334866605335787,
    "train_ner_precision": 0.8206521739130435,
    "train_ner_recall": 0.8467289719626169,
    "train_ner_span_f1": 0.8334866605335787,
    "best_dev_ner_precision": 0.696969696969697,
    "best_dev_ner_recall": 0.7419354838709677,
    "best_dev_ner_span_f1": 0.71875,
    "dev_ner_precision": 0.696969696969697,
    "dev_ner_recall": 0.7419354838709677,
    "dev_ner_span_f1": 0.71875
}