{
  "best_metric": 89.0411,
  "best_model_checkpoint": "output/meta_2023-09-18-02-12-22782_hf_models_uie-large-en_spotasoc_entity_aquaint-old_multi_fold_8_e18_linear_lr1e-4_ls0_b8_wu0.06_n-1_RP_sn0.1_an0.1_run1/checkpoint-1837",
  "epoch": 11.0,
  "global_step": 1837,
  "is_hyper_param_search": false,
  "is_local_process_zero": true,
  "is_world_process_zero": true,
  "log_history": [
    {
      "epoch": 1.0,
      "eval_asoc-F1": 0.0,
      "eval_asoc-P": 0.0,
      "eval_asoc-R": 0.0,
      "eval_asoc-gold": 0.0,
      "eval_asoc-pred": 0.0,
      "eval_asoc-tp": 0.0,
      "eval_gen_len": 5.0599,
      "eval_gold_tree": 72,
      "eval_loss": 0.1574956178665161,
      "eval_ordered-record-F1": 75.0,
      "eval_ordered-record-P": 79.6875,
      "eval_ordered-record-R": 70.8333,
      "eval_ordered-record-gold": 72.0,
      "eval_ordered-record-pred": 64.0,
      "eval_ordered-record-tp": 51.0,
      "eval_overall-F1": 75.0,
      "eval_pred_tree": 64,
      "eval_record-F1": 75.0,
      "eval_record-P": 79.6875,
      "eval_record-R": 70.8333,
      "eval_record-gold": 72.0,
      "eval_record-pred": 64.0,
      "eval_record-tp": 51.0,
      "eval_runtime": 2.9735,
      "eval_samples_per_second": 56.163,
      "eval_spot-F1": 75.0,
      "eval_spot-P": 79.6875,
      "eval_spot-R": 70.8333,
      "eval_spot-gold": 72.0,
      "eval_spot-pred": 64.0,
      "eval_spot-tp": 51.0,
      "eval_well-formed": 167,
      "step": 167
    },
    {
      "epoch": 2.0,
      "eval_asoc-F1": 0.0,
      "eval_asoc-P": 0.0,
      "eval_asoc-R": 0.0,
      "eval_asoc-gold": 0.0,
      "eval_asoc-pred": 0.0,
      "eval_asoc-tp": 0.0,
      "eval_gen_len": 5.4072,
      "eval_gold_tree": 72,
      "eval_loss": 0.10072959214448929,
      "eval_ordered-record-F1": 81.9444,
      "eval_ordered-record-P": 81.9444,
      "eval_ordered-record-R": 81.9444,
      "eval_ordered-record-gold": 72.0,
      "eval_ordered-record-pred": 72.0,
      "eval_ordered-record-tp": 59.0,
      "eval_overall-F1": 81.9444,
      "eval_pred_tree": 72,
      "eval_record-F1": 81.9444,
      "eval_record-P": 81.9444,
      "eval_record-R": 81.9444,
      "eval_record-gold": 72.0,
      "eval_record-pred": 72.0,
      "eval_record-tp": 59.0,
      "eval_runtime": 3.9836,
      "eval_samples_per_second": 41.921,
      "eval_spot-F1": 81.9444,
      "eval_spot-P": 81.9444,
      "eval_spot-R": 81.9444,
      "eval_spot-gold": 72.0,
      "eval_spot-pred": 72.0,
      "eval_spot-tp": 59.0,
      "eval_well-formed": 167,
      "step": 334
    },
    {
      "epoch": 2.99,
      "learning_rate": 8.870796460176991e-05,
      "loss": 0.3002,
      "step": 500
    },
    {
      "epoch": 3.0,
      "eval_asoc-F1": 0.0,
      "eval_asoc-P": 0.0,
      "eval_asoc-R": 0.0,
      "eval_asoc-gold": 0.0,
      "eval_asoc-pred": 0.0,
      "eval_asoc-tp": 0.0,
      "eval_gen_len": 5.497,
      "eval_gold_tree": 72,
      "eval_loss": 0.0830346941947937,
      "eval_ordered-record-F1": 81.6327,
      "eval_ordered-record-P": 80.0,
      "eval_ordered-record-R": 83.3333,
      "eval_ordered-record-gold": 72.0,
      "eval_ordered-record-pred": 75.0,
      "eval_ordered-record-tp": 60.0,
      "eval_overall-F1": 81.6327,
      "eval_pred_tree": 75,
      "eval_record-F1": 81.6327,
      "eval_record-P": 80.0,
      "eval_record-R": 83.3333,
      "eval_record-gold": 72.0,
      "eval_record-pred": 75.0,
      "eval_record-tp": 60.0,
      "eval_runtime": 3.9194,
      "eval_samples_per_second": 42.609,
      "eval_spot-F1": 81.6327,
      "eval_spot-P": 80.0,
      "eval_spot-R": 83.3333,
      "eval_spot-gold": 72.0,
      "eval_spot-pred": 75.0,
      "eval_spot-tp": 60.0,
      "eval_well-formed": 167,
      "step": 501
    },
    {
      "epoch": 4.0,
      "eval_asoc-F1": 0.0,
      "eval_asoc-P": 0.0,
      "eval_asoc-R": 0.0,
      "eval_asoc-gold": 0.0,
      "eval_asoc-pred": 0.0,
      "eval_asoc-tp": 0.0,
      "eval_gen_len": 5.1497,
      "eval_gold_tree": 72,
      "eval_loss": 0.11729051172733307,
      "eval_ordered-record-F1": 78.8321,
      "eval_ordered-record-P": 83.0769,
      "eval_ordered-record-R": 75.0,
      "eval_ordered-record-gold": 72.0,
      "eval_ordered-record-pred": 65.0,
      "eval_ordered-record-tp": 54.0,
      "eval_overall-F1": 78.8321,
      "eval_pred_tree": 65,
      "eval_record-F1": 78.8321,
      "eval_record-P": 83.0769,
      "eval_record-R": 75.0,
      "eval_record-gold": 72.0,
      "eval_record-pred": 65.0,
      "eval_record-tp": 54.0,
      "eval_runtime": 3.4669,
      "eval_samples_per_second": 48.17,
      "eval_spot-F1": 78.8321,
      "eval_spot-P": 83.0769,
      "eval_spot-R": 75.0,
      "eval_spot-gold": 72.0,
      "eval_spot-pred": 65.0,
      "eval_spot-tp": 54.0,
      "eval_well-formed": 167,
      "step": 668
    },
    {
      "epoch": 5.0,
      "eval_asoc-F1": 0.0,
      "eval_asoc-P": 0.0,
      "eval_asoc-R": 0.0,
      "eval_asoc-gold": 0.0,
      "eval_asoc-pred": 0.0,
      "eval_asoc-tp": 0.0,
      "eval_gen_len": 5.4192,
      "eval_gold_tree": 72,
      "eval_loss": 0.12004057317972183,
      "eval_ordered-record-F1": 85.3147,
      "eval_ordered-record-P": 85.9155,
      "eval_ordered-record-R": 84.7222,
      "eval_ordered-record-gold": 72.0,
      "eval_ordered-record-pred": 71.0,
      "eval_ordered-record-tp": 61.0,
      "eval_overall-F1": 85.3147,
      "eval_pred_tree": 71,
      "eval_record-F1": 85.3147,
      "eval_record-P": 85.9155,
      "eval_record-R": 84.7222,
      "eval_record-gold": 72.0,
      "eval_record-pred": 71.0,
      "eval_record-tp": 61.0,
      "eval_runtime": 3.8779,
      "eval_samples_per_second": 43.065,
      "eval_spot-F1": 85.3147,
      "eval_spot-P": 85.9155,
      "eval_spot-R": 84.7222,
      "eval_spot-gold": 72.0,
      "eval_spot-pred": 71.0,
      "eval_spot-tp": 61.0,
      "eval_well-formed": 167,
      "step": 835
    },
    {
      "epoch": 5.99,
      "learning_rate": 7.100884955752213e-05,
      "loss": 0.0652,
      "step": 1000
    },
    {
      "epoch": 6.0,
      "eval_asoc-F1": 0.0,
      "eval_asoc-P": 0.0,
      "eval_asoc-R": 0.0,
      "eval_asoc-gold": 0.0,
      "eval_asoc-pred": 0.0,
      "eval_asoc-tp": 0.0,
      "eval_gen_len": 5.2814,
      "eval_gold_tree": 72,
      "eval_loss": 0.138686865568161,
      "eval_ordered-record-F1": 85.7143,
      "eval_ordered-record-P": 88.2353,
      "eval_ordered-record-R": 83.3333,
      "eval_ordered-record-gold": 72.0,
      "eval_ordered-record-pred": 68.0,
      "eval_ordered-record-tp": 60.0,
      "eval_overall-F1": 85.7143,
      "eval_pred_tree": 68,
      "eval_record-F1": 85.7143,
      "eval_record-P": 88.2353,
      "eval_record-R": 83.3333,
      "eval_record-gold": 72.0,
      "eval_record-pred": 68.0,
      "eval_record-tp": 60.0,
      "eval_runtime": 3.3429,
      "eval_samples_per_second": 49.956,
      "eval_spot-F1": 85.7143,
      "eval_spot-P": 88.2353,
      "eval_spot-R": 83.3333,
      "eval_spot-gold": 72.0,
      "eval_spot-pred": 68.0,
      "eval_spot-tp": 60.0,
      "eval_well-formed": 167,
      "step": 1002
    },
    {
      "epoch": 7.0,
      "eval_asoc-F1": 0.0,
      "eval_asoc-P": 0.0,
      "eval_asoc-R": 0.0,
      "eval_asoc-gold": 0.0,
      "eval_asoc-pred": 0.0,
      "eval_asoc-tp": 0.0,
      "eval_gen_len": 5.4671,
      "eval_gold_tree": 72,
      "eval_loss": 0.1191539391875267,
      "eval_ordered-record-F1": 82.7586,
      "eval_ordered-record-P": 82.1918,
      "eval_ordered-record-R": 83.3333,
      "eval_ordered-record-gold": 72.0,
      "eval_ordered-record-pred": 73.0,
      "eval_ordered-record-tp": 60.0,
      "eval_overall-F1": 82.7586,
      "eval_pred_tree": 73,
      "eval_record-F1": 82.7586,
      "eval_record-P": 82.1918,
      "eval_record-R": 83.3333,
      "eval_record-gold": 72.0,
      "eval_record-pred": 73.0,
      "eval_record-tp": 60.0,
      "eval_runtime": 3.5848,
      "eval_samples_per_second": 46.585,
      "eval_spot-F1": 82.7586,
      "eval_spot-P": 82.1918,
      "eval_spot-R": 83.3333,
      "eval_spot-gold": 72.0,
      "eval_spot-pred": 73.0,
      "eval_spot-tp": 60.0,
      "eval_well-formed": 167,
      "step": 1169
    },
    {
      "epoch": 8.0,
      "eval_asoc-F1": 0.0,
      "eval_asoc-P": 0.0,
      "eval_asoc-R": 0.0,
      "eval_asoc-gold": 0.0,
      "eval_asoc-pred": 0.0,
      "eval_asoc-tp": 0.0,
      "eval_gen_len": 5.4311,
      "eval_gold_tree": 72,
      "eval_loss": 0.11767777800559998,
      "eval_ordered-record-F1": 86.1111,
      "eval_ordered-record-P": 86.1111,
      "eval_ordered-record-R": 86.1111,
      "eval_ordered-record-gold": 72.0,
      "eval_ordered-record-pred": 72.0,
      "eval_ordered-record-tp": 62.0,
      "eval_overall-F1": 86.1111,
      "eval_pred_tree": 72,
      "eval_record-F1": 86.1111,
      "eval_record-P": 86.1111,
      "eval_record-R": 86.1111,
      "eval_record-gold": 72.0,
      "eval_record-pred": 72.0,
      "eval_record-tp": 62.0,
      "eval_runtime": 3.5035,
      "eval_samples_per_second": 47.666,
      "eval_spot-F1": 86.1111,
      "eval_spot-P": 86.1111,
      "eval_spot-R": 86.1111,
      "eval_spot-gold": 72.0,
      "eval_spot-pred": 72.0,
      "eval_spot-tp": 62.0,
      "eval_well-formed": 167,
      "step": 1336
    },
    {
      "epoch": 8.98,
      "learning_rate": 5.3309734513274334e-05,
      "loss": 0.0423,
      "step": 1500
    },
    {
      "epoch": 9.0,
      "eval_asoc-F1": 0.0,
      "eval_asoc-P": 0.0,
      "eval_asoc-R": 0.0,
      "eval_asoc-gold": 0.0,
      "eval_asoc-pred": 0.0,
      "eval_asoc-tp": 0.0,
      "eval_gen_len": 5.5509,
      "eval_gold_tree": 72,
      "eval_loss": 0.1341044008731842,
      "eval_ordered-record-F1": 84.3537,
      "eval_ordered-record-P": 82.6667,
      "eval_ordered-record-R": 86.1111,
      "eval_ordered-record-gold": 72.0,
      "eval_ordered-record-pred": 75.0,
      "eval_ordered-record-tp": 62.0,
      "eval_overall-F1": 84.3537,
      "eval_pred_tree": 76,
      "eval_record-F1": 84.3537,
      "eval_record-P": 82.6667,
      "eval_record-R": 86.1111,
      "eval_record-gold": 72.0,
      "eval_record-pred": 75.0,
      "eval_record-tp": 62.0,
      "eval_runtime": 3.5639,
      "eval_samples_per_second": 46.859,
      "eval_spot-F1": 84.3537,
      "eval_spot-P": 82.6667,
      "eval_spot-R": 86.1111,
      "eval_spot-gold": 72.0,
      "eval_spot-pred": 75.0,
      "eval_spot-tp": 62.0,
      "eval_well-formed": 167,
      "step": 1503
    },
    {
      "epoch": 10.0,
      "eval_asoc-F1": 0.0,
      "eval_asoc-P": 0.0,
      "eval_asoc-R": 0.0,
      "eval_asoc-gold": 0.0,
      "eval_asoc-pred": 0.0,
      "eval_asoc-tp": 0.0,
      "eval_gen_len": 5.5449,
      "eval_gold_tree": 72,
      "eval_loss": 0.1347489058971405,
      "eval_ordered-record-F1": 87.0748,
      "eval_ordered-record-P": 85.3333,
      "eval_ordered-record-R": 88.8889,
      "eval_ordered-record-gold": 72.0,
      "eval_ordered-record-pred": 75.0,
      "eval_ordered-record-tp": 64.0,
      "eval_overall-F1": 87.0748,
      "eval_pred_tree": 75,
      "eval_record-F1": 87.0748,
      "eval_record-P": 85.3333,
      "eval_record-R": 88.8889,
      "eval_record-gold": 72.0,
      "eval_record-pred": 75.0,
      "eval_record-tp": 64.0,
      "eval_runtime": 3.755,
      "eval_samples_per_second": 44.474,
      "eval_spot-F1": 87.0748,
      "eval_spot-P": 85.3333,
      "eval_spot-R": 88.8889,
      "eval_spot-gold": 72.0,
      "eval_spot-pred": 75.0,
      "eval_spot-tp": 64.0,
      "eval_well-formed": 167,
      "step": 1670
    },
    {
      "epoch": 11.0,
      "eval_asoc-F1": 0.0,
      "eval_asoc-P": 0.0,
      "eval_asoc-R": 0.0,
      "eval_asoc-gold": 0.0,
      "eval_asoc-pred": 0.0,
      "eval_asoc-tp": 0.0,
      "eval_gen_len": 5.509,
      "eval_gold_tree": 72,
      "eval_loss": 0.14447498321533203,
      "eval_ordered-record-F1": 89.0411,
      "eval_ordered-record-P": 87.8378,
      "eval_ordered-record-R": 90.2778,
      "eval_ordered-record-gold": 72.0,
      "eval_ordered-record-pred": 74.0,
      "eval_ordered-record-tp": 65.0,
      "eval_overall-F1": 89.0411,
      "eval_pred_tree": 74,
      "eval_record-F1": 89.0411,
      "eval_record-P": 87.8378,
      "eval_record-R": 90.2778,
      "eval_record-gold": 72.0,
      "eval_record-pred": 74.0,
      "eval_record-tp": 65.0,
      "eval_runtime": 3.7409,
      "eval_samples_per_second": 44.641,
      "eval_spot-F1": 89.0411,
      "eval_spot-P": 87.8378,
      "eval_spot-R": 90.2778,
      "eval_spot-gold": 72.0,
      "eval_spot-pred": 74.0,
      "eval_spot-tp": 65.0,
      "eval_well-formed": 167,
      "step": 1837
    }
  ],
  "max_steps": 3006,
  "num_train_epochs": 18,
  "total_flos": 524098518171648.0,
  "trial_name": null,
  "trial_params": null
}
