{
    "epoch": "7/20",
    "best_epoch": 6,
    "max_gpu_mem": "2.5315",
    "cur_ram": "2.4660",
    "time_epoch": "0:00:07",
    "time_total": "0:00:58",
    "best_train_ner_loss": 19.445698051452638,
    "train_ner_loss": 12.741902046203613,
    "best_train_sum": 0.8532360984503191,
    "train_sum": 0.8532360984503191,
    "best_dev_ner_loss": 21.24165780203683,
    "dev_ner_loss": 24.27252960205078,
    "best_dev_sum": 0.7874015748031497,
    "dev_sum": 0.7559055118110236,
    "best_train_ner_precision": 0.727112676056338,
    "best_train_ner_recall": 0.7676579925650557,
    "best_train_ner_span_f1": 0.7468354430379747,
    "train_ner_precision": 0.8372093023255814,
    "train_ner_recall": 0.8698884758364313,
    "train_ner_span_f1": 0.8532360984503191,
    "best_dev_ner_precision": 0.746268656716418,
    "best_dev_ner_recall": 0.8333333333333334,
    "best_dev_ner_span_f1": 0.7874015748031497,
    "dev_ner_precision": 0.7164179104477612,
    "dev_ner_recall": 0.8,
    "dev_ner_span_f1": 0.7559055118110236
}