{
    "epoch": "3/20",
    "best_epoch": 1,
    "max_gpu_mem": "2.5291",
    "cur_ram": "2.4530",
    "time_epoch": "0:00:07",
    "time_total": "0:00:25",
    "best_train_ner_loss": 1496.0844091796876,
    "train_ner_loss": 114.88946655273438,
    "best_train_sum": 0.0,
    "train_sum": 0.0,
    "best_dev_ner_loss": 1185.1311645507812,
    "dev_ner_loss": 65.54872294834682,
    "best_dev_sum": 0.0009380863039399625,
    "dev_sum": 0.0,
    "best_train_ner_precision": 0.0011141497012053074,
    "best_train_ner_recall": 0.040892193308550186,
    "best_train_ner_span_f1": 0.0021691973969631237,
    "train_ner_precision": 0.0,
    "train_ner_recall": 0.0,
    "train_ner_span_f1": 0.0,
    "best_dev_ner_precision": 0.00048262548262548264,
    "best_dev_ner_recall": 0.016666666666666666,
    "best_dev_ner_span_f1": 0.0009380863039399625,
    "dev_ner_precision": 0.0,
    "dev_ner_recall": 0.0,
    "dev_ner_span_f1": 0.0
}