{
    "epoch": "6/20",
    "best_epoch": 6,
    "max_gpu_mem": "2.5315",
    "cur_ram": "2.4659",
    "time_epoch": "0:00:07",
    "time_total": "0:00:50",
    "best_train_ner_loss": 19.445698051452638,
    "train_ner_loss": 19.445698051452638,
    "best_train_sum": 0.7468354430379747,
    "train_sum": 0.7468354430379747,
    "best_dev_ner_loss": 21.24165780203683,
    "dev_ner_loss": 21.24165780203683,
    "best_dev_sum": 0.7874015748031497,
    "dev_sum": 0.7874015748031497,
    "best_train_ner_precision": 0.727112676056338,
    "best_train_ner_recall": 0.7676579925650557,
    "best_train_ner_span_f1": 0.7468354430379747,
    "train_ner_precision": 0.727112676056338,
    "train_ner_recall": 0.7676579925650557,
    "train_ner_span_f1": 0.7468354430379747,
    "best_dev_ner_precision": 0.746268656716418,
    "best_dev_ner_recall": 0.8333333333333334,
    "best_dev_ner_span_f1": 0.7874015748031497,
    "dev_ner_precision": 0.746268656716418,
    "dev_ner_recall": 0.8333333333333334,
    "dev_ner_span_f1": 0.7874015748031497
}