{
    "epoch": "10/20",
    "best_epoch": 6,
    "max_gpu_mem": "2.5383",
    "cur_ram": "2.4660",
    "time_epoch": "0:00:07",
    "time_total": "0:01:22",
    "best_train_ner_loss": 19.445698051452638,
    "train_ner_loss": 3.0700107192993165,
    "best_train_sum": 0.969472710453284,
    "train_sum": 0.969472710453284,
    "best_dev_ner_loss": 21.24165780203683,
    "dev_ner_loss": 28.37957273210798,
    "best_dev_sum": 0.7874015748031497,
    "dev_sum": 0.752,
    "best_train_ner_precision": 0.727112676056338,
    "best_train_ner_recall": 0.7676579925650557,
    "best_train_ner_span_f1": 0.7468354430379747,
    "train_ner_precision": 0.9650092081031307,
    "train_ner_recall": 0.9739776951672863,
    "train_ner_span_f1": 0.969472710453284,
    "best_dev_ner_precision": 0.746268656716418,
    "best_dev_ner_recall": 0.8333333333333334,
    "best_dev_ner_span_f1": 0.7874015748031497,
    "dev_ner_precision": 0.7230769230769231,
    "dev_ner_recall": 0.7833333333333333,
    "dev_ner_span_f1": 0.752
}