{
    "epoch": "2/20",
    "best_epoch": 1,
    "max_gpu_mem": "2.5222",
    "cur_ram": "2.4529",
    "time_epoch": "0:00:07",
    "time_total": "0:00:17",
    "best_train_ner_loss": 1496.0844091796876,
    "train_ner_loss": 739.0350439453125,
    "best_train_sum": 0.0002720718269623181,
    "train_sum": 0.0002720718269623181,
    "best_dev_ner_loss": 1185.1311645507812,
    "dev_ner_loss": 107.04477909633091,
    "best_dev_sum": 0.0009380863039399625,
    "dev_sum": 0.0,
    "best_train_ner_precision": 0.0011141497012053074,
    "best_train_ner_recall": 0.040892193308550186,
    "best_train_ner_span_f1": 0.0021691973969631237,
    "train_ner_precision": 0.0001467782181124321,
    "train_ner_recall": 0.0018587360594795538,
    "train_ner_span_f1": 0.0002720718269623181,
    "best_dev_ner_precision": 0.00048262548262548264,
    "best_dev_ner_recall": 0.016666666666666666,
    "best_dev_ner_span_f1": 0.0009380863039399625,
    "dev_ner_precision": 0.0,
    "dev_ner_recall": 0.0,
    "dev_ner_span_f1": 0.0
}