{
    "epoch": "13/20",
    "best_epoch": 6,
    "max_gpu_mem": "2.5383",
    "cur_ram": "2.4661",
    "time_epoch": "0:00:07",
    "time_total": "0:01:46",
    "best_train_ner_loss": 19.445698051452638,
    "train_ner_loss": 1.0538393402099608,
    "best_train_sum": 0.9935004642525535,
    "train_sum": 0.9935004642525535,
    "best_dev_ner_loss": 21.24165780203683,
    "dev_ner_loss": 33.02583639962332,
    "best_dev_sum": 0.7874015748031497,
    "dev_sum": 0.746031746031746,
    "best_train_ner_precision": 0.727112676056338,
    "best_train_ner_recall": 0.7676579925650557,
    "best_train_ner_span_f1": 0.7468354430379747,
    "train_ner_precision": 0.9925788497217068,
    "train_ner_recall": 0.9944237918215614,
    "train_ner_span_f1": 0.9935004642525535,
    "best_dev_ner_precision": 0.746268656716418,
    "best_dev_ner_recall": 0.8333333333333334,
    "best_dev_ner_span_f1": 0.7874015748031497,
    "dev_ner_precision": 0.7121212121212122,
    "dev_ner_recall": 0.7833333333333333,
    "dev_ner_span_f1": 0.746031746031746
}