{
    "epoch": "14/20",
    "best_epoch": 6,
    "max_gpu_mem": "2.5421",
    "cur_ram": "2.4661",
    "time_epoch": "0:00:07",
    "time_total": "0:01:54",
    "best_train_ner_loss": 19.445698051452638,
    "train_ner_loss": 0.6963617324829101,
    "best_train_sum": 0.9962894248608535,
    "train_sum": 0.9962894248608535,
    "best_dev_ner_loss": 21.24165780203683,
    "dev_ner_loss": 34.320915767124724,
    "best_dev_sum": 0.7874015748031497,
    "dev_sum": 0.746031746031746,
    "best_train_ner_precision": 0.727112676056338,
    "best_train_ner_recall": 0.7676579925650557,
    "best_train_ner_span_f1": 0.7468354430379747,
    "train_ner_precision": 0.9944444444444445,
    "train_ner_recall": 0.9981412639405205,
    "train_ner_span_f1": 0.9962894248608535,
    "best_dev_ner_precision": 0.746268656716418,
    "best_dev_ner_recall": 0.8333333333333334,
    "best_dev_ner_span_f1": 0.7874015748031497,
    "dev_ner_precision": 0.7121212121212122,
    "dev_ner_recall": 0.7833333333333333,
    "dev_ner_span_f1": 0.746031746031746
}