{
    "epoch": "5/20",
    "best_epoch": 5,
    "max_gpu_mem": "2.5315",
    "cur_ram": "2.4563",
    "time_epoch": "0:00:07",
    "time_total": "0:00:41",
    "best_train_ner_loss": 31.357064571380615,
    "train_ner_loss": 31.357064571380615,
    "best_train_sum": 0.5236486486486486,
    "train_sum": 0.5236486486486486,
    "best_dev_ner_loss": 20.992249080113,
    "dev_ner_loss": 20.992249080113,
    "best_dev_sum": 0.7031250000000001,
    "dev_sum": 0.7031250000000001,
    "best_train_ner_precision": 0.47987616099071206,
    "best_train_ner_recall": 0.5762081784386617,
    "best_train_ner_span_f1": 0.5236486486486486,
    "train_ner_precision": 0.47987616099071206,
    "train_ner_recall": 0.5762081784386617,
    "train_ner_span_f1": 0.5236486486486486,
    "best_dev_ner_precision": 0.6617647058823529,
    "best_dev_ner_recall": 0.75,
    "best_dev_ner_span_f1": 0.7031250000000001,
    "dev_ner_precision": 0.6617647058823529,
    "dev_ner_recall": 0.75,
    "dev_ner_span_f1": 0.7031250000000001
}