{
    "epoch": "19/20",
    "best_epoch": 6,
    "max_gpu_mem": "2.5421",
    "cur_ram": "2.4662",
    "time_epoch": "0:00:07",
    "time_total": "0:02:34",
    "best_train_ner_loss": 19.445698051452638,
    "train_ner_loss": 0.2454519271850586,
    "best_train_sum": 0.9962825278810409,
    "train_sum": 0.9962825278810409,
    "best_dev_ner_loss": 21.24165780203683,
    "dev_ner_loss": 37.16035406930106,
    "best_dev_sum": 0.7874015748031497,
    "dev_sum": 0.7559055118110236,
    "best_train_ner_precision": 0.727112676056338,
    "best_train_ner_recall": 0.7676579925650557,
    "best_train_ner_span_f1": 0.7468354430379747,
    "train_ner_precision": 0.9962825278810409,
    "train_ner_recall": 0.9962825278810409,
    "train_ner_span_f1": 0.9962825278810409,
    "best_dev_ner_precision": 0.746268656716418,
    "best_dev_ner_recall": 0.8333333333333334,
    "best_dev_ner_span_f1": 0.7874015748031497,
    "dev_ner_precision": 0.7164179104477612,
    "dev_ner_recall": 0.8,
    "dev_ner_span_f1": 0.7559055118110236
}