{
  "best_metric": 83.871,
  "best_model_checkpoint": "output/meta_2023-09-18-01-57-9889_hf_models_uie-large-en_spotasoc_entity_aquaint-old_multi_fold_7_e18_linear_lr1e-4_ls0_b8_wu0.06_n-1_RP_sn0.1_an0.1_run1/checkpoint-672",
  "epoch": 4.0,
  "global_step": 672,
  "is_hyper_param_search": false,
  "is_local_process_zero": true,
  "is_world_process_zero": true,
  "log_history": [
    {
      "epoch": 1.0,
      "eval_asoc-F1": 0.0,
      "eval_asoc-P": 0.0,
      "eval_asoc-R": 0.0,
      "eval_asoc-gold": 0.0,
      "eval_asoc-pred": 0.0,
      "eval_asoc-tp": 0.0,
      "eval_gen_len": 5.0778,
      "eval_gold_tree": 60,
      "eval_loss": 0.12927742302417755,
      "eval_ordered-record-F1": 76.4228,
      "eval_ordered-record-P": 74.6032,
      "eval_ordered-record-R": 78.3333,
      "eval_ordered-record-gold": 60.0,
      "eval_ordered-record-pred": 63.0,
      "eval_ordered-record-tp": 47.0,
      "eval_overall-F1": 76.4228,
      "eval_pred_tree": 63,
      "eval_record-F1": 76.4228,
      "eval_record-P": 74.6032,
      "eval_record-R": 78.3333,
      "eval_record-gold": 60.0,
      "eval_record-pred": 63.0,
      "eval_record-tp": 47.0,
      "eval_runtime": 2.4105,
      "eval_samples_per_second": 69.281,
      "eval_spot-F1": 76.4228,
      "eval_spot-P": 74.6032,
      "eval_spot-R": 78.3333,
      "eval_spot-gold": 60.0,
      "eval_spot-pred": 63.0,
      "eval_spot-tp": 47.0,
      "eval_well-formed": 167,
      "step": 168
    },
    {
      "epoch": 2.0,
      "eval_asoc-F1": 0.0,
      "eval_asoc-P": 0.0,
      "eval_asoc-R": 0.0,
      "eval_asoc-gold": 0.0,
      "eval_asoc-pred": 0.0,
      "eval_asoc-tp": 0.0,
      "eval_gen_len": 5.1677,
      "eval_gold_tree": 60,
      "eval_loss": 0.11044721305370331,
      "eval_ordered-record-F1": 78.4,
      "eval_ordered-record-P": 75.3846,
      "eval_ordered-record-R": 81.6667,
      "eval_ordered-record-gold": 60.0,
      "eval_ordered-record-pred": 65.0,
      "eval_ordered-record-tp": 49.0,
      "eval_overall-F1": 78.4,
      "eval_pred_tree": 66,
      "eval_record-F1": 78.4,
      "eval_record-P": 75.3846,
      "eval_record-R": 81.6667,
      "eval_record-gold": 60.0,
      "eval_record-pred": 65.0,
      "eval_record-tp": 49.0,
      "eval_runtime": 2.6318,
      "eval_samples_per_second": 63.454,
      "eval_spot-F1": 78.4,
      "eval_spot-P": 75.3846,
      "eval_spot-R": 81.6667,
      "eval_spot-gold": 60.0,
      "eval_spot-pred": 65.0,
      "eval_spot-tp": 49.0,
      "eval_well-formed": 167,
      "step": 336
    },
    {
      "epoch": 2.98,
      "learning_rate": 8.88106966924701e-05,
      "loss": 0.292,
      "step": 500
    },
    {
      "epoch": 3.0,
      "eval_asoc-F1": 0.0,
      "eval_asoc-P": 0.0,
      "eval_asoc-R": 0.0,
      "eval_asoc-gold": 0.0,
      "eval_asoc-pred": 0.0,
      "eval_asoc-tp": 0.0,
      "eval_gen_len": 5.0359,
      "eval_gold_tree": 60,
      "eval_loss": 0.09679213911294937,
      "eval_ordered-record-F1": 83.6066,
      "eval_ordered-record-P": 82.2581,
      "eval_ordered-record-R": 85.0,
      "eval_ordered-record-gold": 60.0,
      "eval_ordered-record-pred": 62.0,
      "eval_ordered-record-tp": 51.0,
      "eval_overall-F1": 83.6066,
      "eval_pred_tree": 62,
      "eval_record-F1": 83.6066,
      "eval_record-P": 82.2581,
      "eval_record-R": 85.0,
      "eval_record-gold": 60.0,
      "eval_record-pred": 62.0,
      "eval_record-tp": 51.0,
      "eval_runtime": 2.5109,
      "eval_samples_per_second": 66.51,
      "eval_spot-F1": 83.6066,
      "eval_spot-P": 82.2581,
      "eval_spot-R": 85.0,
      "eval_spot-gold": 60.0,
      "eval_spot-pred": 62.0,
      "eval_spot-tp": 51.0,
      "eval_well-formed": 167,
      "step": 504
    },
    {
      "epoch": 4.0,
      "eval_asoc-F1": 0.0,
      "eval_asoc-P": 0.0,
      "eval_asoc-R": 0.0,
      "eval_asoc-gold": 0.0,
      "eval_asoc-pred": 0.0,
      "eval_asoc-tp": 0.0,
      "eval_gen_len": 5.1257,
      "eval_gold_tree": 60,
      "eval_loss": 0.1034032478928566,
      "eval_ordered-record-F1": 83.871,
      "eval_ordered-record-P": 81.25,
      "eval_ordered-record-R": 86.6667,
      "eval_ordered-record-gold": 60.0,
      "eval_ordered-record-pred": 64.0,
      "eval_ordered-record-tp": 52.0,
      "eval_overall-F1": 83.871,
      "eval_pred_tree": 64,
      "eval_record-F1": 83.871,
      "eval_record-P": 81.25,
      "eval_record-R": 86.6667,
      "eval_record-gold": 60.0,
      "eval_record-pred": 64.0,
      "eval_record-tp": 52.0,
      "eval_runtime": 2.6378,
      "eval_samples_per_second": 63.309,
      "eval_spot-F1": 83.871,
      "eval_spot-P": 81.25,
      "eval_spot-R": 86.6667,
      "eval_spot-gold": 60.0,
      "eval_spot-pred": 64.0,
      "eval_spot-tp": 52.0,
      "eval_well-formed": 167,
      "step": 672
    }
  ],
  "max_steps": 3024,
  "num_train_epochs": 18,
  "total_flos": 526414918600704.0,
  "trial_name": null,
  "trial_params": null
}
