{
    "epoch": "14/20",
    "best_epoch": 9,
    "max_gpu_mem": "7.7418",
    "cur_ram": "2.7963",
    "time_epoch": "0:00:15",
    "time_total": "0:03:36",
    "best_train_ner_loss": 7.659794312936288,
    "train_ner_loss": 1.0677772804542824,
    "best_train_sum": 0.978683966635774,
    "train_sum": 0.978683966635774,
    "best_dev_ner_loss": 21.17511967250279,
    "dev_ner_loss": 32.405291421072825,
    "best_dev_sum": 0.819672131147541,
    "dev_sum": 0.7777777777777778,
    "best_train_ner_precision": 0.8592057761732852,
    "best_train_ner_recall": 0.8847583643122676,
    "best_train_ner_span_f1": 0.8717948717948718,
    "train_ner_precision": 0.9759704251386322,
    "train_ner_recall": 0.9814126394052045,
    "train_ner_span_f1": 0.978683966635774,
    "best_dev_ner_precision": 0.8064516129032258,
    "best_dev_ner_recall": 0.8333333333333334,
    "best_dev_ner_span_f1": 0.819672131147541,
    "dev_ner_precision": 0.7424242424242424,
    "dev_ner_recall": 0.8166666666666667,
    "dev_ner_span_f1": 0.7777777777777778
}