{
    "epoch": "4/20",
    "best_epoch": 4,
    "max_gpu_mem": "7.7355",
    "cur_ram": "2.7791",
    "time_epoch": "0:00:15",
    "time_total": "0:00:59",
    "best_train_ner_loss": 34.003889313450564,
    "train_ner_loss": 34.003889313450564,
    "best_train_sum": 0.4693520140105079,
    "train_sum": 0.4693520140105079,
    "best_dev_ner_loss": 19.906621388026647,
    "dev_ner_loss": 19.906621388026647,
    "best_dev_sum": 0.7096774193548386,
    "dev_sum": 0.7096774193548386,
    "best_train_ner_precision": 0.44370860927152317,
    "best_train_ner_recall": 0.49814126394052044,
    "best_train_ner_span_f1": 0.4693520140105079,
    "train_ner_precision": 0.44370860927152317,
    "train_ner_recall": 0.49814126394052044,
    "train_ner_span_f1": 0.4693520140105079,
    "best_dev_ner_precision": 0.6875,
    "best_dev_ner_recall": 0.7333333333333333,
    "best_dev_ner_span_f1": 0.7096774193548386,
    "dev_ner_precision": 0.6875,
    "dev_ner_recall": 0.7333333333333333,
    "dev_ner_span_f1": 0.7096774193548386
}