{
    "epoch": "11/20",
    "best_epoch": 9,
    "max_gpu_mem": "7.7418",
    "cur_ram": "2.7963",
    "time_epoch": "0:00:15",
    "time_total": "0:02:51",
    "best_train_ner_loss": 7.659794312936288,
    "train_ner_loss": 4.264719680503562,
    "best_train_sum": 0.9340761374187557,
    "train_sum": 0.9340761374187557,
    "best_dev_ner_loss": 21.17511967250279,
    "dev_ner_loss": 26.984718322753906,
    "best_dev_sum": 0.819672131147541,
    "dev_sum": 0.7500000000000001,
    "best_train_ner_precision": 0.8592057761732852,
    "best_train_ner_recall": 0.8847583643122676,
    "best_train_ner_span_f1": 0.8717948717948718,
    "train_ner_precision": 0.9332096474953617,
    "train_ner_recall": 0.9349442379182156,
    "train_ner_span_f1": 0.9340761374187557,
    "best_dev_ner_precision": 0.8064516129032258,
    "best_dev_ner_recall": 0.8333333333333334,
    "best_dev_ner_span_f1": 0.819672131147541,
    "dev_ner_precision": 0.7058823529411765,
    "dev_ner_recall": 0.8,
    "dev_ner_span_f1": 0.7500000000000001
}