{
    "epoch": "5/20",
    "best_epoch": 5,
    "max_gpu_mem": "7.7355",
    "cur_ram": "2.7792",
    "time_epoch": "0:00:15",
    "time_total": "0:01:15",
    "best_train_ner_loss": 24.492762247721355,
    "train_ner_loss": 24.492762247721355,
    "best_train_sum": 0.6832871652816251,
    "train_sum": 0.6832871652816251,
    "best_dev_ner_loss": 18.583109174455917,
    "dev_ner_loss": 18.583109174455917,
    "best_dev_sum": 0.7419354838709677,
    "dev_sum": 0.7419354838709677,
    "best_train_ner_precision": 0.6788990825688074,
    "best_train_ner_recall": 0.6877323420074349,
    "best_train_ner_span_f1": 0.6832871652816251,
    "train_ner_precision": 0.6788990825688074,
    "train_ner_recall": 0.6877323420074349,
    "train_ner_span_f1": 0.6832871652816251,
    "best_dev_ner_precision": 0.71875,
    "best_dev_ner_recall": 0.7666666666666667,
    "best_dev_ner_span_f1": 0.7419354838709677,
    "dev_ner_precision": 0.71875,
    "dev_ner_recall": 0.7666666666666667,
    "dev_ner_span_f1": 0.7419354838709677
}