{
    "epoch": "7/20",
    "best_epoch": 7,
    "max_gpu_mem": "7.7369",
    "cur_ram": "2.7797",
    "time_epoch": "0:00:15",
    "time_total": "0:01:47",
    "best_train_ner_loss": 14.97793021025481,
    "train_ner_loss": 14.97793021025481,
    "best_train_sum": 0.8033240997229917,
    "train_sum": 0.8033240997229917,
    "best_dev_ner_loss": 20.19632993425642,
    "dev_ner_loss": 20.19632993425642,
    "best_dev_sum": 0.7457627118644068,
    "dev_sum": 0.7457627118644068,
    "best_train_ner_precision": 0.7981651376146789,
    "best_train_ner_recall": 0.8085501858736059,
    "best_train_ner_span_f1": 0.8033240997229917,
    "train_ner_precision": 0.7981651376146789,
    "train_ner_recall": 0.8085501858736059,
    "train_ner_span_f1": 0.8033240997229917,
    "best_dev_ner_precision": 0.7586206896551724,
    "best_dev_ner_recall": 0.7333333333333333,
    "best_dev_ner_span_f1": 0.7457627118644068,
    "dev_ner_precision": 0.7586206896551724,
    "dev_ner_recall": 0.7333333333333333,
    "dev_ner_span_f1": 0.7457627118644068
}