{
    "epoch": "16/20",
    "best_epoch": 9,
    "max_gpu_mem": "7.7418",
    "cur_ram": "2.7963",
    "time_epoch": "0:00:15",
    "time_total": "0:04:07",
    "best_train_ner_loss": 7.659794312936288,
    "train_ner_loss": 1.5269852390995733,
    "best_train_sum": 0.9685185185185184,
    "train_sum": 0.9685185185185184,
    "best_dev_ner_loss": 21.17511967250279,
    "dev_ner_loss": 32.509425027029856,
    "best_dev_sum": 0.819672131147541,
    "dev_sum": 0.7401574803149608,
    "best_train_ner_precision": 0.8592057761732852,
    "best_train_ner_recall": 0.8847583643122676,
    "best_train_ner_span_f1": 0.8717948717948718,
    "train_ner_precision": 0.9649446494464945,
    "train_ner_recall": 0.9721189591078067,
    "train_ner_span_f1": 0.9685185185185184,
    "best_dev_ner_precision": 0.8064516129032258,
    "best_dev_ner_recall": 0.8333333333333334,
    "best_dev_ner_span_f1": 0.819672131147541,
    "dev_ner_precision": 0.7014925373134329,
    "dev_ner_recall": 0.7833333333333333,
    "dev_ner_span_f1": 0.7401574803149608
}