{
    "epoch": "13/20",
    "best_epoch": 9,
    "max_gpu_mem": "7.7418",
    "cur_ram": "2.7963",
    "time_epoch": "0:00:15",
    "time_total": "0:03:21",
    "best_train_ner_loss": 7.659794312936288,
    "train_ner_loss": 2.6774856779310436,
    "best_train_sum": 0.9564411492122336,
    "train_sum": 0.9564411492122336,
    "best_dev_ner_loss": 21.17511967250279,
    "dev_ner_loss": 29.798364911760604,
    "best_dev_sum": 0.819672131147541,
    "dev_sum": 0.717557251908397,
    "best_train_ner_precision": 0.8592057761732852,
    "best_train_ner_recall": 0.8847583643122676,
    "best_train_ner_span_f1": 0.8717948717948718,
    "train_ner_precision": 0.9537892791127541,
    "train_ner_recall": 0.9591078066914498,
    "train_ner_span_f1": 0.9564411492122336,
    "best_dev_ner_precision": 0.8064516129032258,
    "best_dev_ner_recall": 0.8333333333333334,
    "best_dev_ner_span_f1": 0.819672131147541,
    "dev_ner_precision": 0.6619718309859155,
    "dev_ner_recall": 0.7833333333333333,
    "dev_ner_span_f1": 0.717557251908397
}