{
    "epoch": "2/20",
    "best_epoch": 1,
    "max_gpu_mem": "7.7346",
    "cur_ram": "2.7787",
    "time_epoch": "0:00:15",
    "time_total": "0:00:27",
    "best_train_ner_loss": 1267.880704526548,
    "train_ner_loss": 345.04760869344074,
    "best_train_sum": 0.0027210884353741495,
    "train_sum": 0.0027210884353741495,
    "best_dev_ner_loss": 1048.2292742047991,
    "dev_ner_loss": 71.24928937639508,
    "best_dev_sum": 0.003984063745019921,
    "dev_sum": 0.0,
    "best_train_ner_precision": 0.00240128068303095,
    "best_train_ner_recall": 0.016728624535315983,
    "best_train_ner_span_f1": 0.004199720018665422,
    "train_ner_precision": 0.002145922746781116,
    "train_ner_recall": 0.0037174721189591076,
    "train_ner_span_f1": 0.0027210884353741495,
    "best_dev_ner_precision": 0.0022624434389140274,
    "best_dev_ner_recall": 0.016666666666666666,
    "best_dev_ner_span_f1": 0.003984063745019921,
    "dev_ner_precision": 0.0,
    "dev_ner_recall": 0.0,
    "dev_ner_span_f1": 0.0
}