{
    "epoch": "20/20",
    "best_epoch": 9,
    "max_gpu_mem": "7.7418",
    "cur_ram": "2.7964",
    "time_epoch": "0:00:15",
    "time_total": "0:05:08",
    "best_train_ner_loss": 7.659794312936288,
    "train_ner_loss": 0.1866973594382957,
    "best_train_sum": 0.9972144846796657,
    "train_sum": 0.9972144846796657,
    "best_dev_ner_loss": 21.17511967250279,
    "dev_ner_loss": 36.021877833775115,
    "best_dev_sum": 0.819672131147541,
    "dev_sum": 0.761904761904762,
    "best_train_ner_precision": 0.8592057761732852,
    "best_train_ner_recall": 0.8847583643122676,
    "best_train_ner_span_f1": 0.8717948717948718,
    "train_ner_precision": 0.9962894248608535,
    "train_ner_recall": 0.9981412639405205,
    "train_ner_span_f1": 0.9972144846796657,
    "best_dev_ner_precision": 0.8064516129032258,
    "best_dev_ner_recall": 0.8333333333333334,
    "best_dev_ner_span_f1": 0.819672131147541,
    "dev_ner_precision": 0.7272727272727273,
    "dev_ner_recall": 0.8,
    "dev_ner_span_f1": 0.761904761904762
}