{
    "epoch": "6/20",
    "best_epoch": 5,
    "max_gpu_mem": "7.7355",
    "cur_ram": "2.7797",
    "time_epoch": "0:00:15",
    "time_total": "0:01:32",
    "best_train_ner_loss": 24.492762247721355,
    "train_ner_loss": 16.65314547220866,
    "best_train_sum": 0.7688073394495414,
    "train_sum": 0.7688073394495414,
    "best_dev_ner_loss": 18.583109174455917,
    "dev_ner_loss": 20.644512176513672,
    "best_dev_sum": 0.7419354838709677,
    "dev_sum": 0.7244094488188977,
    "best_train_ner_precision": 0.6788990825688074,
    "best_train_ner_recall": 0.6877323420074349,
    "best_train_ner_span_f1": 0.6832871652816251,
    "train_ner_precision": 0.7590579710144928,
    "train_ner_recall": 0.7788104089219331,
    "train_ner_span_f1": 0.7688073394495414,
    "best_dev_ner_precision": 0.71875,
    "best_dev_ner_recall": 0.7666666666666667,
    "best_dev_ner_span_f1": 0.7419354838709677,
    "dev_ner_precision": 0.6865671641791045,
    "dev_ner_recall": 0.7666666666666667,
    "dev_ner_span_f1": 0.7244094488188977
}