{
    "epoch": "17/20",
    "best_epoch": 9,
    "max_gpu_mem": "7.7418",
    "cur_ram": "2.7964",
    "time_epoch": "0:00:15",
    "time_total": "0:04:22",
    "best_train_ner_loss": 7.659794312936288,
    "train_ner_loss": 0.4786346576831959,
    "best_train_sum": 0.9907235621521336,
    "train_sum": 0.9907235621521336,
    "best_dev_ner_loss": 21.17511967250279,
    "dev_ner_loss": 34.995695386614116,
    "best_dev_sum": 0.819672131147541,
    "dev_sum": 0.768,
    "best_train_ner_precision": 0.8592057761732852,
    "best_train_ner_recall": 0.8847583643122676,
    "best_train_ner_span_f1": 0.8717948717948718,
    "train_ner_precision": 0.9888888888888889,
    "train_ner_recall": 0.9925650557620818,
    "train_ner_span_f1": 0.9907235621521336,
    "best_dev_ner_precision": 0.8064516129032258,
    "best_dev_ner_recall": 0.8333333333333334,
    "best_dev_ner_span_f1": 0.819672131147541,
    "dev_ner_precision": 0.7384615384615385,
    "dev_ner_recall": 0.8,
    "dev_ner_span_f1": 0.768
}