{
    "epoch": "12/20",
    "best_epoch": 9,
    "max_gpu_mem": "7.7418",
    "cur_ram": "2.7963",
    "time_epoch": "0:00:15",
    "time_total": "0:03:06",
    "best_train_ner_loss": 7.659794312936288,
    "train_ner_loss": 4.7415323963871705,
    "best_train_sum": 0.933579335793358,
    "train_sum": 0.933579335793358,
    "best_dev_ner_loss": 21.17511967250279,
    "dev_ner_loss": 26.91962432861328,
    "best_dev_sum": 0.819672131147541,
    "dev_sum": 0.7868852459016393,
    "best_train_ner_precision": 0.8592057761732852,
    "best_train_ner_recall": 0.8847583643122676,
    "best_train_ner_span_f1": 0.8717948717948718,
    "train_ner_precision": 0.9267399267399268,
    "train_ner_recall": 0.9405204460966543,
    "train_ner_span_f1": 0.933579335793358,
    "best_dev_ner_precision": 0.8064516129032258,
    "best_dev_ner_recall": 0.8333333333333334,
    "best_dev_ner_span_f1": 0.819672131147541,
    "dev_ner_precision": 0.7741935483870968,
    "dev_ner_recall": 0.8,
    "dev_ner_span_f1": 0.7868852459016393
}