{
    "epoch": "3/20",
    "best_epoch": 3,
    "max_gpu_mem": "7.7355",
    "cur_ram": "2.7789",
    "time_epoch": "0:00:15",
    "time_total": "0:00:42",
    "best_train_ner_loss": 64.16076024373372,
    "train_ner_loss": 64.16076024373372,
    "best_train_sum": 0.12554744525547445,
    "train_sum": 0.12554744525547445,
    "best_dev_ner_loss": 26.417572566441127,
    "dev_ner_loss": 26.417572566441127,
    "best_dev_sum": 0.4571428571428572,
    "dev_sum": 0.4571428571428572,
    "best_train_ner_precision": 0.2925170068027211,
    "best_train_ner_recall": 0.07992565055762081,
    "best_train_ner_span_f1": 0.12554744525547445,
    "train_ner_precision": 0.2925170068027211,
    "train_ner_recall": 0.07992565055762081,
    "train_ner_span_f1": 0.12554744525547445,
    "best_dev_ner_precision": 0.4,
    "best_dev_ner_recall": 0.5333333333333333,
    "best_dev_ner_span_f1": 0.4571428571428572,
    "dev_ner_precision": 0.4,
    "dev_ner_recall": 0.5333333333333333,
    "dev_ner_span_f1": 0.4571428571428572
}