{
    "epoch": "9/20",
    "best_epoch": 8,
    "max_gpu_mem": "7.4315",
    "cur_ram": "2.7552",
    "time_epoch": "0:00:13",
    "time_total": "0:02:08",
    "best_train_ner_loss": 4.9077996826171875,
    "train_ner_loss": 2.993169975280762,
    "best_train_sum": 0.9702602230483272,
    "train_sum": 0.9702602230483272,
    "best_dev_ner_loss": 20.002186366489955,
    "dev_ner_loss": 18.86958912440709,
    "best_dev_sum": 0.8181818181818182,
    "dev_sum": 0.81203007518797,
    "best_train_ner_precision": 0.9189686924493554,
    "best_train_ner_recall": 0.9327102803738317,
    "best_train_ner_span_f1": 0.9257884972170687,
    "train_ner_precision": 0.9648798521256932,
    "train_ner_recall": 0.9757009345794393,
    "train_ner_span_f1": 0.9702602230483272,
    "best_dev_ner_precision": 0.782608695652174,
    "best_dev_ner_recall": 0.8571428571428571,
    "best_dev_ner_span_f1": 0.8181818181818182,
    "dev_ner_precision": 0.7714285714285715,
    "dev_ner_recall": 0.8571428571428571,
    "dev_ner_span_f1": 0.81203007518797
}