{
    "epoch": "18/20",
    "best_epoch": 15,
    "max_gpu_mem": "7.4317",
    "cur_ram": "2.7553",
    "time_epoch": "0:00:13",
    "time_total": "0:04:16",
    "best_train_ner_loss": 0.5164027404785156,
    "train_ner_loss": 0.269456787109375,
    "best_train_sum": 0.9953227315247895,
    "train_sum": 0.9953227315247895,
    "best_dev_ner_loss": 23.203089577811106,
    "dev_ner_loss": 24.739183698381698,
    "best_dev_sum": 0.8333333333333334,
    "dev_sum": 0.81203007518797,
    "best_train_ner_precision": 0.9906716417910447,
    "best_train_ner_recall": 0.9925233644859813,
    "best_train_ner_span_f1": 0.9915966386554622,
    "train_ner_precision": 0.9962546816479401,
    "train_ner_recall": 0.994392523364486,
    "train_ner_span_f1": 0.9953227315247895,
    "best_dev_ner_precision": 0.7971014492753623,
    "best_dev_ner_recall": 0.873015873015873,
    "best_dev_ner_span_f1": 0.8333333333333334,
    "dev_ner_precision": 0.7714285714285715,
    "dev_ner_recall": 0.8571428571428571,
    "dev_ner_span_f1": 0.81203007518797
}