{
    "epoch": "3/20",
    "best_epoch": 3,
    "max_gpu_mem": "7.4258",
    "cur_ram": "2.7545",
    "time_epoch": "0:00:14",
    "time_total": "0:00:40",
    "best_train_ner_loss": 74.73608322143555,
    "train_ner_loss": 74.73608322143555,
    "best_train_sum": 0.11314475873544094,
    "train_sum": 0.11314475873544094,
    "best_dev_ner_loss": 37.84662083217076,
    "dev_ner_loss": 37.84662083217076,
    "best_dev_sum": 0.3716814159292035,
    "dev_sum": 0.3716814159292035,
    "best_train_ner_precision": 0.5151515151515151,
    "best_train_ner_recall": 0.06355140186915888,
    "best_train_ner_span_f1": 0.11314475873544094,
    "train_ner_precision": 0.5151515151515151,
    "train_ner_recall": 0.06355140186915888,
    "train_ner_span_f1": 0.11314475873544094,
    "best_dev_ner_precision": 0.42,
    "best_dev_ner_recall": 0.3333333333333333,
    "best_dev_ner_span_f1": 0.3716814159292035,
    "dev_ner_precision": 0.42,
    "dev_ner_recall": 0.3333333333333333,
    "dev_ner_span_f1": 0.3716814159292035
}