{
    "epoch": "4/20",
    "best_epoch": 4,
    "max_gpu_mem": "7.4258",
    "cur_ram": "2.7547",
    "time_epoch": "0:00:14",
    "time_total": "0:00:55",
    "best_train_ner_loss": 35.89889646530151,
    "train_ner_loss": 35.89889646530151,
    "best_train_sum": 0.4674835061262959,
    "train_sum": 0.4674835061262959,
    "best_dev_ner_loss": 22.736749376569474,
    "dev_ner_loss": 22.736749376569474,
    "best_dev_sum": 0.661764705882353,
    "dev_sum": 0.661764705882353,
    "best_train_ner_precision": 0.4714828897338403,
    "best_train_ner_recall": 0.4635514018691589,
    "best_train_ner_span_f1": 0.4674835061262959,
    "train_ner_precision": 0.4714828897338403,
    "train_ner_recall": 0.4635514018691589,
    "train_ner_span_f1": 0.4674835061262959,
    "best_dev_ner_precision": 0.6164383561643836,
    "best_dev_ner_recall": 0.7142857142857143,
    "best_dev_ner_span_f1": 0.661764705882353,
    "dev_ner_precision": 0.6164383561643836,
    "dev_ner_recall": 0.7142857142857143,
    "dev_ner_span_f1": 0.661764705882353
}