{
    "epoch": "7/20",
    "best_epoch": 5,
    "max_gpu_mem": "7.4304",
    "cur_ram": "2.7552",
    "time_epoch": "0:00:13",
    "time_total": "0:01:39",
    "best_train_ner_loss": 21.237292175292968,
    "train_ner_loss": 7.682728576660156,
    "best_train_sum": 0.9055555555555556,
    "train_sum": 0.9055555555555556,
    "best_dev_ner_loss": 17.38102994646345,
    "dev_ner_loss": 17.91836384364537,
    "best_dev_sum": 0.8030303030303031,
    "dev_sum": 0.7761194029850745,
    "best_train_ner_precision": 0.6936619718309859,
    "best_train_ner_recall": 0.7364485981308411,
    "best_train_ner_span_f1": 0.7144152311876699,
    "train_ner_precision": 0.8972477064220183,
    "train_ner_recall": 0.914018691588785,
    "train_ner_span_f1": 0.9055555555555556,
    "best_dev_ner_precision": 0.7681159420289855,
    "best_dev_ner_recall": 0.8412698412698413,
    "best_dev_ner_span_f1": 0.8030303030303031,
    "dev_ner_precision": 0.7323943661971831,
    "dev_ner_recall": 0.8253968253968254,
    "dev_ner_span_f1": 0.7761194029850745
}