{
    "epoch": "2/20",
    "best_epoch": 1,
    "max_gpu_mem": "7.4258",
    "cur_ram": "2.7544",
    "time_epoch": "0:00:14",
    "time_total": "0:00:25",
    "best_train_ner_loss": 1175.3414184570313,
    "train_ner_loss": 375.1326844406128,
    "best_train_sum": 0.0,
    "train_sum": 0.0,
    "best_dev_ner_loss": 839.8227822440011,
    "dev_ner_loss": 87.10749271937779,
    "best_dev_sum": 0.0,
    "dev_sum": 0.0,
    "best_train_ner_precision": 0.000332409972299169,
    "best_train_ner_recall": 0.011214953271028037,
    "best_train_ner_span_f1": 0.000645682001614205,
    "train_ner_precision": 0.0,
    "train_ner_recall": 0.0,
    "train_ner_span_f1": 0.0,
    "best_dev_ner_precision": 0.0,
    "best_dev_ner_recall": 0.0,
    "best_dev_ner_span_f1": 0.0,
    "dev_ner_precision": 0.0,
    "dev_ner_recall": 0.0,
    "dev_ner_span_f1": 0.0
}