{
    "epoch": "10/20",
    "best_epoch": 8,
    "max_gpu_mem": "7.4315",
    "cur_ram": "2.7552",
    "time_epoch": "0:00:13",
    "time_total": "0:02:22",
    "best_train_ner_loss": 4.9077996826171875,
    "train_ner_loss": 3.9255818557739257,
    "best_train_sum": 0.9507892293407614,
    "train_sum": 0.9507892293407614,
    "best_dev_ner_loss": 20.002186366489955,
    "dev_ner_loss": 17.468121119907924,
    "best_dev_sum": 0.8181818181818182,
    "dev_sum": 0.8,
    "best_train_ner_precision": 0.9189686924493554,
    "best_train_ner_recall": 0.9327102803738317,
    "best_train_ner_span_f1": 0.9257884972170687,
    "train_ner_precision": 0.9446494464944649,
    "train_ner_recall": 0.9570093457943926,
    "train_ner_span_f1": 0.9507892293407614,
    "best_dev_ner_precision": 0.782608695652174,
    "best_dev_ner_recall": 0.8571428571428571,
    "best_dev_ner_span_f1": 0.8181818181818182,
    "dev_ner_precision": 0.7761194029850746,
    "dev_ner_recall": 0.8253968253968254,
    "dev_ner_span_f1": 0.8
}