{
    "epoch": "6/20",
    "best_epoch": 5,
    "max_gpu_mem": "7.4258",
    "cur_ram": "2.7552",
    "time_epoch": "0:00:14",
    "time_total": "0:01:25",
    "best_train_ner_loss": 21.237292175292968,
    "train_ner_loss": 13.679596977233887,
    "best_train_sum": 0.7992700729927008,
    "train_sum": 0.7992700729927008,
    "best_dev_ner_loss": 17.38102994646345,
    "dev_ner_loss": 18.01718248639788,
    "best_dev_sum": 0.8030303030303031,
    "dev_sum": 0.7692307692307693,
    "best_train_ner_precision": 0.6936619718309859,
    "best_train_ner_recall": 0.7364485981308411,
    "best_train_ner_span_f1": 0.7144152311876699,
    "train_ner_precision": 0.7807486631016043,
    "train_ner_recall": 0.8186915887850468,
    "train_ner_span_f1": 0.7992700729927008,
    "best_dev_ner_precision": 0.7681159420289855,
    "best_dev_ner_recall": 0.8412698412698413,
    "best_dev_ner_span_f1": 0.8030303030303031,
    "dev_ner_precision": 0.746268656716418,
    "dev_ner_recall": 0.7936507936507936,
    "dev_ner_span_f1": 0.7692307692307693
}