{
    "epoch": "14/20",
    "best_epoch": 7,
    "max_gpu_mem": "10.4768",
    "cur_ram": "2.8134",
    "time_epoch": "0:00:07",
    "time_total": "0:01:52",
    "best_train_ner_loss": 12.44118881225586,
    "train_ner_loss": 2.0838974634806315,
    "best_train_sum": 0.9934697431432303,
    "train_sum": 0.9934697431432303,
    "best_dev_ner_loss": 21.12677574157715,
    "dev_ner_loss": 19.629947662353516,
    "best_dev_sum": 0.9702970297029702,
    "dev_sum": 0.9605263157894737,
    "best_train_ner_precision": 0.951240376390077,
    "best_train_ner_recall": 0.9686411149825784,
    "best_train_ner_span_f1": 0.9598618903754856,
    "train_ner_precision": 0.9930374238468234,
    "train_ner_recall": 0.9939024390243902,
    "train_ner_span_f1": 0.9934697431432303,
    "best_dev_ner_precision": 0.9607843137254902,
    "best_dev_ner_recall": 0.98,
    "best_dev_ner_span_f1": 0.9702970297029702,
    "dev_ner_precision": 0.948051948051948,
    "dev_ner_recall": 0.9733333333333334,
    "dev_ner_span_f1": 0.9605263157894737
}