{
    "epoch": "4/20",
    "best_epoch": 4,
    "max_gpu_mem": "10.4666",
    "cur_ram": "2.8129",
    "time_epoch": "0:00:07",
    "time_total": "0:00:31",
    "best_train_ner_loss": 74.86754023234049,
    "train_ner_loss": 74.86754023234049,
    "best_train_sum": 0.7244607244607245,
    "train_sum": 0.7244607244607245,
    "best_dev_ner_loss": 42.08882999420166,
    "dev_ner_loss": 42.08882999420166,
    "best_dev_sum": 0.8300653594771242,
    "dev_sum": 0.8300653594771242,
    "best_train_ner_precision": 0.6799083269671505,
    "best_train_ner_recall": 0.7752613240418118,
    "best_train_ner_span_f1": 0.7244607244607245,
    "train_ner_precision": 0.6799083269671505,
    "train_ner_recall": 0.7752613240418118,
    "train_ner_span_f1": 0.7244607244607245,
    "best_dev_ner_precision": 0.8141025641025641,
    "best_dev_ner_recall": 0.8466666666666667,
    "best_dev_ner_span_f1": 0.8300653594771242,
    "dev_ner_precision": 0.8141025641025641,
    "dev_ner_recall": 0.8466666666666667,
    "dev_ner_span_f1": 0.8300653594771242
}