{
    "epoch": "11/20",
    "best_epoch": 7,
    "max_gpu_mem": "10.4666",
    "cur_ram": "2.8134",
    "time_epoch": "0:00:07",
    "time_total": "0:01:30",
    "best_train_ner_loss": 12.44118881225586,
    "train_ner_loss": 4.561271222432454,
    "best_train_sum": 0.9813449023861172,
    "train_sum": 0.9813449023861172,
    "best_dev_ner_loss": 21.12677574157715,
    "dev_ner_loss": 16.282597541809082,
    "best_dev_sum": 0.9702970297029702,
    "dev_sum": 0.9473684210526316,
    "best_train_ner_precision": 0.951240376390077,
    "best_train_ner_recall": 0.9686411149825784,
    "best_train_ner_span_f1": 0.9598618903754856,
    "train_ner_precision": 0.9775280898876404,
    "train_ner_recall": 0.985191637630662,
    "train_ner_span_f1": 0.9813449023861172,
    "best_dev_ner_precision": 0.9607843137254902,
    "best_dev_ner_recall": 0.98,
    "best_dev_ner_span_f1": 0.9702970297029702,
    "dev_ner_precision": 0.935064935064935,
    "dev_ner_recall": 0.96,
    "dev_ner_span_f1": 0.9473684210526316
}