{
    "epoch": "3/20",
    "best_epoch": 3,
    "max_gpu_mem": "10.4666",
    "cur_ram": "2.8127",
    "time_epoch": "0:00:07",
    "time_total": "0:00:22",
    "best_train_ner_loss": 218.09608484903973,
    "train_ner_loss": 218.09608484903973,
    "best_train_sum": 0.21094190637337845,
    "train_sum": 0.21094190637337845,
    "best_dev_ner_loss": 109.87582778930664,
    "dev_ner_loss": 109.87582778930664,
    "best_dev_sum": 0.5548780487804879,
    "dev_sum": 0.5548780487804879,
    "best_train_ner_precision": 0.2992,
    "best_train_ner_recall": 0.16289198606271776,
    "best_train_ner_span_f1": 0.21094190637337845,
    "train_ner_precision": 0.2992,
    "train_ner_recall": 0.16289198606271776,
    "train_ner_span_f1": 0.21094190637337845,
    "best_dev_ner_precision": 0.5112359550561798,
    "best_dev_ner_recall": 0.6066666666666667,
    "best_dev_ner_span_f1": 0.5548780487804879,
    "dev_ner_precision": 0.5112359550561798,
    "dev_ner_recall": 0.6066666666666667,
    "dev_ner_span_f1": 0.5548780487804879
}