{
    "epoch": "1/20",
    "best_epoch": 1,
    "max_gpu_mem": "3.7658",
    "cur_ram": "2.7937",
    "time_epoch": "0:00:03",
    "time_total": "0:00:06",
    "best_train_ner_loss": 994.3935496012369,
    "train_ner_loss": 994.3935496012369,
    "best_train_sum": 0.00341727954832479,
    "train_sum": 0.00341727954832479,
    "best_dev_ner_loss": 903.7581176757812,
    "dev_ner_loss": 903.7581176757812,
    "best_dev_sum": 0.0,
    "dev_sum": 0.0,
    "best_train_ner_precision": 0.0018679444489563875,
    "best_train_ner_recall": 0.02003484320557491,
    "best_train_ner_span_f1": 0.00341727954832479,
    "train_ner_precision": 0.0018679444489563875,
    "train_ner_recall": 0.02003484320557491,
    "train_ner_span_f1": 0.00341727954832479,
    "best_dev_ner_precision": 0.0,
    "best_dev_ner_recall": 0.0,
    "best_dev_ner_span_f1": 0.0,
    "dev_ner_precision": 0.0,
    "dev_ner_recall": 0.0,
    "dev_ner_span_f1": 0.0
}