{
    "epoch": "16/20",
    "best_epoch": 7,
    "max_gpu_mem": "10.4768",
    "cur_ram": "2.8134",
    "time_epoch": "0:00:07",
    "time_total": "0:02:06",
    "best_train_ner_loss": 12.44118881225586,
    "train_ner_loss": 1.3883888880411783,
    "best_train_sum": 0.9947780678851175,
    "train_sum": 0.9947780678851175,
    "best_dev_ner_loss": 21.12677574157715,
    "dev_ner_loss": 22.28858470916748,
    "best_dev_sum": 0.9702970297029702,
    "dev_sum": 0.9700996677740864,
    "best_train_ner_precision": 0.951240376390077,
    "best_train_ner_recall": 0.9686411149825784,
    "best_train_ner_span_f1": 0.9598618903754856,
    "train_ner_precision": 0.9939130434782608,
    "train_ner_recall": 0.9956445993031359,
    "train_ner_span_f1": 0.9947780678851175,
    "best_dev_ner_precision": 0.9607843137254902,
    "best_dev_ner_recall": 0.98,
    "best_dev_ner_span_f1": 0.9702970297029702,
    "dev_ner_precision": 0.9668874172185431,
    "dev_ner_recall": 0.9733333333333334,
    "dev_ner_span_f1": 0.9700996677740864
}