{
    "epoch": "2/20",
    "best_epoch": 1,
    "max_gpu_mem": "10.4666",
    "cur_ram": "2.8126",
    "time_epoch": "0:00:07",
    "time_total": "0:00:15",
    "best_train_ner_loss": 994.3935496012369,
    "train_ner_loss": 665.43890431722,
    "best_train_sum": 0.0040235666043971835,
    "train_sum": 0.0040235666043971835,
    "best_dev_ner_loss": 903.7581176757812,
    "dev_ner_loss": 308.59739685058594,
    "best_dev_sum": 0.0,
    "dev_sum": 0.0,
    "best_train_ner_precision": 0.0018679444489563875,
    "best_train_ner_recall": 0.02003484320557491,
    "best_train_ner_span_f1": 0.00341727954832479,
    "train_ner_precision": 0.002409223885733953,
    "train_ner_recall": 0.012195121951219513,
    "train_ner_span_f1": 0.0040235666043971835,
    "best_dev_ner_precision": 0.0,
    "best_dev_ner_recall": 0.0,
    "best_dev_ner_span_f1": 0.0,
    "dev_ner_precision": 0.0,
    "dev_ner_recall": 0.0,
    "dev_ner_span_f1": 0.0
}