{
    "epoch": "18/20",
    "best_epoch": 7,
    "max_gpu_mem": "10.4768",
    "cur_ram": "2.8135",
    "time_epoch": "0:00:07",
    "time_total": "0:02:21",
    "best_train_ner_loss": 12.44118881225586,
    "train_ner_loss": 0.9669300079345703,
    "best_train_sum": 0.9956445993031359,
    "train_sum": 0.9956445993031359,
    "best_dev_ner_loss": 21.12677574157715,
    "dev_ner_loss": 21.675966262817383,
    "best_dev_sum": 0.9702970297029702,
    "dev_sum": 0.9636963696369638,
    "best_train_ner_precision": 0.951240376390077,
    "best_train_ner_recall": 0.9686411149825784,
    "best_train_ner_span_f1": 0.9598618903754856,
    "train_ner_precision": 0.9956445993031359,
    "train_ner_recall": 0.9956445993031359,
    "train_ner_span_f1": 0.9956445993031359,
    "best_dev_ner_precision": 0.9607843137254902,
    "best_dev_ner_recall": 0.98,
    "best_dev_ner_span_f1": 0.9702970297029702,
    "dev_ner_precision": 0.954248366013072,
    "dev_ner_recall": 0.9733333333333334,
    "dev_ner_span_f1": 0.9636963696369638
}