{
    "epoch": "19/20",
    "best_epoch": 19,
    "max_gpu_mem": "10.4785",
    "cur_ram": "2.8135",
    "time_epoch": "0:00:07",
    "time_total": "0:02:28",
    "best_train_ner_loss": 0.7921481450398763,
    "train_ner_loss": 0.7921481450398763,
    "best_train_sum": 0.9960818458859381,
    "train_sum": 0.9960818458859381,
    "best_dev_ner_loss": 21.366490364074707,
    "dev_ner_loss": 21.366490364074707,
    "best_dev_sum": 0.9735099337748344,
    "dev_sum": 0.9735099337748344,
    "best_train_ner_precision": 0.9956483899042646,
    "best_train_ner_recall": 0.9965156794425087,
    "best_train_ner_span_f1": 0.9960818458859381,
    "train_ner_precision": 0.9956483899042646,
    "train_ner_recall": 0.9965156794425087,
    "train_ner_span_f1": 0.9960818458859381,
    "best_dev_ner_precision": 0.9671052631578947,
    "best_dev_ner_recall": 0.98,
    "best_dev_ner_span_f1": 0.9735099337748344,
    "dev_ner_precision": 0.9671052631578947,
    "dev_ner_recall": 0.98,
    "dev_ner_span_f1": 0.9735099337748344
}