{
    "epoch": "15/20",
    "best_epoch": 7,
    "max_gpu_mem": "10.4768",
    "cur_ram": "2.8134",
    "time_epoch": "0:00:07",
    "time_total": "0:01:59",
    "best_train_ner_loss": 12.44118881225586,
    "train_ner_loss": 1.9748305002848308,
    "best_train_sum": 0.9917355371900826,
    "train_sum": 0.9917355371900826,
    "best_dev_ner_loss": 21.12677574157715,
    "dev_ner_loss": 20.086719512939453,
    "best_dev_sum": 0.9702970297029702,
    "dev_sum": 0.9602649006622516,
    "best_train_ner_precision": 0.951240376390077,
    "best_train_ner_recall": 0.9686411149825784,
    "best_train_ner_span_f1": 0.9598618903754856,
    "train_ner_precision": 0.9904430929626412,
    "train_ner_recall": 0.9930313588850174,
    "train_ner_span_f1": 0.9917355371900826,
    "best_dev_ner_precision": 0.9607843137254902,
    "best_dev_ner_recall": 0.98,
    "best_dev_ner_span_f1": 0.9702970297029702,
    "dev_ner_precision": 0.9539473684210527,
    "dev_ner_recall": 0.9666666666666667,
    "dev_ner_span_f1": 0.9602649006622516
}