{
    "epoch": "12/20",
    "best_epoch": 7,
    "max_gpu_mem": "10.4681",
    "cur_ram": "2.8134",
    "time_epoch": "0:00:07",
    "time_total": "0:01:37",
    "best_train_ner_loss": 12.44118881225586,
    "train_ner_loss": 2.3501052220662433,
    "best_train_sum": 0.9912967798085293,
    "train_sum": 0.9912967798085293,
    "best_dev_ner_loss": 21.12677574157715,
    "dev_ner_loss": 17.46846580505371,
    "best_dev_sum": 0.9702970297029702,
    "dev_sum": 0.9668874172185431,
    "best_train_ner_precision": 0.951240376390077,
    "best_train_ner_recall": 0.9686411149825784,
    "best_train_ner_span_f1": 0.9598618903754856,
    "train_ner_precision": 0.9904347826086957,
    "train_ner_recall": 0.9921602787456446,
    "train_ner_span_f1": 0.9912967798085293,
    "best_dev_ner_precision": 0.9607843137254902,
    "best_dev_ner_recall": 0.98,
    "best_dev_ner_span_f1": 0.9702970297029702,
    "dev_ner_precision": 0.9605263157894737,
    "dev_ner_recall": 0.9733333333333334,
    "dev_ner_span_f1": 0.9668874172185431
}