{
    "epoch": "8/20",
    "best_epoch": 7,
    "max_gpu_mem": "3.6995",
    "cur_ram": "2.4698",
    "time_epoch": "0:00:08",
    "time_total": "0:01:17",
    "best_train_ner_loss": 15.285412732292624,
    "train_ner_loss": 12.969858992333506,
    "best_train_sum": 0.8472468916518651,
    "train_sum": 0.8472468916518651,
    "best_dev_ner_loss": 17.940541403634207,
    "dev_ner_loss": 20.368085588727677,
    "best_dev_sum": 0.75,
    "dev_sum": 0.7130434782608696,
    "best_train_ner_precision": 0.7982456140350878,
    "best_train_ner_recall": 0.8154121863799283,
    "best_train_ner_span_f1": 0.8067375886524824,
    "train_ner_precision": 0.8397887323943662,
    "train_ner_recall": 0.8548387096774194,
    "train_ner_span_f1": 0.8472468916518651,
    "best_dev_ner_precision": 0.7,
    "best_dev_ner_recall": 0.8076923076923077,
    "best_dev_ner_span_f1": 0.75,
    "dev_ner_precision": 0.6507936507936508,
    "dev_ner_recall": 0.7884615384615384,
    "dev_ner_span_f1": 0.7130434782608696
}