{
    "epoch": "4/20",
    "best_epoch": 4,
    "max_gpu_mem": "3.6959",
    "cur_ram": "2.4582",
    "time_epoch": "0:00:08",
    "time_total": "0:00:39",
    "best_train_ner_loss": 80.13376594992245,
    "train_ner_loss": 80.13376594992245,
    "best_train_sum": 0.1324137931034483,
    "train_sum": 0.1324137931034483,
    "best_dev_ner_loss": 29.437678745814733,
    "dev_ner_loss": 29.437678745814733,
    "best_dev_sum": 0.359375,
    "dev_sum": 0.359375,
    "best_train_ner_precision": 0.2874251497005988,
    "best_train_ner_recall": 0.08602150537634409,
    "best_train_ner_span_f1": 0.1324137931034483,
    "train_ner_precision": 0.2874251497005988,
    "train_ner_recall": 0.08602150537634409,
    "train_ner_span_f1": 0.1324137931034483,
    "best_dev_ner_precision": 0.3026315789473684,
    "best_dev_ner_recall": 0.4423076923076923,
    "best_dev_ner_span_f1": 0.359375,
    "dev_ner_precision": 0.3026315789473684,
    "dev_ner_recall": 0.4423076923076923,
    "dev_ner_span_f1": 0.359375
}