{
    "epoch": "18/20",
    "best_epoch": 13,
    "max_gpu_mem": "3.6995",
    "cur_ram": "2.4701",
    "time_epoch": "0:00:08",
    "time_total": "0:02:46",
    "best_train_ner_loss": 3.1055113100538065,
    "train_ner_loss": 0.8579976698931526,
    "best_train_sum": 0.9892665474060823,
    "train_sum": 0.9892665474060823,
    "best_dev_ner_loss": 20.692311423165457,
    "dev_ner_loss": 23.251950400216238,
    "best_dev_sum": 0.7999999999999999,
    "dev_sum": 0.7884615384615384,
    "best_train_ner_precision": 0.9518716577540107,
    "best_train_ner_recall": 0.956989247311828,
    "best_train_ner_span_f1": 0.9544235924932977,
    "train_ner_precision": 0.9875,
    "train_ner_recall": 0.9910394265232975,
    "train_ner_span_f1": 0.9892665474060823,
    "best_dev_ner_precision": 0.7924528301886793,
    "best_dev_ner_recall": 0.8076923076923077,
    "best_dev_ner_span_f1": 0.7999999999999999,
    "dev_ner_precision": 0.7884615384615384,
    "dev_ner_recall": 0.7884615384615384,
    "dev_ner_span_f1": 0.7884615384615384
}