{
    "epoch": "12/20",
    "best_epoch": 11,
    "max_gpu_mem": "3.6995",
    "cur_ram": "2.4700",
    "time_epoch": "0:00:08",
    "time_total": "0:01:53",
    "best_train_ner_loss": 5.485262104109222,
    "train_ner_loss": 3.2106459000531364,
    "best_train_sum": 0.9660714285714286,
    "train_sum": 0.9660714285714286,
    "best_dev_ner_loss": 17.62746102469308,
    "dev_ner_loss": 20.02402114868164,
    "best_dev_sum": 0.7706422018348624,
    "dev_sum": 0.75,
    "best_train_ner_precision": 0.9221238938053097,
    "best_train_ner_recall": 0.9336917562724014,
    "best_train_ner_span_f1": 0.9278717720391807,
    "train_ner_precision": 0.9626334519572953,
    "train_ner_recall": 0.9695340501792115,
    "train_ner_span_f1": 0.9660714285714286,
    "best_dev_ner_precision": 0.7368421052631579,
    "best_dev_ner_recall": 0.8076923076923077,
    "best_dev_ner_span_f1": 0.7706422018348624,
    "dev_ner_precision": 0.75,
    "dev_ner_recall": 0.75,
    "dev_ner_span_f1": 0.75
}