{
    "epoch": "9/20",
    "best_epoch": 7,
    "max_gpu_mem": "3.6995",
    "cur_ram": "2.4698",
    "time_epoch": "0:00:08",
    "time_total": "0:01:25",
    "best_train_ner_loss": 15.285412732292624,
    "train_ner_loss": 9.0024081585454,
    "best_train_sum": 0.8766637089618456,
    "train_sum": 0.8766637089618456,
    "best_dev_ner_loss": 17.940541403634207,
    "dev_ner_loss": 16.817481994628906,
    "best_dev_sum": 0.75,
    "dev_sum": 0.75,
    "best_train_ner_precision": 0.7982456140350878,
    "best_train_ner_recall": 0.8154121863799283,
    "best_train_ner_span_f1": 0.8067375886524824,
    "train_ner_precision": 0.8681898066783831,
    "train_ner_recall": 0.8853046594982079,
    "train_ner_span_f1": 0.8766637089618456,
    "best_dev_ner_precision": 0.7,
    "best_dev_ner_recall": 0.8076923076923077,
    "best_dev_ner_span_f1": 0.75,
    "dev_ner_precision": 0.75,
    "dev_ner_recall": 0.75,
    "dev_ner_span_f1": 0.75
}