{
    "epoch": "9/20",
    "best_epoch": 8,
    "max_gpu_mem": "5.2618",
    "cur_ram": "2.4379",
    "time_epoch": "0:00:09",
    "time_total": "0:01:31",
    "best_train_ner_loss": 16.00666183895535,
    "train_ner_loss": 12.888908209624114,
    "best_train_sum": 0.8404452690166976,
    "train_sum": 0.8404452690166976,
    "best_dev_ner_loss": 19.00393349783761,
    "dev_ner_loss": 20.850745064871653,
    "best_dev_sum": 0.7804878048780488,
    "dev_sum": 0.7559055118110236,
    "best_train_ner_precision": 0.8064516129032258,
    "best_train_ner_recall": 0.7899628252788105,
    "best_train_ner_span_f1": 0.7981220657276996,
    "train_ner_precision": 0.8388888888888889,
    "train_ner_recall": 0.8420074349442379,
    "train_ner_span_f1": 0.8404452690166976,
    "best_dev_ner_precision": 0.7619047619047619,
    "best_dev_ner_recall": 0.8,
    "best_dev_ner_span_f1": 0.7804878048780488,
    "dev_ner_precision": 0.7164179104477612,
    "dev_ner_recall": 0.8,
    "dev_ner_span_f1": 0.7559055118110236
}