{
    "epoch": "8/20",
    "best_epoch": 8,
    "max_gpu_mem": "5.2618",
    "cur_ram": "2.4378",
    "time_epoch": "0:00:09",
    "time_total": "0:01:21",
    "best_train_ner_loss": 16.00666183895535,
    "train_ner_loss": 16.00666183895535,
    "best_train_sum": 0.7981220657276996,
    "train_sum": 0.7981220657276996,
    "best_dev_ner_loss": 19.00393349783761,
    "dev_ner_loss": 19.00393349783761,
    "best_dev_sum": 0.7804878048780488,
    "dev_sum": 0.7804878048780488,
    "best_train_ner_precision": 0.8064516129032258,
    "best_train_ner_recall": 0.7899628252788105,
    "best_train_ner_span_f1": 0.7981220657276996,
    "train_ner_precision": 0.8064516129032258,
    "train_ner_recall": 0.7899628252788105,
    "train_ner_span_f1": 0.7981220657276996,
    "best_dev_ner_precision": 0.7619047619047619,
    "best_dev_ner_recall": 0.8,
    "best_dev_ner_span_f1": 0.7804878048780488,
    "dev_ner_precision": 0.7619047619047619,
    "dev_ner_recall": 0.8,
    "dev_ner_span_f1": 0.7804878048780488
}