{
    "epoch": "11/20",
    "best_epoch": 11,
    "max_gpu_mem": "5.2618",
    "cur_ram": "2.4379",
    "time_epoch": "0:00:09",
    "time_total": "0:01:51",
    "best_train_ner_loss": 7.317041503058539,
    "train_ner_loss": 7.317041503058539,
    "best_train_sum": 0.8870370370370371,
    "train_sum": 0.8870370370370371,
    "best_dev_ner_loss": 22.43007496425084,
    "dev_ner_loss": 22.43007496425084,
    "best_dev_sum": 0.8,
    "dev_sum": 0.8,
    "best_train_ner_precision": 0.8837638376383764,
    "best_train_ner_recall": 0.8903345724907064,
    "best_train_ner_span_f1": 0.8870370370370371,
    "train_ner_precision": 0.8837638376383764,
    "train_ner_recall": 0.8903345724907064,
    "train_ner_span_f1": 0.8870370370370371,
    "best_dev_ner_precision": 0.7692307692307693,
    "best_dev_ner_recall": 0.8333333333333334,
    "best_dev_ner_span_f1": 0.8,
    "dev_ner_precision": 0.7692307692307693,
    "dev_ner_recall": 0.8333333333333334,
    "dev_ner_span_f1": 0.8
}