{
    "epoch": "5/20",
    "best_epoch": 5,
    "max_gpu_mem": "5.2618",
    "cur_ram": "2.4321",
    "time_epoch": "0:00:09",
    "time_total": "0:00:48",
    "best_train_ner_loss": 53.636344291545726,
    "train_ner_loss": 53.636344291545726,
    "best_train_sum": 0.08579881656804733,
    "train_sum": 0.08579881656804733,
    "best_dev_ner_loss": 30.428585052490234,
    "dev_ner_loss": 30.428585052490234,
    "best_dev_sum": 0.441717791411043,
    "dev_sum": 0.441717791411043,
    "best_train_ner_precision": 0.21014492753623187,
    "best_train_ner_recall": 0.05390334572490706,
    "best_train_ner_span_f1": 0.08579881656804733,
    "train_ner_precision": 0.21014492753623187,
    "train_ner_recall": 0.05390334572490706,
    "train_ner_span_f1": 0.08579881656804733,
    "best_dev_ner_precision": 0.34951456310679613,
    "best_dev_ner_recall": 0.6,
    "best_dev_ner_span_f1": 0.441717791411043,
    "dev_ner_precision": 0.34951456310679613,
    "dev_ner_recall": 0.6,
    "dev_ner_span_f1": 0.441717791411043
}