{
    "epoch": "18/20",
    "best_epoch": 11,
    "max_gpu_mem": "5.2618",
    "cur_ram": "2.4381",
    "time_epoch": "0:00:09",
    "time_total": "0:02:59",
    "best_train_ner_loss": 7.317041503058539,
    "train_ner_loss": 1.7828441196017795,
    "best_train_sum": 0.9666666666666667,
    "train_sum": 0.9666666666666667,
    "best_dev_ner_loss": 22.43007496425084,
    "dev_ner_loss": 29.676856994628906,
    "best_dev_sum": 0.8,
    "dev_sum": 0.7441860465116279,
    "best_train_ner_precision": 0.8837638376383764,
    "best_train_ner_recall": 0.8903345724907064,
    "best_train_ner_span_f1": 0.8870370370370371,
    "train_ner_precision": 0.9630996309963099,
    "train_ner_recall": 0.9702602230483272,
    "train_ner_span_f1": 0.9666666666666667,
    "best_dev_ner_precision": 0.7692307692307693,
    "best_dev_ner_recall": 0.8333333333333334,
    "best_dev_ner_span_f1": 0.8,
    "dev_ner_precision": 0.6956521739130435,
    "dev_ner_recall": 0.8,
    "dev_ner_span_f1": 0.7441860465116279
}