{
    "epoch": "20/20",
    "best_epoch": 11,
    "max_gpu_mem": "5.2618",
    "cur_ram": "2.4381",
    "time_epoch": "0:00:09",
    "time_total": "0:03:18",
    "best_train_ner_loss": 7.317041503058539,
    "train_ner_loss": 1.1913863641244393,
    "best_train_sum": 0.9851576994434137,
    "train_sum": 0.9851576994434137,
    "best_dev_ner_loss": 22.43007496425084,
    "dev_ner_loss": 30.483383178710938,
    "best_dev_sum": 0.8,
    "dev_sum": 0.7286821705426356,
    "best_train_ner_precision": 0.8837638376383764,
    "best_train_ner_recall": 0.8903345724907064,
    "best_train_ner_span_f1": 0.8870370370370371,
    "train_ner_precision": 0.9833333333333333,
    "train_ner_recall": 0.9869888475836431,
    "train_ner_span_f1": 0.9851576994434137,
    "best_dev_ner_precision": 0.7692307692307693,
    "best_dev_ner_recall": 0.8333333333333334,
    "best_dev_ner_span_f1": 0.8,
    "dev_ner_precision": 0.6811594202898551,
    "dev_ner_recall": 0.7833333333333333,
    "dev_ner_span_f1": 0.7286821705426356
}