{
    "epoch": "12/20",
    "best_epoch": 11,
    "max_gpu_mem": "5.2618",
    "cur_ram": "2.4380",
    "time_epoch": "0:00:09",
    "time_total": "0:02:01",
    "best_train_ner_loss": 7.317041503058539,
    "train_ner_loss": 6.526273444846824,
    "best_train_sum": 0.895852534562212,
    "train_sum": 0.895852534562212,
    "best_dev_ner_loss": 22.43007496425084,
    "dev_ner_loss": 21.448801858084543,
    "best_dev_sum": 0.8,
    "dev_sum": 0.7741935483870969,
    "best_train_ner_precision": 0.8837638376383764,
    "best_train_ner_recall": 0.8903345724907064,
    "best_train_ner_span_f1": 0.8870370370370371,
    "train_ner_precision": 0.8884826325411335,
    "train_ner_recall": 0.9033457249070632,
    "train_ner_span_f1": 0.895852534562212,
    "best_dev_ner_precision": 0.7692307692307693,
    "best_dev_ner_recall": 0.8333333333333334,
    "best_dev_ner_span_f1": 0.8,
    "dev_ner_precision": 0.75,
    "dev_ner_recall": 0.8,
    "dev_ner_span_f1": 0.7741935483870969
}