{
    "epoch": "19/20",
    "best_epoch": 11,
    "max_gpu_mem": "5.2618",
    "cur_ram": "2.4381",
    "time_epoch": "0:00:09",
    "time_total": "0:03:09",
    "best_train_ner_loss": 7.317041503058539,
    "train_ner_loss": 1.3849431850292064,
    "best_train_sum": 0.9768303985171455,
    "train_sum": 0.9768303985171455,
    "best_dev_ner_loss": 22.43007496425084,
    "dev_ner_loss": 30.587378365652903,
    "best_dev_sum": 0.8,
    "dev_sum": 0.7441860465116279,
    "best_train_ner_precision": 0.8837638376383764,
    "best_train_ner_recall": 0.8903345724907064,
    "best_train_ner_span_f1": 0.8870370370370371,
    "train_ner_precision": 0.9741219963031423,
    "train_ner_recall": 0.9795539033457249,
    "train_ner_span_f1": 0.9768303985171455,
    "best_dev_ner_precision": 0.7692307692307693,
    "best_dev_ner_recall": 0.8333333333333334,
    "best_dev_ner_span_f1": 0.8,
    "dev_ner_precision": 0.6956521739130435,
    "dev_ner_recall": 0.8,
    "dev_ner_span_f1": 0.7441860465116279
}