{
    "epoch": "6/20",
    "best_epoch": 6,
    "max_gpu_mem": "5.2618",
    "cur_ram": "2.4377",
    "time_epoch": "0:00:09",
    "time_total": "0:00:59",
    "best_train_ner_loss": 31.900709999932182,
    "train_ner_loss": 31.900709999932182,
    "best_train_sum": 0.42229199372056514,
    "train_sum": 0.42229199372056514,
    "best_dev_ner_loss": 22.3987421308245,
    "dev_ner_loss": 22.3987421308245,
    "best_dev_sum": 0.6470588235294117,
    "dev_sum": 0.6470588235294117,
    "best_train_ner_precision": 0.3654891304347826,
    "best_train_ner_recall": 0.5,
    "best_train_ner_span_f1": 0.42229199372056514,
    "train_ner_precision": 0.3654891304347826,
    "train_ner_recall": 0.5,
    "train_ner_span_f1": 0.42229199372056514,
    "best_dev_ner_precision": 0.5789473684210527,
    "best_dev_ner_recall": 0.7333333333333333,
    "best_dev_ner_span_f1": 0.6470588235294117,
    "dev_ner_precision": 0.5789473684210527,
    "dev_ner_recall": 0.7333333333333333,
    "dev_ner_span_f1": 0.6470588235294117
}