{
    "epoch": "15/20",
    "best_epoch": 11,
    "max_gpu_mem": "5.2618",
    "cur_ram": "2.4380",
    "time_epoch": "0:00:09",
    "time_total": "0:02:30",
    "best_train_ner_loss": 7.317041503058539,
    "train_ner_loss": 3.908779921355071,
    "best_train_sum": 0.9492151431209602,
    "train_sum": 0.9492151431209602,
    "best_dev_ner_loss": 22.43007496425084,
    "dev_ner_loss": 26.27370180402483,
    "best_dev_sum": 0.8,
    "dev_sum": 0.71875,
    "best_train_ner_precision": 0.8837638376383764,
    "best_train_ner_recall": 0.8903345724907064,
    "best_train_ner_span_f1": 0.8870370370370371,
    "train_ner_precision": 0.9431192660550459,
    "train_ner_recall": 0.9553903345724907,
    "train_ner_span_f1": 0.9492151431209602,
    "best_dev_ner_precision": 0.7692307692307693,
    "best_dev_ner_recall": 0.8333333333333334,
    "best_dev_ner_span_f1": 0.8,
    "dev_ner_precision": 0.6764705882352942,
    "dev_ner_recall": 0.7666666666666667,
    "dev_ner_span_f1": 0.71875
}