{
    "epoch": "3/20",
    "best_epoch": 1,
    "max_gpu_mem": "5.2618",
    "cur_ram": "2.4320",
    "time_epoch": "0:00:09",
    "time_total": "0:00:29",
    "best_train_ner_loss": 1583.255536114728,
    "train_ner_loss": 109.59360723142271,
    "best_train_sum": 0.0,
    "train_sum": 0.0,
    "best_dev_ner_loss": 1448.1125749860491,
    "dev_ner_loss": 74.6598140171596,
    "best_dev_sum": 0.0,
    "dev_sum": 0.0,
    "best_train_ner_precision": 0.0,
    "best_train_ner_recall": 0.0,
    "best_train_ner_span_f1": 0.0,
    "train_ner_precision": 0.0,
    "train_ner_recall": 0.0,
    "train_ner_span_f1": 0.0,
    "best_dev_ner_precision": 0.0,
    "best_dev_ner_recall": 0.0,
    "best_dev_ner_span_f1": 0.0,
    "dev_ner_precision": 0.0,
    "dev_ner_recall": 0.0,
    "dev_ner_span_f1": 0.0
}