{
    "epoch": "2/20",
    "best_epoch": 1,
    "max_gpu_mem": "5.2618",
    "cur_ram": "2.4318",
    "time_epoch": "0:00:09",
    "time_total": "0:00:20",
    "best_train_ner_loss": 1583.255536114728,
    "train_ner_loss": 944.1256223607946,
    "best_train_sum": 0.0,
    "train_sum": 0.0,
    "best_dev_ner_loss": 1448.1125749860491,
    "dev_ner_loss": 99.79253714425224,
    "best_dev_sum": 0.0,
    "dev_sum": 0.0,
    "best_train_ner_precision": 0.0,
    "best_train_ner_recall": 0.0,
    "best_train_ner_span_f1": 0.0,
    "train_ner_precision": 0.0,
    "train_ner_recall": 0.0,
    "train_ner_span_f1": 0.0,
    "best_dev_ner_precision": 0.0,
    "best_dev_ner_recall": 0.0,
    "best_dev_ner_span_f1": 0.0,
    "dev_ner_precision": 0.0,
    "dev_ner_recall": 0.0,
    "dev_ner_span_f1": 0.0
}