{
    "epoch": "3/20",
    "best_epoch": 3,
    "max_gpu_mem": "7.1666",
    "cur_ram": "2.8050",
    "time_epoch": "0:00:06",
    "time_total": "0:00:21",
    "best_train_ner_loss": 176.1862902323405,
    "train_ner_loss": 176.1862902323405,
    "best_train_sum": 0.4001928640308583,
    "train_sum": 0.4001928640308583,
    "best_dev_ner_loss": 98.482666015625,
    "dev_ner_loss": 98.482666015625,
    "best_dev_sum": 0.6542056074766356,
    "dev_sum": 0.6542056074766356,
    "best_train_ner_precision": 0.4481641468682505,
    "best_train_ner_recall": 0.3614982578397213,
    "best_train_ner_span_f1": 0.4001928640308583,
    "train_ner_precision": 0.4481641468682505,
    "train_ner_recall": 0.3614982578397213,
    "train_ner_span_f1": 0.4001928640308583,
    "best_dev_ner_precision": 0.6140350877192983,
    "best_dev_ner_recall": 0.7,
    "best_dev_ner_span_f1": 0.6542056074766356,
    "dev_ner_precision": 0.6140350877192983,
    "dev_ner_recall": 0.7,
    "dev_ner_span_f1": 0.6542056074766356
}