{
    "epoch": "16/20",
    "best_epoch": 11,
    "max_gpu_mem": "7.1726",
    "cur_ram": "2.8057",
    "time_epoch": "0:00:06",
    "time_total": "0:01:56",
    "best_train_ner_loss": 8.294650904337566,
    "train_ner_loss": 3.4021198908487955,
    "best_train_sum": 0.9878472222222221,
    "train_sum": 0.9878472222222221,
    "best_dev_ner_loss": 17.158756256103516,
    "dev_ner_loss": 20.336697578430176,
    "best_dev_sum": 0.9735099337748344,
    "dev_sum": 0.9511400651465798,
    "best_train_ner_precision": 0.9639794168096055,
    "best_train_ner_recall": 0.9790940766550522,
    "best_train_ner_span_f1": 0.9714779602420052,
    "train_ner_precision": 0.9844290657439446,
    "train_ner_recall": 0.9912891986062717,
    "train_ner_span_f1": 0.9878472222222221,
    "best_dev_ner_precision": 0.9671052631578947,
    "best_dev_ner_recall": 0.98,
    "best_dev_ner_span_f1": 0.9735099337748344,
    "dev_ner_precision": 0.9299363057324841,
    "dev_ner_recall": 0.9733333333333334,
    "dev_ner_span_f1": 0.9511400651465798
}