{
    "epoch": "15/20",
    "best_epoch": 11,
    "max_gpu_mem": "7.1726",
    "cur_ram": "2.8057",
    "time_epoch": "0:00:06",
    "time_total": "0:01:49",
    "best_train_ner_loss": 8.294650904337566,
    "train_ner_loss": 3.6691652297973634,
    "best_train_sum": 0.982197134172818,
    "train_sum": 0.982197134172818,
    "best_dev_ner_loss": 17.158756256103516,
    "dev_ner_loss": 17.384737014770508,
    "best_dev_sum": 0.9735099337748344,
    "dev_sum": 0.9477124183006537,
    "best_train_ner_precision": 0.9639794168096055,
    "best_train_ner_recall": 0.9790940766550522,
    "best_train_ner_span_f1": 0.9714779602420052,
    "train_ner_precision": 0.9792207792207792,
    "train_ner_recall": 0.985191637630662,
    "train_ner_span_f1": 0.982197134172818,
    "best_dev_ner_precision": 0.9671052631578947,
    "best_dev_ner_recall": 0.98,
    "best_dev_ner_span_f1": 0.9735099337748344,
    "dev_ner_precision": 0.9294871794871795,
    "dev_ner_recall": 0.9666666666666667,
    "dev_ner_span_f1": 0.9477124183006537
}