{
    "epoch": "4/20",
    "best_epoch": 4,
    "max_gpu_mem": "7.1666",
    "cur_ram": "2.8050",
    "time_epoch": "0:00:06",
    "time_total": "0:00:29",
    "best_train_ner_loss": 66.22373542785644,
    "train_ner_loss": 66.22373542785644,
    "best_train_sum": 0.7582781456953643,
    "train_sum": 0.7582781456953643,
    "best_dev_ner_loss": 47.39988422393799,
    "dev_ner_loss": 47.39988422393799,
    "best_dev_sum": 0.858974358974359,
    "dev_sum": 0.858974358974359,
    "best_train_ner_precision": 0.722397476340694,
    "best_train_ner_recall": 0.7979094076655052,
    "best_train_ner_span_f1": 0.7582781456953643,
    "train_ner_precision": 0.722397476340694,
    "train_ner_recall": 0.7979094076655052,
    "train_ner_span_f1": 0.7582781456953643,
    "best_dev_ner_precision": 0.8271604938271605,
    "best_dev_ner_recall": 0.8933333333333333,
    "best_dev_ner_span_f1": 0.858974358974359,
    "dev_ner_precision": 0.8271604938271605,
    "dev_ner_recall": 0.8933333333333333,
    "dev_ner_span_f1": 0.858974358974359
}