{
    "epoch": "11/20",
    "best_epoch": 11,
    "max_gpu_mem": "7.1726",
    "cur_ram": "2.8056",
    "time_epoch": "0:00:06",
    "time_total": "0:01:21",
    "best_train_ner_loss": 8.294650904337566,
    "train_ner_loss": 8.294650904337566,
    "best_train_sum": 0.9714779602420052,
    "train_sum": 0.9714779602420052,
    "best_dev_ner_loss": 17.158756256103516,
    "dev_ner_loss": 17.158756256103516,
    "best_dev_sum": 0.9735099337748344,
    "dev_sum": 0.9735099337748344,
    "best_train_ner_precision": 0.9639794168096055,
    "best_train_ner_recall": 0.9790940766550522,
    "best_train_ner_span_f1": 0.9714779602420052,
    "train_ner_precision": 0.9639794168096055,
    "train_ner_recall": 0.9790940766550522,
    "train_ner_span_f1": 0.9714779602420052,
    "best_dev_ner_precision": 0.9671052631578947,
    "best_dev_ner_recall": 0.98,
    "best_dev_ner_span_f1": 0.9735099337748344,
    "dev_ner_precision": 0.9671052631578947,
    "dev_ner_recall": 0.98,
    "dev_ner_span_f1": 0.9735099337748344
}