{
    "epoch": "12/20",
    "best_epoch": 11,
    "max_gpu_mem": "7.1726",
    "cur_ram": "2.8057",
    "time_epoch": "0:00:06",
    "time_total": "0:01:29",
    "best_train_ner_loss": 8.294650904337566,
    "train_ner_loss": 8.944970258076985,
    "best_train_sum": 0.958656330749354,
    "train_sum": 0.958656330749354,
    "best_dev_ner_loss": 17.158756256103516,
    "dev_ner_loss": 19.68098258972168,
    "best_dev_sum": 0.9735099337748344,
    "dev_sum": 0.9508196721311476,
    "best_train_ner_precision": 0.9639794168096055,
    "best_train_ner_recall": 0.9790940766550522,
    "best_train_ner_span_f1": 0.9714779602420052,
    "train_ner_precision": 0.9480408858603067,
    "train_ner_recall": 0.9695121951219512,
    "train_ner_span_f1": 0.958656330749354,
    "best_dev_ner_precision": 0.9671052631578947,
    "best_dev_ner_recall": 0.98,
    "best_dev_ner_span_f1": 0.9735099337748344,
    "dev_ner_precision": 0.9354838709677419,
    "dev_ner_recall": 0.9666666666666667,
    "dev_ner_span_f1": 0.9508196721311476
}