{
    "epoch": "8/20",
    "best_epoch": 8,
    "max_gpu_mem": "7.1722",
    "cur_ram": "2.8055",
    "time_epoch": "0:00:06",
    "time_total": "0:01:00",
    "best_train_ner_loss": 20.40642064412435,
    "train_ner_loss": 20.40642064412435,
    "best_train_sum": 0.922748612889458,
    "train_sum": 0.922748612889458,
    "best_dev_ner_loss": 27.027716636657715,
    "dev_ner_loss": 27.027716636657715,
    "best_dev_sum": 0.9602649006622516,
    "dev_sum": 0.9602649006622516,
    "best_train_ner_precision": 0.9046025104602511,
    "best_train_ner_recall": 0.9416376306620209,
    "best_train_ner_span_f1": 0.922748612889458,
    "train_ner_precision": 0.9046025104602511,
    "train_ner_recall": 0.9416376306620209,
    "train_ner_span_f1": 0.922748612889458,
    "best_dev_ner_precision": 0.9539473684210527,
    "best_dev_ner_recall": 0.9666666666666667,
    "best_dev_ner_span_f1": 0.9602649006622516,
    "dev_ner_precision": 0.9539473684210527,
    "dev_ner_recall": 0.9666666666666667,
    "dev_ner_span_f1": 0.9602649006622516
}