{
    "epoch": "7/20",
    "best_epoch": 7,
    "max_gpu_mem": "7.1722",
    "cur_ram": "2.8055",
    "time_epoch": "0:00:06",
    "time_total": "0:00:52",
    "best_train_ner_loss": 22.144141260782877,
    "train_ner_loss": 22.144141260782877,
    "best_train_sum": 0.9151103565365025,
    "train_sum": 0.9151103565365025,
    "best_dev_ner_loss": 28.053414344787598,
    "dev_ner_loss": 28.053414344787598,
    "best_dev_sum": 0.948051948051948,
    "dev_sum": 0.948051948051948,
    "best_train_ner_precision": 0.8923841059602649,
    "best_train_ner_recall": 0.9390243902439024,
    "best_train_ner_span_f1": 0.9151103565365025,
    "train_ner_precision": 0.8923841059602649,
    "train_ner_recall": 0.9390243902439024,
    "train_ner_span_f1": 0.9151103565365025,
    "best_dev_ner_precision": 0.9240506329113924,
    "best_dev_ner_recall": 0.9733333333333334,
    "best_dev_ner_span_f1": 0.948051948051948,
    "dev_ner_precision": 0.9240506329113924,
    "dev_ner_recall": 0.9733333333333334,
    "dev_ner_span_f1": 0.948051948051948
}