{
    "epoch": "6/20",
    "best_epoch": 6,
    "max_gpu_mem": "7.1666",
    "cur_ram": "2.8055",
    "time_epoch": "0:00:06",
    "time_total": "0:00:45",
    "best_train_ner_loss": 28.29286142985026,
    "train_ner_loss": 28.29286142985026,
    "best_train_sum": 0.8958155422715627,
    "train_sum": 0.8958155422715627,
    "best_dev_ner_loss": 24.715046882629395,
    "dev_ner_loss": 24.715046882629395,
    "best_dev_sum": 0.9009584664536742,
    "dev_sum": 0.9009584664536742,
    "best_train_ner_precision": 0.8785594639865997,
    "best_train_ner_recall": 0.9137630662020906,
    "best_train_ner_span_f1": 0.8958155422715627,
    "train_ner_precision": 0.8785594639865997,
    "train_ner_recall": 0.9137630662020906,
    "train_ner_span_f1": 0.8958155422715627,
    "best_dev_ner_precision": 0.8650306748466258,
    "best_dev_ner_recall": 0.94,
    "best_dev_ner_span_f1": 0.9009584664536742,
    "dev_ner_precision": 0.8650306748466258,
    "dev_ner_recall": 0.94,
    "dev_ner_span_f1": 0.9009584664536742
}