{
    "epoch": "1/20",
    "best_epoch": 1,
    "max_gpu_mem": "2.8826",
    "cur_ram": "2.7858",
    "time_epoch": "0:00:03",
    "time_total": "0:00:06",
    "best_train_ner_loss": 997.3967692057291,
    "train_ner_loss": 997.3967692057291,
    "best_train_sum": 0.012260536398467433,
    "train_sum": 0.012260536398467433,
    "best_dev_ner_loss": 879.9721984863281,
    "dev_ner_loss": 879.9721984863281,
    "best_dev_sum": 0.0,
    "dev_sum": 0.0,
    "best_train_ner_precision": 0.008673653776653415,
    "best_train_ner_recall": 0.020905923344947737,
    "best_train_ner_span_f1": 0.012260536398467433,
    "train_ner_precision": 0.008673653776653415,
    "train_ner_recall": 0.020905923344947737,
    "train_ner_span_f1": 0.012260536398467433,
    "best_dev_ner_precision": 0.0,
    "best_dev_ner_recall": 0.0,
    "best_dev_ner_span_f1": 0.0,
    "dev_ner_precision": 0.0,
    "dev_ner_recall": 0.0,
    "dev_ner_span_f1": 0.0
}