{
    "epoch": "17/20",
    "best_epoch": 11,
    "max_gpu_mem": "7.1726",
    "cur_ram": "2.8057",
    "time_epoch": "0:00:06",
    "time_total": "0:02:02",
    "best_train_ner_loss": 8.294650904337566,
    "train_ner_loss": 2.834323183695475,
    "best_train_sum": 0.9895923677363401,
    "train_sum": 0.9895923677363401,
    "best_dev_ner_loss": 17.158756256103516,
    "dev_ner_loss": 19.562095642089844,
    "best_dev_sum": 0.9735099337748344,
    "dev_sum": 0.9411764705882353,
    "best_train_ner_precision": 0.9639794168096055,
    "best_train_ner_recall": 0.9790940766550522,
    "best_train_ner_span_f1": 0.9714779602420052,
    "train_ner_precision": 0.9853195164075993,
    "train_ner_recall": 0.9939024390243902,
    "train_ner_span_f1": 0.9895923677363401,
    "best_dev_ner_precision": 0.9671052631578947,
    "best_dev_ner_recall": 0.98,
    "best_dev_ner_span_f1": 0.9735099337748344,
    "dev_ner_precision": 0.9230769230769231,
    "dev_ner_recall": 0.96,
    "dev_ner_span_f1": 0.9411764705882353
}