{
    "epoch": "19/20",
    "best_epoch": 11,
    "max_gpu_mem": "7.1726",
    "cur_ram": "2.8057",
    "time_epoch": "0:00:06",
    "time_total": "0:02:16",
    "best_train_ner_loss": 8.294650904337566,
    "train_ner_loss": 1.5453787485758463,
    "best_train_sum": 0.9943502824858756,
    "train_sum": 0.9943502824858756,
    "best_dev_ner_loss": 17.158756256103516,
    "dev_ner_loss": 19.986273765563965,
    "best_dev_sum": 0.9735099337748344,
    "dev_sum": 0.9605263157894737,
    "best_train_ner_precision": 0.9639794168096055,
    "best_train_ner_recall": 0.9790940766550522,
    "best_train_ner_span_f1": 0.9714779602420052,
    "train_ner_precision": 0.9921942758022549,
    "train_ner_recall": 0.9965156794425087,
    "train_ner_span_f1": 0.9943502824858756,
    "best_dev_ner_precision": 0.9671052631578947,
    "best_dev_ner_recall": 0.98,
    "best_dev_ner_span_f1": 0.9735099337748344,
    "dev_ner_precision": 0.948051948051948,
    "dev_ner_recall": 0.9733333333333334,
    "dev_ner_span_f1": 0.9605263157894737
}