{
    "epoch": "18/20",
    "best_epoch": 11,
    "max_gpu_mem": "7.1726",
    "cur_ram": "2.8057",
    "time_epoch": "0:00:06",
    "time_total": "0:02:09",
    "best_train_ner_loss": 8.294650904337566,
    "train_ner_loss": 1.8361016591389974,
    "best_train_sum": 0.9947780678851175,
    "train_sum": 0.9947780678851175,
    "best_dev_ner_loss": 17.158756256103516,
    "dev_ner_loss": 19.774556159973145,
    "best_dev_sum": 0.9735099337748344,
    "dev_sum": 0.9671052631578947,
    "best_train_ner_precision": 0.9639794168096055,
    "best_train_ner_recall": 0.9790940766550522,
    "best_train_ner_span_f1": 0.9714779602420052,
    "train_ner_precision": 0.9939130434782608,
    "train_ner_recall": 0.9956445993031359,
    "train_ner_span_f1": 0.9947780678851175,
    "best_dev_ner_precision": 0.9671052631578947,
    "best_dev_ner_recall": 0.98,
    "best_dev_ner_span_f1": 0.9735099337748344,
    "dev_ner_precision": 0.9545454545454546,
    "dev_ner_recall": 0.98,
    "dev_ner_span_f1": 0.9671052631578947
}