{
  "best_metric": 82.1918,
  "best_model_checkpoint": "output/meta_2023-09-15-03-06-12215_hf_models_uie-base-en_spotasoc_entity_aquaint-old_multi_fold_4_e18_linear_lr1e-4_ls0_b16_wu0.06_n-1_RP_sn0.1_an0.1_run1/checkpoint-420",
  "epoch": 5.0,
  "global_step": 420,
  "is_hyper_param_search": false,
  "is_local_process_zero": true,
  "is_world_process_zero": true,
  "log_history": [
    {
      "epoch": 1.0,
      "eval_asoc-F1": 0.0,
      "eval_asoc-P": 0.0,
      "eval_asoc-R": 0.0,
      "eval_asoc-gold": 0.0,
      "eval_asoc-pred": 0.0,
      "eval_asoc-tp": 0.0,
      "eval_gen_len": 5.6826,
      "eval_gold_tree": 72,
      "eval_loss": 0.2139720767736435,
      "eval_ordered-record-F1": 64.4295,
      "eval_ordered-record-P": 62.3377,
      "eval_ordered-record-R": 66.6667,
      "eval_ordered-record-gold": 72.0,
      "eval_ordered-record-pred": 77.0,
      "eval_ordered-record-tp": 48.0,
      "eval_overall-F1": 64.4295,
      "eval_pred_tree": 77,
      "eval_record-F1": 64.4295,
      "eval_record-P": 62.3377,
      "eval_record-R": 66.6667,
      "eval_record-gold": 72.0,
      "eval_record-pred": 77.0,
      "eval_record-tp": 48.0,
      "eval_runtime": 1.7795,
      "eval_samples_per_second": 93.849,
      "eval_spot-F1": 64.4295,
      "eval_spot-P": 62.3377,
      "eval_spot-R": 66.6667,
      "eval_spot-gold": 72.0,
      "eval_spot-pred": 77.0,
      "eval_spot-tp": 48.0,
      "eval_well-formed": 167,
      "step": 84
    },
    {
      "epoch": 2.0,
      "eval_asoc-F1": 0.0,
      "eval_asoc-P": 0.0,
      "eval_asoc-R": 0.0,
      "eval_asoc-gold": 0.0,
      "eval_asoc-pred": 0.0,
      "eval_asoc-tp": 0.0,
      "eval_gen_len": 5.4311,
      "eval_gold_tree": 72,
      "eval_loss": 0.18020986020565033,
      "eval_ordered-record-F1": 77.7778,
      "eval_ordered-record-P": 77.7778,
      "eval_ordered-record-R": 77.7778,
      "eval_ordered-record-gold": 72.0,
      "eval_ordered-record-pred": 72.0,
      "eval_ordered-record-tp": 56.0,
      "eval_overall-F1": 77.7778,
      "eval_pred_tree": 72,
      "eval_record-F1": 77.7778,
      "eval_record-P": 77.7778,
      "eval_record-R": 77.7778,
      "eval_record-gold": 72.0,
      "eval_record-pred": 72.0,
      "eval_record-tp": 56.0,
      "eval_runtime": 1.6054,
      "eval_samples_per_second": 104.027,
      "eval_spot-F1": 77.7778,
      "eval_spot-P": 77.7778,
      "eval_spot-R": 77.7778,
      "eval_spot-gold": 72.0,
      "eval_spot-pred": 72.0,
      "eval_spot-tp": 56.0,
      "eval_well-formed": 167,
      "step": 168
    },
    {
      "epoch": 3.0,
      "eval_asoc-F1": 0.0,
      "eval_asoc-P": 0.0,
      "eval_asoc-R": 0.0,
      "eval_asoc-gold": 0.0,
      "eval_asoc-pred": 0.0,
      "eval_asoc-tp": 0.0,
      "eval_gen_len": 5.497,
      "eval_gold_tree": 72,
      "eval_loss": 0.22420163452625275,
      "eval_ordered-record-F1": 72.6027,
      "eval_ordered-record-P": 71.6216,
      "eval_ordered-record-R": 73.6111,
      "eval_ordered-record-gold": 72.0,
      "eval_ordered-record-pred": 74.0,
      "eval_ordered-record-tp": 53.0,
      "eval_overall-F1": 72.6027,
      "eval_pred_tree": 75,
      "eval_record-F1": 72.6027,
      "eval_record-P": 71.6216,
      "eval_record-R": 73.6111,
      "eval_record-gold": 72.0,
      "eval_record-pred": 74.0,
      "eval_record-tp": 53.0,
      "eval_runtime": 1.5971,
      "eval_samples_per_second": 104.563,
      "eval_spot-F1": 72.6027,
      "eval_spot-P": 71.6216,
      "eval_spot-R": 73.6111,
      "eval_spot-gold": 72.0,
      "eval_spot-pred": 74.0,
      "eval_spot-tp": 53.0,
      "eval_well-formed": 167,
      "step": 252
    },
    {
      "epoch": 4.0,
      "eval_asoc-F1": 0.0,
      "eval_asoc-P": 0.0,
      "eval_asoc-R": 0.0,
      "eval_asoc-gold": 0.0,
      "eval_asoc-pred": 0.0,
      "eval_asoc-tp": 0.0,
      "eval_gen_len": 5.3832,
      "eval_gold_tree": 72,
      "eval_loss": 0.12538032233715057,
      "eval_ordered-record-F1": 78.3217,
      "eval_ordered-record-P": 78.8732,
      "eval_ordered-record-R": 77.7778,
      "eval_ordered-record-gold": 72.0,
      "eval_ordered-record-pred": 71.0,
      "eval_ordered-record-tp": 56.0,
      "eval_overall-F1": 78.3217,
      "eval_pred_tree": 71,
      "eval_record-F1": 78.3217,
      "eval_record-P": 78.8732,
      "eval_record-R": 77.7778,
      "eval_record-gold": 72.0,
      "eval_record-pred": 71.0,
      "eval_record-tp": 56.0,
      "eval_runtime": 1.5951,
      "eval_samples_per_second": 104.695,
      "eval_spot-F1": 78.3217,
      "eval_spot-P": 78.8732,
      "eval_spot-R": 77.7778,
      "eval_spot-gold": 72.0,
      "eval_spot-pred": 71.0,
      "eval_spot-tp": 56.0,
      "eval_well-formed": 167,
      "step": 336
    },
    {
      "epoch": 5.0,
      "eval_asoc-F1": 0.0,
      "eval_asoc-P": 0.0,
      "eval_asoc-R": 0.0,
      "eval_asoc-gold": 0.0,
      "eval_asoc-pred": 0.0,
      "eval_asoc-tp": 0.0,
      "eval_gen_len": 5.503,
      "eval_gold_tree": 72,
      "eval_loss": 0.09287597984075546,
      "eval_ordered-record-F1": 82.1918,
      "eval_ordered-record-P": 81.0811,
      "eval_ordered-record-R": 83.3333,
      "eval_ordered-record-gold": 72.0,
      "eval_ordered-record-pred": 74.0,
      "eval_ordered-record-tp": 60.0,
      "eval_overall-F1": 82.1918,
      "eval_pred_tree": 74,
      "eval_record-F1": 82.1918,
      "eval_record-P": 81.0811,
      "eval_record-R": 83.3333,
      "eval_record-gold": 72.0,
      "eval_record-pred": 74.0,
      "eval_record-tp": 60.0,
      "eval_runtime": 1.4756,
      "eval_samples_per_second": 113.174,
      "eval_spot-F1": 82.1918,
      "eval_spot-P": 81.0811,
      "eval_spot-R": 83.3333,
      "eval_spot-gold": 72.0,
      "eval_spot-pred": 74.0,
      "eval_spot-tp": 60.0,
      "eval_well-formed": 167,
      "step": 420
    }
  ],
  "max_steps": 1512,
  "num_train_epochs": 18,
  "total_flos": 185001425118720.0,
  "trial_name": null,
  "trial_params": null
}
