{
    "epoch": "2/20",
    "best_epoch": 1,
    "max_gpu_mem": "7.4870",
    "cur_ram": "2.7523",
    "time_epoch": "0:00:13",
    "time_total": "0:00:25",
    "best_train_ner_loss": 1178.2335528564454,
    "train_ner_loss": 387.71557998657227,
    "best_train_sum": 0.0,
    "train_sum": 0.0,
    "best_dev_ner_loss": 828.3960048130581,
    "dev_ner_loss": 100.27837153843471,
    "best_dev_sum": 0.0030165912518853697,
    "dev_sum": 0.0,
    "best_train_ner_precision": 0.00038631346578366446,
    "best_train_ner_recall": 0.013084112149532711,
    "best_train_ner_span_f1": 0.00075046904315197,
    "train_ner_precision": 0.0,
    "train_ner_recall": 0.0,
    "train_ner_span_f1": 0.0,
    "best_dev_ner_precision": 0.001692047377326565,
    "best_dev_ner_recall": 0.013888888888888888,
    "best_dev_ner_span_f1": 0.0030165912518853697,
    "dev_ner_precision": 0.0,
    "dev_ner_recall": 0.0,
    "dev_ner_span_f1": 0.0
}