{
    "epoch": "13/20",
    "best_epoch": 11,
    "max_gpu_mem": "7.4876",
    "cur_ram": "2.7697",
    "time_epoch": "0:00:13",
    "time_total": "0:03:05",
    "best_train_ner_loss": 1.2995154190063476,
    "train_ner_loss": 0.6750046539306641,
    "best_train_sum": 0.9897292250233426,
    "train_sum": 0.9897292250233426,
    "best_dev_ner_loss": 30.440285273960658,
    "dev_ner_loss": 35.22032002040318,
    "best_dev_sum": 0.781456953642384,
    "dev_sum": 0.7368421052631577,
    "best_train_ner_precision": 0.9869646182495344,
    "best_train_ner_recall": 0.9906542056074766,
    "best_train_ner_span_f1": 0.9888059701492536,
    "train_ner_precision": 0.9888059701492538,
    "train_ner_recall": 0.9906542056074766,
    "train_ner_span_f1": 0.9897292250233426,
    "best_dev_ner_precision": 0.7468354430379747,
    "best_dev_ner_recall": 0.8194444444444444,
    "best_dev_ner_span_f1": 0.781456953642384,
    "dev_ner_precision": 0.7,
    "dev_ner_recall": 0.7777777777777778,
    "dev_ner_span_f1": 0.7368421052631577
}