{
    "epoch": "7/20",
    "best_epoch": 6,
    "max_gpu_mem": "7.4870",
    "cur_ram": "2.7695",
    "time_epoch": "0:00:13",
    "time_total": "0:01:40",
    "best_train_ner_loss": 14.812786331176758,
    "train_ner_loss": 9.137205505371094,
    "best_train_sum": 0.8827838827838828,
    "train_sum": 0.8827838827838828,
    "best_dev_ner_loss": 22.71680886404855,
    "dev_ner_loss": 22.427923474993026,
    "best_dev_sum": 0.7516778523489932,
    "dev_sum": 0.6928104575163399,
    "best_train_ner_precision": 0.7880434782608695,
    "best_train_ner_recall": 0.8130841121495327,
    "best_train_ner_span_f1": 0.8003679852805887,
    "train_ner_precision": 0.8653500897666068,
    "train_ner_recall": 0.9009345794392524,
    "train_ner_span_f1": 0.8827838827838828,
    "best_dev_ner_precision": 0.7272727272727273,
    "best_dev_ner_recall": 0.7777777777777778,
    "best_dev_ner_span_f1": 0.7516778523489932,
    "dev_ner_precision": 0.654320987654321,
    "dev_ner_recall": 0.7361111111111112,
    "dev_ner_span_f1": 0.6928104575163399
}