{
    "epoch": "8/20",
    "best_epoch": 6,
    "max_gpu_mem": "7.4870",
    "cur_ram": "2.7695",
    "time_epoch": "0:00:13",
    "time_total": "0:01:53",
    "best_train_ner_loss": 14.812786331176758,
    "train_ner_loss": 4.5552240753173825,
    "best_train_sum": 0.9340761374187557,
    "train_sum": 0.9340761374187557,
    "best_dev_ner_loss": 22.71680886404855,
    "dev_ner_loss": 30.311109270368302,
    "best_dev_sum": 0.7516778523489932,
    "dev_sum": 0.751592356687898,
    "best_train_ner_precision": 0.7880434782608695,
    "best_train_ner_recall": 0.8130841121495327,
    "best_train_ner_span_f1": 0.8003679852805887,
    "train_ner_precision": 0.9280442804428044,
    "train_ner_recall": 0.9401869158878504,
    "train_ner_span_f1": 0.9340761374187557,
    "best_dev_ner_precision": 0.7272727272727273,
    "best_dev_ner_recall": 0.7777777777777778,
    "best_dev_ner_span_f1": 0.7516778523489932,
    "dev_ner_precision": 0.6941176470588235,
    "dev_ner_recall": 0.8194444444444444,
    "dev_ner_span_f1": 0.751592356687898
}