{
    "epoch": "17/20",
    "best_epoch": 11,
    "max_gpu_mem": "7.4886",
    "cur_ram": "2.7697",
    "time_epoch": "0:00:13",
    "time_total": "0:04:01",
    "best_train_ner_loss": 1.2995154190063476,
    "train_ner_loss": 0.3113072967529297,
    "best_train_sum": 0.9934640522875817,
    "train_sum": 0.9934640522875817,
    "best_dev_ner_loss": 30.440285273960658,
    "dev_ner_loss": 38.84365953717913,
    "best_dev_sum": 0.781456953642384,
    "dev_sum": 0.7368421052631577,
    "best_train_ner_precision": 0.9869646182495344,
    "best_train_ner_recall": 0.9906542056074766,
    "best_train_ner_span_f1": 0.9888059701492536,
    "train_ner_precision": 0.9925373134328358,
    "train_ner_recall": 0.994392523364486,
    "train_ner_span_f1": 0.9934640522875817,
    "best_dev_ner_precision": 0.7468354430379747,
    "best_dev_ner_recall": 0.8194444444444444,
    "best_dev_ner_span_f1": 0.781456953642384,
    "dev_ner_precision": 0.7,
    "dev_ner_recall": 0.7777777777777778,
    "dev_ner_span_f1": 0.7368421052631577
}