{
    "epoch": "5/20",
    "best_epoch": 5,
    "max_gpu_mem": "7.4870",
    "cur_ram": "2.7691",
    "time_epoch": "0:00:13",
    "time_total": "0:01:09",
    "best_train_ner_loss": 21.92671672821045,
    "train_ner_loss": 21.92671672821045,
    "best_train_sum": 0.6981818181818181,
    "train_sum": 0.6981818181818181,
    "best_dev_ner_loss": 23.265182495117188,
    "dev_ner_loss": 23.265182495117188,
    "best_dev_sum": 0.7482993197278911,
    "dev_sum": 0.7482993197278911,
    "best_train_ner_precision": 0.679646017699115,
    "best_train_ner_recall": 0.7177570093457943,
    "best_train_ner_span_f1": 0.6981818181818181,
    "train_ner_precision": 0.679646017699115,
    "train_ner_recall": 0.7177570093457943,
    "train_ner_span_f1": 0.6981818181818181,
    "best_dev_ner_precision": 0.7333333333333333,
    "best_dev_ner_recall": 0.7638888888888888,
    "best_dev_ner_span_f1": 0.7482993197278911,
    "dev_ner_precision": 0.7333333333333333,
    "dev_ner_recall": 0.7638888888888888,
    "dev_ner_span_f1": 0.7482993197278911
}