{
    "epoch": "4/20",
    "best_epoch": 4,
    "max_gpu_mem": "7.4870",
    "cur_ram": "2.7690",
    "time_epoch": "0:00:13",
    "time_total": "0:00:54",
    "best_train_ner_loss": 37.12500020980835,
    "train_ner_loss": 37.12500020980835,
    "best_train_sum": 0.4478468899521531,
    "train_sum": 0.4478468899521531,
    "best_dev_ner_loss": 30.669436591012136,
    "dev_ner_loss": 30.669436591012136,
    "best_dev_sum": 0.5890410958904109,
    "dev_sum": 0.5890410958904109,
    "best_train_ner_precision": 0.4588235294117647,
    "best_train_ner_recall": 0.4373831775700935,
    "best_train_ner_span_f1": 0.4478468899521531,
    "train_ner_precision": 0.4588235294117647,
    "train_ner_recall": 0.4373831775700935,
    "train_ner_span_f1": 0.4478468899521531,
    "best_dev_ner_precision": 0.581081081081081,
    "best_dev_ner_recall": 0.5972222222222222,
    "best_dev_ner_span_f1": 0.5890410958904109,
    "dev_ner_precision": 0.581081081081081,
    "dev_ner_recall": 0.5972222222222222,
    "dev_ner_span_f1": 0.5890410958904109
}