{
    "epoch": "7/20",
    "best_epoch": 7,
    "max_gpu_mem": "2.5984",
    "cur_ram": "2.4468",
    "time_epoch": "0:00:08",
    "time_total": "0:00:58",
    "best_train_ner_loss": 12.921080856323242,
    "train_ner_loss": 12.921080856323242,
    "best_train_sum": 0.8206071757129715,
    "train_sum": 0.8206071757129715,
    "best_dev_ner_loss": 17.919365201677596,
    "dev_ner_loss": 17.919365201677596,
    "best_dev_sum": 0.8472222222222222,
    "dev_sum": 0.8472222222222222,
    "best_train_ner_precision": 0.809437386569873,
    "best_train_ner_recall": 0.832089552238806,
    "best_train_ner_span_f1": 0.8206071757129715,
    "train_ner_precision": 0.809437386569873,
    "train_ner_recall": 0.832089552238806,
    "train_ner_span_f1": 0.8206071757129715,
    "best_dev_ner_precision": 0.8472222222222222,
    "best_dev_ner_recall": 0.8472222222222222,
    "best_dev_ner_span_f1": 0.8472222222222222,
    "dev_ner_precision": 0.8472222222222222,
    "dev_ner_recall": 0.8472222222222222,
    "dev_ner_span_f1": 0.8472222222222222
}