{
    "epoch": "19/20",
    "best_epoch": 9,
    "max_gpu_mem": "2.6031",
    "cur_ram": "2.4473",
    "time_epoch": "0:00:08",
    "time_total": "0:02:35",
    "best_train_ner_loss": 5.689316520690918,
    "train_ner_loss": 0.43290802001953127,
    "best_train_sum": 0.9962756052141527,
    "train_sum": 0.9962756052141527,
    "best_dev_ner_loss": 18.550961358206614,
    "dev_ner_loss": 25.46147210257394,
    "best_dev_sum": 0.87248322147651,
    "dev_sum": 0.8666666666666667,
    "best_train_ner_precision": 0.9157509157509157,
    "best_train_ner_recall": 0.9328358208955224,
    "best_train_ner_span_f1": 0.9242144177449169,
    "train_ner_precision": 0.9944237918215614,
    "train_ner_recall": 0.9981343283582089,
    "train_ner_span_f1": 0.9962756052141527,
    "best_dev_ner_precision": 0.8441558441558441,
    "best_dev_ner_recall": 0.9027777777777778,
    "best_dev_ner_span_f1": 0.87248322147651,
    "dev_ner_precision": 0.8333333333333334,
    "dev_ner_recall": 0.9027777777777778,
    "dev_ner_span_f1": 0.8666666666666667
}