{
    "epoch": "9/20",
    "best_epoch": 9,
    "max_gpu_mem": "2.5992",
    "cur_ram": "2.4469",
    "time_epoch": "0:00:08",
    "time_total": "0:01:14",
    "best_train_ner_loss": 5.689316520690918,
    "train_ner_loss": 5.689316520690918,
    "best_train_sum": 0.9242144177449169,
    "train_sum": 0.9242144177449169,
    "best_dev_ner_loss": 18.550961358206614,
    "dev_ner_loss": 18.550961358206614,
    "best_dev_sum": 0.87248322147651,
    "dev_sum": 0.87248322147651,
    "best_train_ner_precision": 0.9157509157509157,
    "best_train_ner_recall": 0.9328358208955224,
    "best_train_ner_span_f1": 0.9242144177449169,
    "train_ner_precision": 0.9157509157509157,
    "train_ner_recall": 0.9328358208955224,
    "train_ner_span_f1": 0.9242144177449169,
    "best_dev_ner_precision": 0.8441558441558441,
    "best_dev_ner_recall": 0.9027777777777778,
    "best_dev_ner_span_f1": 0.87248322147651,
    "dev_ner_precision": 0.8441558441558441,
    "dev_ner_recall": 0.9027777777777778,
    "dev_ner_span_f1": 0.87248322147651
}