{
    "epoch": "20/20",
    "best_epoch": 9,
    "max_gpu_mem": "2.6031",
    "cur_ram": "2.4473",
    "time_epoch": "0:00:08",
    "time_total": "0:02:43",
    "best_train_ner_loss": 5.689316520690918,
    "train_ner_loss": 0.2970696258544922,
    "best_train_sum": 0.9971988795518207,
    "train_sum": 0.9971988795518207,
    "best_dev_ner_loss": 18.550961358206614,
    "dev_ner_loss": 25.721561976841517,
    "best_dev_sum": 0.87248322147651,
    "dev_sum": 0.8609271523178809,
    "best_train_ner_precision": 0.9157509157509157,
    "best_train_ner_recall": 0.9328358208955224,
    "best_train_ner_span_f1": 0.9242144177449169,
    "train_ner_precision": 0.9981308411214953,
    "train_ner_recall": 0.996268656716418,
    "train_ner_span_f1": 0.9971988795518207,
    "best_dev_ner_precision": 0.8441558441558441,
    "best_dev_ner_recall": 0.9027777777777778,
    "best_dev_ner_span_f1": 0.87248322147651,
    "dev_ner_precision": 0.8227848101265823,
    "dev_ner_recall": 0.9027777777777778,
    "dev_ner_span_f1": 0.8609271523178809
}