{
    "epoch": "15/20",
    "best_epoch": 9,
    "max_gpu_mem": "2.6031",
    "cur_ram": "2.4473",
    "time_epoch": "0:00:08",
    "time_total": "0:02:03",
    "best_train_ner_loss": 5.689316520690918,
    "train_ner_loss": 1.144511375427246,
    "best_train_sum": 0.9878844361602982,
    "train_sum": 0.9878844361602982,
    "best_dev_ner_loss": 18.550961358206614,
    "dev_ner_loss": 24.242974962506974,
    "best_dev_sum": 0.87248322147651,
    "dev_sum": 0.8533333333333333,
    "best_train_ner_precision": 0.9157509157509157,
    "best_train_ner_recall": 0.9328358208955224,
    "best_train_ner_span_f1": 0.9242144177449169,
    "train_ner_precision": 0.9869646182495344,
    "train_ner_recall": 0.9888059701492538,
    "train_ner_span_f1": 0.9878844361602982,
    "best_dev_ner_precision": 0.8441558441558441,
    "best_dev_ner_recall": 0.9027777777777778,
    "best_dev_ner_span_f1": 0.87248322147651,
    "dev_ner_precision": 0.8205128205128205,
    "dev_ner_recall": 0.8888888888888888,
    "dev_ner_span_f1": 0.8533333333333333
}