{
    "epoch": "11/20",
    "best_epoch": 9,
    "max_gpu_mem": "2.6031",
    "cur_ram": "2.4473",
    "time_epoch": "0:00:08",
    "time_total": "0:01:31",
    "best_train_ner_loss": 5.689316520690918,
    "train_ner_loss": 2.117998275756836,
    "best_train_sum": 0.97856477166822,
    "train_sum": 0.97856477166822,
    "best_dev_ner_loss": 18.550961358206614,
    "dev_ner_loss": 20.722118377685547,
    "best_dev_sum": 0.87248322147651,
    "dev_sum": 0.8648648648648649,
    "best_train_ner_precision": 0.9157509157509157,
    "best_train_ner_recall": 0.9328358208955224,
    "best_train_ner_span_f1": 0.9242144177449169,
    "train_ner_precision": 0.9776536312849162,
    "train_ner_recall": 0.9794776119402985,
    "train_ner_span_f1": 0.97856477166822,
    "best_dev_ner_precision": 0.8441558441558441,
    "best_dev_ner_recall": 0.9027777777777778,
    "best_dev_ner_span_f1": 0.87248322147651,
    "dev_ner_precision": 0.8421052631578947,
    "dev_ner_recall": 0.8888888888888888,
    "dev_ner_span_f1": 0.8648648648648649
}