{
    "epoch": "8/20",
    "best_epoch": 8,
    "max_gpu_mem": "2.5992",
    "cur_ram": "2.4469",
    "time_epoch": "0:00:08",
    "time_total": "0:01:06",
    "best_train_ner_loss": 8.388167190551759,
    "train_ner_loss": 8.388167190551759,
    "best_train_sum": 0.888888888888889,
    "train_sum": 0.888888888888889,
    "best_dev_ner_loss": 17.16240882873535,
    "dev_ner_loss": 17.16240882873535,
    "best_dev_sum": 0.8609271523178809,
    "dev_sum": 0.8609271523178809,
    "best_train_ner_precision": 0.8823529411764706,
    "best_train_ner_recall": 0.8955223880597015,
    "best_train_ner_span_f1": 0.888888888888889,
    "train_ner_precision": 0.8823529411764706,
    "train_ner_recall": 0.8955223880597015,
    "train_ner_span_f1": 0.888888888888889,
    "best_dev_ner_precision": 0.8227848101265823,
    "best_dev_ner_recall": 0.9027777777777778,
    "best_dev_ner_span_f1": 0.8609271523178809,
    "dev_ner_precision": 0.8227848101265823,
    "dev_ner_recall": 0.9027777777777778,
    "dev_ner_span_f1": 0.8609271523178809
}