{
    "epoch": "18/20",
    "best_epoch": 9,
    "max_gpu_mem": "2.6031",
    "cur_ram": "2.4473",
    "time_epoch": "0:00:08",
    "time_total": "0:02:27",
    "best_train_ner_loss": 5.689316520690918,
    "train_ner_loss": 0.7208672332763671,
    "best_train_sum": 0.9925373134328358,
    "train_sum": 0.9925373134328358,
    "best_dev_ner_loss": 18.550961358206614,
    "dev_ner_loss": 26.98368944440569,
    "best_dev_sum": 0.87248322147651,
    "dev_sum": 0.8684210526315789,
    "best_train_ner_precision": 0.9157509157509157,
    "best_train_ner_recall": 0.9328358208955224,
    "best_train_ner_span_f1": 0.9242144177449169,
    "train_ner_precision": 0.9925373134328358,
    "train_ner_recall": 0.9925373134328358,
    "train_ner_span_f1": 0.9925373134328358,
    "best_dev_ner_precision": 0.8441558441558441,
    "best_dev_ner_recall": 0.9027777777777778,
    "best_dev_ner_span_f1": 0.87248322147651,
    "dev_ner_precision": 0.825,
    "dev_ner_recall": 0.9166666666666666,
    "dev_ner_span_f1": 0.8684210526315789
}