{
    "epoch": "2/20",
    "best_epoch": 1,
    "max_gpu_mem": "2.5939",
    "cur_ram": "2.4340",
    "time_epoch": "0:00:07",
    "time_total": "0:00:17",
    "best_train_ner_loss": 1507.1451605224609,
    "train_ner_loss": 741.6607902526855,
    "best_train_sum": 0.0008176614881439084,
    "train_sum": 0.0008176614881439084,
    "best_dev_ner_loss": 1224.9798235212054,
    "dev_ner_loss": 129.79219927106584,
    "best_dev_sum": 0.0,
    "dev_sum": 0.0,
    "best_train_ner_precision": 0.0015120967741935483,
    "best_train_ner_recall": 0.055970149253731345,
    "best_train_ner_span_f1": 0.002944640753828033,
    "train_ner_precision": 0.0004410467509556013,
    "train_ner_recall": 0.005597014925373134,
    "train_ner_span_f1": 0.0008176614881439084,
    "best_dev_ner_precision": 0.0,
    "best_dev_ner_recall": 0.0,
    "best_dev_ner_span_f1": 0.0,
    "dev_ner_precision": 0.0,
    "dev_ner_recall": 0.0,
    "dev_ner_span_f1": 0.0
}