{
    "epoch": "10/20",
    "best_epoch": 9,
    "max_gpu_mem": "2.5992",
    "cur_ram": "2.4473",
    "time_epoch": "0:00:08",
    "time_total": "0:01:23",
    "best_train_ner_loss": 5.689316520690918,
    "train_ner_loss": 3.4681355285644533,
    "best_train_sum": 0.9600742804085421,
    "train_sum": 0.9600742804085421,
    "best_dev_ner_loss": 18.550961358206614,
    "dev_ner_loss": 18.96063995361328,
    "best_dev_sum": 0.87248322147651,
    "dev_sum": 0.8689655172413793,
    "best_train_ner_precision": 0.9157509157509157,
    "best_train_ner_recall": 0.9328358208955224,
    "best_train_ner_span_f1": 0.9242144177449169,
    "train_ner_precision": 0.955637707948244,
    "train_ner_recall": 0.9645522388059702,
    "train_ner_span_f1": 0.9600742804085421,
    "best_dev_ner_precision": 0.8441558441558441,
    "best_dev_ner_recall": 0.9027777777777778,
    "best_dev_ner_span_f1": 0.87248322147651,
    "dev_ner_precision": 0.863013698630137,
    "dev_ner_recall": 0.875,
    "dev_ner_span_f1": 0.8689655172413793
}