{
    "epoch": "4/20",
    "best_epoch": 4,
    "max_gpu_mem": "2.5973",
    "cur_ram": "2.4340",
    "time_epoch": "0:00:07",
    "time_total": "0:00:32",
    "best_train_ner_loss": 61.16661334991455,
    "train_ner_loss": 61.16661334991455,
    "best_train_sum": 0.3032967032967033,
    "train_sum": 0.3032967032967033,
    "best_dev_ner_loss": 36.1264591217041,
    "dev_ner_loss": 36.1264591217041,
    "best_dev_sum": 0.2738095238095238,
    "dev_sum": 0.2738095238095238,
    "best_train_ner_precision": 0.3689839572192513,
    "best_train_ner_recall": 0.2574626865671642,
    "best_train_ner_span_f1": 0.3032967032967033,
    "train_ner_precision": 0.3689839572192513,
    "train_ner_recall": 0.2574626865671642,
    "train_ner_span_f1": 0.3032967032967033,
    "best_dev_ner_precision": 0.23958333333333334,
    "best_dev_ner_recall": 0.3194444444444444,
    "best_dev_ner_span_f1": 0.2738095238095238,
    "dev_ner_precision": 0.23958333333333334,
    "dev_ner_recall": 0.3194444444444444,
    "dev_ner_span_f1": 0.2738095238095238
}