{
    "epoch": "6/20",
    "best_epoch": 6,
    "max_gpu_mem": "2.8291",
    "cur_ram": "2.4692",
    "time_epoch": "0:00:08",
    "time_total": "0:00:53",
    "best_train_ner_loss": 19.307333434069598,
    "train_ner_loss": 19.307333434069598,
    "best_train_sum": 0.7212178877259753,
    "train_sum": 0.7212178877259753,
    "best_dev_ner_loss": 22.580506461007253,
    "dev_ner_loss": 22.580506461007253,
    "best_dev_sum": 0.7457627118644068,
    "dev_sum": 0.7457627118644068,
    "best_train_ner_precision": 0.720532319391635,
    "best_train_ner_recall": 0.7219047619047619,
    "best_train_ner_span_f1": 0.7212178877259753,
    "train_ner_precision": 0.720532319391635,
    "train_ner_recall": 0.7219047619047619,
    "train_ner_span_f1": 0.7212178877259753,
    "best_dev_ner_precision": 0.717391304347826,
    "best_dev_ner_recall": 0.7764705882352941,
    "best_dev_ner_span_f1": 0.7457627118644068,
    "dev_ner_precision": 0.717391304347826,
    "dev_ner_recall": 0.7764705882352941,
    "dev_ner_span_f1": 0.7457627118644068
}