{
    "epoch": "20/20",
    "best_epoch": 11,
    "max_gpu_mem": "2.8398",
    "cur_ram": "2.4719",
    "time_epoch": "0:00:08",
    "time_total": "0:02:52",
    "best_train_ner_loss": 4.974950260586208,
    "train_ner_loss": 0.422962400648329,
    "best_train_sum": 0.9923954372623573,
    "train_sum": 0.9923954372623573,
    "best_dev_ner_loss": 19.78896168300084,
    "dev_ner_loss": 29.101023537772043,
    "best_dev_sum": 0.8538011695906433,
    "dev_sum": 0.8165680473372781,
    "best_train_ner_precision": 0.9113207547169812,
    "best_train_ner_recall": 0.92,
    "best_train_ner_span_f1": 0.9156398104265403,
    "train_ner_precision": 0.9905123339658444,
    "train_ner_recall": 0.9942857142857143,
    "train_ner_span_f1": 0.9923954372623573,
    "best_dev_ner_precision": 0.8488372093023255,
    "best_dev_ner_recall": 0.8588235294117647,
    "best_dev_ner_span_f1": 0.8538011695906433,
    "dev_ner_precision": 0.8214285714285714,
    "dev_ner_recall": 0.8117647058823529,
    "dev_ner_span_f1": 0.8165680473372781
}