{
    "epoch": "10/20",
    "best_epoch": 7,
    "max_gpu_mem": "2.8308",
    "cur_ram": "2.4718",
    "time_epoch": "0:00:08",
    "time_total": "0:01:27",
    "best_train_ner_loss": 13.74356531213831,
    "train_ner_loss": 5.221923068717674,
    "best_train_sum": 0.9130434782608696,
    "train_sum": 0.9130434782608696,
    "best_dev_ner_loss": 23.0658997126988,
    "dev_ner_loss": 23.004920414515905,
    "best_dev_sum": 0.7771428571428571,
    "dev_sum": 0.7771428571428571,
    "best_train_ner_precision": 0.8131021194605009,
    "best_train_ner_recall": 0.8038095238095239,
    "best_train_ner_span_f1": 0.8084291187739464,
    "train_ner_precision": 0.9061913696060038,
    "train_ner_recall": 0.92,
    "train_ner_span_f1": 0.9130434782608696,
    "best_dev_ner_precision": 0.7555555555555555,
    "best_dev_ner_recall": 0.8,
    "best_dev_ner_span_f1": 0.7771428571428571,
    "dev_ner_precision": 0.7555555555555555,
    "dev_ner_recall": 0.8,
    "dev_ner_span_f1": 0.7771428571428571
}