{
    "epoch": "9/20",
    "best_epoch": 7,
    "max_gpu_mem": "2.8308",
    "cur_ram": "2.4718",
    "time_epoch": "0:00:08",
    "time_total": "0:01:19",
    "best_train_ner_loss": 13.74356531213831,
    "train_ner_loss": 6.560420142279731,
    "best_train_sum": 0.8934967012252593,
    "train_sum": 0.8934967012252593,
    "best_dev_ner_loss": 23.0658997126988,
    "dev_ner_loss": 18.722787039620535,
    "best_dev_sum": 0.7771428571428571,
    "dev_sum": 0.7738095238095238,
    "best_train_ner_precision": 0.8131021194605009,
    "best_train_ner_recall": 0.8038095238095239,
    "best_train_ner_span_f1": 0.8084291187739464,
    "train_ner_precision": 0.8843283582089553,
    "train_ner_recall": 0.9028571428571428,
    "train_ner_span_f1": 0.8934967012252593,
    "best_dev_ner_precision": 0.7555555555555555,
    "best_dev_ner_recall": 0.8,
    "best_dev_ner_span_f1": 0.7771428571428571,
    "dev_ner_precision": 0.7831325301204819,
    "dev_ner_recall": 0.7647058823529411,
    "dev_ner_span_f1": 0.7738095238095238
}