{
    "epoch": "14/20",
    "best_epoch": 11,
    "max_gpu_mem": "2.8379",
    "cur_ram": "2.4719",
    "time_epoch": "0:00:08",
    "time_total": "0:02:02",
    "best_train_ner_loss": 4.974950260586208,
    "train_ner_loss": 2.0598199985645436,
    "best_train_sum": 0.9724596391263057,
    "train_sum": 0.9724596391263057,
    "best_dev_ner_loss": 19.78896168300084,
    "dev_ner_loss": 23.063602447509766,
    "best_dev_sum": 0.8538011695906433,
    "dev_sum": 0.8208092485549133,
    "best_train_ner_precision": 0.9113207547169812,
    "best_train_ner_recall": 0.92,
    "best_train_ner_span_f1": 0.9156398104265403,
    "train_ner_precision": 0.9696969696969697,
    "train_ner_recall": 0.9752380952380952,
    "train_ner_span_f1": 0.9724596391263057,
    "best_dev_ner_precision": 0.8488372093023255,
    "best_dev_ner_recall": 0.8588235294117647,
    "best_dev_ner_span_f1": 0.8538011695906433,
    "dev_ner_precision": 0.8068181818181818,
    "dev_ner_recall": 0.8352941176470589,
    "dev_ner_span_f1": 0.8208092485549133
}