{
    "epoch": "8/20",
    "best_epoch": 7,
    "max_gpu_mem": "2.8308",
    "cur_ram": "2.4718",
    "time_epoch": "0:00:08",
    "time_total": "0:01:10",
    "best_train_ner_loss": 13.74356531213831,
    "train_ner_loss": 10.30732140717683,
    "best_train_sum": 0.828436018957346,
    "train_sum": 0.828436018957346,
    "best_dev_ner_loss": 23.0658997126988,
    "dev_ner_loss": 21.5169061933245,
    "best_dev_sum": 0.7771428571428571,
    "dev_sum": 0.7514450867052023,
    "best_train_ner_precision": 0.8131021194605009,
    "best_train_ner_recall": 0.8038095238095239,
    "best_train_ner_span_f1": 0.8084291187739464,
    "train_ner_precision": 0.8245283018867925,
    "train_ner_recall": 0.8323809523809523,
    "train_ner_span_f1": 0.828436018957346,
    "best_dev_ner_precision": 0.7555555555555555,
    "best_dev_ner_recall": 0.8,
    "best_dev_ner_span_f1": 0.7771428571428571,
    "dev_ner_precision": 0.7386363636363636,
    "dev_ner_recall": 0.7647058823529411,
    "dev_ner_span_f1": 0.7514450867052023
}