{
    "epoch": "19/20",
    "best_epoch": 11,
    "max_gpu_mem": "2.8398",
    "cur_ram": "2.4719",
    "time_epoch": "0:00:08",
    "time_total": "0:02:44",
    "best_train_ner_loss": 4.974950260586208,
    "train_ner_loss": 0.43018849690755206,
    "best_train_sum": 0.9904942965779469,
    "train_sum": 0.9904942965779469,
    "best_dev_ner_loss": 19.78896168300084,
    "dev_ner_loss": 27.40839603969029,
    "best_dev_sum": 0.8538011695906433,
    "dev_sum": 0.8070175438596492,
    "best_train_ner_precision": 0.9113207547169812,
    "best_train_ner_recall": 0.92,
    "best_train_ner_span_f1": 0.9156398104265403,
    "train_ner_precision": 0.9886148007590133,
    "train_ner_recall": 0.9923809523809524,
    "train_ner_span_f1": 0.9904942965779469,
    "best_dev_ner_precision": 0.8488372093023255,
    "best_dev_ner_recall": 0.8588235294117647,
    "best_dev_ner_span_f1": 0.8538011695906433,
    "dev_ner_precision": 0.8023255813953488,
    "dev_ner_recall": 0.8117647058823529,
    "dev_ner_span_f1": 0.8070175438596492
}