{
    "epoch": "15/20",
    "best_epoch": 11,
    "max_gpu_mem": "2.8379",
    "cur_ram": "2.4719",
    "time_epoch": "0:00:08",
    "time_total": "0:02:10",
    "best_train_ner_loss": 4.974950260586208,
    "train_ner_loss": 1.083224473176179,
    "best_train_sum": 0.9885496183206107,
    "train_sum": 0.9885496183206107,
    "best_dev_ner_loss": 19.78896168300084,
    "dev_ner_loss": 23.52297592163086,
    "best_dev_sum": 0.8538011695906433,
    "dev_sum": 0.8342857142857144,
    "best_train_ner_precision": 0.9113207547169812,
    "best_train_ner_recall": 0.92,
    "best_train_ner_span_f1": 0.9156398104265403,
    "train_ner_precision": 0.9904397705544933,
    "train_ner_recall": 0.9866666666666667,
    "train_ner_span_f1": 0.9885496183206107,
    "best_dev_ner_precision": 0.8488372093023255,
    "best_dev_ner_recall": 0.8588235294117647,
    "best_dev_ner_span_f1": 0.8538011695906433,
    "dev_ner_precision": 0.8111111111111111,
    "dev_ner_recall": 0.8588235294117647,
    "dev_ner_span_f1": 0.8342857142857144
}