{
    "epoch": "3/20",
    "best_epoch": 1,
    "max_gpu_mem": "2.8291",
    "cur_ram": "2.4612",
    "time_epoch": "0:00:08",
    "time_total": "0:00:26",
    "best_train_ner_loss": 1060.194630375615,
    "train_ner_loss": 91.37920450281214,
    "best_train_sum": 0.0,
    "train_sum": 0.0,
    "best_dev_ner_loss": 960.3144792829241,
    "dev_ner_loss": 86.12672696794782,
    "best_dev_sum": 0.0,
    "dev_sum": 0.0,
    "best_train_ner_precision": 0.0,
    "best_train_ner_recall": 0.0,
    "best_train_ner_span_f1": 0.0,
    "train_ner_precision": 0.0,
    "train_ner_recall": 0.0,
    "train_ner_span_f1": 0.0,
    "best_dev_ner_precision": 0.0,
    "best_dev_ner_recall": 0.0,
    "best_dev_ner_span_f1": 0.0,
    "dev_ner_precision": 0.0,
    "dev_ner_recall": 0.0,
    "dev_ner_span_f1": 0.0
}