{
    "epoch": "16/20",
    "best_epoch": 12,
    "max_gpu_mem": "5.2839",
    "cur_ram": "2.4630",
    "time_epoch": "0:00:09",
    "time_total": "0:02:41",
    "best_train_ner_loss": 6.534470204953794,
    "train_ner_loss": 3.1620845794677734,
    "best_train_sum": 0.943089430894309,
    "train_sum": 0.943089430894309,
    "best_dev_ner_loss": 17.548112596784318,
    "dev_ner_loss": 20.34792164393834,
    "best_dev_sum": 0.8347826086956522,
    "dev_sum": 0.7966101694915254,
    "best_train_ner_precision": 0.8992805755395683,
    "best_train_ner_recall": 0.9107468123861566,
    "best_train_ner_span_f1": 0.9049773755656109,
    "train_ner_precision": 0.9354838709677419,
    "train_ner_recall": 0.9508196721311475,
    "train_ner_span_f1": 0.943089430894309,
    "best_dev_ner_precision": 0.8421052631578947,
    "best_dev_ner_recall": 0.8275862068965517,
    "best_dev_ner_span_f1": 0.8347826086956522,
    "dev_ner_precision": 0.7833333333333333,
    "dev_ner_recall": 0.8103448275862069,
    "dev_ner_span_f1": 0.7966101694915254
}