{
    "epoch": "9/20",
    "best_epoch": 8,
    "max_gpu_mem": "5.2839",
    "cur_ram": "2.4628",
    "time_epoch": "0:00:09",
    "time_total": "0:01:32",
    "best_train_ner_loss": 15.087775124443901,
    "train_ner_loss": 12.868087274056894,
    "best_train_sum": 0.829268292682927,
    "train_sum": 0.829268292682927,
    "best_dev_ner_loss": 19.866843632289342,
    "dev_ner_loss": 18.39174815586635,
    "best_dev_sum": 0.7857142857142857,
    "dev_sum": 0.7592592592592593,
    "best_train_ner_precision": 0.7931034482758621,
    "best_train_ner_recall": 0.7959927140255009,
    "best_train_ner_span_f1": 0.7945454545454544,
    "train_ner_precision": 0.8225806451612904,
    "train_ner_recall": 0.8360655737704918,
    "train_ner_span_f1": 0.829268292682927,
    "best_dev_ner_precision": 0.8148148148148148,
    "best_dev_ner_recall": 0.7586206896551724,
    "best_dev_ner_span_f1": 0.7857142857142857,
    "dev_ner_precision": 0.82,
    "dev_ner_recall": 0.7068965517241379,
    "dev_ner_span_f1": 0.7592592592592593
}