{
    "epoch": "13/20",
    "best_epoch": 12,
    "max_gpu_mem": "5.2839",
    "cur_ram": "2.4630",
    "time_epoch": "0:00:09",
    "time_total": "0:02:13",
    "best_train_ner_loss": 6.534470204953794,
    "train_ner_loss": 5.439051663434064,
    "best_train_sum": 0.9059674502712478,
    "train_sum": 0.9059674502712478,
    "best_dev_ner_loss": 17.548112596784318,
    "dev_ner_loss": 17.9985476902553,
    "best_dev_sum": 0.8347826086956522,
    "dev_sum": 0.8173913043478261,
    "best_train_ner_precision": 0.8992805755395683,
    "best_train_ner_recall": 0.9107468123861566,
    "best_train_ner_span_f1": 0.9049773755656109,
    "train_ner_precision": 0.8994614003590664,
    "train_ner_recall": 0.912568306010929,
    "train_ner_span_f1": 0.9059674502712478,
    "best_dev_ner_precision": 0.8421052631578947,
    "best_dev_ner_recall": 0.8275862068965517,
    "best_dev_ner_span_f1": 0.8347826086956522,
    "dev_ner_precision": 0.8245614035087719,
    "dev_ner_recall": 0.8103448275862069,
    "dev_ner_span_f1": 0.8173913043478261
}