{
    "epoch": "20/20",
    "best_epoch": 12,
    "max_gpu_mem": "5.2839",
    "cur_ram": "2.4631",
    "time_epoch": "0:00:09",
    "time_total": "0:03:20",
    "best_train_ner_loss": 6.534470204953794,
    "train_ner_loss": 1.4538475672403972,
    "best_train_sum": 0.9772933696639419,
    "train_sum": 0.9772933696639419,
    "best_dev_ner_loss": 17.548112596784318,
    "dev_ner_loss": 23.041888100760325,
    "best_dev_sum": 0.8347826086956522,
    "dev_sum": 0.8135593220338982,
    "best_train_ner_precision": 0.8992805755395683,
    "best_train_ner_recall": 0.9107468123861566,
    "best_train_ner_span_f1": 0.9049773755656109,
    "train_ner_precision": 0.9746376811594203,
    "train_ner_recall": 0.9799635701275046,
    "train_ner_span_f1": 0.9772933696639419,
    "best_dev_ner_precision": 0.8421052631578947,
    "best_dev_ner_recall": 0.8275862068965517,
    "best_dev_ner_span_f1": 0.8347826086956522,
    "dev_ner_precision": 0.8,
    "dev_ner_recall": 0.8275862068965517,
    "dev_ner_span_f1": 0.8135593220338982
}