{
    "epoch": "3/20",
    "best_epoch": 1,
    "max_gpu_mem": "5.2787",
    "cur_ram": "2.4503",
    "time_epoch": "0:00:09",
    "time_total": "0:00:30",
    "best_train_ner_loss": 1584.5505580195675,
    "train_ner_loss": 109.49958373882153,
    "best_train_sum": 0.0,
    "train_sum": 0.0,
    "best_dev_ner_loss": 1470.092084612165,
    "dev_ner_loss": 87.37267957414899,
    "best_dev_sum": 0.0,
    "dev_sum": 0.0,
    "best_train_ner_precision": 0.0,
    "best_train_ner_recall": 0.0,
    "best_train_ner_span_f1": 0.0,
    "train_ner_precision": 0.0,
    "train_ner_recall": 0.0,
    "train_ner_span_f1": 0.0,
    "best_dev_ner_precision": 0.0,
    "best_dev_ner_recall": 0.0,
    "best_dev_ner_span_f1": 0.0,
    "dev_ner_precision": 0.0,
    "dev_ner_recall": 0.0,
    "dev_ner_span_f1": 0.0
}