{
    "epoch": "4/20",
    "best_epoch": 4,
    "max_gpu_mem": "7.7667",
    "cur_ram": "2.7967",
    "time_epoch": "0:00:20",
    "time_total": "0:01:16",
    "best_train_ner_loss": 31.830650241286666,
    "train_ner_loss": 31.830650241286666,
    "best_train_sum": 0.4991364421416235,
    "train_sum": 0.4991364421416235,
    "best_dev_ner_loss": 24.18670163835798,
    "dev_ner_loss": 24.18670163835798,
    "best_dev_sum": 0.6950354609929079,
    "dev_sum": 0.6950354609929079,
    "best_train_ner_precision": 0.463884430176565,
    "best_train_ner_recall": 0.5401869158878505,
    "best_train_ner_span_f1": 0.4991364421416235,
    "train_ner_precision": 0.463884430176565,
    "train_ner_recall": 0.5401869158878505,
    "train_ner_span_f1": 0.4991364421416235,
    "best_dev_ner_precision": 0.6282051282051282,
    "best_dev_ner_recall": 0.7777777777777778,
    "best_dev_ner_span_f1": 0.6950354609929079,
    "dev_ner_precision": 0.6282051282051282,
    "dev_ner_recall": 0.7777777777777778,
    "dev_ner_span_f1": 0.6950354609929079
}