{
    "epoch": "11/20",
    "best_epoch": 9,
    "max_gpu_mem": "7.7667",
    "cur_ram": "2.7972",
    "time_epoch": "0:00:19",
    "time_total": "0:03:43",
    "best_train_ner_loss": 9.316929322701913,
    "train_ner_loss": 5.613782246907552,
    "best_train_sum": 0.9107806691449813,
    "train_sum": 0.9107806691449813,
    "best_dev_ner_loss": 17.650128500802175,
    "dev_ner_loss": 26.07666506086077,
    "best_dev_sum": 0.8636363636363636,
    "dev_sum": 0.7786259541984734,
    "best_train_ner_precision": 0.850909090909091,
    "best_train_ner_recall": 0.874766355140187,
    "best_train_ner_span_f1": 0.8626728110599079,
    "train_ner_precision": 0.9057301293900185,
    "train_ner_recall": 0.9158878504672897,
    "train_ner_span_f1": 0.9107806691449813,
    "best_dev_ner_precision": 0.8260869565217391,
    "best_dev_ner_recall": 0.9047619047619048,
    "best_dev_ner_span_f1": 0.8636363636363636,
    "dev_ner_precision": 0.75,
    "dev_ner_recall": 0.8095238095238095,
    "dev_ner_span_f1": 0.7786259541984734
}