{
    "epoch": "9/20",
    "best_epoch": 9,
    "max_gpu_mem": "7.7667",
    "cur_ram": "2.7972",
    "time_epoch": "0:00:20",
    "time_total": "0:03:03",
    "best_train_ner_loss": 9.316929322701913,
    "train_ner_loss": 9.316929322701913,
    "best_train_sum": 0.8626728110599079,
    "train_sum": 0.8626728110599079,
    "best_dev_ner_loss": 17.650128500802175,
    "dev_ner_loss": 17.650128500802175,
    "best_dev_sum": 0.8636363636363636,
    "dev_sum": 0.8636363636363636,
    "best_train_ner_precision": 0.850909090909091,
    "best_train_ner_recall": 0.874766355140187,
    "best_train_ner_span_f1": 0.8626728110599079,
    "train_ner_precision": 0.850909090909091,
    "train_ner_recall": 0.874766355140187,
    "train_ner_span_f1": 0.8626728110599079,
    "best_dev_ner_precision": 0.8260869565217391,
    "best_dev_ner_recall": 0.9047619047619048,
    "best_dev_ner_span_f1": 0.8636363636363636,
    "dev_ner_precision": 0.8260869565217391,
    "dev_ner_recall": 0.9047619047619048,
    "dev_ner_span_f1": 0.8636363636363636
}