{
    "epoch": "8/20",
    "best_epoch": 7,
    "max_gpu_mem": "7.7667",
    "cur_ram": "2.7972",
    "time_epoch": "0:00:20",
    "time_total": "0:02:42",
    "best_train_ner_loss": 11.951133021601924,
    "train_ner_loss": 12.165603425767687,
    "best_train_sum": 0.8195211786372008,
    "train_sum": 0.8195211786372008,
    "best_dev_ner_loss": 17.78713662283761,
    "dev_ner_loss": 19.922985076904297,
    "best_dev_sum": 0.8484848484848485,
    "dev_sum": 0.7716535433070867,
    "best_train_ner_precision": 0.8131868131868132,
    "best_train_ner_recall": 0.8299065420560747,
    "best_train_ner_span_f1": 0.8214616096207216,
    "train_ner_precision": 0.8076225045372051,
    "train_ner_recall": 0.8317757009345794,
    "train_ner_span_f1": 0.8195211786372008,
    "best_dev_ner_precision": 0.8115942028985508,
    "best_dev_ner_recall": 0.8888888888888888,
    "best_dev_ner_span_f1": 0.8484848484848485,
    "dev_ner_precision": 0.765625,
    "dev_ner_recall": 0.7777777777777778,
    "dev_ner_span_f1": 0.7716535433070867
}