{
    "epoch": "3/20",
    "best_epoch": 3,
    "max_gpu_mem": "7.7667",
    "cur_ram": "2.7966",
    "time_epoch": "0:00:20",
    "time_total": "0:00:54",
    "best_train_ner_loss": 65.24683182327836,
    "train_ner_loss": 65.24683182327836,
    "best_train_sum": 0.11023622047244093,
    "train_sum": 0.11023622047244093,
    "best_dev_ner_loss": 30.280989510672434,
    "dev_ner_loss": 30.280989510672434,
    "best_dev_sum": 0.39751552795031053,
    "dev_sum": 0.39751552795031053,
    "best_train_ner_precision": 0.35,
    "best_train_ner_recall": 0.06542056074766354,
    "best_train_ner_span_f1": 0.11023622047244093,
    "train_ner_precision": 0.35,
    "train_ner_recall": 0.06542056074766354,
    "train_ner_span_f1": 0.11023622047244093,
    "best_dev_ner_precision": 0.32653061224489793,
    "best_dev_ner_recall": 0.5079365079365079,
    "best_dev_ner_span_f1": 0.39751552795031053,
    "dev_ner_precision": 0.32653061224489793,
    "dev_ner_recall": 0.5079365079365079,
    "dev_ner_span_f1": 0.39751552795031053
}