{
    "epoch": "17/20",
    "best_epoch": 9,
    "max_gpu_mem": "7.7719",
    "cur_ram": "2.7975",
    "time_epoch": "0:00:21",
    "time_total": "0:05:47",
    "best_train_ner_loss": 9.316929322701913,
    "train_ner_loss": 1.4684566215232566,
    "best_train_sum": 0.9859943977591035,
    "train_sum": 0.9859943977591035,
    "best_dev_ner_loss": 17.650128500802175,
    "dev_ner_loss": 24.11599404471261,
    "best_dev_sum": 0.8636363636363636,
    "dev_sum": 0.8153846153846153,
    "best_train_ner_precision": 0.850909090909091,
    "best_train_ner_recall": 0.874766355140187,
    "best_train_ner_span_f1": 0.8626728110599079,
    "train_ner_precision": 0.9850746268656716,
    "train_ner_recall": 0.9869158878504672,
    "train_ner_span_f1": 0.9859943977591035,
    "best_dev_ner_precision": 0.8260869565217391,
    "best_dev_ner_recall": 0.9047619047619048,
    "best_dev_ner_span_f1": 0.8636363636363636,
    "dev_ner_precision": 0.7910447761194029,
    "dev_ner_recall": 0.8412698412698413,
    "dev_ner_span_f1": 0.8153846153846153
}