{
    "epoch": "5/20",
    "best_epoch": 5,
    "max_gpu_mem": "7.7667",
    "cur_ram": "2.7968",
    "time_epoch": "0:00:21",
    "time_total": "0:01:38",
    "best_train_ner_loss": 22.622722731696236,
    "train_ner_loss": 22.622722731696236,
    "best_train_sum": 0.7056638811513464,
    "train_sum": 0.7056638811513464,
    "best_dev_ner_loss": 19.09031186785017,
    "dev_ner_loss": 19.09031186785017,
    "best_dev_sum": 0.7874015748031497,
    "dev_sum": 0.7874015748031497,
    "best_train_ner_precision": 0.7011070110701108,
    "best_train_ner_recall": 0.7102803738317757,
    "best_train_ner_span_f1": 0.7056638811513464,
    "train_ner_precision": 0.7011070110701108,
    "train_ner_recall": 0.7102803738317757,
    "train_ner_span_f1": 0.7056638811513464,
    "best_dev_ner_precision": 0.78125,
    "best_dev_ner_recall": 0.7936507936507936,
    "best_dev_ner_span_f1": 0.7874015748031497,
    "dev_ner_precision": 0.78125,
    "dev_ner_recall": 0.7936507936507936,
    "dev_ner_span_f1": 0.7874015748031497
}