{
    "epoch": "14/20",
    "best_epoch": 9,
    "max_gpu_mem": "7.7719",
    "cur_ram": "2.7974",
    "time_epoch": "0:00:21",
    "time_total": "0:04:46",
    "best_train_ner_loss": 9.316929322701913,
    "train_ner_loss": 2.6766057544284396,
    "best_train_sum": 0.9710009354536951,
    "train_sum": 0.9710009354536951,
    "best_dev_ner_loss": 17.650128500802175,
    "dev_ner_loss": 20.26499502999442,
    "best_dev_sum": 0.8636363636363636,
    "dev_sum": 0.8181818181818182,
    "best_train_ner_precision": 0.850909090909091,
    "best_train_ner_recall": 0.874766355140187,
    "best_train_ner_span_f1": 0.8626728110599079,
    "train_ner_precision": 0.9719101123595506,
    "train_ner_recall": 0.9700934579439252,
    "train_ner_span_f1": 0.9710009354536951,
    "best_dev_ner_precision": 0.8260869565217391,
    "best_dev_ner_recall": 0.9047619047619048,
    "best_dev_ner_span_f1": 0.8636363636363636,
    "dev_ner_precision": 0.782608695652174,
    "dev_ner_recall": 0.8571428571428571,
    "dev_ner_span_f1": 0.8181818181818182
}