{
    "epoch": "13/20",
    "best_epoch": 9,
    "max_gpu_mem": "7.7719",
    "cur_ram": "2.7972",
    "time_epoch": "0:00:20",
    "time_total": "0:04:25",
    "best_train_ner_loss": 9.316929322701913,
    "train_ner_loss": 2.736600981818305,
    "best_train_sum": 0.9711090400745573,
    "train_sum": 0.9711090400745573,
    "best_dev_ner_loss": 17.650128500802175,
    "dev_ner_loss": 19.65982982090541,
    "best_dev_sum": 0.8636363636363636,
    "dev_sum": 0.7969924812030075,
    "best_train_ner_precision": 0.850909090909091,
    "best_train_ner_recall": 0.874766355140187,
    "best_train_ner_span_f1": 0.8626728110599079,
    "train_ner_precision": 0.9684014869888475,
    "train_ner_recall": 0.9738317757009346,
    "train_ner_span_f1": 0.9711090400745573,
    "best_dev_ner_precision": 0.8260869565217391,
    "best_dev_ner_recall": 0.9047619047619048,
    "best_dev_ner_span_f1": 0.8636363636363636,
    "dev_ner_precision": 0.7571428571428571,
    "dev_ner_recall": 0.8412698412698413,
    "dev_ner_span_f1": 0.7969924812030075
}