{
    "epoch": "15/20",
    "best_epoch": 9,
    "max_gpu_mem": "7.7719",
    "cur_ram": "2.7974",
    "time_epoch": "0:00:19",
    "time_total": "0:05:06",
    "best_train_ner_loss": 9.316929322701913,
    "train_ner_loss": 1.7726673903288666,
    "best_train_sum": 0.9776119402985075,
    "train_sum": 0.9776119402985075,
    "best_dev_ner_loss": 17.650128500802175,
    "dev_ner_loss": 18.798524039132253,
    "best_dev_sum": 0.8636363636363636,
    "dev_sum": 0.8088235294117647,
    "best_train_ner_precision": 0.850909090909091,
    "best_train_ner_recall": 0.874766355140187,
    "best_train_ner_span_f1": 0.8626728110599079,
    "train_ner_precision": 0.9757914338919925,
    "train_ner_recall": 0.9794392523364486,
    "train_ner_span_f1": 0.9776119402985075,
    "best_dev_ner_precision": 0.8260869565217391,
    "best_dev_ner_recall": 0.9047619047619048,
    "best_dev_ner_span_f1": 0.8636363636363636,
    "dev_ner_precision": 0.7534246575342466,
    "dev_ner_recall": 0.873015873015873,
    "dev_ner_span_f1": 0.8088235294117647
}