{
    "epoch": "2/20",
    "best_epoch": 1,
    "max_gpu_mem": "7.7667",
    "cur_ram": "2.7963",
    "time_epoch": "0:00:20",
    "time_total": "0:00:34",
    "best_train_ner_loss": 1269.3007948133682,
    "train_ner_loss": 341.60040597562437,
    "best_train_sum": 0.004087193460490463,
    "train_sum": 0.004087193460490463,
    "best_dev_ner_loss": 1067.1630859375,
    "dev_ner_loss": 85.29247174944196,
    "best_dev_sum": 0.007722007722007722,
    "dev_sum": 0.0,
    "best_train_ner_precision": 0.0013061650992685476,
    "best_train_ner_recall": 0.009345794392523364,
    "best_train_ner_span_f1": 0.0022920009168003667,
    "train_ner_precision": 0.003215434083601286,
    "train_ner_recall": 0.005607476635514018,
    "train_ner_span_f1": 0.004087193460490463,
    "best_dev_ner_precision": 0.004395604395604396,
    "best_dev_ner_recall": 0.031746031746031744,
    "best_dev_ner_span_f1": 0.007722007722007722,
    "dev_ner_precision": 0.0,
    "dev_ner_recall": 0.0,
    "dev_ner_span_f1": 0.0
}