{
    "epoch": "6/20",
    "best_epoch": 5,
    "max_gpu_mem": "7.7667",
    "cur_ram": "2.7972",
    "time_epoch": "0:00:20",
    "time_total": "0:02:00",
    "best_train_ner_loss": 22.622722731696236,
    "train_ner_loss": 15.804260006657353,
    "best_train_sum": 0.7873723305478181,
    "train_sum": 0.7873723305478181,
    "best_dev_ner_loss": 19.09031186785017,
    "dev_ner_loss": 19.926619938441686,
    "best_dev_sum": 0.7874015748031497,
    "dev_sum": 0.7633587786259542,
    "best_train_ner_precision": 0.7011070110701108,
    "best_train_ner_recall": 0.7102803738317757,
    "best_train_ner_span_f1": 0.7056638811513464,
    "train_ner_precision": 0.7822878228782287,
    "train_ner_recall": 0.7925233644859813,
    "train_ner_span_f1": 0.7873723305478181,
    "best_dev_ner_precision": 0.78125,
    "best_dev_ner_recall": 0.7936507936507936,
    "best_dev_ner_span_f1": 0.7874015748031497,
    "dev_ner_precision": 0.7352941176470589,
    "dev_ner_recall": 0.7936507936507936,
    "dev_ner_span_f1": 0.7633587786259542
}