{
    "epoch": "10/20",
    "best_epoch": 9,
    "max_gpu_mem": "7.7667",
    "cur_ram": "2.7972",
    "time_epoch": "0:00:19",
    "time_total": "0:03:24",
    "best_train_ner_loss": 9.316929322701913,
    "train_ner_loss": 8.336431397332085,
    "best_train_sum": 0.8961038961038961,
    "train_sum": 0.8961038961038961,
    "best_dev_ner_loss": 17.650128500802175,
    "dev_ner_loss": 15.797876630510602,
    "best_dev_sum": 0.8636363636363636,
    "dev_sum": 0.8175182481751826,
    "best_train_ner_precision": 0.850909090909091,
    "best_train_ner_recall": 0.874766355140187,
    "best_train_ner_span_f1": 0.8626728110599079,
    "train_ner_precision": 0.8895027624309392,
    "train_ner_recall": 0.902803738317757,
    "train_ner_span_f1": 0.8961038961038961,
    "best_dev_ner_precision": 0.8260869565217391,
    "best_dev_ner_recall": 0.9047619047619048,
    "best_dev_ner_span_f1": 0.8636363636363636,
    "dev_ner_precision": 0.7567567567567568,
    "dev_ner_recall": 0.8888888888888888,
    "dev_ner_span_f1": 0.8175182481751826
}