{
    "epoch": "13/20",
    "best_epoch": 12,
    "max_gpu_mem": "2.8193",
    "cur_ram": "2.4782",
    "time_epoch": "0:00:08",
    "time_total": "0:01:54",
    "best_train_ner_loss": 3.547909736633301,
    "train_ner_loss": 2.824935030054163,
    "best_train_sum": 0.9450139794967382,
    "train_sum": 0.9450139794967382,
    "best_dev_ner_loss": 19.43248803274972,
    "dev_ner_loss": 17.673932211739675,
    "best_dev_sum": 0.8333333333333334,
    "dev_sum": 0.832116788321168,
    "best_train_ner_precision": 0.940959409594096,
    "best_train_ner_recall": 0.9532710280373832,
    "best_train_ner_span_f1": 0.947075208913649,
    "train_ner_precision": 0.9423791821561338,
    "train_ner_recall": 0.9476635514018692,
    "train_ner_span_f1": 0.9450139794967382,
    "best_dev_ner_precision": 0.7971014492753623,
    "best_dev_ner_recall": 0.873015873015873,
    "best_dev_ner_span_f1": 0.8333333333333334,
    "dev_ner_precision": 0.7702702702702703,
    "dev_ner_recall": 0.9047619047619048,
    "dev_ner_span_f1": 0.832116788321168
}