{
    "epoch": "16/20",
    "best_epoch": 16,
    "max_gpu_mem": "2.8193",
    "cur_ram": "2.4782",
    "time_epoch": "0:00:08",
    "time_total": "0:02:20",
    "best_train_ner_loss": 1.353506017614294,
    "train_ner_loss": 1.353506017614294,
    "best_train_sum": 0.9786046511627907,
    "train_sum": 0.9786046511627907,
    "best_dev_ner_loss": 16.700350080217635,
    "dev_ner_loss": 16.700350080217635,
    "best_dev_sum": 0.8421052631578948,
    "dev_sum": 0.8421052631578948,
    "best_train_ner_precision": 0.9740740740740741,
    "best_train_ner_recall": 0.983177570093458,
    "best_train_ner_span_f1": 0.9786046511627907,
    "train_ner_precision": 0.9740740740740741,
    "train_ner_recall": 0.983177570093458,
    "train_ner_span_f1": 0.9786046511627907,
    "best_dev_ner_precision": 0.8,
    "best_dev_ner_recall": 0.8888888888888888,
    "best_dev_ner_span_f1": 0.8421052631578948,
    "dev_ner_precision": 0.8,
    "dev_ner_recall": 0.8888888888888888,
    "dev_ner_span_f1": 0.8421052631578948
}