{
    "epoch": "3/20",
    "best_epoch": 1,
    "max_gpu_mem": "2.8193",
    "cur_ram": "2.4653",
    "time_epoch": "0:00:08",
    "time_total": "0:00:27",
    "best_train_ner_loss": 1059.2771052607784,
    "train_ner_loss": 91.29065167462385,
    "best_train_sum": 0.0,
    "train_sum": 0.0,
    "best_dev_ner_loss": 961.9367762974331,
    "dev_ner_loss": 67.19502803257534,
    "best_dev_sum": 0.0,
    "dev_sum": 0.0,
    "best_train_ner_precision": 0.001105583195135434,
    "best_train_ner_recall": 0.003738317757009346,
    "best_train_ner_span_f1": 0.0017064846416382253,
    "train_ner_precision": 0.0,
    "train_ner_recall": 0.0,
    "train_ner_span_f1": 0.0,
    "best_dev_ner_precision": 0.0,
    "best_dev_ner_recall": 0.0,
    "best_dev_ner_span_f1": 0.0,
    "dev_ner_precision": 0.0,
    "dev_ner_recall": 0.0,
    "dev_ner_span_f1": 0.0
}