{
    "epoch": "11/20",
    "best_epoch": 11,
    "max_gpu_mem": "2.8193",
    "cur_ram": "2.4781",
    "time_epoch": "0:00:08",
    "time_total": "0:01:36",
    "best_train_ner_loss": 5.008411901968497,
    "train_ner_loss": 5.008411901968497,
    "best_train_sum": 0.9255121042830541,
    "train_sum": 0.9255121042830541,
    "best_dev_ner_loss": 16.39080102103097,
    "dev_ner_loss": 16.39080102103097,
    "best_dev_sum": 0.8148148148148149,
    "dev_sum": 0.8148148148148149,
    "best_train_ner_precision": 0.922077922077922,
    "best_train_ner_recall": 0.9289719626168225,
    "best_train_ner_span_f1": 0.9255121042830541,
    "train_ner_precision": 0.922077922077922,
    "train_ner_recall": 0.9289719626168225,
    "train_ner_span_f1": 0.9255121042830541,
    "best_dev_ner_precision": 0.7638888888888888,
    "best_dev_ner_recall": 0.873015873015873,
    "best_dev_ner_span_f1": 0.8148148148148149,
    "dev_ner_precision": 0.7638888888888888,
    "dev_ner_recall": 0.873015873015873,
    "dev_ner_span_f1": 0.8148148148148149
}