{
    "epoch": "5/20",
    "best_epoch": 5,
    "max_gpu_mem": "2.8193",
    "cur_ram": "2.4704",
    "time_epoch": "0:00:08",
    "time_total": "0:00:44",
    "best_train_ner_loss": 28.46956311331855,
    "train_ner_loss": 28.46956311331855,
    "best_train_sum": 0.5849582172701949,
    "train_sum": 0.5849582172701949,
    "best_dev_ner_loss": 22.66079820905413,
    "dev_ner_loss": 22.66079820905413,
    "best_dev_sum": 0.7611940298507462,
    "dev_sum": 0.7611940298507462,
    "best_train_ner_precision": 0.5811808118081181,
    "best_train_ner_recall": 0.5887850467289719,
    "best_train_ner_span_f1": 0.5849582172701949,
    "train_ner_precision": 0.5811808118081181,
    "train_ner_recall": 0.5887850467289719,
    "train_ner_span_f1": 0.5849582172701949,
    "best_dev_ner_precision": 0.7183098591549296,
    "best_dev_ner_recall": 0.8095238095238095,
    "best_dev_ner_span_f1": 0.7611940298507462,
    "dev_ner_precision": 0.7183098591549296,
    "dev_ner_recall": 0.8095238095238095,
    "dev_ner_span_f1": 0.7611940298507462
}