{
    "epoch": "18/20",
    "best_epoch": 17,
    "max_gpu_mem": "2.8228",
    "cur_ram": "2.4782",
    "time_epoch": "0:00:08",
    "time_total": "0:02:38",
    "best_train_ner_loss": 0.8328307116473163,
    "train_ner_loss": 1.0137432946099176,
    "best_train_sum": 0.9813432835820896,
    "train_sum": 0.9813432835820896,
    "best_dev_ner_loss": 19.067466190883092,
    "dev_ner_loss": 19.531770978655135,
    "best_dev_sum": 0.8461538461538461,
    "dev_sum": 0.8217054263565892,
    "best_train_ner_precision": 0.994392523364486,
    "best_train_ner_recall": 0.994392523364486,
    "best_train_ner_span_f1": 0.994392523364486,
    "train_ner_precision": 0.9795158286778398,
    "train_ner_recall": 0.983177570093458,
    "train_ner_span_f1": 0.9813432835820896,
    "best_dev_ner_precision": 0.8208955223880597,
    "best_dev_ner_recall": 0.873015873015873,
    "best_dev_ner_span_f1": 0.8461538461538461,
    "dev_ner_precision": 0.803030303030303,
    "dev_ner_recall": 0.8412698412698413,
    "dev_ner_span_f1": 0.8217054263565892
}