{
    "epoch": "8/20",
    "best_epoch": 6,
    "max_gpu_mem": "2.8193",
    "cur_ram": "2.4780",
    "time_epoch": "0:00:08",
    "time_total": "0:01:10",
    "best_train_ner_loss": 18.390997286196107,
    "train_ner_loss": 10.730687353346083,
    "best_train_sum": 0.8568773234200744,
    "train_sum": 0.8568773234200744,
    "best_dev_ner_loss": 17.134503500802175,
    "dev_ner_loss": 20.207415444510325,
    "best_dev_sum": 0.8091603053435115,
    "dev_sum": 0.7832167832167831,
    "best_train_ner_precision": 0.7649253731343284,
    "best_train_ner_recall": 0.7663551401869159,
    "best_train_ner_span_f1": 0.7656395891690009,
    "train_ner_precision": 0.8521256931608133,
    "train_ner_recall": 0.8616822429906542,
    "train_ner_span_f1": 0.8568773234200744,
    "best_dev_ner_precision": 0.7794117647058824,
    "best_dev_ner_recall": 0.8412698412698413,
    "best_dev_ner_span_f1": 0.8091603053435115,
    "dev_ner_precision": 0.7,
    "dev_ner_recall": 0.8888888888888888,
    "dev_ner_span_f1": 0.7832167832167831
}