{
    "epoch": "7/20",
    "best_epoch": 6,
    "max_gpu_mem": "2.8193",
    "cur_ram": "2.4780",
    "time_epoch": "0:00:08",
    "time_total": "0:01:02",
    "best_train_ner_loss": 18.390997286196107,
    "train_ner_loss": 13.461568549827293,
    "best_train_sum": 0.811214953271028,
    "train_sum": 0.811214953271028,
    "best_dev_ner_loss": 17.134503500802175,
    "dev_ner_loss": 17.98806871686663,
    "best_dev_sum": 0.8091603053435115,
    "dev_sum": 0.8088235294117647,
    "best_train_ner_precision": 0.7649253731343284,
    "best_train_ner_recall": 0.7663551401869159,
    "best_train_ner_span_f1": 0.7656395891690009,
    "train_ner_precision": 0.811214953271028,
    "train_ner_recall": 0.811214953271028,
    "train_ner_span_f1": 0.811214953271028,
    "best_dev_ner_precision": 0.7794117647058824,
    "best_dev_ner_recall": 0.8412698412698413,
    "best_dev_ner_span_f1": 0.8091603053435115,
    "dev_ner_precision": 0.7534246575342466,
    "dev_ner_recall": 0.873015873015873,
    "dev_ner_span_f1": 0.8088235294117647
}