{
    "epoch": "4/20",
    "best_epoch": 4,
    "max_gpu_mem": "2.8193",
    "cur_ram": "2.4653",
    "time_epoch": "0:00:08",
    "time_total": "0:00:35",
    "best_train_ner_loss": 49.28888327987106,
    "train_ner_loss": 49.28888327987106,
    "best_train_sum": 0.2598039215686274,
    "train_sum": 0.2598039215686274,
    "best_dev_ner_loss": 28.42121206011091,
    "dev_ner_loss": 28.42121206011091,
    "best_dev_sum": 0.5263157894736842,
    "dev_sum": 0.5263157894736842,
    "best_train_ner_precision": 0.37722419928825623,
    "best_train_ner_recall": 0.19813084112149532,
    "best_train_ner_span_f1": 0.2598039215686274,
    "train_ner_precision": 0.37722419928825623,
    "train_ner_recall": 0.19813084112149532,
    "train_ner_span_f1": 0.2598039215686274,
    "best_dev_ner_precision": 0.5,
    "best_dev_ner_recall": 0.5555555555555556,
    "best_dev_ner_span_f1": 0.5263157894736842,
    "dev_ner_precision": 0.5,
    "dev_ner_recall": 0.5555555555555556,
    "dev_ner_span_f1": 0.5263157894736842
}