{
    "epoch": "10/20",
    "best_epoch": 10,
    "max_gpu_mem": "2.8193",
    "cur_ram": "2.4780",
    "time_epoch": "0:00:08",
    "time_total": "0:01:27",
    "best_train_ner_loss": 6.819229991347702,
    "train_ner_loss": 6.819229991347702,
    "best_train_sum": 0.9092592592592593,
    "train_sum": 0.9092592592592593,
    "best_dev_ner_loss": 16.111317770821707,
    "dev_ner_loss": 16.111317770821707,
    "best_dev_sum": 0.8125,
    "dev_sum": 0.8125,
    "best_train_ner_precision": 0.9009174311926605,
    "best_train_ner_recall": 0.9177570093457944,
    "best_train_ner_span_f1": 0.9092592592592593,
    "train_ner_precision": 0.9009174311926605,
    "train_ner_recall": 0.9177570093457944,
    "train_ner_span_f1": 0.9092592592592593,
    "best_dev_ner_precision": 0.8,
    "best_dev_ner_recall": 0.8253968253968254,
    "best_dev_ner_span_f1": 0.8125,
    "dev_ner_precision": 0.8,
    "dev_ner_recall": 0.8253968253968254,
    "dev_ner_span_f1": 0.8125
}