{
    "epoch": "20/20",
    "best_epoch": 17,
    "max_gpu_mem": "2.8228",
    "cur_ram": "2.4782",
    "time_epoch": "0:00:08",
    "time_total": "0:02:55",
    "best_train_ner_loss": 0.8328307116473163,
    "train_ner_loss": 0.6702095314308449,
    "best_train_sum": 0.9878391019644527,
    "train_sum": 0.9878391019644527,
    "best_dev_ner_loss": 19.067466190883092,
    "dev_ner_loss": 20.955460684640066,
    "best_dev_sum": 0.8461538461538461,
    "dev_sum": 0.791044776119403,
    "best_train_ner_precision": 0.994392523364486,
    "best_train_ner_recall": 0.994392523364486,
    "best_train_ner_span_f1": 0.994392523364486,
    "train_ner_precision": 0.9887640449438202,
    "train_ner_recall": 0.9869158878504672,
    "train_ner_span_f1": 0.9878391019644527,
    "best_dev_ner_precision": 0.8208955223880597,
    "best_dev_ner_recall": 0.873015873015873,
    "best_dev_ner_span_f1": 0.8461538461538461,
    "dev_ner_precision": 0.7464788732394366,
    "dev_ner_recall": 0.8412698412698413,
    "dev_ner_span_f1": 0.791044776119403
}