{
    "epoch": "1/20",
    "best_epoch": 1,
    "max_gpu_mem": "1.3039",
    "cur_ram": "2.4530",
    "time_epoch": "0:00:06",
    "time_total": "0:00:09",
    "best_train_ner_loss": 1059.2771052607784,
    "train_ner_loss": 1059.2771052607784,
    "best_train_sum": 0.0017064846416382253,
    "train_sum": 0.0017064846416382253,
    "best_dev_ner_loss": 961.9367762974331,
    "dev_ner_loss": 961.9367762974331,
    "best_dev_sum": 0.0,
    "dev_sum": 0.0,
    "best_train_ner_precision": 0.001105583195135434,
    "best_train_ner_recall": 0.003738317757009346,
    "best_train_ner_span_f1": 0.0017064846416382253,
    "train_ner_precision": 0.001105583195135434,
    "train_ner_recall": 0.003738317757009346,
    "train_ner_span_f1": 0.0017064846416382253,
    "best_dev_ner_precision": 0.0,
    "best_dev_ner_recall": 0.0,
    "best_dev_ner_span_f1": 0.0,
    "dev_ner_precision": 0.0,
    "dev_ner_recall": 0.0,
    "dev_ner_span_f1": 0.0
}