{
  "best_metric": 85.4962,
  "best_model_checkpoint": "output/meta_2023-09-18-00-54-28160_hf_models_uie-large-en_spotasoc_entity_aquaint-old_multi_fold_3_e18_linear_lr1e-4_ls0_b8_wu0.06_n-1_RP_sn0.1_an0.1_run1/checkpoint-1512",
  "epoch": 18.0,
  "global_step": 3024,
  "is_hyper_param_search": false,
  "is_local_process_zero": true,
  "is_world_process_zero": true,
  "log_history": [
    {
      "epoch": 1.0,
      "eval_asoc-F1": 0.0,
      "eval_asoc-P": 0.0,
      "eval_asoc-R": 0.0,
      "eval_asoc-gold": 0.0,
      "eval_asoc-pred": 0.0,
      "eval_asoc-tp": 0.0,
      "eval_gen_len": 5.9222,
      "eval_gold_tree": 63,
      "eval_loss": 0.16985832154750824,
      "eval_ordered-record-F1": 67.5497,
      "eval_ordered-record-P": 57.9545,
      "eval_ordered-record-R": 80.9524,
      "eval_ordered-record-gold": 63.0,
      "eval_ordered-record-pred": 88.0,
      "eval_ordered-record-tp": 51.0,
      "eval_overall-F1": 67.5497,
      "eval_pred_tree": 88,
      "eval_record-F1": 67.5497,
      "eval_record-P": 57.9545,
      "eval_record-R": 80.9524,
      "eval_record-gold": 63.0,
      "eval_record-pred": 88.0,
      "eval_record-tp": 51.0,
      "eval_runtime": 3.356,
      "eval_samples_per_second": 49.762,
      "eval_spot-F1": 67.5497,
      "eval_spot-P": 57.9545,
      "eval_spot-R": 80.9524,
      "eval_spot-gold": 63.0,
      "eval_spot-pred": 88.0,
      "eval_spot-tp": 51.0,
      "eval_well-formed": 167,
      "step": 168
    },
    {
      "epoch": 2.0,
      "eval_asoc-F1": 0.0,
      "eval_asoc-P": 0.0,
      "eval_asoc-R": 0.0,
      "eval_asoc-gold": 0.0,
      "eval_asoc-pred": 0.0,
      "eval_asoc-tp": 0.0,
      "eval_gen_len": 5.4072,
      "eval_gold_tree": 63,
      "eval_loss": 0.14351513981819153,
      "eval_ordered-record-F1": 72.5926,
      "eval_ordered-record-P": 68.0556,
      "eval_ordered-record-R": 77.7778,
      "eval_ordered-record-gold": 63.0,
      "eval_ordered-record-pred": 72.0,
      "eval_ordered-record-tp": 49.0,
      "eval_overall-F1": 72.5926,
      "eval_pred_tree": 74,
      "eval_record-F1": 72.5926,
      "eval_record-P": 68.0556,
      "eval_record-R": 77.7778,
      "eval_record-gold": 63.0,
      "eval_record-pred": 72.0,
      "eval_record-tp": 49.0,
      "eval_runtime": 2.9078,
      "eval_samples_per_second": 57.432,
      "eval_spot-F1": 72.5926,
      "eval_spot-P": 68.0556,
      "eval_spot-R": 77.7778,
      "eval_spot-gold": 63.0,
      "eval_spot-pred": 72.0,
      "eval_spot-tp": 49.0,
      "eval_well-formed": 167,
      "step": 336
    },
    {
      "epoch": 2.98,
      "learning_rate": 8.88106966924701e-05,
      "loss": 0.2841,
      "step": 500
    },
    {
      "epoch": 3.0,
      "eval_asoc-F1": 0.0,
      "eval_asoc-P": 0.0,
      "eval_asoc-R": 0.0,
      "eval_asoc-gold": 0.0,
      "eval_asoc-pred": 0.0,
      "eval_asoc-tp": 0.0,
      "eval_gen_len": 5.1916,
      "eval_gold_tree": 63,
      "eval_loss": 0.1167563945055008,
      "eval_ordered-record-F1": 75.3846,
      "eval_ordered-record-P": 73.1343,
      "eval_ordered-record-R": 77.7778,
      "eval_ordered-record-gold": 63.0,
      "eval_ordered-record-pred": 67.0,
      "eval_ordered-record-tp": 49.0,
      "eval_overall-F1": 75.3846,
      "eval_pred_tree": 67,
      "eval_record-F1": 75.3846,
      "eval_record-P": 73.1343,
      "eval_record-R": 77.7778,
      "eval_record-gold": 63.0,
      "eval_record-pred": 67.0,
      "eval_record-tp": 49.0,
      "eval_runtime": 2.9257,
      "eval_samples_per_second": 57.08,
      "eval_spot-F1": 75.3846,
      "eval_spot-P": 73.1343,
      "eval_spot-R": 77.7778,
      "eval_spot-gold": 63.0,
      "eval_spot-pred": 67.0,
      "eval_spot-tp": 49.0,
      "eval_well-formed": 167,
      "step": 504
    },
    {
      "epoch": 4.0,
      "eval_asoc-F1": 0.0,
      "eval_asoc-P": 0.0,
      "eval_asoc-R": 0.0,
      "eval_asoc-gold": 0.0,
      "eval_asoc-pred": 0.0,
      "eval_asoc-tp": 0.0,
      "eval_gen_len": 5.2934,
      "eval_gold_tree": 63,
      "eval_loss": 0.10892155021429062,
      "eval_ordered-record-F1": 78.1955,
      "eval_ordered-record-P": 74.2857,
      "eval_ordered-record-R": 82.5397,
      "eval_ordered-record-gold": 63.0,
      "eval_ordered-record-pred": 70.0,
      "eval_ordered-record-tp": 52.0,
      "eval_overall-F1": 78.1955,
      "eval_pred_tree": 70,
      "eval_record-F1": 78.1955,
      "eval_record-P": 74.2857,
      "eval_record-R": 82.5397,
      "eval_record-gold": 63.0,
      "eval_record-pred": 70.0,
      "eval_record-tp": 52.0,
      "eval_runtime": 3.2599,
      "eval_samples_per_second": 51.229,
      "eval_spot-F1": 78.1955,
      "eval_spot-P": 74.2857,
      "eval_spot-R": 82.5397,
      "eval_spot-gold": 63.0,
      "eval_spot-pred": 70.0,
      "eval_spot-tp": 52.0,
      "eval_well-formed": 167,
      "step": 672
    },
    {
      "epoch": 5.0,
      "eval_asoc-F1": 0.0,
      "eval_asoc-P": 0.0,
      "eval_asoc-R": 0.0,
      "eval_asoc-gold": 0.0,
      "eval_asoc-pred": 0.0,
      "eval_asoc-tp": 0.0,
      "eval_gen_len": 5.3293,
      "eval_gold_tree": 63,
      "eval_loss": 0.12527363002300262,
      "eval_ordered-record-F1": 73.1343,
      "eval_ordered-record-P": 69.0141,
      "eval_ordered-record-R": 77.7778,
      "eval_ordered-record-gold": 63.0,
      "eval_ordered-record-pred": 71.0,
      "eval_ordered-record-tp": 49.0,
      "eval_overall-F1": 73.1343,
      "eval_pred_tree": 71,
      "eval_record-F1": 73.1343,
      "eval_record-P": 69.0141,
      "eval_record-R": 77.7778,
      "eval_record-gold": 63.0,
      "eval_record-pred": 71.0,
      "eval_record-tp": 49.0,
      "eval_runtime": 3.3285,
      "eval_samples_per_second": 50.173,
      "eval_spot-F1": 73.1343,
      "eval_spot-P": 69.0141,
      "eval_spot-R": 77.7778,
      "eval_spot-gold": 63.0,
      "eval_spot-pred": 71.0,
      "eval_spot-tp": 49.0,
      "eval_well-formed": 167,
      "step": 840
    },
    {
      "epoch": 5.95,
      "learning_rate": 7.121745249824068e-05,
      "loss": 0.0646,
      "step": 1000
    },
    {
      "epoch": 6.0,
      "eval_asoc-F1": 0.0,
      "eval_asoc-P": 0.0,
      "eval_asoc-R": 0.0,
      "eval_asoc-gold": 0.0,
      "eval_asoc-pred": 0.0,
      "eval_asoc-tp": 0.0,
      "eval_gen_len": 5.3293,
      "eval_gold_tree": 63,
      "eval_loss": 0.14560168981552124,
      "eval_ordered-record-F1": 80.303,
      "eval_ordered-record-P": 76.8116,
      "eval_ordered-record-R": 84.127,
      "eval_ordered-record-gold": 63.0,
      "eval_ordered-record-pred": 69.0,
      "eval_ordered-record-tp": 53.0,
      "eval_overall-F1": 80.303,
      "eval_pred_tree": 69,
      "eval_record-F1": 80.303,
      "eval_record-P": 76.8116,
      "eval_record-R": 84.127,
      "eval_record-gold": 63.0,
      "eval_record-pred": 69.0,
      "eval_record-tp": 53.0,
      "eval_runtime": 2.9555,
      "eval_samples_per_second": 56.505,
      "eval_spot-F1": 80.303,
      "eval_spot-P": 76.8116,
      "eval_spot-R": 84.127,
      "eval_spot-gold": 63.0,
      "eval_spot-pred": 69.0,
      "eval_spot-tp": 53.0,
      "eval_well-formed": 167,
      "step": 1008
    },
    {
      "epoch": 7.0,
      "eval_asoc-F1": 0.0,
      "eval_asoc-P": 0.0,
      "eval_asoc-R": 0.0,
      "eval_asoc-gold": 0.0,
      "eval_asoc-pred": 0.0,
      "eval_asoc-tp": 0.0,
      "eval_gen_len": 5.2156,
      "eval_gold_tree": 63,
      "eval_loss": 0.18201494216918945,
      "eval_ordered-record-F1": 80.0,
      "eval_ordered-record-P": 77.6119,
      "eval_ordered-record-R": 82.5397,
      "eval_ordered-record-gold": 63.0,
      "eval_ordered-record-pred": 67.0,
      "eval_ordered-record-tp": 52.0,
      "eval_overall-F1": 80.0,
      "eval_pred_tree": 67,
      "eval_record-F1": 80.0,
      "eval_record-P": 77.6119,
      "eval_record-R": 82.5397,
      "eval_record-gold": 63.0,
      "eval_record-pred": 67.0,
      "eval_record-tp": 52.0,
      "eval_runtime": 2.87,
      "eval_samples_per_second": 58.188,
      "eval_spot-F1": 80.0,
      "eval_spot-P": 77.6119,
      "eval_spot-R": 82.5397,
      "eval_spot-gold": 63.0,
      "eval_spot-pred": 67.0,
      "eval_spot-tp": 52.0,
      "eval_well-formed": 167,
      "step": 1176
    },
    {
      "epoch": 8.0,
      "eval_asoc-F1": 0.0,
      "eval_asoc-P": 0.0,
      "eval_asoc-R": 0.0,
      "eval_asoc-gold": 0.0,
      "eval_asoc-pred": 0.0,
      "eval_asoc-tp": 0.0,
      "eval_gen_len": 5.2754,
      "eval_gold_tree": 63,
      "eval_loss": 0.18618081510066986,
      "eval_ordered-record-F1": 79.3893,
      "eval_ordered-record-P": 76.4706,
      "eval_ordered-record-R": 82.5397,
      "eval_ordered-record-gold": 63.0,
      "eval_ordered-record-pred": 68.0,
      "eval_ordered-record-tp": 52.0,
      "eval_overall-F1": 79.3893,
      "eval_pred_tree": 69,
      "eval_record-F1": 79.3893,
      "eval_record-P": 76.4706,
      "eval_record-R": 82.5397,
      "eval_record-gold": 63.0,
      "eval_record-pred": 68.0,
      "eval_record-tp": 52.0,
      "eval_runtime": 2.9927,
      "eval_samples_per_second": 55.803,
      "eval_spot-F1": 79.3893,
      "eval_spot-P": 76.4706,
      "eval_spot-R": 82.5397,
      "eval_spot-gold": 63.0,
      "eval_spot-pred": 68.0,
      "eval_spot-tp": 52.0,
      "eval_well-formed": 167,
      "step": 1344
    },
    {
      "epoch": 8.93,
      "learning_rate": 5.362420830401126e-05,
      "loss": 0.0419,
      "step": 1500
    },
    {
      "epoch": 9.0,
      "eval_asoc-F1": 0.0,
      "eval_asoc-P": 0.0,
      "eval_asoc-R": 0.0,
      "eval_asoc-gold": 0.0,
      "eval_asoc-pred": 0.0,
      "eval_asoc-tp": 0.0,
      "eval_gen_len": 5.2934,
      "eval_gold_tree": 63,
      "eval_loss": 0.13913282752037048,
      "eval_ordered-record-F1": 85.4962,
      "eval_ordered-record-P": 82.3529,
      "eval_ordered-record-R": 88.8889,
      "eval_ordered-record-gold": 63.0,
      "eval_ordered-record-pred": 68.0,
      "eval_ordered-record-tp": 56.0,
      "eval_overall-F1": 85.4962,
      "eval_pred_tree": 69,
      "eval_record-F1": 85.4962,
      "eval_record-P": 82.3529,
      "eval_record-R": 88.8889,
      "eval_record-gold": 63.0,
      "eval_record-pred": 68.0,
      "eval_record-tp": 56.0,
      "eval_runtime": 2.9735,
      "eval_samples_per_second": 56.162,
      "eval_spot-F1": 85.4962,
      "eval_spot-P": 82.3529,
      "eval_spot-R": 88.8889,
      "eval_spot-gold": 63.0,
      "eval_spot-pred": 68.0,
      "eval_spot-tp": 56.0,
      "eval_well-formed": 167,
      "step": 1512
    },
    {
      "epoch": 10.0,
      "eval_asoc-F1": 0.0,
      "eval_asoc-P": 0.0,
      "eval_asoc-R": 0.0,
      "eval_asoc-gold": 0.0,
      "eval_asoc-pred": 0.0,
      "eval_asoc-tp": 0.0,
      "eval_gen_len": 5.2575,
      "eval_gold_tree": 63,
      "eval_loss": 0.15137574076652527,
      "eval_ordered-record-F1": 82.4427,
      "eval_ordered-record-P": 79.4118,
      "eval_ordered-record-R": 85.7143,
      "eval_ordered-record-gold": 63.0,
      "eval_ordered-record-pred": 68.0,
      "eval_ordered-record-tp": 54.0,
      "eval_overall-F1": 82.4427,
      "eval_pred_tree": 68,
      "eval_record-F1": 82.4427,
      "eval_record-P": 79.4118,
      "eval_record-R": 85.7143,
      "eval_record-gold": 63.0,
      "eval_record-pred": 68.0,
      "eval_record-tp": 54.0,
      "eval_runtime": 2.9702,
      "eval_samples_per_second": 56.225,
      "eval_spot-F1": 82.4427,
      "eval_spot-P": 79.4118,
      "eval_spot-R": 85.7143,
      "eval_spot-gold": 63.0,
      "eval_spot-pred": 68.0,
      "eval_spot-tp": 54.0,
      "eval_well-formed": 167,
      "step": 1680
    },
    {
      "epoch": 11.0,
      "eval_asoc-F1": 0.0,
      "eval_asoc-P": 0.0,
      "eval_asoc-R": 0.0,
      "eval_asoc-gold": 0.0,
      "eval_asoc-pred": 0.0,
      "eval_asoc-tp": 0.0,
      "eval_gen_len": 5.2156,
      "eval_gold_tree": 63,
      "eval_loss": 0.16716964542865753,
      "eval_ordered-record-F1": 81.5385,
      "eval_ordered-record-P": 79.1045,
      "eval_ordered-record-R": 84.127,
      "eval_ordered-record-gold": 63.0,
      "eval_ordered-record-pred": 67.0,
      "eval_ordered-record-tp": 53.0,
      "eval_overall-F1": 81.5385,
      "eval_pred_tree": 67,
      "eval_record-F1": 81.5385,
      "eval_record-P": 79.1045,
      "eval_record-R": 84.127,
      "eval_record-gold": 63.0,
      "eval_record-pred": 67.0,
      "eval_record-tp": 53.0,
      "eval_runtime": 2.9831,
      "eval_samples_per_second": 55.983,
      "eval_spot-F1": 81.5385,
      "eval_spot-P": 79.1045,
      "eval_spot-R": 84.127,
      "eval_spot-gold": 63.0,
      "eval_spot-pred": 67.0,
      "eval_spot-tp": 53.0,
      "eval_well-formed": 167,
      "step": 1848
    },
    {
      "epoch": 11.9,
      "learning_rate": 3.603096410978184e-05,
      "loss": 0.0379,
      "step": 2000
    },
    {
      "epoch": 12.0,
      "eval_asoc-F1": 0.0,
      "eval_asoc-P": 0.0,
      "eval_asoc-R": 0.0,
      "eval_asoc-gold": 0.0,
      "eval_asoc-pred": 0.0,
      "eval_asoc-tp": 0.0,
      "eval_gen_len": 5.2096,
      "eval_gold_tree": 63,
      "eval_loss": 0.171904519200325,
      "eval_ordered-record-F1": 80.0,
      "eval_ordered-record-P": 77.6119,
      "eval_ordered-record-R": 82.5397,
      "eval_ordered-record-gold": 63.0,
      "eval_ordered-record-pred": 67.0,
      "eval_ordered-record-tp": 52.0,
      "eval_overall-F1": 80.0,
      "eval_pred_tree": 67,
      "eval_record-F1": 80.0,
      "eval_record-P": 77.6119,
      "eval_record-R": 82.5397,
      "eval_record-gold": 63.0,
      "eval_record-pred": 67.0,
      "eval_record-tp": 52.0,
      "eval_runtime": 2.9547,
      "eval_samples_per_second": 56.52,
      "eval_spot-F1": 80.0,
      "eval_spot-P": 77.6119,
      "eval_spot-R": 82.5397,
      "eval_spot-gold": 63.0,
      "eval_spot-pred": 67.0,
      "eval_spot-tp": 52.0,
      "eval_well-formed": 167,
      "step": 2016
    },
    {
      "epoch": 13.0,
      "eval_asoc-F1": 0.0,
      "eval_asoc-P": 0.0,
      "eval_asoc-R": 0.0,
      "eval_asoc-gold": 0.0,
      "eval_asoc-pred": 0.0,
      "eval_asoc-tp": 0.0,
      "eval_gen_len": 5.2096,
      "eval_gold_tree": 63,
      "eval_loss": 0.18614865839481354,
      "eval_ordered-record-F1": 83.0769,
      "eval_ordered-record-P": 80.597,
      "eval_ordered-record-R": 85.7143,
      "eval_ordered-record-gold": 63.0,
      "eval_ordered-record-pred": 67.0,
      "eval_ordered-record-tp": 54.0,
      "eval_overall-F1": 83.0769,
      "eval_pred_tree": 67,
      "eval_record-F1": 83.0769,
      "eval_record-P": 80.597,
      "eval_record-R": 85.7143,
      "eval_record-gold": 63.0,
      "eval_record-pred": 67.0,
      "eval_record-tp": 54.0,
      "eval_runtime": 2.986,
      "eval_samples_per_second": 55.928,
      "eval_spot-F1": 83.0769,
      "eval_spot-P": 80.597,
      "eval_spot-R": 85.7143,
      "eval_spot-gold": 63.0,
      "eval_spot-pred": 67.0,
      "eval_spot-tp": 54.0,
      "eval_well-formed": 167,
      "step": 2184
    },
    {
      "epoch": 14.0,
      "eval_asoc-F1": 0.0,
      "eval_asoc-P": 0.0,
      "eval_asoc-R": 0.0,
      "eval_asoc-gold": 0.0,
      "eval_asoc-pred": 0.0,
      "eval_asoc-tp": 0.0,
      "eval_gen_len": 5.2575,
      "eval_gold_tree": 63,
      "eval_loss": 0.18757660686969757,
      "eval_ordered-record-F1": 83.9695,
      "eval_ordered-record-P": 80.8824,
      "eval_ordered-record-R": 87.3016,
      "eval_ordered-record-gold": 63.0,
      "eval_ordered-record-pred": 68.0,
      "eval_ordered-record-tp": 55.0,
      "eval_overall-F1": 83.9695,
      "eval_pred_tree": 68,
      "eval_record-F1": 83.9695,
      "eval_record-P": 80.8824,
      "eval_record-R": 87.3016,
      "eval_record-gold": 63.0,
      "eval_record-pred": 68.0,
      "eval_record-tp": 55.0,
      "eval_runtime": 2.9867,
      "eval_samples_per_second": 55.915,
      "eval_spot-F1": 83.9695,
      "eval_spot-P": 80.8824,
      "eval_spot-R": 87.3016,
      "eval_spot-gold": 63.0,
      "eval_spot-pred": 68.0,
      "eval_spot-tp": 55.0,
      "eval_well-formed": 167,
      "step": 2352
    },
    {
      "epoch": 14.88,
      "learning_rate": 1.8437719915552427e-05,
      "loss": 0.035,
      "step": 2500
    },
    {
      "epoch": 15.0,
      "eval_asoc-F1": 0.0,
      "eval_asoc-P": 0.0,
      "eval_asoc-R": 0.0,
      "eval_asoc-gold": 0.0,
      "eval_asoc-pred": 0.0,
      "eval_asoc-tp": 0.0,
      "eval_gen_len": 5.3114,
      "eval_gold_tree": 63,
      "eval_loss": 0.19701240956783295,
      "eval_ordered-record-F1": 82.4427,
      "eval_ordered-record-P": 79.4118,
      "eval_ordered-record-R": 85.7143,
      "eval_ordered-record-gold": 63.0,
      "eval_ordered-record-pred": 68.0,
      "eval_ordered-record-tp": 54.0,
      "eval_overall-F1": 82.4427,
      "eval_pred_tree": 70,
      "eval_record-F1": 82.4427,
      "eval_record-P": 79.4118,
      "eval_record-R": 85.7143,
      "eval_record-gold": 63.0,
      "eval_record-pred": 68.0,
      "eval_record-tp": 54.0,
      "eval_runtime": 3.0545,
      "eval_samples_per_second": 54.673,
      "eval_spot-F1": 82.4427,
      "eval_spot-P": 79.4118,
      "eval_spot-R": 85.7143,
      "eval_spot-gold": 63.0,
      "eval_spot-pred": 68.0,
      "eval_spot-tp": 54.0,
      "eval_well-formed": 167,
      "step": 2520
    },
    {
      "epoch": 16.0,
      "eval_asoc-F1": 0.0,
      "eval_asoc-P": 0.0,
      "eval_asoc-R": 0.0,
      "eval_asoc-gold": 0.0,
      "eval_asoc-pred": 0.0,
      "eval_asoc-tp": 0.0,
      "eval_gen_len": 5.2754,
      "eval_gold_tree": 63,
      "eval_loss": 0.20275647938251495,
      "eval_ordered-record-F1": 81.5385,
      "eval_ordered-record-P": 79.1045,
      "eval_ordered-record-R": 84.127,
      "eval_ordered-record-gold": 63.0,
      "eval_ordered-record-pred": 67.0,
      "eval_ordered-record-tp": 53.0,
      "eval_overall-F1": 81.5385,
      "eval_pred_tree": 69,
      "eval_record-F1": 81.5385,
      "eval_record-P": 79.1045,
      "eval_record-R": 84.127,
      "eval_record-gold": 63.0,
      "eval_record-pred": 67.0,
      "eval_record-tp": 53.0,
      "eval_runtime": 3.0482,
      "eval_samples_per_second": 54.787,
      "eval_spot-F1": 81.5385,
      "eval_spot-P": 79.1045,
      "eval_spot-R": 84.127,
      "eval_spot-gold": 63.0,
      "eval_spot-pred": 67.0,
      "eval_spot-tp": 53.0,
      "eval_well-formed": 167,
      "step": 2688
    },
    {
      "epoch": 17.0,
      "eval_asoc-F1": 0.0,
      "eval_asoc-P": 0.0,
      "eval_asoc-R": 0.0,
      "eval_asoc-gold": 0.0,
      "eval_asoc-pred": 0.0,
      "eval_asoc-tp": 0.0,
      "eval_gen_len": 5.2874,
      "eval_gold_tree": 63,
      "eval_loss": 0.20177212357521057,
      "eval_ordered-record-F1": 83.9695,
      "eval_ordered-record-P": 80.8824,
      "eval_ordered-record-R": 87.3016,
      "eval_ordered-record-gold": 63.0,
      "eval_ordered-record-pred": 68.0,
      "eval_ordered-record-tp": 55.0,
      "eval_overall-F1": 83.9695,
      "eval_pred_tree": 69,
      "eval_record-F1": 83.9695,
      "eval_record-P": 80.8824,
      "eval_record-R": 87.3016,
      "eval_record-gold": 63.0,
      "eval_record-pred": 68.0,
      "eval_record-tp": 55.0,
      "eval_runtime": 3.0084,
      "eval_samples_per_second": 55.511,
      "eval_spot-F1": 83.9695,
      "eval_spot-P": 80.8824,
      "eval_spot-R": 87.3016,
      "eval_spot-gold": 63.0,
      "eval_spot-pred": 68.0,
      "eval_spot-tp": 55.0,
      "eval_well-formed": 167,
      "step": 2856
    },
    {
      "epoch": 17.86,
      "learning_rate": 8.44475721323012e-07,
      "loss": 0.0309,
      "step": 3000
    },
    {
      "epoch": 18.0,
      "eval_asoc-F1": 0.0,
      "eval_asoc-P": 0.0,
      "eval_asoc-R": 0.0,
      "eval_asoc-gold": 0.0,
      "eval_asoc-pred": 0.0,
      "eval_asoc-tp": 0.0,
      "eval_gen_len": 5.2874,
      "eval_gold_tree": 63,
      "eval_loss": 0.20225344598293304,
      "eval_ordered-record-F1": 83.9695,
      "eval_ordered-record-P": 80.8824,
      "eval_ordered-record-R": 87.3016,
      "eval_ordered-record-gold": 63.0,
      "eval_ordered-record-pred": 68.0,
      "eval_ordered-record-tp": 55.0,
      "eval_overall-F1": 83.9695,
      "eval_pred_tree": 69,
      "eval_record-F1": 83.9695,
      "eval_record-P": 80.8824,
      "eval_record-R": 87.3016,
      "eval_record-gold": 63.0,
      "eval_record-pred": 68.0,
      "eval_record-tp": 55.0,
      "eval_runtime": 3.007,
      "eval_samples_per_second": 55.537,
      "eval_spot-F1": 83.9695,
      "eval_spot-P": 80.8824,
      "eval_spot-R": 87.3016,
      "eval_spot-gold": 63.0,
      "eval_spot-pred": 68.0,
      "eval_spot-tp": 55.0,
      "eval_well-formed": 167,
      "step": 3024
    }
  ],
  "max_steps": 3024,
  "num_train_epochs": 18,
  "total_flos": 529069616861184.0,
  "trial_name": null,
  "trial_params": null
}
