{
  "best_metric": 71.875,
  "best_model_checkpoint": "output/meta_2023-09-15-03-13-5245_hf_models_uie-base-en_spotasoc_entity_aquaint-old_multi_fold_5_e18_linear_lr1e-4_ls0_b16_wu0.06_n-1_RP_sn0.1_an0.1_run1/checkpoint-1176",
  "epoch": 18.0,
  "global_step": 1512,
  "is_hyper_param_search": false,
  "is_local_process_zero": true,
  "is_world_process_zero": true,
  "log_history": [
    {
      "epoch": 1.0,
      "eval_asoc-F1": 0.0,
      "eval_asoc-P": 0.0,
      "eval_asoc-R": 0.0,
      "eval_asoc-gold": 0.0,
      "eval_asoc-pred": 0.0,
      "eval_asoc-tp": 0.0,
      "eval_gen_len": 4.7425,
      "eval_gold_tree": 63,
      "eval_loss": 0.21371407806873322,
      "eval_ordered-record-F1": 60.8696,
      "eval_ordered-record-P": 67.3077,
      "eval_ordered-record-R": 55.5556,
      "eval_ordered-record-gold": 63.0,
      "eval_ordered-record-pred": 52.0,
      "eval_ordered-record-tp": 35.0,
      "eval_overall-F1": 60.8696,
      "eval_pred_tree": 52,
      "eval_record-F1": 60.8696,
      "eval_record-P": 67.3077,
      "eval_record-R": 55.5556,
      "eval_record-gold": 63.0,
      "eval_record-pred": 52.0,
      "eval_record-tp": 35.0,
      "eval_runtime": 1.4775,
      "eval_samples_per_second": 113.032,
      "eval_spot-F1": 60.8696,
      "eval_spot-P": 67.3077,
      "eval_spot-R": 55.5556,
      "eval_spot-gold": 63.0,
      "eval_spot-pred": 52.0,
      "eval_spot-tp": 35.0,
      "eval_well-formed": 167,
      "step": 84
    },
    {
      "epoch": 2.0,
      "eval_asoc-F1": 0.0,
      "eval_asoc-P": 0.0,
      "eval_asoc-R": 0.0,
      "eval_asoc-gold": 0.0,
      "eval_asoc-pred": 0.0,
      "eval_asoc-tp": 0.0,
      "eval_gen_len": 5.3054,
      "eval_gold_tree": 63,
      "eval_loss": 0.1424509584903717,
      "eval_ordered-record-F1": 63.0769,
      "eval_ordered-record-P": 61.194,
      "eval_ordered-record-R": 65.0794,
      "eval_ordered-record-gold": 63.0,
      "eval_ordered-record-pred": 67.0,
      "eval_ordered-record-tp": 41.0,
      "eval_overall-F1": 63.0769,
      "eval_pred_tree": 67,
      "eval_record-F1": 63.0769,
      "eval_record-P": 61.194,
      "eval_record-R": 65.0794,
      "eval_record-gold": 63.0,
      "eval_record-pred": 67.0,
      "eval_record-tp": 41.0,
      "eval_runtime": 1.6873,
      "eval_samples_per_second": 98.974,
      "eval_spot-F1": 63.0769,
      "eval_spot-P": 61.194,
      "eval_spot-R": 65.0794,
      "eval_spot-gold": 63.0,
      "eval_spot-pred": 67.0,
      "eval_spot-tp": 41.0,
      "eval_well-formed": 167,
      "step": 168
    },
    {
      "epoch": 3.0,
      "eval_asoc-F1": 0.0,
      "eval_asoc-P": 0.0,
      "eval_asoc-R": 0.0,
      "eval_asoc-gold": 0.0,
      "eval_asoc-pred": 0.0,
      "eval_asoc-tp": 0.0,
      "eval_gen_len": 5.503,
      "eval_gold_tree": 63,
      "eval_loss": 0.1560233235359192,
      "eval_ordered-record-F1": 64.1791,
      "eval_ordered-record-P": 60.5634,
      "eval_ordered-record-R": 68.254,
      "eval_ordered-record-gold": 63.0,
      "eval_ordered-record-pred": 71.0,
      "eval_ordered-record-tp": 43.0,
      "eval_overall-F1": 64.1791,
      "eval_pred_tree": 71,
      "eval_record-F1": 64.1791,
      "eval_record-P": 60.5634,
      "eval_record-R": 68.254,
      "eval_record-gold": 63.0,
      "eval_record-pred": 71.0,
      "eval_record-tp": 43.0,
      "eval_runtime": 1.7034,
      "eval_samples_per_second": 98.039,
      "eval_spot-F1": 64.1791,
      "eval_spot-P": 60.5634,
      "eval_spot-R": 68.254,
      "eval_spot-gold": 63.0,
      "eval_spot-pred": 71.0,
      "eval_spot-tp": 43.0,
      "eval_well-formed": 167,
      "step": 252
    },
    {
      "epoch": 4.0,
      "eval_asoc-F1": 0.0,
      "eval_asoc-P": 0.0,
      "eval_asoc-R": 0.0,
      "eval_asoc-gold": 0.0,
      "eval_asoc-pred": 0.0,
      "eval_asoc-tp": 0.0,
      "eval_gen_len": 5.1737,
      "eval_gold_tree": 63,
      "eval_loss": 0.12644483149051666,
      "eval_ordered-record-F1": 66.129,
      "eval_ordered-record-P": 67.2131,
      "eval_ordered-record-R": 65.0794,
      "eval_ordered-record-gold": 63.0,
      "eval_ordered-record-pred": 61.0,
      "eval_ordered-record-tp": 41.0,
      "eval_overall-F1": 66.129,
      "eval_pred_tree": 61,
      "eval_record-F1": 66.129,
      "eval_record-P": 67.2131,
      "eval_record-R": 65.0794,
      "eval_record-gold": 63.0,
      "eval_record-pred": 61.0,
      "eval_record-tp": 41.0,
      "eval_runtime": 1.7213,
      "eval_samples_per_second": 97.019,
      "eval_spot-F1": 66.129,
      "eval_spot-P": 67.2131,
      "eval_spot-R": 65.0794,
      "eval_spot-gold": 63.0,
      "eval_spot-pred": 61.0,
      "eval_spot-tp": 41.0,
      "eval_well-formed": 167,
      "step": 336
    },
    {
      "epoch": 5.0,
      "eval_asoc-F1": 0.0,
      "eval_asoc-P": 0.0,
      "eval_asoc-R": 0.0,
      "eval_asoc-gold": 0.0,
      "eval_asoc-pred": 0.0,
      "eval_asoc-tp": 0.0,
      "eval_gen_len": 5.3054,
      "eval_gold_tree": 63,
      "eval_loss": 0.13877727091312408,
      "eval_ordered-record-F1": 65.625,
      "eval_ordered-record-P": 64.6154,
      "eval_ordered-record-R": 66.6667,
      "eval_ordered-record-gold": 63.0,
      "eval_ordered-record-pred": 65.0,
      "eval_ordered-record-tp": 42.0,
      "eval_overall-F1": 65.625,
      "eval_pred_tree": 65,
      "eval_record-F1": 65.625,
      "eval_record-P": 64.6154,
      "eval_record-R": 66.6667,
      "eval_record-gold": 63.0,
      "eval_record-pred": 65.0,
      "eval_record-tp": 42.0,
      "eval_runtime": 1.5051,
      "eval_samples_per_second": 110.956,
      "eval_spot-F1": 65.625,
      "eval_spot-P": 64.6154,
      "eval_spot-R": 66.6667,
      "eval_spot-gold": 63.0,
      "eval_spot-pred": 65.0,
      "eval_spot-tp": 42.0,
      "eval_well-formed": 167,
      "step": 420
    },
    {
      "epoch": 5.95,
      "learning_rate": 7.121745249824068e-05,
      "loss": 0.2691,
      "step": 500
    },
    {
      "epoch": 6.0,
      "eval_asoc-F1": 0.0,
      "eval_asoc-P": 0.0,
      "eval_asoc-R": 0.0,
      "eval_asoc-gold": 0.0,
      "eval_asoc-pred": 0.0,
      "eval_asoc-tp": 0.0,
      "eval_gen_len": 5.2575,
      "eval_gold_tree": 63,
      "eval_loss": 0.18656025826931,
      "eval_ordered-record-F1": 67.1875,
      "eval_ordered-record-P": 66.1538,
      "eval_ordered-record-R": 68.254,
      "eval_ordered-record-gold": 63.0,
      "eval_ordered-record-pred": 65.0,
      "eval_ordered-record-tp": 43.0,
      "eval_overall-F1": 67.1875,
      "eval_pred_tree": 65,
      "eval_record-F1": 67.1875,
      "eval_record-P": 66.1538,
      "eval_record-R": 68.254,
      "eval_record-gold": 63.0,
      "eval_record-pred": 65.0,
      "eval_record-tp": 43.0,
      "eval_runtime": 1.5781,
      "eval_samples_per_second": 105.822,
      "eval_spot-F1": 67.1875,
      "eval_spot-P": 66.1538,
      "eval_spot-R": 68.254,
      "eval_spot-gold": 63.0,
      "eval_spot-pred": 65.0,
      "eval_spot-tp": 43.0,
      "eval_well-formed": 167,
      "step": 504
    },
    {
      "epoch": 7.0,
      "eval_asoc-F1": 0.0,
      "eval_asoc-P": 0.0,
      "eval_asoc-R": 0.0,
      "eval_asoc-gold": 0.0,
      "eval_asoc-pred": 0.0,
      "eval_asoc-tp": 0.0,
      "eval_gen_len": 5.4491,
      "eval_gold_tree": 63,
      "eval_loss": 0.21634052693843842,
      "eval_ordered-record-F1": 71.2121,
      "eval_ordered-record-P": 68.1159,
      "eval_ordered-record-R": 74.6032,
      "eval_ordered-record-gold": 63.0,
      "eval_ordered-record-pred": 69.0,
      "eval_ordered-record-tp": 47.0,
      "eval_overall-F1": 71.2121,
      "eval_pred_tree": 69,
      "eval_record-F1": 71.2121,
      "eval_record-P": 68.1159,
      "eval_record-R": 74.6032,
      "eval_record-gold": 63.0,
      "eval_record-pred": 69.0,
      "eval_record-tp": 47.0,
      "eval_runtime": 1.6824,
      "eval_samples_per_second": 99.261,
      "eval_spot-F1": 71.2121,
      "eval_spot-P": 68.1159,
      "eval_spot-R": 74.6032,
      "eval_spot-gold": 63.0,
      "eval_spot-pred": 69.0,
      "eval_spot-tp": 47.0,
      "eval_well-formed": 167,
      "step": 588
    },
    {
      "epoch": 8.0,
      "eval_asoc-F1": 0.0,
      "eval_asoc-P": 0.0,
      "eval_asoc-R": 0.0,
      "eval_asoc-gold": 0.0,
      "eval_asoc-pred": 0.0,
      "eval_asoc-tp": 0.0,
      "eval_gen_len": 5.3593,
      "eval_gold_tree": 63,
      "eval_loss": 0.23608210682868958,
      "eval_ordered-record-F1": 69.2308,
      "eval_ordered-record-P": 67.1642,
      "eval_ordered-record-R": 71.4286,
      "eval_ordered-record-gold": 63.0,
      "eval_ordered-record-pred": 67.0,
      "eval_ordered-record-tp": 45.0,
      "eval_overall-F1": 69.2308,
      "eval_pred_tree": 68,
      "eval_record-F1": 69.2308,
      "eval_record-P": 67.1642,
      "eval_record-R": 71.4286,
      "eval_record-gold": 63.0,
      "eval_record-pred": 67.0,
      "eval_record-tp": 45.0,
      "eval_runtime": 1.662,
      "eval_samples_per_second": 100.479,
      "eval_spot-F1": 69.2308,
      "eval_spot-P": 67.1642,
      "eval_spot-R": 71.4286,
      "eval_spot-gold": 63.0,
      "eval_spot-pred": 67.0,
      "eval_spot-tp": 45.0,
      "eval_well-formed": 167,
      "step": 672
    },
    {
      "epoch": 9.0,
      "eval_asoc-F1": 0.0,
      "eval_asoc-P": 0.0,
      "eval_asoc-R": 0.0,
      "eval_asoc-gold": 0.0,
      "eval_asoc-pred": 0.0,
      "eval_asoc-tp": 0.0,
      "eval_gen_len": 5.3473,
      "eval_gold_tree": 63,
      "eval_loss": 0.25688210129737854,
      "eval_ordered-record-F1": 69.7674,
      "eval_ordered-record-P": 68.1818,
      "eval_ordered-record-R": 71.4286,
      "eval_ordered-record-gold": 63.0,
      "eval_ordered-record-pred": 66.0,
      "eval_ordered-record-tp": 45.0,
      "eval_overall-F1": 69.7674,
      "eval_pred_tree": 66,
      "eval_record-F1": 69.7674,
      "eval_record-P": 68.1818,
      "eval_record-R": 71.4286,
      "eval_record-gold": 63.0,
      "eval_record-pred": 66.0,
      "eval_record-tp": 45.0,
      "eval_runtime": 1.5755,
      "eval_samples_per_second": 106.0,
      "eval_spot-F1": 69.7674,
      "eval_spot-P": 68.1818,
      "eval_spot-R": 71.4286,
      "eval_spot-gold": 63.0,
      "eval_spot-pred": 66.0,
      "eval_spot-tp": 45.0,
      "eval_well-formed": 167,
      "step": 756
    },
    {
      "epoch": 10.0,
      "eval_asoc-F1": 0.0,
      "eval_asoc-P": 0.0,
      "eval_asoc-R": 0.0,
      "eval_asoc-gold": 0.0,
      "eval_asoc-pred": 0.0,
      "eval_asoc-tp": 0.0,
      "eval_gen_len": 5.3234,
      "eval_gold_tree": 63,
      "eval_loss": 0.2858307361602783,
      "eval_ordered-record-F1": 70.3125,
      "eval_ordered-record-P": 69.2308,
      "eval_ordered-record-R": 71.4286,
      "eval_ordered-record-gold": 63.0,
      "eval_ordered-record-pred": 65.0,
      "eval_ordered-record-tp": 45.0,
      "eval_overall-F1": 70.3125,
      "eval_pred_tree": 66,
      "eval_record-F1": 70.3125,
      "eval_record-P": 69.2308,
      "eval_record-R": 71.4286,
      "eval_record-gold": 63.0,
      "eval_record-pred": 65.0,
      "eval_record-tp": 45.0,
      "eval_runtime": 1.7544,
      "eval_samples_per_second": 95.191,
      "eval_spot-F1": 70.3125,
      "eval_spot-P": 69.2308,
      "eval_spot-R": 71.4286,
      "eval_spot-gold": 63.0,
      "eval_spot-pred": 65.0,
      "eval_spot-tp": 45.0,
      "eval_well-formed": 167,
      "step": 840
    },
    {
      "epoch": 11.0,
      "eval_asoc-F1": 0.0,
      "eval_asoc-P": 0.0,
      "eval_asoc-R": 0.0,
      "eval_asoc-gold": 0.0,
      "eval_asoc-pred": 0.0,
      "eval_asoc-tp": 0.0,
      "eval_gen_len": 5.2934,
      "eval_gold_tree": 63,
      "eval_loss": 0.2809114158153534,
      "eval_ordered-record-F1": 70.3125,
      "eval_ordered-record-P": 69.2308,
      "eval_ordered-record-R": 71.4286,
      "eval_ordered-record-gold": 63.0,
      "eval_ordered-record-pred": 65.0,
      "eval_ordered-record-tp": 45.0,
      "eval_overall-F1": 70.3125,
      "eval_pred_tree": 65,
      "eval_record-F1": 70.3125,
      "eval_record-P": 69.2308,
      "eval_record-R": 71.4286,
      "eval_record-gold": 63.0,
      "eval_record-pred": 65.0,
      "eval_record-tp": 45.0,
      "eval_runtime": 1.6674,
      "eval_samples_per_second": 100.155,
      "eval_spot-F1": 70.3125,
      "eval_spot-P": 69.2308,
      "eval_spot-R": 71.4286,
      "eval_spot-gold": 63.0,
      "eval_spot-pred": 65.0,
      "eval_spot-tp": 45.0,
      "eval_well-formed": 167,
      "step": 924
    },
    {
      "epoch": 11.9,
      "learning_rate": 3.603096410978184e-05,
      "loss": 0.0586,
      "step": 1000
    },
    {
      "epoch": 12.0,
      "eval_asoc-F1": 0.0,
      "eval_asoc-P": 0.0,
      "eval_asoc-R": 0.0,
      "eval_asoc-gold": 0.0,
      "eval_asoc-pred": 0.0,
      "eval_asoc-tp": 0.0,
      "eval_gen_len": 5.2874,
      "eval_gold_tree": 63,
      "eval_loss": 0.23419484496116638,
      "eval_ordered-record-F1": 68.75,
      "eval_ordered-record-P": 67.6923,
      "eval_ordered-record-R": 69.8413,
      "eval_ordered-record-gold": 63.0,
      "eval_ordered-record-pred": 65.0,
      "eval_ordered-record-tp": 44.0,
      "eval_overall-F1": 68.75,
      "eval_pred_tree": 65,
      "eval_record-F1": 68.75,
      "eval_record-P": 67.6923,
      "eval_record-R": 69.8413,
      "eval_record-gold": 63.0,
      "eval_record-pred": 65.0,
      "eval_record-tp": 44.0,
      "eval_runtime": 1.5114,
      "eval_samples_per_second": 110.497,
      "eval_spot-F1": 68.75,
      "eval_spot-P": 67.6923,
      "eval_spot-R": 69.8413,
      "eval_spot-gold": 63.0,
      "eval_spot-pred": 65.0,
      "eval_spot-tp": 44.0,
      "eval_well-formed": 167,
      "step": 1008
    },
    {
      "epoch": 13.0,
      "eval_asoc-F1": 0.0,
      "eval_asoc-P": 0.0,
      "eval_asoc-R": 0.0,
      "eval_asoc-gold": 0.0,
      "eval_asoc-pred": 0.0,
      "eval_asoc-tp": 0.0,
      "eval_gen_len": 5.3772,
      "eval_gold_tree": 63,
      "eval_loss": 0.30079951882362366,
      "eval_ordered-record-F1": 70.7692,
      "eval_ordered-record-P": 68.6567,
      "eval_ordered-record-R": 73.0159,
      "eval_ordered-record-gold": 63.0,
      "eval_ordered-record-pred": 67.0,
      "eval_ordered-record-tp": 46.0,
      "eval_overall-F1": 70.7692,
      "eval_pred_tree": 67,
      "eval_record-F1": 70.7692,
      "eval_record-P": 68.6567,
      "eval_record-R": 73.0159,
      "eval_record-gold": 63.0,
      "eval_record-pred": 67.0,
      "eval_record-tp": 46.0,
      "eval_runtime": 1.7828,
      "eval_samples_per_second": 93.673,
      "eval_spot-F1": 70.7692,
      "eval_spot-P": 68.6567,
      "eval_spot-R": 73.0159,
      "eval_spot-gold": 63.0,
      "eval_spot-pred": 67.0,
      "eval_spot-tp": 46.0,
      "eval_well-formed": 167,
      "step": 1092
    },
    {
      "epoch": 14.0,
      "eval_asoc-F1": 0.0,
      "eval_asoc-P": 0.0,
      "eval_asoc-R": 0.0,
      "eval_asoc-gold": 0.0,
      "eval_asoc-pred": 0.0,
      "eval_asoc-tp": 0.0,
      "eval_gen_len": 5.3234,
      "eval_gold_tree": 63,
      "eval_loss": 0.2740156948566437,
      "eval_ordered-record-F1": 71.875,
      "eval_ordered-record-P": 70.7692,
      "eval_ordered-record-R": 73.0159,
      "eval_ordered-record-gold": 63.0,
      "eval_ordered-record-pred": 65.0,
      "eval_ordered-record-tp": 46.0,
      "eval_overall-F1": 71.875,
      "eval_pred_tree": 66,
      "eval_record-F1": 71.875,
      "eval_record-P": 70.7692,
      "eval_record-R": 73.0159,
      "eval_record-gold": 63.0,
      "eval_record-pred": 65.0,
      "eval_record-tp": 46.0,
      "eval_runtime": 1.7703,
      "eval_samples_per_second": 94.333,
      "eval_spot-F1": 71.875,
      "eval_spot-P": 70.7692,
      "eval_spot-R": 73.0159,
      "eval_spot-gold": 63.0,
      "eval_spot-pred": 65.0,
      "eval_spot-tp": 46.0,
      "eval_well-formed": 167,
      "step": 1176
    },
    {
      "epoch": 15.0,
      "eval_asoc-F1": 0.0,
      "eval_asoc-P": 0.0,
      "eval_asoc-R": 0.0,
      "eval_asoc-gold": 0.0,
      "eval_asoc-pred": 0.0,
      "eval_asoc-tp": 0.0,
      "eval_gen_len": 5.3234,
      "eval_gold_tree": 63,
      "eval_loss": 0.2949521541595459,
      "eval_ordered-record-F1": 71.875,
      "eval_ordered-record-P": 70.7692,
      "eval_ordered-record-R": 73.0159,
      "eval_ordered-record-gold": 63.0,
      "eval_ordered-record-pred": 65.0,
      "eval_ordered-record-tp": 46.0,
      "eval_overall-F1": 71.875,
      "eval_pred_tree": 66,
      "eval_record-F1": 71.875,
      "eval_record-P": 70.7692,
      "eval_record-R": 73.0159,
      "eval_record-gold": 63.0,
      "eval_record-pred": 65.0,
      "eval_record-tp": 46.0,
      "eval_runtime": 1.7374,
      "eval_samples_per_second": 96.119,
      "eval_spot-F1": 71.875,
      "eval_spot-P": 70.7692,
      "eval_spot-R": 73.0159,
      "eval_spot-gold": 63.0,
      "eval_spot-pred": 65.0,
      "eval_spot-tp": 46.0,
      "eval_well-formed": 167,
      "step": 1260
    },
    {
      "epoch": 16.0,
      "eval_asoc-F1": 0.0,
      "eval_asoc-P": 0.0,
      "eval_asoc-R": 0.0,
      "eval_asoc-gold": 0.0,
      "eval_asoc-pred": 0.0,
      "eval_asoc-tp": 0.0,
      "eval_gen_len": 5.2934,
      "eval_gold_tree": 63,
      "eval_loss": 0.3103240728378296,
      "eval_ordered-record-F1": 70.3125,
      "eval_ordered-record-P": 69.2308,
      "eval_ordered-record-R": 71.4286,
      "eval_ordered-record-gold": 63.0,
      "eval_ordered-record-pred": 65.0,
      "eval_ordered-record-tp": 45.0,
      "eval_overall-F1": 70.3125,
      "eval_pred_tree": 65,
      "eval_record-F1": 70.3125,
      "eval_record-P": 69.2308,
      "eval_record-R": 71.4286,
      "eval_record-gold": 63.0,
      "eval_record-pred": 65.0,
      "eval_record-tp": 45.0,
      "eval_runtime": 1.0506,
      "eval_samples_per_second": 158.964,
      "eval_spot-F1": 70.3125,
      "eval_spot-P": 69.2308,
      "eval_spot-R": 71.4286,
      "eval_spot-gold": 63.0,
      "eval_spot-pred": 65.0,
      "eval_spot-tp": 45.0,
      "eval_well-formed": 167,
      "step": 1344
    },
    {
      "epoch": 17.0,
      "eval_asoc-F1": 0.0,
      "eval_asoc-P": 0.0,
      "eval_asoc-R": 0.0,
      "eval_asoc-gold": 0.0,
      "eval_asoc-pred": 0.0,
      "eval_asoc-tp": 0.0,
      "eval_gen_len": 5.2934,
      "eval_gold_tree": 63,
      "eval_loss": 0.3057371973991394,
      "eval_ordered-record-F1": 70.3125,
      "eval_ordered-record-P": 69.2308,
      "eval_ordered-record-R": 71.4286,
      "eval_ordered-record-gold": 63.0,
      "eval_ordered-record-pred": 65.0,
      "eval_ordered-record-tp": 45.0,
      "eval_overall-F1": 70.3125,
      "eval_pred_tree": 65,
      "eval_record-F1": 70.3125,
      "eval_record-P": 69.2308,
      "eval_record-R": 71.4286,
      "eval_record-gold": 63.0,
      "eval_record-pred": 65.0,
      "eval_record-tp": 45.0,
      "eval_runtime": 1.6955,
      "eval_samples_per_second": 98.497,
      "eval_spot-F1": 70.3125,
      "eval_spot-P": 69.2308,
      "eval_spot-R": 71.4286,
      "eval_spot-gold": 63.0,
      "eval_spot-pred": 65.0,
      "eval_spot-tp": 45.0,
      "eval_well-formed": 167,
      "step": 1428
    },
    {
      "epoch": 17.86,
      "learning_rate": 8.44475721323012e-07,
      "loss": 0.0459,
      "step": 1500
    },
    {
      "epoch": 18.0,
      "eval_asoc-F1": 0.0,
      "eval_asoc-P": 0.0,
      "eval_asoc-R": 0.0,
      "eval_asoc-gold": 0.0,
      "eval_asoc-pred": 0.0,
      "eval_asoc-tp": 0.0,
      "eval_gen_len": 5.2934,
      "eval_gold_tree": 63,
      "eval_loss": 0.3027172386646271,
      "eval_ordered-record-F1": 70.3125,
      "eval_ordered-record-P": 69.2308,
      "eval_ordered-record-R": 71.4286,
      "eval_ordered-record-gold": 63.0,
      "eval_ordered-record-pred": 65.0,
      "eval_ordered-record-tp": 45.0,
      "eval_overall-F1": 70.3125,
      "eval_pred_tree": 65,
      "eval_record-F1": 70.3125,
      "eval_record-P": 69.2308,
      "eval_record-R": 71.4286,
      "eval_record-gold": 63.0,
      "eval_record-pred": 65.0,
      "eval_record-tp": 45.0,
      "eval_runtime": 1.6836,
      "eval_samples_per_second": 99.194,
      "eval_spot-F1": 70.3125,
      "eval_spot-P": 69.2308,
      "eval_spot-R": 71.4286,
      "eval_spot-gold": 63.0,
      "eval_spot-pred": 65.0,
      "eval_spot-tp": 45.0,
      "eval_well-formed": 167,
      "step": 1512
    },
    {
      "epoch": 18.0,
      "step": 1512,
      "total_flos": 0,
      "train_runtime": 382.3392,
      "train_samples_per_second": 3.955
    }
  ],
  "max_steps": 1512,
  "num_train_epochs": 18,
  "total_flos": 0,
  "trial_name": null,
  "trial_params": null
}
