{
    "epoch": "9/20",
    "best_epoch": 8,
    "max_gpu_mem": "3.6622",
    "cur_ram": "2.4939",
    "time_epoch": "0:00:08",
    "time_total": "0:01:24",
    "best_train_ner_loss": 11.556598663330078,
    "train_ner_loss": 8.693080079321767,
    "best_train_sum": 0.8830682881197381,
    "train_sum": 0.8830682881197381,
    "best_dev_ner_loss": 18.1195068359375,
    "dev_ner_loss": 21.213530949183873,
    "best_dev_sum": 0.7866666666666666,
    "dev_sum": 0.738255033557047,
    "best_train_ner_precision": 0.8414179104477612,
    "best_train_ner_recall": 0.8509433962264151,
    "best_train_ner_span_f1": 0.8461538461538461,
    "train_ner_precision": 0.87569573283859,
    "train_ner_recall": 0.8905660377358491,
    "train_ner_span_f1": 0.8830682881197381,
    "best_dev_ner_precision": 0.7662337662337663,
    "best_dev_ner_recall": 0.8082191780821918,
    "best_dev_ner_span_f1": 0.7866666666666666,
    "dev_ner_precision": 0.7236842105263158,
    "dev_ner_recall": 0.7534246575342466,
    "dev_ner_span_f1": 0.738255033557047
}