{
    "epoch": "18/20",
    "best_epoch": 8,
    "max_gpu_mem": "3.6697",
    "cur_ram": "2.4940",
    "time_epoch": "0:00:08",
    "time_total": "0:02:43",
    "best_train_ner_loss": 11.556598663330078,
    "train_ner_loss": 0.6977149738984949,
    "best_train_sum": 0.9933899905571293,
    "train_sum": 0.9933899905571293,
    "best_dev_ner_loss": 18.1195068359375,
    "dev_ner_loss": 33.35137830461775,
    "best_dev_sum": 0.7866666666666666,
    "dev_sum": 0.7516778523489932,
    "best_train_ner_precision": 0.8414179104477612,
    "best_train_ner_recall": 0.8509433962264151,
    "best_train_ner_span_f1": 0.8461538461538461,
    "train_ner_precision": 0.994328922495274,
    "train_ner_recall": 0.9924528301886792,
    "train_ner_span_f1": 0.9933899905571293,
    "best_dev_ner_precision": 0.7662337662337663,
    "best_dev_ner_recall": 0.8082191780821918,
    "best_dev_ner_span_f1": 0.7866666666666666,
    "dev_ner_precision": 0.7368421052631579,
    "dev_ner_recall": 0.7671232876712328,
    "dev_ner_span_f1": 0.7516778523489932
}