{
    "epoch": "2/20",
    "best_epoch": 1,
    "max_gpu_mem": "3.6622",
    "cur_ram": "2.4888",
    "time_epoch": "0:00:08",
    "time_total": "0:00:19",
    "best_train_ner_loss": 1882.0401515586702,
    "train_ner_loss": 612.6511724135455,
    "best_train_sum": 0.0006743088334457182,
    "train_sum": 0.0006743088334457182,
    "best_dev_ner_loss": 1439.814217703683,
    "dev_ner_loss": 110.73875318254743,
    "best_dev_sum": 0.0,
    "dev_sum": 0.0,
    "best_train_ner_precision": 0.0007420363597816292,
    "best_train_ner_recall": 0.026415094339622643,
    "best_train_ner_span_f1": 0.0014435221941537348,
    "train_ner_precision": 0.00037023324694557573,
    "train_ner_recall": 0.0037735849056603774,
    "train_ner_span_f1": 0.0006743088334457182,
    "best_dev_ner_precision": 0.0,
    "best_dev_ner_recall": 0.0,
    "best_dev_ner_span_f1": 0.0,
    "dev_ner_precision": 0.0,
    "dev_ner_recall": 0.0,
    "dev_ner_span_f1": 0.0
}