{
    "epoch": "1/20",
    "best_epoch": 1,
    "max_gpu_mem": "1.5159",
    "cur_ram": "2.4749",
    "time_epoch": "0:00:06",
    "time_total": "0:00:09",
    "best_train_ner_loss": 1882.0401515586702,
    "train_ner_loss": 1882.0401515586702,
    "best_train_sum": 0.0014435221941537348,
    "train_sum": 0.0014435221941537348,
    "best_dev_ner_loss": 1439.814217703683,
    "dev_ner_loss": 1439.814217703683,
    "best_dev_sum": 0.0,
    "dev_sum": 0.0,
    "best_train_ner_precision": 0.0007420363597816292,
    "best_train_ner_recall": 0.026415094339622643,
    "best_train_ner_span_f1": 0.0014435221941537348,
    "train_ner_precision": 0.0007420363597816292,
    "train_ner_recall": 0.026415094339622643,
    "train_ner_span_f1": 0.0014435221941537348,
    "best_dev_ner_precision": 0.0,
    "best_dev_ner_recall": 0.0,
    "best_dev_ner_span_f1": 0.0,
    "dev_ner_precision": 0.0,
    "dev_ner_recall": 0.0,
    "dev_ner_span_f1": 0.0
}