{
    "epoch": "7/20",
    "best_epoch": 7,
    "max_gpu_mem": "3.6622",
    "cur_ram": "2.4936",
    "time_epoch": "0:00:08",
    "time_total": "0:01:05",
    "best_train_ner_loss": 16.627652112175436,
    "train_ner_loss": 16.627652112175436,
    "best_train_sum": 0.79811320754717,
    "train_sum": 0.79811320754717,
    "best_dev_ner_loss": 18.139706747872488,
    "dev_ner_loss": 18.139706747872488,
    "best_dev_sum": 0.7808219178082192,
    "dev_sum": 0.7808219178082192,
    "best_train_ner_precision": 0.7981132075471699,
    "best_train_ner_recall": 0.7981132075471699,
    "best_train_ner_span_f1": 0.79811320754717,
    "train_ner_precision": 0.7981132075471699,
    "train_ner_recall": 0.7981132075471699,
    "train_ner_span_f1": 0.79811320754717,
    "best_dev_ner_precision": 0.7808219178082192,
    "best_dev_ner_recall": 0.7808219178082192,
    "best_dev_ner_span_f1": 0.7808219178082192,
    "dev_ner_precision": 0.7808219178082192,
    "dev_ner_recall": 0.7808219178082192,
    "dev_ner_span_f1": 0.7808219178082192
}