{
    "epoch": "10/20",
    "best_epoch": 8,
    "max_gpu_mem": "3.6671",
    "cur_ram": "2.4939",
    "time_epoch": "0:00:08",
    "time_total": "0:01:33",
    "best_train_ner_loss": 11.556598663330078,
    "train_ner_loss": 5.826332054886163,
    "best_train_sum": 0.9256820319849484,
    "train_sum": 0.9256820319849484,
    "best_dev_ner_loss": 18.1195068359375,
    "dev_ner_loss": 22.08247103009905,
    "best_dev_sum": 0.7866666666666666,
    "dev_sum": 0.7397260273972603,
    "best_train_ner_precision": 0.8414179104477612,
    "best_train_ner_recall": 0.8509433962264151,
    "best_train_ner_span_f1": 0.8461538461538461,
    "train_ner_precision": 0.9230769230769231,
    "train_ner_recall": 0.9283018867924528,
    "train_ner_span_f1": 0.9256820319849484,
    "best_dev_ner_precision": 0.7662337662337663,
    "best_dev_ner_recall": 0.8082191780821918,
    "best_dev_ner_span_f1": 0.7866666666666666,
    "dev_ner_precision": 0.7397260273972602,
    "dev_ner_recall": 0.7397260273972602,
    "dev_ner_span_f1": 0.7397260273972603
}