{
    "epoch": "9/20",
    "best_epoch": 8,
    "max_gpu_mem": "7.1975",
    "cur_ram": "2.7959",
    "time_epoch": "0:00:06",
    "time_total": "0:01:07",
    "best_train_ner_loss": 14.806864293416341,
    "train_ner_loss": 14.960645039876303,
    "best_train_sum": 0.947458351131995,
    "train_sum": 0.947458351131995,
    "best_dev_ner_loss": 11.657072067260742,
    "dev_ner_loss": 13.06886911392212,
    "best_dev_sum": 0.9523809523809523,
    "dev_sum": 0.9523809523809523,
    "best_train_ner_precision": 0.9298245614035088,
    "best_train_ner_recall": 0.9644714038128249,
    "best_train_ner_span_f1": 0.9468311356869418,
    "train_ner_precision": 0.9342881213142376,
    "train_ner_recall": 0.9610051993067591,
    "train_ner_span_f1": 0.947458351131995,
    "best_dev_ner_precision": 0.9558823529411765,
    "best_dev_ner_recall": 0.948905109489051,
    "best_dev_ner_span_f1": 0.9523809523809523,
    "dev_ner_precision": 0.9558823529411765,
    "dev_ner_recall": 0.948905109489051,
    "dev_ner_span_f1": 0.9523809523809523
}