{
    "epoch": "14/20",
    "best_epoch": 14,
    "max_gpu_mem": "7.2077",
    "cur_ram": "2.7960",
    "time_epoch": "0:00:06",
    "time_total": "0:01:41",
    "best_train_ner_loss": 4.392530186971029,
    "train_ner_loss": 4.392530186971029,
    "best_train_sum": 0.986194995685936,
    "train_sum": 0.986194995685936,
    "best_dev_ner_loss": 10.079782962799072,
    "dev_ner_loss": 10.079782962799072,
    "best_dev_sum": 0.9597069597069599,
    "dev_sum": 0.9597069597069599,
    "best_train_ner_precision": 0.9819587628865979,
    "best_train_ner_recall": 0.9904679376083189,
    "best_train_ner_span_f1": 0.986194995685936,
    "train_ner_precision": 0.9819587628865979,
    "train_ner_recall": 0.9904679376083189,
    "train_ner_span_f1": 0.986194995685936,
    "best_dev_ner_precision": 0.9632352941176471,
    "best_dev_ner_recall": 0.9562043795620438,
    "best_dev_ner_span_f1": 0.9597069597069599,
    "dev_ner_precision": 0.9632352941176471,
    "dev_ner_recall": 0.9562043795620438,
    "dev_ner_span_f1": 0.9597069597069599
}