{
    "epoch": "5/20",
    "best_epoch": 5,
    "max_gpu_mem": "7.1975",
    "cur_ram": "2.7953",
    "time_epoch": "0:00:06",
    "time_total": "0:00:37",
    "best_train_ner_loss": 38.07838687896729,
    "train_ner_loss": 38.07838687896729,
    "best_train_sum": 0.8763191219924018,
    "train_sum": 0.8763191219924018,
    "best_dev_ner_loss": 22.054075241088867,
    "dev_ner_loss": 22.054075241088867,
    "best_dev_sum": 0.9381818181818182,
    "dev_sum": 0.9381818181818182,
    "best_train_ner_precision": 0.854320987654321,
    "best_train_ner_recall": 0.8994800693240901,
    "best_train_ner_span_f1": 0.8763191219924018,
    "train_ner_precision": 0.854320987654321,
    "train_ner_recall": 0.8994800693240901,
    "train_ner_span_f1": 0.8763191219924018,
    "best_dev_ner_precision": 0.9347826086956522,
    "best_dev_ner_recall": 0.9416058394160584,
    "best_dev_ner_span_f1": 0.9381818181818182,
    "dev_ner_precision": 0.9347826086956522,
    "dev_ner_recall": 0.9416058394160584,
    "dev_ner_span_f1": 0.9381818181818182
}