{
    "epoch": "16/20",
    "best_epoch": 14,
    "max_gpu_mem": "7.2077",
    "cur_ram": "2.7961",
    "time_epoch": "0:00:06",
    "time_total": "0:01:55",
    "best_train_ner_loss": 4.392530186971029,
    "train_ner_loss": 4.165843200683594,
    "best_train_sum": 0.990056204063986,
    "train_sum": 0.990056204063986,
    "best_dev_ner_loss": 10.079782962799072,
    "dev_ner_loss": 12.814393997192383,
    "best_dev_sum": 0.9597069597069599,
    "dev_sum": 0.948905109489051,
    "best_train_ner_precision": 0.9819587628865979,
    "best_train_ner_recall": 0.9904679376083189,
    "best_train_ner_span_f1": 0.986194995685936,
    "train_ner_precision": 0.9879206212251941,
    "train_ner_recall": 0.9922010398613518,
    "train_ner_span_f1": 0.990056204063986,
    "best_dev_ner_precision": 0.9632352941176471,
    "best_dev_ner_recall": 0.9562043795620438,
    "best_dev_ner_span_f1": 0.9597069597069599,
    "dev_ner_precision": 0.948905109489051,
    "dev_ner_recall": 0.948905109489051,
    "dev_ner_span_f1": 0.948905109489051
}