{
    "epoch": "1/20",
    "best_epoch": 1,
    "max_gpu_mem": "2.9494",
    "cur_ram": "2.7761",
    "time_epoch": "0:00:03",
    "time_total": "0:00:06",
    "best_train_ner_loss": 994.0609903971355,
    "train_ner_loss": 994.0609903971355,
    "best_train_sum": 0.004903162539838196,
    "train_sum": 0.004903162539838196,
    "best_dev_ner_loss": 841.5748596191406,
    "dev_ner_loss": 841.5748596191406,
    "best_dev_sum": 0.0,
    "dev_sum": 0.0,
    "best_train_ner_precision": 0.003418803418803419,
    "best_train_ner_recall": 0.008665511265164644,
    "best_train_ner_span_f1": 0.004903162539838196,
    "train_ner_precision": 0.003418803418803419,
    "train_ner_recall": 0.008665511265164644,
    "train_ner_span_f1": 0.004903162539838196,
    "best_dev_ner_precision": 0.0,
    "best_dev_ner_recall": 0.0,
    "best_dev_ner_span_f1": 0.0,
    "dev_ner_precision": 0.0,
    "dev_ner_recall": 0.0,
    "dev_ner_span_f1": 0.0
}