{
    "epoch": "3/20",
    "best_epoch": 3,
    "max_gpu_mem": "7.1975",
    "cur_ram": "2.7953",
    "time_epoch": "0:00:06",
    "time_total": "0:00:21",
    "best_train_ner_loss": 196.3195945739746,
    "train_ner_loss": 196.3195945739746,
    "best_train_sum": 0.2968197879858658,
    "train_sum": 0.2968197879858658,
    "best_dev_ner_loss": 70.51124286651611,
    "dev_ner_loss": 70.51124286651611,
    "best_dev_sum": 0.710801393728223,
    "dev_sum": 0.710801393728223,
    "best_train_ner_precision": 0.3555018137847642,
    "best_train_ner_recall": 0.25476603119584057,
    "best_train_ner_span_f1": 0.2968197879858658,
    "train_ner_precision": 0.3555018137847642,
    "train_ner_recall": 0.25476603119584057,
    "train_ner_span_f1": 0.2968197879858658,
    "best_dev_ner_precision": 0.68,
    "best_dev_ner_recall": 0.7445255474452555,
    "best_dev_ner_span_f1": 0.710801393728223,
    "dev_ner_precision": 0.68,
    "dev_ner_recall": 0.7445255474452555,
    "dev_ner_span_f1": 0.710801393728223
}