{
    "epoch": "6/20",
    "best_epoch": 5,
    "max_gpu_mem": "7.1975",
    "cur_ram": "2.7958",
    "time_epoch": "0:00:06",
    "time_total": "0:00:44",
    "best_train_ner_loss": 38.07838687896729,
    "train_ner_loss": 26.83828500111898,
    "best_train_sum": 0.9240560033941451,
    "train_sum": 0.9240560033941451,
    "best_dev_ner_loss": 22.054075241088867,
    "dev_ner_loss": 14.620413303375244,
    "best_dev_sum": 0.9381818181818182,
    "dev_sum": 0.9169675090252708,
    "best_train_ner_precision": 0.854320987654321,
    "best_train_ner_recall": 0.8994800693240901,
    "best_train_ner_span_f1": 0.8763191219924018,
    "train_ner_precision": 0.9052369077306733,
    "train_ner_recall": 0.9436741767764298,
    "train_ner_span_f1": 0.9240560033941451,
    "best_dev_ner_precision": 0.9347826086956522,
    "best_dev_ner_recall": 0.9416058394160584,
    "best_dev_ner_span_f1": 0.9381818181818182,
    "dev_ner_precision": 0.9071428571428571,
    "dev_ner_recall": 0.927007299270073,
    "dev_ner_span_f1": 0.9169675090252708
}