{
    "epoch": "7/20",
    "best_epoch": 7,
    "max_gpu_mem": "7.1975",
    "cur_ram": "2.7958",
    "time_epoch": "0:00:06",
    "time_total": "0:00:51",
    "best_train_ner_loss": 19.27515277862549,
    "train_ner_loss": 19.27515277862549,
    "best_train_sum": 0.9366227137388344,
    "train_sum": 0.9366227137388344,
    "best_dev_ner_loss": 9.457915306091309,
    "dev_ner_loss": 9.457915306091309,
    "best_dev_sum": 0.948905109489051,
    "dev_sum": 0.948905109489051,
    "best_train_ner_precision": 0.9197994987468672,
    "best_train_ner_recall": 0.9540727902946274,
    "best_train_ner_span_f1": 0.9366227137388344,
    "train_ner_precision": 0.9197994987468672,
    "train_ner_recall": 0.9540727902946274,
    "train_ner_span_f1": 0.9366227137388344,
    "best_dev_ner_precision": 0.948905109489051,
    "best_dev_ner_recall": 0.948905109489051,
    "best_dev_ner_span_f1": 0.948905109489051,
    "dev_ner_precision": 0.948905109489051,
    "dev_ner_recall": 0.948905109489051,
    "dev_ner_span_f1": 0.948905109489051
}