{
    "epoch": "16/20",
    "best_epoch": 10,
    "max_gpu_mem": "3.8602",
    "cur_ram": "2.4806",
    "time_epoch": "0:00:08",
    "time_total": "0:02:23",
    "best_train_ner_loss": 2.512351054771274,
    "train_ner_loss": 0.7717865962608188,
    "best_train_sum": 0.9856733524355301,
    "train_sum": 0.9856733524355301,
    "best_dev_ner_loss": 35.20630999973842,
    "dev_ner_loss": 35.67825780596052,
    "best_dev_sum": 0.825,
    "dev_sum": 0.8121212121212121,
    "best_train_ner_precision": 0.9508506616257089,
    "best_train_ner_recall": 0.9673076923076923,
    "best_train_ner_span_f1": 0.9590085795996187,
    "train_ner_precision": 0.9791271347248577,
    "train_ner_recall": 0.9923076923076923,
    "train_ner_span_f1": 0.9856733524355301,
    "best_dev_ner_precision": 0.825,
    "best_dev_ner_recall": 0.825,
    "best_dev_ner_span_f1": 0.825,
    "dev_ner_precision": 0.788235294117647,
    "dev_ner_recall": 0.8375,
    "dev_ner_span_f1": 0.8121212121212121
}