{
    "epoch": "1/20",
    "best_epoch": 1,
    "max_gpu_mem": "1.7034",
    "cur_ram": "2.4621",
    "time_epoch": "0:00:06",
    "time_total": "0:00:09",
    "best_train_ner_loss": 860.1549431295956,
    "train_ner_loss": 860.1549431295956,
    "best_train_sum": 0.017027455121436115,
    "train_sum": 0.017027455121436115,
    "best_dev_ner_loss": 622.9167829241071,
    "dev_ner_loss": 622.9167829241071,
    "best_dev_sum": 0.02276176024279211,
    "dev_sum": 0.02276176024279211,
    "best_train_ner_precision": 0.008816293056314926,
    "best_train_ner_recall": 0.24807692307692308,
    "best_train_ner_span_f1": 0.017027455121436115,
    "train_ner_precision": 0.008816293056314926,
    "train_ner_recall": 0.24807692307692308,
    "train_ner_span_f1": 0.017027455121436115,
    "best_dev_ner_precision": 0.012116316639741519,
    "best_dev_ner_recall": 0.1875,
    "best_dev_ner_span_f1": 0.02276176024279211,
    "dev_ner_precision": 0.012116316639741519,
    "dev_ner_recall": 0.1875,
    "dev_ner_span_f1": 0.02276176024279211
}