{
    "epoch": "3/20",
    "best_epoch": 3,
    "max_gpu_mem": "3.8515",
    "cur_ram": "2.4739",
    "time_epoch": "0:00:08",
    "time_total": "0:00:27",
    "best_train_ner_loss": 77.97196066613292,
    "train_ner_loss": 77.97196066613292,
    "best_train_sum": 0.03610108303249098,
    "train_sum": 0.03610108303249098,
    "best_dev_ner_loss": 46.486158098493306,
    "dev_ner_loss": 46.486158098493306,
    "best_dev_sum": 0.3387096774193549,
    "dev_sum": 0.3387096774193549,
    "best_train_ner_precision": 0.29411764705882354,
    "best_train_ner_recall": 0.019230769230769232,
    "best_train_ner_span_f1": 0.03610108303249098,
    "train_ner_precision": 0.29411764705882354,
    "train_ner_recall": 0.019230769230769232,
    "train_ner_span_f1": 0.03610108303249098,
    "best_dev_ner_precision": 0.4772727272727273,
    "best_dev_ner_recall": 0.2625,
    "best_dev_ner_span_f1": 0.3387096774193549,
    "dev_ner_precision": 0.4772727272727273,
    "dev_ner_recall": 0.2625,
    "dev_ner_span_f1": 0.3387096774193549
}