{
    "epoch": "17/20",
    "best_epoch": 10,
    "max_gpu_mem": "3.8602",
    "cur_ram": "2.4806",
    "time_epoch": "0:00:08",
    "time_total": "0:02:32",
    "best_train_ner_loss": 2.512351054771274,
    "train_ner_loss": 0.6839726391960593,
    "best_train_sum": 0.9932627526467757,
    "train_sum": 0.9932627526467757,
    "best_dev_ner_loss": 35.20630999973842,
    "dev_ner_loss": 37.99625941685268,
    "best_dev_sum": 0.825,
    "dev_sum": 0.8,
    "best_train_ner_precision": 0.9508506616257089,
    "best_train_ner_recall": 0.9673076923076923,
    "best_train_ner_span_f1": 0.9590085795996187,
    "train_ner_precision": 0.9942196531791907,
    "train_ner_recall": 0.9923076923076923,
    "train_ner_span_f1": 0.9932627526467757,
    "best_dev_ner_precision": 0.825,
    "best_dev_ner_recall": 0.825,
    "best_dev_ner_span_f1": 0.825,
    "dev_ner_precision": 0.7764705882352941,
    "dev_ner_recall": 0.825,
    "dev_ner_span_f1": 0.8
}