{
    "epoch": "2/20",
    "best_epoch": 1,
    "max_gpu_mem": "3.8515",
    "cur_ram": "2.4738",
    "time_epoch": "0:00:08",
    "time_total": "0:00:18",
    "best_train_ner_loss": 860.1549431295956,
    "train_ner_loss": 243.72120670243805,
    "best_train_sum": 0.009573958831977024,
    "train_sum": 0.009573958831977024,
    "best_dev_ner_loss": 622.9167829241071,
    "dev_ner_loss": 105.22155489240374,
    "best_dev_sum": 0.02276176024279211,
    "dev_sum": 0.0,
    "best_train_ner_precision": 0.008816293056314926,
    "best_train_ner_recall": 0.24807692307692308,
    "best_train_ner_span_f1": 0.017027455121436115,
    "train_ner_precision": 0.006373486297004461,
    "train_ner_recall": 0.019230769230769232,
    "train_ner_span_f1": 0.009573958831977024,
    "best_dev_ner_precision": 0.012116316639741519,
    "best_dev_ner_recall": 0.1875,
    "best_dev_ner_span_f1": 0.02276176024279211,
    "dev_ner_precision": 0.0,
    "dev_ner_recall": 0.0,
    "dev_ner_span_f1": 0.0
}