{
    "epoch": "4/20",
    "best_epoch": 4,
    "max_gpu_mem": "3.8566",
    "cur_ram": "2.4749",
    "time_epoch": "0:00:08",
    "time_total": "0:00:36",
    "best_train_ner_loss": 31.218520594578163,
    "train_ner_loss": 31.218520594578163,
    "best_train_sum": 0.4091324200913242,
    "train_sum": 0.4091324200913242,
    "best_dev_ner_loss": 27.002293722970144,
    "dev_ner_loss": 27.002293722970144,
    "best_dev_sum": 0.7108433734939759,
    "dev_sum": 0.7108433734939759,
    "best_train_ner_precision": 0.38956521739130434,
    "best_train_ner_recall": 0.4307692307692308,
    "best_train_ner_span_f1": 0.4091324200913242,
    "train_ner_precision": 0.38956521739130434,
    "train_ner_recall": 0.4307692307692308,
    "train_ner_span_f1": 0.4091324200913242,
    "best_dev_ner_precision": 0.686046511627907,
    "best_dev_ner_recall": 0.7375,
    "best_dev_ner_span_f1": 0.7108433734939759,
    "dev_ner_precision": 0.686046511627907,
    "dev_ner_recall": 0.7375,
    "dev_ner_span_f1": 0.7108433734939759
}