{
    "epoch": "15/20",
    "best_epoch": 10,
    "max_gpu_mem": "3.8566",
    "cur_ram": "2.4805",
    "time_epoch": "0:00:08",
    "time_total": "0:02:15",
    "best_train_ner_loss": 2.512351054771274,
    "train_ner_loss": 0.6303267759435317,
    "best_train_sum": 0.9846743295019158,
    "train_sum": 0.9846743295019158,
    "best_dev_ner_loss": 35.20630999973842,
    "dev_ner_loss": 43.70920617239816,
    "best_dev_sum": 0.825,
    "dev_sum": 0.7926829268292684,
    "best_train_ner_precision": 0.9508506616257089,
    "best_train_ner_recall": 0.9673076923076923,
    "best_train_ner_span_f1": 0.9590085795996187,
    "train_ner_precision": 0.9809160305343512,
    "train_ner_recall": 0.9884615384615385,
    "train_ner_span_f1": 0.9846743295019158,
    "best_dev_ner_precision": 0.825,
    "best_dev_ner_recall": 0.825,
    "best_dev_ner_span_f1": 0.825,
    "dev_ner_precision": 0.7738095238095238,
    "dev_ner_recall": 0.8125,
    "dev_ner_span_f1": 0.7926829268292684
}