{
    "epoch": "11/20",
    "best_epoch": 10,
    "max_gpu_mem": "3.8566",
    "cur_ram": "2.4805",
    "time_epoch": "0:00:08",
    "time_total": "0:01:40",
    "best_train_ner_loss": 2.512351054771274,
    "train_ner_loss": 1.1305521796731388,
    "best_train_sum": 0.9807321772639691,
    "train_sum": 0.9807321772639691,
    "best_dev_ner_loss": 35.20630999973842,
    "dev_ner_loss": 34.418009349278044,
    "best_dev_sum": 0.825,
    "dev_sum": 0.8072289156626506,
    "best_train_ner_precision": 0.9508506616257089,
    "best_train_ner_recall": 0.9673076923076923,
    "best_train_ner_span_f1": 0.9590085795996187,
    "train_ner_precision": 0.9826254826254827,
    "train_ner_recall": 0.9788461538461538,
    "train_ner_span_f1": 0.9807321772639691,
    "best_dev_ner_precision": 0.825,
    "best_dev_ner_recall": 0.825,
    "best_dev_ner_span_f1": 0.825,
    "dev_ner_precision": 0.7790697674418605,
    "dev_ner_recall": 0.8375,
    "dev_ner_span_f1": 0.8072289156626506
}