{
    "epoch": "6/20",
    "best_epoch": 6,
    "max_gpu_mem": "3.8566",
    "cur_ram": "2.4803",
    "time_epoch": "0:00:08",
    "time_total": "0:00:54",
    "best_train_ner_loss": 9.882001128851199,
    "train_ner_loss": 9.882001128851199,
    "best_train_sum": 0.8611898016997166,
    "train_sum": 0.8611898016997166,
    "best_dev_ner_loss": 26.510301862444198,
    "dev_ner_loss": 26.510301862444198,
    "best_dev_sum": 0.788235294117647,
    "dev_sum": 0.788235294117647,
    "best_train_ner_precision": 0.8460111317254174,
    "best_train_ner_recall": 0.8769230769230769,
    "best_train_ner_span_f1": 0.8611898016997166,
    "train_ner_precision": 0.8460111317254174,
    "train_ner_recall": 0.8769230769230769,
    "train_ner_span_f1": 0.8611898016997166,
    "best_dev_ner_precision": 0.7444444444444445,
    "best_dev_ner_recall": 0.8375,
    "best_dev_ner_span_f1": 0.788235294117647,
    "dev_ner_precision": 0.7444444444444445,
    "dev_ner_recall": 0.8375,
    "dev_ner_span_f1": 0.788235294117647
}