{
    "epoch": "5/20",
    "best_epoch": 5,
    "max_gpu_mem": "3.8566",
    "cur_ram": "2.4755",
    "time_epoch": "0:00:08",
    "time_total": "0:00:45",
    "best_train_ner_loss": 15.314607638938755,
    "train_ner_loss": 15.314607638938755,
    "best_train_sum": 0.7655677655677656,
    "train_sum": 0.7655677655677656,
    "best_dev_ner_loss": 23.22545841761998,
    "dev_ner_loss": 23.22545841761998,
    "best_dev_sum": 0.778443113772455,
    "dev_sum": 0.778443113772455,
    "best_train_ner_precision": 0.7307692307692307,
    "best_train_ner_recall": 0.8038461538461539,
    "best_train_ner_span_f1": 0.7655677655677656,
    "train_ner_precision": 0.7307692307692307,
    "train_ner_recall": 0.8038461538461539,
    "train_ner_span_f1": 0.7655677655677656,
    "best_dev_ner_precision": 0.7471264367816092,
    "best_dev_ner_recall": 0.8125,
    "best_dev_ner_span_f1": 0.778443113772455,
    "dev_ner_precision": 0.7471264367816092,
    "dev_ner_recall": 0.8125,
    "dev_ner_span_f1": 0.778443113772455
}