{
    "epoch": "14/20",
    "best_epoch": 10,
    "max_gpu_mem": "3.8566",
    "cur_ram": "2.4805",
    "time_epoch": "0:00:08",
    "time_total": "0:02:06",
    "best_train_ner_loss": 2.512351054771274,
    "train_ner_loss": 0.8656199212167778,
    "best_train_sum": 0.989433237271854,
    "train_sum": 0.989433237271854,
    "best_dev_ner_loss": 35.20630999973842,
    "dev_ner_loss": 42.23102705819266,
    "best_dev_sum": 0.825,
    "dev_sum": 0.8023952095808383,
    "best_train_ner_precision": 0.9508506616257089,
    "best_train_ner_recall": 0.9673076923076923,
    "best_train_ner_span_f1": 0.9590085795996187,
    "train_ner_precision": 0.9884836852207294,
    "train_ner_recall": 0.9903846153846154,
    "train_ner_span_f1": 0.989433237271854,
    "best_dev_ner_precision": 0.825,
    "best_dev_ner_recall": 0.825,
    "best_dev_ner_span_f1": 0.825,
    "dev_ner_precision": 0.7701149425287356,
    "dev_ner_recall": 0.8375,
    "dev_ner_span_f1": 0.8023952095808383
}