{
    "epoch": "18/20",
    "best_epoch": 10,
    "max_gpu_mem": "3.8602",
    "cur_ram": "2.4806",
    "time_epoch": "0:00:08",
    "time_total": "0:02:40",
    "best_train_ner_loss": 2.512351054771274,
    "train_ner_loss": 0.44073669583189723,
    "best_train_sum": 0.9971181556195966,
    "train_sum": 0.9971181556195966,
    "best_dev_ner_loss": 35.20630999973842,
    "dev_ner_loss": 43.112395967756,
    "best_dev_sum": 0.825,
    "dev_sum": 0.7950310559006211,
    "best_train_ner_precision": 0.9508506616257089,
    "best_train_ner_recall": 0.9673076923076923,
    "best_train_ner_span_f1": 0.9590085795996187,
    "train_ner_precision": 0.9961612284069098,
    "train_ner_recall": 0.9980769230769231,
    "train_ner_span_f1": 0.9971181556195966,
    "best_dev_ner_precision": 0.825,
    "best_dev_ner_recall": 0.825,
    "best_dev_ner_span_f1": 0.825,
    "dev_ner_precision": 0.7901234567901234,
    "dev_ner_recall": 0.8,
    "dev_ner_span_f1": 0.7950310559006211
}