{
    "epoch": "20/20",
    "best_epoch": 10,
    "max_gpu_mem": "3.8602",
    "cur_ram": "2.4807",
    "time_epoch": "0:00:08",
    "time_total": "0:02:57",
    "best_train_ner_loss": 2.512351054771274,
    "train_ner_loss": 0.2901334949568206,
    "best_train_sum": 0.9942418426103647,
    "train_sum": 0.9942418426103647,
    "best_dev_ner_loss": 35.20630999973842,
    "dev_ner_loss": 46.44397708347866,
    "best_dev_sum": 0.825,
    "dev_sum": 0.8024691358024691,
    "best_train_ner_precision": 0.9508506616257089,
    "best_train_ner_recall": 0.9673076923076923,
    "best_train_ner_span_f1": 0.9590085795996187,
    "train_ner_precision": 0.9923371647509579,
    "train_ner_recall": 0.9961538461538462,
    "train_ner_span_f1": 0.9942418426103647,
    "best_dev_ner_precision": 0.825,
    "best_dev_ner_recall": 0.825,
    "best_dev_ner_span_f1": 0.825,
    "dev_ner_precision": 0.7926829268292683,
    "dev_ner_recall": 0.8125,
    "dev_ner_span_f1": 0.8024691358024691
}