{
    "epoch": "13/20",
    "best_epoch": 10,
    "max_gpu_mem": "3.8566",
    "cur_ram": "2.4805",
    "time_epoch": "0:00:08",
    "time_total": "0:01:57",
    "best_train_ner_loss": 2.512351054771274,
    "train_ner_loss": 1.5508892956901998,
    "best_train_sum": 0.9799043062200957,
    "train_sum": 0.9799043062200957,
    "best_dev_ner_loss": 35.20630999973842,
    "dev_ner_loss": 28.98200307573591,
    "best_dev_sum": 0.825,
    "dev_sum": 0.7901234567901235,
    "best_train_ner_precision": 0.9508506616257089,
    "best_train_ner_recall": 0.9673076923076923,
    "best_train_ner_span_f1": 0.9590085795996187,
    "train_ner_precision": 0.9752380952380952,
    "train_ner_recall": 0.9846153846153847,
    "train_ner_span_f1": 0.9799043062200957,
    "best_dev_ner_precision": 0.825,
    "best_dev_ner_recall": 0.825,
    "best_dev_ner_span_f1": 0.825,
    "dev_ner_precision": 0.7804878048780488,
    "dev_ner_recall": 0.8,
    "dev_ner_span_f1": 0.7901234567901235
}