{
    "epoch": "12/20",
    "best_epoch": 10,
    "max_gpu_mem": "3.8566",
    "cur_ram": "2.4805",
    "time_epoch": "0:00:08",
    "time_total": "0:01:49",
    "best_train_ner_loss": 2.512351054771274,
    "train_ner_loss": 1.1005739698223038,
    "best_train_sum": 0.9799043062200957,
    "train_sum": 0.9799043062200957,
    "best_dev_ner_loss": 35.20630999973842,
    "dev_ner_loss": 38.37804930550711,
    "best_dev_sum": 0.825,
    "dev_sum": 0.8125,
    "best_train_ner_precision": 0.9508506616257089,
    "best_train_ner_recall": 0.9673076923076923,
    "best_train_ner_span_f1": 0.9590085795996187,
    "train_ner_precision": 0.9752380952380952,
    "train_ner_recall": 0.9846153846153847,
    "train_ner_span_f1": 0.9799043062200957,
    "best_dev_ner_precision": 0.825,
    "best_dev_ner_recall": 0.825,
    "best_dev_ner_span_f1": 0.825,
    "dev_ner_precision": 0.8125,
    "dev_ner_recall": 0.8125,
    "dev_ner_span_f1": 0.8125
}