{
    "epoch": "4/20",
    "best_epoch": 4,
    "max_gpu_mem": "2.5862",
    "cur_ram": "2.4815",
    "time_epoch": "0:00:03",
    "time_total": "0:00:17",
    "best_train_ner_loss": 105.96665903727214,
    "train_ner_loss": 105.96665903727214,
    "best_train_sum": 0.6196046793061719,
    "train_sum": 0.6196046793061719,
    "best_dev_ner_loss": 48.52592992782593,
    "dev_ner_loss": 48.52592992782593,
    "best_dev_sum": 0.8345323741007195,
    "dev_sum": 0.8345323741007195,
    "best_train_ner_precision": 0.579622641509434,
    "best_train_ner_recall": 0.6655112651646448,
    "best_train_ner_span_f1": 0.6196046793061719,
    "train_ner_precision": 0.579622641509434,
    "train_ner_recall": 0.6655112651646448,
    "train_ner_span_f1": 0.6196046793061719,
    "best_dev_ner_precision": 0.8226950354609929,
    "best_dev_ner_recall": 0.8467153284671532,
    "best_dev_ner_span_f1": 0.8345323741007195,
    "dev_ner_precision": 0.8226950354609929,
    "dev_ner_recall": 0.8467153284671532,
    "dev_ner_span_f1": 0.8345323741007195
}