{
    "epoch": "7/20",
    "best_epoch": 5,
    "max_gpu_mem": "2.5862",
    "cur_ram": "2.5004",
    "time_epoch": "0:00:03",
    "time_total": "0:00:29",
    "best_train_ner_loss": 49.78947213490804,
    "train_ner_loss": 20.95273151397705,
    "best_train_sum": 0.9283276450511946,
    "train_sum": 0.9283276450511946,
    "best_dev_ner_loss": 27.418585777282715,
    "dev_ner_loss": 19.75932788848877,
    "best_dev_sum": 0.8928571428571428,
    "dev_sum": 0.8905109489051094,
    "best_train_ner_precision": 0.7911040508339953,
    "best_train_ner_recall": 0.8630849220103987,
    "best_train_ner_span_f1": 0.825528387898881,
    "train_ner_precision": 0.9142857142857143,
    "train_ner_recall": 0.9428076256499134,
    "train_ner_span_f1": 0.9283276450511946,
    "best_dev_ner_precision": 0.8741258741258742,
    "best_dev_ner_recall": 0.9124087591240876,
    "best_dev_ner_span_f1": 0.8928571428571428,
    "dev_ner_precision": 0.8905109489051095,
    "dev_ner_recall": 0.8905109489051095,
    "dev_ner_span_f1": 0.8905109489051094
}