{
    "epoch": "20/20",
    "best_epoch": 17,
    "max_gpu_mem": "2.6023",
    "cur_ram": "2.5006",
    "time_epoch": "0:00:03",
    "time_total": "0:01:17",
    "best_train_ner_loss": 2.8167233149210613,
    "train_ner_loss": 2.0547232309977215,
    "best_train_sum": 0.993514915693904,
    "train_sum": 0.993514915693904,
    "best_dev_ner_loss": 18.454142570495605,
    "dev_ner_loss": 17.24889039993286,
    "best_dev_sum": 0.9372693726937269,
    "dev_sum": 0.926470588235294,
    "best_train_ner_precision": 0.9930915371329879,
    "best_train_ner_recall": 0.9965337954939342,
    "best_train_ner_span_f1": 0.9948096885813148,
    "train_ner_precision": 0.99137187230371,
    "train_ner_recall": 0.9956672443674177,
    "train_ner_span_f1": 0.993514915693904,
    "best_dev_ner_precision": 0.9477611940298507,
    "best_dev_ner_recall": 0.927007299270073,
    "best_dev_ner_span_f1": 0.9372693726937269,
    "dev_ner_precision": 0.9333333333333333,
    "dev_ner_recall": 0.9197080291970803,
    "dev_ner_span_f1": 0.926470588235294
}