{
    "epoch": "6/20",
    "best_epoch": 5,
    "max_gpu_mem": "2.5862",
    "cur_ram": "2.5004",
    "time_epoch": "0:00:03",
    "time_total": "0:00:25",
    "best_train_ner_loss": 49.78947213490804,
    "train_ner_loss": 29.738976860046385,
    "best_train_sum": 0.8887949260042285,
    "train_sum": 0.8887949260042285,
    "best_dev_ner_loss": 27.418585777282715,
    "dev_ner_loss": 20.69719362258911,
    "best_dev_sum": 0.8928571428571428,
    "dev_sum": 0.8673835125448027,
    "best_train_ner_precision": 0.7911040508339953,
    "best_train_ner_recall": 0.8630849220103987,
    "best_train_ner_span_f1": 0.825528387898881,
    "train_ner_precision": 0.8678777869529315,
    "train_ner_recall": 0.9107452339688041,
    "train_ner_span_f1": 0.8887949260042285,
    "best_dev_ner_precision": 0.8741258741258742,
    "best_dev_ner_recall": 0.9124087591240876,
    "best_dev_ner_span_f1": 0.8928571428571428,
    "dev_ner_precision": 0.852112676056338,
    "dev_ner_recall": 0.8832116788321168,
    "dev_ner_span_f1": 0.8673835125448027
}