{
    "epoch": "1/20",
    "best_epoch": 1,
    "max_gpu_mem": "1.0973",
    "cur_ram": "2.4648",
    "time_epoch": "0:00:02",
    "time_total": "0:00:05",
    "best_train_ner_loss": 802.9698872884114,
    "train_ner_loss": 802.9698872884114,
    "best_train_sum": 0.026627935124667153,
    "train_sum": 0.026627935124667153,
    "best_dev_ner_loss": 694.5814971923828,
    "dev_ner_loss": 694.5814971923828,
    "best_dev_sum": 0.0,
    "dev_sum": 0.0,
    "best_train_ner_precision": 0.018474974806852538,
    "best_train_ner_recall": 0.047660311958405546,
    "best_train_ner_span_f1": 0.026627935124667153,
    "train_ner_precision": 0.018474974806852538,
    "train_ner_recall": 0.047660311958405546,
    "train_ner_span_f1": 0.026627935124667153,
    "best_dev_ner_precision": 0.0,
    "best_dev_ner_recall": 0.0,
    "best_dev_ner_span_f1": 0.0,
    "dev_ner_precision": 0.0,
    "dev_ner_recall": 0.0,
    "dev_ner_span_f1": 0.0
}