{
    "epoch": "10/20",
    "best_epoch": 8,
    "max_gpu_mem": "2.5958",
    "cur_ram": "2.5004",
    "time_epoch": "0:00:03",
    "time_total": "0:00:40",
    "best_train_ner_loss": 15.376175435384114,
    "train_ner_loss": 8.567110443115235,
    "best_train_sum": 0.9711082363087538,
    "train_sum": 0.9711082363087538,
    "best_dev_ner_loss": 12.530983924865723,
    "dev_ner_loss": 15.423251152038574,
    "best_dev_sum": 0.9304029304029303,
    "dev_sum": 0.9304029304029303,
    "best_train_ner_precision": 0.9421276595744681,
    "best_train_ner_recall": 0.9592720970537262,
    "best_train_ner_span_f1": 0.9506225848003435,
    "train_ner_precision": 0.9665236051502146,
    "train_ner_recall": 0.975736568457539,
    "train_ner_span_f1": 0.9711082363087538,
    "best_dev_ner_precision": 0.9338235294117647,
    "best_dev_ner_recall": 0.927007299270073,
    "best_dev_ner_span_f1": 0.9304029304029303,
    "dev_ner_precision": 0.9338235294117647,
    "dev_ner_recall": 0.927007299270073,
    "dev_ner_span_f1": 0.9304029304029303
}