{
    "epoch": "3/20",
    "best_epoch": 3,
    "max_gpu_mem": "2.5853",
    "cur_ram": "2.4770",
    "time_epoch": "0:00:03",
    "time_total": "0:00:13",
    "best_train_ner_loss": 250.16996790568035,
    "train_ner_loss": 250.16996790568035,
    "best_train_sum": 0.145032632342277,
    "train_sum": 0.145032632342277,
    "best_dev_ner_loss": 115.09375,
    "dev_ner_loss": 115.09375,
    "best_dev_sum": 0.5547445255474452,
    "dev_sum": 0.5547445255474452,
    "best_train_ner_precision": 0.4444444444444444,
    "best_train_ner_recall": 0.08665511265164645,
    "best_train_ner_span_f1": 0.145032632342277,
    "train_ner_precision": 0.4444444444444444,
    "train_ner_recall": 0.08665511265164645,
    "train_ner_span_f1": 0.145032632342277,
    "best_dev_ner_precision": 0.5547445255474452,
    "best_dev_ner_recall": 0.5547445255474452,
    "best_dev_ner_span_f1": 0.5547445255474452,
    "dev_ner_precision": 0.5547445255474452,
    "dev_ner_recall": 0.5547445255474452,
    "dev_ner_span_f1": 0.5547445255474452
}