{
    "epoch": "2/20",
    "best_epoch": 1,
    "max_gpu_mem": "2.5853",
    "cur_ram": "2.4769",
    "time_epoch": "0:00:03",
    "time_total": "0:00:09",
    "best_train_ner_loss": 802.9698872884114,
    "train_ner_loss": 555.1817942301433,
    "best_train_sum": 0.0022062879205736346,
    "train_sum": 0.0022062879205736346,
    "best_dev_ner_loss": 694.5814971923828,
    "dev_ner_loss": 275.57838439941406,
    "best_dev_sum": 0.0,
    "dev_sum": 0.0,
    "best_train_ner_precision": 0.018474974806852538,
    "best_train_ner_recall": 0.047660311958405546,
    "best_train_ner_span_f1": 0.026627935124667153,
    "train_ner_precision": 0.0030349013657056147,
    "train_ner_recall": 0.0017331022530329288,
    "train_ner_span_f1": 0.0022062879205736346,
    "best_dev_ner_precision": 0.0,
    "best_dev_ner_recall": 0.0,
    "best_dev_ner_span_f1": 0.0,
    "dev_ner_precision": 0.0,
    "dev_ner_recall": 0.0,
    "dev_ner_span_f1": 0.0
}