{
    "epoch": "8/20",
    "best_epoch": 7,
    "max_gpu_mem": "2.5670",
    "cur_ram": "2.4507",
    "time_epoch": "0:00:07",
    "time_total": "0:01:06",
    "best_train_ner_loss": 11.342714996337891,
    "train_ner_loss": 6.411528167724609,
    "best_train_sum": 0.8995305164319249,
    "train_sum": 0.8995305164319249,
    "best_dev_ner_loss": 21.097436087472097,
    "dev_ner_loss": 22.85641152518136,
    "best_dev_sum": 0.7906976744186047,
    "dev_sum": 0.7630057803468209,
    "best_train_ner_precision": 0.8472998137802608,
    "best_train_ner_recall": 0.8666666666666667,
    "best_train_ner_span_f1": 0.856873822975518,
    "train_ner_precision": 0.8870370370370371,
    "train_ner_recall": 0.9123809523809524,
    "train_ner_span_f1": 0.8995305164319249,
    "best_dev_ner_precision": 0.7816091954022989,
    "best_dev_ner_recall": 0.8,
    "best_dev_ner_span_f1": 0.7906976744186047,
    "dev_ner_precision": 0.75,
    "dev_ner_recall": 0.7764705882352941,
    "dev_ner_span_f1": 0.7630057803468209
}