{
    "epoch": "14/20",
    "best_epoch": 10,
    "max_gpu_mem": "2.5670",
    "cur_ram": "2.4509",
    "time_epoch": "0:00:08",
    "time_total": "0:01:55",
    "best_train_ner_loss": 3.686177520751953,
    "train_ner_loss": 1.0198197555541992,
    "best_train_sum": 0.9857549857549858,
    "train_sum": 0.9857549857549858,
    "best_dev_ner_loss": 26.218550545828684,
    "dev_ner_loss": 28.23439679827009,
    "best_dev_sum": 0.8263473053892215,
    "dev_sum": 0.8000000000000002,
    "best_train_ner_precision": 0.9526515151515151,
    "best_train_ner_recall": 0.9580952380952381,
    "best_train_ner_span_f1": 0.9553656220322887,
    "train_ner_precision": 0.9829545454545454,
    "train_ner_recall": 0.9885714285714285,
    "train_ner_span_f1": 0.9857549857549858,
    "best_dev_ner_precision": 0.8414634146341463,
    "best_dev_ner_recall": 0.8117647058823529,
    "best_dev_ner_span_f1": 0.8263473053892215,
    "dev_ner_precision": 0.8,
    "dev_ner_recall": 0.8,
    "dev_ner_span_f1": 0.8000000000000002
}