{
    "epoch": "9/20",
    "best_epoch": 9,
    "max_gpu_mem": "2.5670",
    "cur_ram": "2.4507",
    "time_epoch": "0:00:07",
    "time_total": "0:01:14",
    "best_train_ner_loss": 4.402547073364258,
    "train_ner_loss": 4.402547073364258,
    "best_train_sum": 0.9375,
    "train_sum": 0.9375,
    "best_dev_ner_loss": 25.004363468715123,
    "dev_ner_loss": 25.004363468715123,
    "best_dev_sum": 0.8095238095238095,
    "dev_sum": 0.8095238095238095,
    "best_train_ner_precision": 0.9322033898305084,
    "best_train_ner_recall": 0.9428571428571428,
    "best_train_ner_span_f1": 0.9375,
    "train_ner_precision": 0.9322033898305084,
    "train_ner_recall": 0.9428571428571428,
    "train_ner_span_f1": 0.9375,
    "best_dev_ner_precision": 0.8192771084337349,
    "best_dev_ner_recall": 0.8,
    "best_dev_ner_span_f1": 0.8095238095238095,
    "dev_ner_precision": 0.8192771084337349,
    "dev_ner_recall": 0.8,
    "dev_ner_span_f1": 0.8095238095238095
}