{
    "epoch": "3/20",
    "best_epoch": 1,
    "max_gpu_mem": "2.5634",
    "cur_ram": "2.4380",
    "time_epoch": "0:00:07",
    "time_total": "0:00:25",
    "best_train_ner_loss": 1502.6363757324218,
    "train_ner_loss": 111.82527851104736,
    "best_train_sum": 0.0,
    "train_sum": 0.0,
    "best_dev_ner_loss": 1195.0287388392858,
    "dev_ner_loss": 103.17194175720215,
    "best_dev_sum": 0.0018458698661744347,
    "dev_sum": 0.0,
    "best_train_ner_precision": 0.0016130658332493195,
    "best_train_ner_recall": 0.06095238095238095,
    "best_train_ner_span_f1": 0.00314295536021215,
    "train_ner_precision": 0.0,
    "train_ner_recall": 0.0,
    "train_ner_span_f1": 0.0,
    "best_dev_ner_precision": 0.0009606147934678194,
    "best_dev_ner_recall": 0.023529411764705882,
    "best_dev_ner_span_f1": 0.0018458698661744347,
    "dev_ner_precision": 0.0,
    "dev_ner_recall": 0.0,
    "dev_ner_span_f1": 0.0
}