{
    "epoch": "2/20",
    "best_epoch": 1,
    "max_gpu_mem": "2.5584",
    "cur_ram": "2.4380",
    "time_epoch": "0:00:07",
    "time_total": "0:00:17",
    "best_train_ner_loss": 1502.6363757324218,
    "train_ner_loss": 738.2514230346679,
    "best_train_sum": 0.00027363524421945547,
    "train_sum": 0.00027363524421945547,
    "best_dev_ner_loss": 1195.0287388392858,
    "dev_ner_loss": 143.77733012608118,
    "best_dev_sum": 0.0018458698661744347,
    "dev_sum": 0.0,
    "best_train_ner_precision": 0.0016130658332493195,
    "best_train_ner_recall": 0.06095238095238095,
    "best_train_ner_span_f1": 0.00314295536021215,
    "train_ner_precision": 0.00014740566037735848,
    "train_ner_recall": 0.0019047619047619048,
    "train_ner_span_f1": 0.00027363524421945547,
    "best_dev_ner_precision": 0.0009606147934678194,
    "best_dev_ner_recall": 0.023529411764705882,
    "best_dev_ner_span_f1": 0.0018458698661744347,
    "dev_ner_precision": 0.0,
    "dev_ner_recall": 0.0,
    "dev_ner_span_f1": 0.0
}