{
    "epoch": "4/20",
    "best_epoch": 4,
    "max_gpu_mem": "2.5655",
    "cur_ram": "2.4380",
    "time_epoch": "0:00:07",
    "time_total": "0:00:33",
    "best_train_ner_loss": 61.288876113891604,
    "train_ner_loss": 61.288876113891604,
    "best_train_sum": 0.25,
    "train_sum": 0.25,
    "best_dev_ner_loss": 40.80825178963797,
    "dev_ner_loss": 40.80825178963797,
    "best_dev_sum": 0.36279069767441857,
    "dev_sum": 0.36279069767441857,
    "best_train_ner_precision": 0.3185840707964602,
    "best_train_ner_recall": 0.2057142857142857,
    "best_train_ner_span_f1": 0.25,
    "train_ner_precision": 0.3185840707964602,
    "train_ner_recall": 0.2057142857142857,
    "train_ner_span_f1": 0.25,
    "best_dev_ner_precision": 0.3,
    "best_dev_ner_recall": 0.4588235294117647,
    "best_dev_ner_span_f1": 0.36279069767441857,
    "dev_ner_precision": 0.3,
    "dev_ner_recall": 0.4588235294117647,
    "dev_ner_span_f1": 0.36279069767441857
}