{
  "best_metric": 88.2759,
  "best_model_checkpoint": "output/meta_2023-09-15-03-34-2711_hf_models_uie-base-en_spotasoc_entity_aquaint-old_multi_fold_8_e18_linear_lr1e-4_ls0_b16_wu0.06_n-1_RP_sn0.1_an0.1_run1/checkpoint-756",
  "epoch": 18.0,
  "global_step": 1512,
  "is_hyper_param_search": false,
  "is_local_process_zero": true,
  "is_world_process_zero": true,
  "log_history": [
    {
      "epoch": 1.0,
      "eval_asoc-F1": 0.0,
      "eval_asoc-P": 0.0,
      "eval_asoc-R": 0.0,
      "eval_asoc-gold": 0.0,
      "eval_asoc-pred": 0.0,
      "eval_asoc-tp": 0.0,
      "eval_gen_len": 4.6946,
      "eval_gold_tree": 72,
      "eval_loss": 0.19556336104869843,
      "eval_ordered-record-F1": 68.2927,
      "eval_ordered-record-P": 82.3529,
      "eval_ordered-record-R": 58.3333,
      "eval_ordered-record-gold": 72.0,
      "eval_ordered-record-pred": 51.0,
      "eval_ordered-record-tp": 42.0,
      "eval_overall-F1": 68.2927,
      "eval_pred_tree": 51,
      "eval_record-F1": 68.2927,
      "eval_record-P": 82.3529,
      "eval_record-R": 58.3333,
      "eval_record-gold": 72.0,
      "eval_record-pred": 51.0,
      "eval_record-tp": 42.0,
      "eval_runtime": 1.7338,
      "eval_samples_per_second": 96.318,
      "eval_spot-F1": 68.2927,
      "eval_spot-P": 82.3529,
      "eval_spot-R": 58.3333,
      "eval_spot-gold": 72.0,
      "eval_spot-pred": 51.0,
      "eval_spot-tp": 42.0,
      "eval_well-formed": 167,
      "step": 84
    },
    {
      "epoch": 2.0,
      "eval_asoc-F1": 0.0,
      "eval_asoc-P": 0.0,
      "eval_asoc-R": 0.0,
      "eval_asoc-gold": 0.0,
      "eval_asoc-pred": 0.0,
      "eval_asoc-tp": 0.0,
      "eval_gen_len": 5.2335,
      "eval_gold_tree": 72,
      "eval_loss": 0.10006340593099594,
      "eval_ordered-record-F1": 79.1367,
      "eval_ordered-record-P": 82.0896,
      "eval_ordered-record-R": 76.3889,
      "eval_ordered-record-gold": 72.0,
      "eval_ordered-record-pred": 67.0,
      "eval_ordered-record-tp": 55.0,
      "eval_overall-F1": 79.1367,
      "eval_pred_tree": 67,
      "eval_record-F1": 79.1367,
      "eval_record-P": 82.0896,
      "eval_record-R": 76.3889,
      "eval_record-gold": 72.0,
      "eval_record-pred": 67.0,
      "eval_record-tp": 55.0,
      "eval_runtime": 1.8233,
      "eval_samples_per_second": 91.594,
      "eval_spot-F1": 79.1367,
      "eval_spot-P": 82.0896,
      "eval_spot-R": 76.3889,
      "eval_spot-gold": 72.0,
      "eval_spot-pred": 67.0,
      "eval_spot-tp": 55.0,
      "eval_well-formed": 167,
      "step": 168
    },
    {
      "epoch": 3.0,
      "eval_asoc-F1": 0.0,
      "eval_asoc-P": 0.0,
      "eval_asoc-R": 0.0,
      "eval_asoc-gold": 0.0,
      "eval_asoc-pred": 0.0,
      "eval_asoc-tp": 0.0,
      "eval_gen_len": 5.2754,
      "eval_gold_tree": 72,
      "eval_loss": 0.09074672311544418,
      "eval_ordered-record-F1": 81.4286,
      "eval_ordered-record-P": 83.8235,
      "eval_ordered-record-R": 79.1667,
      "eval_ordered-record-gold": 72.0,
      "eval_ordered-record-pred": 68.0,
      "eval_ordered-record-tp": 57.0,
      "eval_overall-F1": 81.4286,
      "eval_pred_tree": 68,
      "eval_record-F1": 81.4286,
      "eval_record-P": 83.8235,
      "eval_record-R": 79.1667,
      "eval_record-gold": 72.0,
      "eval_record-pred": 68.0,
      "eval_record-tp": 57.0,
      "eval_runtime": 1.8379,
      "eval_samples_per_second": 90.866,
      "eval_spot-F1": 81.4286,
      "eval_spot-P": 83.8235,
      "eval_spot-R": 79.1667,
      "eval_spot-gold": 72.0,
      "eval_spot-pred": 68.0,
      "eval_spot-tp": 57.0,
      "eval_well-formed": 167,
      "step": 252
    },
    {
      "epoch": 4.0,
      "eval_asoc-F1": 0.0,
      "eval_asoc-P": 0.0,
      "eval_asoc-R": 0.0,
      "eval_asoc-gold": 0.0,
      "eval_asoc-pred": 0.0,
      "eval_asoc-tp": 0.0,
      "eval_gen_len": 5.2036,
      "eval_gold_tree": 72,
      "eval_loss": 0.08750008791685104,
      "eval_ordered-record-F1": 84.058,
      "eval_ordered-record-P": 87.8788,
      "eval_ordered-record-R": 80.5556,
      "eval_ordered-record-gold": 72.0,
      "eval_ordered-record-pred": 66.0,
      "eval_ordered-record-tp": 58.0,
      "eval_overall-F1": 84.058,
      "eval_pred_tree": 66,
      "eval_record-F1": 84.058,
      "eval_record-P": 87.8788,
      "eval_record-R": 80.5556,
      "eval_record-gold": 72.0,
      "eval_record-pred": 66.0,
      "eval_record-tp": 58.0,
      "eval_runtime": 1.6992,
      "eval_samples_per_second": 98.284,
      "eval_spot-F1": 84.058,
      "eval_spot-P": 87.8788,
      "eval_spot-R": 80.5556,
      "eval_spot-gold": 72.0,
      "eval_spot-pred": 66.0,
      "eval_spot-tp": 58.0,
      "eval_well-formed": 167,
      "step": 336
    },
    {
      "epoch": 5.0,
      "eval_asoc-F1": 0.0,
      "eval_asoc-P": 0.0,
      "eval_asoc-R": 0.0,
      "eval_asoc-gold": 0.0,
      "eval_asoc-pred": 0.0,
      "eval_asoc-tp": 0.0,
      "eval_gen_len": 5.3713,
      "eval_gold_tree": 72,
      "eval_loss": 0.0747259333729744,
      "eval_ordered-record-F1": 87.3239,
      "eval_ordered-record-P": 88.5714,
      "eval_ordered-record-R": 86.1111,
      "eval_ordered-record-gold": 72.0,
      "eval_ordered-record-pred": 70.0,
      "eval_ordered-record-tp": 62.0,
      "eval_overall-F1": 87.3239,
      "eval_pred_tree": 70,
      "eval_record-F1": 87.3239,
      "eval_record-P": 88.5714,
      "eval_record-R": 86.1111,
      "eval_record-gold": 72.0,
      "eval_record-pred": 70.0,
      "eval_record-tp": 62.0,
      "eval_runtime": 1.4888,
      "eval_samples_per_second": 112.17,
      "eval_spot-F1": 87.3239,
      "eval_spot-P": 88.5714,
      "eval_spot-R": 86.1111,
      "eval_spot-gold": 72.0,
      "eval_spot-pred": 70.0,
      "eval_spot-tp": 62.0,
      "eval_well-formed": 167,
      "step": 420
    },
    {
      "epoch": 5.95,
      "learning_rate": 7.121745249824068e-05,
      "loss": 0.2869,
      "step": 500
    },
    {
      "epoch": 6.0,
      "eval_asoc-F1": 0.0,
      "eval_asoc-P": 0.0,
      "eval_asoc-R": 0.0,
      "eval_asoc-gold": 0.0,
      "eval_asoc-pred": 0.0,
      "eval_asoc-tp": 0.0,
      "eval_gen_len": 5.3892,
      "eval_gold_tree": 72,
      "eval_loss": 0.09261883795261383,
      "eval_ordered-record-F1": 86.7133,
      "eval_ordered-record-P": 87.3239,
      "eval_ordered-record-R": 86.1111,
      "eval_ordered-record-gold": 72.0,
      "eval_ordered-record-pred": 71.0,
      "eval_ordered-record-tp": 62.0,
      "eval_overall-F1": 86.7133,
      "eval_pred_tree": 72,
      "eval_record-F1": 86.7133,
      "eval_record-P": 87.3239,
      "eval_record-R": 86.1111,
      "eval_record-gold": 72.0,
      "eval_record-pred": 71.0,
      "eval_record-tp": 62.0,
      "eval_runtime": 1.1304,
      "eval_samples_per_second": 147.729,
      "eval_spot-F1": 86.7133,
      "eval_spot-P": 87.3239,
      "eval_spot-R": 86.1111,
      "eval_spot-gold": 72.0,
      "eval_spot-pred": 71.0,
      "eval_spot-tp": 62.0,
      "eval_well-formed": 167,
      "step": 504
    },
    {
      "epoch": 7.0,
      "eval_asoc-F1": 0.0,
      "eval_asoc-P": 0.0,
      "eval_asoc-R": 0.0,
      "eval_asoc-gold": 0.0,
      "eval_asoc-pred": 0.0,
      "eval_asoc-tp": 0.0,
      "eval_gen_len": 5.3234,
      "eval_gold_tree": 72,
      "eval_loss": 0.08404988795518875,
      "eval_ordered-record-F1": 87.9433,
      "eval_ordered-record-P": 89.8551,
      "eval_ordered-record-R": 86.1111,
      "eval_ordered-record-gold": 72.0,
      "eval_ordered-record-pred": 69.0,
      "eval_ordered-record-tp": 62.0,
      "eval_overall-F1": 87.9433,
      "eval_pred_tree": 69,
      "eval_record-F1": 87.9433,
      "eval_record-P": 89.8551,
      "eval_record-R": 86.1111,
      "eval_record-gold": 72.0,
      "eval_record-pred": 69.0,
      "eval_record-tp": 62.0,
      "eval_runtime": 1.9044,
      "eval_samples_per_second": 87.691,
      "eval_spot-F1": 87.9433,
      "eval_spot-P": 89.8551,
      "eval_spot-R": 86.1111,
      "eval_spot-gold": 72.0,
      "eval_spot-pred": 69.0,
      "eval_spot-tp": 62.0,
      "eval_well-formed": 167,
      "step": 588
    },
    {
      "epoch": 8.0,
      "eval_asoc-F1": 0.0,
      "eval_asoc-P": 0.0,
      "eval_asoc-R": 0.0,
      "eval_asoc-gold": 0.0,
      "eval_asoc-pred": 0.0,
      "eval_asoc-tp": 0.0,
      "eval_gen_len": 5.3174,
      "eval_gold_tree": 72,
      "eval_loss": 0.12684106826782227,
      "eval_ordered-record-F1": 87.9433,
      "eval_ordered-record-P": 89.8551,
      "eval_ordered-record-R": 86.1111,
      "eval_ordered-record-gold": 72.0,
      "eval_ordered-record-pred": 69.0,
      "eval_ordered-record-tp": 62.0,
      "eval_overall-F1": 87.9433,
      "eval_pred_tree": 69,
      "eval_record-F1": 87.9433,
      "eval_record-P": 89.8551,
      "eval_record-R": 86.1111,
      "eval_record-gold": 72.0,
      "eval_record-pred": 69.0,
      "eval_record-tp": 62.0,
      "eval_runtime": 1.8953,
      "eval_samples_per_second": 88.111,
      "eval_spot-F1": 87.9433,
      "eval_spot-P": 89.8551,
      "eval_spot-R": 86.1111,
      "eval_spot-gold": 72.0,
      "eval_spot-pred": 69.0,
      "eval_spot-tp": 62.0,
      "eval_well-formed": 167,
      "step": 672
    },
    {
      "epoch": 9.0,
      "eval_asoc-F1": 0.0,
      "eval_asoc-P": 0.0,
      "eval_asoc-R": 0.0,
      "eval_asoc-gold": 0.0,
      "eval_asoc-pred": 0.0,
      "eval_asoc-tp": 0.0,
      "eval_gen_len": 5.4611,
      "eval_gold_tree": 72,
      "eval_loss": 0.11337265372276306,
      "eval_ordered-record-F1": 88.2759,
      "eval_ordered-record-P": 87.6712,
      "eval_ordered-record-R": 88.8889,
      "eval_ordered-record-gold": 72.0,
      "eval_ordered-record-pred": 73.0,
      "eval_ordered-record-tp": 64.0,
      "eval_overall-F1": 88.2759,
      "eval_pred_tree": 73,
      "eval_record-F1": 88.2759,
      "eval_record-P": 87.6712,
      "eval_record-R": 88.8889,
      "eval_record-gold": 72.0,
      "eval_record-pred": 73.0,
      "eval_record-tp": 64.0,
      "eval_runtime": 1.9366,
      "eval_samples_per_second": 86.234,
      "eval_spot-F1": 88.2759,
      "eval_spot-P": 87.6712,
      "eval_spot-R": 88.8889,
      "eval_spot-gold": 72.0,
      "eval_spot-pred": 73.0,
      "eval_spot-tp": 64.0,
      "eval_well-formed": 167,
      "step": 756
    },
    {
      "epoch": 10.0,
      "eval_asoc-F1": 0.0,
      "eval_asoc-P": 0.0,
      "eval_asoc-R": 0.0,
      "eval_asoc-gold": 0.0,
      "eval_asoc-pred": 0.0,
      "eval_asoc-tp": 0.0,
      "eval_gen_len": 5.3713,
      "eval_gold_tree": 72,
      "eval_loss": 0.1200820580124855,
      "eval_ordered-record-F1": 85.9155,
      "eval_ordered-record-P": 87.1429,
      "eval_ordered-record-R": 84.7222,
      "eval_ordered-record-gold": 72.0,
      "eval_ordered-record-pred": 70.0,
      "eval_ordered-record-tp": 61.0,
      "eval_overall-F1": 85.9155,
      "eval_pred_tree": 70,
      "eval_record-F1": 85.9155,
      "eval_record-P": 87.1429,
      "eval_record-R": 84.7222,
      "eval_record-gold": 72.0,
      "eval_record-pred": 70.0,
      "eval_record-tp": 61.0,
      "eval_runtime": 1.9321,
      "eval_samples_per_second": 86.435,
      "eval_spot-F1": 85.9155,
      "eval_spot-P": 87.1429,
      "eval_spot-R": 84.7222,
      "eval_spot-gold": 72.0,
      "eval_spot-pred": 70.0,
      "eval_spot-tp": 61.0,
      "eval_well-formed": 167,
      "step": 840
    },
    {
      "epoch": 11.0,
      "eval_asoc-F1": 0.0,
      "eval_asoc-P": 0.0,
      "eval_asoc-R": 0.0,
      "eval_asoc-gold": 0.0,
      "eval_asoc-pred": 0.0,
      "eval_asoc-tp": 0.0,
      "eval_gen_len": 5.4012,
      "eval_gold_tree": 72,
      "eval_loss": 0.12655134499073029,
      "eval_ordered-record-F1": 88.1119,
      "eval_ordered-record-P": 88.7324,
      "eval_ordered-record-R": 87.5,
      "eval_ordered-record-gold": 72.0,
      "eval_ordered-record-pred": 71.0,
      "eval_ordered-record-tp": 63.0,
      "eval_overall-F1": 88.1119,
      "eval_pred_tree": 71,
      "eval_record-F1": 88.1119,
      "eval_record-P": 88.7324,
      "eval_record-R": 87.5,
      "eval_record-gold": 72.0,
      "eval_record-pred": 71.0,
      "eval_record-tp": 63.0,
      "eval_runtime": 1.9409,
      "eval_samples_per_second": 86.044,
      "eval_spot-F1": 88.1119,
      "eval_spot-P": 88.7324,
      "eval_spot-R": 87.5,
      "eval_spot-gold": 72.0,
      "eval_spot-pred": 71.0,
      "eval_spot-tp": 63.0,
      "eval_well-formed": 167,
      "step": 924
    },
    {
      "epoch": 11.9,
      "learning_rate": 3.603096410978184e-05,
      "loss": 0.0603,
      "step": 1000
    },
    {
      "epoch": 12.0,
      "eval_asoc-F1": 0.0,
      "eval_asoc-P": 0.0,
      "eval_asoc-R": 0.0,
      "eval_asoc-gold": 0.0,
      "eval_asoc-pred": 0.0,
      "eval_asoc-tp": 0.0,
      "eval_gen_len": 5.4551,
      "eval_gold_tree": 72,
      "eval_loss": 0.13920024037361145,
      "eval_ordered-record-F1": 88.1119,
      "eval_ordered-record-P": 88.7324,
      "eval_ordered-record-R": 87.5,
      "eval_ordered-record-gold": 72.0,
      "eval_ordered-record-pred": 71.0,
      "eval_ordered-record-tp": 63.0,
      "eval_overall-F1": 88.1119,
      "eval_pred_tree": 73,
      "eval_record-F1": 88.1119,
      "eval_record-P": 88.7324,
      "eval_record-R": 87.5,
      "eval_record-gold": 72.0,
      "eval_record-pred": 71.0,
      "eval_record-tp": 63.0,
      "eval_runtime": 2.1409,
      "eval_samples_per_second": 78.004,
      "eval_spot-F1": 88.1119,
      "eval_spot-P": 88.7324,
      "eval_spot-R": 87.5,
      "eval_spot-gold": 72.0,
      "eval_spot-pred": 71.0,
      "eval_spot-tp": 63.0,
      "eval_well-formed": 167,
      "step": 1008
    },
    {
      "epoch": 13.0,
      "eval_asoc-F1": 0.0,
      "eval_asoc-P": 0.0,
      "eval_asoc-R": 0.0,
      "eval_asoc-gold": 0.0,
      "eval_asoc-pred": 0.0,
      "eval_asoc-tp": 0.0,
      "eval_gen_len": 5.3653,
      "eval_gold_tree": 72,
      "eval_loss": 0.13488426804542542,
      "eval_ordered-record-F1": 87.3239,
      "eval_ordered-record-P": 88.5714,
      "eval_ordered-record-R": 86.1111,
      "eval_ordered-record-gold": 72.0,
      "eval_ordered-record-pred": 70.0,
      "eval_ordered-record-tp": 62.0,
      "eval_overall-F1": 87.3239,
      "eval_pred_tree": 70,
      "eval_record-F1": 87.3239,
      "eval_record-P": 88.5714,
      "eval_record-R": 86.1111,
      "eval_record-gold": 72.0,
      "eval_record-pred": 70.0,
      "eval_record-tp": 62.0,
      "eval_runtime": 1.9715,
      "eval_samples_per_second": 84.707,
      "eval_spot-F1": 87.3239,
      "eval_spot-P": 88.5714,
      "eval_spot-R": 86.1111,
      "eval_spot-gold": 72.0,
      "eval_spot-pred": 70.0,
      "eval_spot-tp": 62.0,
      "eval_well-formed": 167,
      "step": 1092
    },
    {
      "epoch": 14.0,
      "eval_asoc-F1": 0.0,
      "eval_asoc-P": 0.0,
      "eval_asoc-R": 0.0,
      "eval_asoc-gold": 0.0,
      "eval_asoc-pred": 0.0,
      "eval_asoc-tp": 0.0,
      "eval_gen_len": 5.2575,
      "eval_gold_tree": 72,
      "eval_loss": 0.1674376130104065,
      "eval_ordered-record-F1": 86.3309,
      "eval_ordered-record-P": 89.5522,
      "eval_ordered-record-R": 83.3333,
      "eval_ordered-record-gold": 72.0,
      "eval_ordered-record-pred": 67.0,
      "eval_ordered-record-tp": 60.0,
      "eval_overall-F1": 86.3309,
      "eval_pred_tree": 67,
      "eval_record-F1": 86.3309,
      "eval_record-P": 89.5522,
      "eval_record-R": 83.3333,
      "eval_record-gold": 72.0,
      "eval_record-pred": 67.0,
      "eval_record-tp": 60.0,
      "eval_runtime": 2.0135,
      "eval_samples_per_second": 82.942,
      "eval_spot-F1": 86.3309,
      "eval_spot-P": 89.5522,
      "eval_spot-R": 83.3333,
      "eval_spot-gold": 72.0,
      "eval_spot-pred": 67.0,
      "eval_spot-tp": 60.0,
      "eval_well-formed": 167,
      "step": 1176
    },
    {
      "epoch": 15.0,
      "eval_asoc-F1": 0.0,
      "eval_asoc-P": 0.0,
      "eval_asoc-R": 0.0,
      "eval_asoc-gold": 0.0,
      "eval_asoc-pred": 0.0,
      "eval_asoc-tp": 0.0,
      "eval_gen_len": 5.4731,
      "eval_gold_tree": 72,
      "eval_loss": 0.17221635580062866,
      "eval_ordered-record-F1": 88.2759,
      "eval_ordered-record-P": 87.6712,
      "eval_ordered-record-R": 88.8889,
      "eval_ordered-record-gold": 72.0,
      "eval_ordered-record-pred": 73.0,
      "eval_ordered-record-tp": 64.0,
      "eval_overall-F1": 88.2759,
      "eval_pred_tree": 73,
      "eval_record-F1": 88.2759,
      "eval_record-P": 87.6712,
      "eval_record-R": 88.8889,
      "eval_record-gold": 72.0,
      "eval_record-pred": 73.0,
      "eval_record-tp": 64.0,
      "eval_runtime": 1.9193,
      "eval_samples_per_second": 87.01,
      "eval_spot-F1": 88.2759,
      "eval_spot-P": 87.6712,
      "eval_spot-R": 88.8889,
      "eval_spot-gold": 72.0,
      "eval_spot-pred": 73.0,
      "eval_spot-tp": 64.0,
      "eval_well-formed": 167,
      "step": 1260
    },
    {
      "epoch": 16.0,
      "eval_asoc-F1": 0.0,
      "eval_asoc-P": 0.0,
      "eval_asoc-R": 0.0,
      "eval_asoc-gold": 0.0,
      "eval_asoc-pred": 0.0,
      "eval_asoc-tp": 0.0,
      "eval_gen_len": 5.3772,
      "eval_gold_tree": 72,
      "eval_loss": 0.16640236973762512,
      "eval_ordered-record-F1": 85.9155,
      "eval_ordered-record-P": 87.1429,
      "eval_ordered-record-R": 84.7222,
      "eval_ordered-record-gold": 72.0,
      "eval_ordered-record-pred": 70.0,
      "eval_ordered-record-tp": 61.0,
      "eval_overall-F1": 85.9155,
      "eval_pred_tree": 70,
      "eval_record-F1": 85.9155,
      "eval_record-P": 87.1429,
      "eval_record-R": 84.7222,
      "eval_record-gold": 72.0,
      "eval_record-pred": 70.0,
      "eval_record-tp": 61.0,
      "eval_runtime": 1.8995,
      "eval_samples_per_second": 87.92,
      "eval_spot-F1": 85.9155,
      "eval_spot-P": 87.1429,
      "eval_spot-R": 84.7222,
      "eval_spot-gold": 72.0,
      "eval_spot-pred": 70.0,
      "eval_spot-tp": 61.0,
      "eval_well-formed": 167,
      "step": 1344
    },
    {
      "epoch": 17.0,
      "eval_asoc-F1": 0.0,
      "eval_asoc-P": 0.0,
      "eval_asoc-R": 0.0,
      "eval_asoc-gold": 0.0,
      "eval_asoc-pred": 0.0,
      "eval_asoc-tp": 0.0,
      "eval_gen_len": 5.4072,
      "eval_gold_tree": 72,
      "eval_loss": 0.1658250242471695,
      "eval_ordered-record-F1": 86.7133,
      "eval_ordered-record-P": 87.3239,
      "eval_ordered-record-R": 86.1111,
      "eval_ordered-record-gold": 72.0,
      "eval_ordered-record-pred": 71.0,
      "eval_ordered-record-tp": 62.0,
      "eval_overall-F1": 86.7133,
      "eval_pred_tree": 71,
      "eval_record-F1": 86.7133,
      "eval_record-P": 87.3239,
      "eval_record-R": 86.1111,
      "eval_record-gold": 72.0,
      "eval_record-pred": 71.0,
      "eval_record-tp": 62.0,
      "eval_runtime": 1.5867,
      "eval_samples_per_second": 105.252,
      "eval_spot-F1": 86.7133,
      "eval_spot-P": 87.3239,
      "eval_spot-R": 86.1111,
      "eval_spot-gold": 72.0,
      "eval_spot-pred": 71.0,
      "eval_spot-tp": 62.0,
      "eval_well-formed": 167,
      "step": 1428
    },
    {
      "epoch": 17.86,
      "learning_rate": 8.44475721323012e-07,
      "loss": 0.0449,
      "step": 1500
    },
    {
      "epoch": 18.0,
      "eval_asoc-F1": 0.0,
      "eval_asoc-P": 0.0,
      "eval_asoc-R": 0.0,
      "eval_asoc-gold": 0.0,
      "eval_asoc-pred": 0.0,
      "eval_asoc-tp": 0.0,
      "eval_gen_len": 5.4072,
      "eval_gold_tree": 72,
      "eval_loss": 0.16235435009002686,
      "eval_ordered-record-F1": 86.7133,
      "eval_ordered-record-P": 87.3239,
      "eval_ordered-record-R": 86.1111,
      "eval_ordered-record-gold": 72.0,
      "eval_ordered-record-pred": 71.0,
      "eval_ordered-record-tp": 62.0,
      "eval_overall-F1": 86.7133,
      "eval_pred_tree": 71,
      "eval_record-F1": 86.7133,
      "eval_record-P": 87.3239,
      "eval_record-R": 86.1111,
      "eval_record-gold": 72.0,
      "eval_record-pred": 71.0,
      "eval_record-tp": 62.0,
      "eval_runtime": 1.9255,
      "eval_samples_per_second": 86.729,
      "eval_spot-F1": 86.7133,
      "eval_spot-P": 87.3239,
      "eval_spot-R": 86.1111,
      "eval_spot-gold": 72.0,
      "eval_spot-pred": 71.0,
      "eval_spot-tp": 62.0,
      "eval_well-formed": 167,
      "step": 1512
    }
  ],
  "max_steps": 1512,
  "num_train_epochs": 18,
  "total_flos": 183514712371200.0,
  "trial_name": null,
  "trial_params": null
}
