{
    "epoch": "3/20",
    "best_epoch": 3,
    "max_gpu_mem": "2.5688",
    "cur_ram": "2.4667",
    "time_epoch": "0:00:03",
    "time_total": "0:00:13",
    "best_train_ner_loss": 252.060834757487,
    "train_ner_loss": 252.060834757487,
    "best_train_sum": 0.07442596991290577,
    "train_sum": 0.07442596991290577,
    "best_dev_ner_loss": 158.6964340209961,
    "dev_ner_loss": 158.6964340209961,
    "best_dev_sum": 0.4237918215613383,
    "dev_sum": 0.4237918215613383,
    "best_train_ner_precision": 0.40869565217391307,
    "best_train_ner_recall": 0.040940766550522645,
    "best_train_ner_span_f1": 0.07442596991290577,
    "train_ner_precision": 0.40869565217391307,
    "train_ner_recall": 0.040940766550522645,
    "train_ner_span_f1": 0.07442596991290577,
    "best_dev_ner_precision": 0.4789915966386555,
    "best_dev_ner_recall": 0.38,
    "best_dev_ner_span_f1": 0.4237918215613383,
    "dev_ner_precision": 0.4789915966386555,
    "dev_ner_recall": 0.38,
    "dev_ner_span_f1": 0.4237918215613383
}