{
    "epoch": "17/20",
    "best_epoch": 12,
    "max_gpu_mem": "2.5750",
    "cur_ram": "2.4788",
    "time_epoch": "0:00:03",
    "time_total": "0:01:07",
    "best_train_ner_loss": 4.5270028432210285,
    "train_ner_loss": 2.308535575866699,
    "best_train_sum": 0.9934754240974336,
    "train_sum": 0.9934754240974336,
    "best_dev_ner_loss": 19.940895080566406,
    "dev_ner_loss": 24.81076717376709,
    "best_dev_sum": 0.9668874172185431,
    "dev_sum": 0.96,
    "best_train_ner_precision": 0.9861111111111112,
    "best_train_ner_recall": 0.9895470383275261,
    "best_train_ner_span_f1": 0.9878260869565219,
    "train_ner_precision": 0.9921807124239791,
    "train_ner_recall": 0.9947735191637631,
    "train_ner_span_f1": 0.9934754240974336,
    "best_dev_ner_precision": 0.9605263157894737,
    "best_dev_ner_recall": 0.9733333333333334,
    "best_dev_ner_span_f1": 0.9668874172185431,
    "dev_ner_precision": 0.96,
    "dev_ner_recall": 0.96,
    "dev_ner_span_f1": 0.96
}