{
    "epoch": "15/20",
    "best_epoch": 12,
    "max_gpu_mem": "2.5750",
    "cur_ram": "2.4788",
    "time_epoch": "0:00:03",
    "time_total": "0:01:00",
    "best_train_ner_loss": 4.5270028432210285,
    "train_ner_loss": 3.4050803502400715,
    "best_train_sum": 0.9917355371900826,
    "train_sum": 0.9917355371900826,
    "best_dev_ner_loss": 19.940895080566406,
    "dev_ner_loss": 26.6488037109375,
    "best_dev_sum": 0.9668874172185431,
    "dev_sum": 0.9504950495049505,
    "best_train_ner_precision": 0.9861111111111112,
    "best_train_ner_recall": 0.9895470383275261,
    "best_train_ner_span_f1": 0.9878260869565219,
    "train_ner_precision": 0.9904430929626412,
    "train_ner_recall": 0.9930313588850174,
    "train_ner_span_f1": 0.9917355371900826,
    "best_dev_ner_precision": 0.9605263157894737,
    "best_dev_ner_recall": 0.9733333333333334,
    "best_dev_ner_span_f1": 0.9668874172185431,
    "dev_ner_precision": 0.9411764705882353,
    "dev_ner_recall": 0.96,
    "dev_ner_span_f1": 0.9504950495049505
}