{
    "epoch": "1/20",
    "best_epoch": 1,
    "max_gpu_mem": "1.0638",
    "cur_ram": "2.4545",
    "time_epoch": "0:00:02",
    "time_total": "0:00:05",
    "best_train_ner_loss": 797.3891072591146,
    "train_ner_loss": 797.3891072591146,
    "best_train_sum": 0.0017167381974248926,
    "train_sum": 0.0017167381974248926,
    "best_dev_ner_loss": 726.5306091308594,
    "dev_ner_loss": 726.5306091308594,
    "best_dev_sum": 0.0,
    "dev_sum": 0.0,
    "best_train_ner_precision": 0.001692047377326565,
    "best_train_ner_recall": 0.0017421602787456446,
    "best_train_ner_span_f1": 0.0017167381974248926,
    "train_ner_precision": 0.001692047377326565,
    "train_ner_recall": 0.0017421602787456446,
    "train_ner_span_f1": 0.0017167381974248926,
    "best_dev_ner_precision": 0.0,
    "best_dev_ner_recall": 0.0,
    "best_dev_ner_span_f1": 0.0,
    "dev_ner_precision": 0.0,
    "dev_ner_recall": 0.0,
    "dev_ner_span_f1": 0.0
}