{
    "epoch": "18/20",
    "best_epoch": 12,
    "max_gpu_mem": "2.5750",
    "cur_ram": "2.4788",
    "time_epoch": "0:00:03",
    "time_total": "0:01:11",
    "best_train_ner_loss": 4.5270028432210285,
    "train_ner_loss": 1.9061063130696614,
    "best_train_sum": 0.9969525468001741,
    "train_sum": 0.9969525468001741,
    "best_dev_ner_loss": 19.940895080566406,
    "dev_ner_loss": 26.480708122253418,
    "best_dev_sum": 0.9668874172185431,
    "dev_sum": 0.9568106312292359,
    "best_train_ner_precision": 0.9861111111111112,
    "best_train_ner_recall": 0.9895470383275261,
    "best_train_ner_span_f1": 0.9878260869565219,
    "train_ner_precision": 0.9965187119234117,
    "train_ner_recall": 0.9973867595818815,
    "train_ner_span_f1": 0.9969525468001741,
    "best_dev_ner_precision": 0.9605263157894737,
    "best_dev_ner_recall": 0.9733333333333334,
    "best_dev_ner_span_f1": 0.9668874172185431,
    "dev_ner_precision": 0.9536423841059603,
    "dev_ner_recall": 0.96,
    "dev_ner_span_f1": 0.9568106312292359
}