{
    "epoch": "14/20",
    "best_epoch": 12,
    "max_gpu_mem": "2.5750",
    "cur_ram": "2.4788",
    "time_epoch": "0:00:03",
    "time_total": "0:00:56",
    "best_train_ner_loss": 4.5270028432210285,
    "train_ner_loss": 4.037686157226562,
    "best_train_sum": 0.9843885516045099,
    "train_sum": 0.9843885516045099,
    "best_dev_ner_loss": 19.940895080566406,
    "dev_ner_loss": 25.138874053955078,
    "best_dev_sum": 0.9668874172185431,
    "dev_sum": 0.9504950495049505,
    "best_train_ner_precision": 0.9861111111111112,
    "best_train_ner_recall": 0.9895470383275261,
    "best_train_ner_span_f1": 0.9878260869565219,
    "train_ner_precision": 0.9801381692573402,
    "train_ner_recall": 0.9886759581881533,
    "train_ner_span_f1": 0.9843885516045099,
    "best_dev_ner_precision": 0.9605263157894737,
    "best_dev_ner_recall": 0.9733333333333334,
    "best_dev_ner_span_f1": 0.9668874172185431,
    "dev_ner_precision": 0.9411764705882353,
    "dev_ner_recall": 0.96,
    "dev_ner_span_f1": 0.9504950495049505
}