{
    "epoch": "8/20",
    "best_epoch": 7,
    "max_gpu_mem": "2.5688",
    "cur_ram": "2.4787",
    "time_epoch": "0:00:03",
    "time_total": "0:00:33",
    "best_train_ner_loss": 19.841665967305502,
    "train_ner_loss": 14.885388565063476,
    "best_train_sum": 0.9571614019904803,
    "train_sum": 0.9571614019904803,
    "best_dev_ner_loss": 22.982840538024902,
    "dev_ner_loss": 19.13700008392334,
    "best_dev_sum": 0.9377049180327869,
    "dev_sum": 0.9342105263157895,
    "best_train_ner_precision": 0.909245122985581,
    "best_train_ner_recall": 0.9337979094076655,
    "best_train_ner_span_f1": 0.9213579716373013,
    "train_ner_precision": 0.9509888220120378,
    "train_ner_recall": 0.9634146341463414,
    "train_ner_span_f1": 0.9571614019904803,
    "best_dev_ner_precision": 0.9225806451612903,
    "best_dev_ner_recall": 0.9533333333333334,
    "best_dev_ner_span_f1": 0.9377049180327869,
    "dev_ner_precision": 0.922077922077922,
    "dev_ner_recall": 0.9466666666666667,
    "dev_ner_span_f1": 0.9342105263157895
}