{
    "epoch": "2/20",
    "best_epoch": 1,
    "max_gpu_mem": "2.5688",
    "cur_ram": "2.4667",
    "time_epoch": "0:00:03",
    "time_total": "0:00:09",
    "best_train_ner_loss": 797.3891072591146,
    "train_ner_loss": 550.1515429178874,
    "best_train_sum": 0.0,
    "train_sum": 0.0,
    "best_dev_ner_loss": 726.5306091308594,
    "dev_ner_loss": 312.5605010986328,
    "best_dev_sum": 0.0,
    "dev_sum": 0.0,
    "best_train_ner_precision": 0.001692047377326565,
    "best_train_ner_recall": 0.0017421602787456446,
    "best_train_ner_span_f1": 0.0017167381974248926,
    "train_ner_precision": 0.0,
    "train_ner_recall": 0.0,
    "train_ner_span_f1": 0.0,
    "best_dev_ner_precision": 0.0,
    "best_dev_ner_recall": 0.0,
    "best_dev_ner_span_f1": 0.0,
    "dev_ner_precision": 0.0,
    "dev_ner_recall": 0.0,
    "dev_ner_span_f1": 0.0
}