{
    "epoch": "5/20",
    "best_epoch": 5,
    "max_gpu_mem": "2.5688",
    "cur_ram": "2.4781",
    "time_epoch": "0:00:03",
    "time_total": "0:00:21",
    "best_train_ner_loss": 47.47415981292725,
    "train_ner_loss": 47.47415981292725,
    "best_train_sum": 0.8355179704016913,
    "train_sum": 0.8355179704016913,
    "best_dev_ner_loss": 35.14191818237305,
    "dev_ner_loss": 35.14191818237305,
    "best_dev_sum": 0.9055374592833875,
    "dev_sum": 0.9055374592833875,
    "best_train_ner_precision": 0.8118323746918652,
    "best_train_ner_recall": 0.8606271777003485,
    "best_train_ner_span_f1": 0.8355179704016913,
    "train_ner_precision": 0.8118323746918652,
    "train_ner_recall": 0.8606271777003485,
    "train_ner_span_f1": 0.8355179704016913,
    "best_dev_ner_precision": 0.8853503184713376,
    "best_dev_ner_recall": 0.9266666666666666,
    "best_dev_ner_span_f1": 0.9055374592833875,
    "dev_ner_precision": 0.8853503184713376,
    "dev_ner_recall": 0.9266666666666666,
    "dev_ner_span_f1": 0.9055374592833875
}