{
    "epoch": "6/20",
    "best_epoch": 6,
    "max_gpu_mem": "2.5688",
    "cur_ram": "2.4786",
    "time_epoch": "0:00:03",
    "time_total": "0:00:25",
    "best_train_ner_loss": 28.294479242960612,
    "train_ner_loss": 28.294479242960612,
    "best_train_sum": 0.9000861326442722,
    "train_sum": 0.9000861326442722,
    "best_dev_ner_loss": 28.38379955291748,
    "dev_ner_loss": 28.38379955291748,
    "best_dev_sum": 0.9120521172638437,
    "dev_sum": 0.9120521172638437,
    "best_train_ner_precision": 0.8901192504258943,
    "best_train_ner_recall": 0.9102787456445993,
    "best_train_ner_span_f1": 0.9000861326442722,
    "train_ner_precision": 0.8901192504258943,
    "train_ner_recall": 0.9102787456445993,
    "train_ner_span_f1": 0.9000861326442722,
    "best_dev_ner_precision": 0.89171974522293,
    "best_dev_ner_recall": 0.9333333333333333,
    "best_dev_ner_span_f1": 0.9120521172638437,
    "dev_ner_precision": 0.89171974522293,
    "dev_ner_recall": 0.9333333333333333,
    "dev_ner_span_f1": 0.9120521172638437
}