{
    "epoch": "4/20",
    "best_epoch": 4,
    "max_gpu_mem": "2.5688",
    "cur_ram": "2.4711",
    "time_epoch": "0:00:03",
    "time_total": "0:00:17",
    "best_train_ner_loss": 110.48863614400229,
    "train_ner_loss": 110.48863614400229,
    "best_train_sum": 0.6075731497418244,
    "train_sum": 0.6075731497418244,
    "best_dev_ner_loss": 56.61121463775635,
    "dev_ner_loss": 56.61121463775635,
    "best_dev_sum": 0.7817589576547231,
    "dev_sum": 0.7817589576547231,
    "best_train_ner_precision": 0.6003401360544217,
    "best_train_ner_recall": 0.6149825783972126,
    "best_train_ner_span_f1": 0.6075731497418244,
    "train_ner_precision": 0.6003401360544217,
    "train_ner_recall": 0.6149825783972126,
    "train_ner_span_f1": 0.6075731497418244,
    "best_dev_ner_precision": 0.7643312101910829,
    "best_dev_ner_recall": 0.8,
    "best_dev_ner_span_f1": 0.7817589576547231,
    "dev_ner_precision": 0.7643312101910829,
    "dev_ner_recall": 0.8,
    "dev_ner_span_f1": 0.7817589576547231
}