{
    "epoch": "7/20",
    "best_epoch": 6,
    "max_gpu_mem": "2.5978",
    "cur_ram": "2.4344",
    "time_epoch": "0:00:07",
    "time_total": "0:00:58",
    "best_train_ner_loss": 18.32129772186279,
    "train_ner_loss": 12.107146148681641,
    "best_train_sum": 0.8187793427230047,
    "train_sum": 0.8187793427230047,
    "best_dev_ner_loss": 21.41996111188616,
    "dev_ner_loss": 23.873938969203405,
    "best_dev_sum": 0.7244094488188977,
    "dev_sum": 0.7218045112781954,
    "best_train_ner_precision": 0.7188612099644128,
    "best_train_ner_recall": 0.7739463601532567,
    "best_train_ner_span_f1": 0.7453874538745386,
    "train_ner_precision": 0.8029465930018416,
    "train_ner_recall": 0.8352490421455939,
    "train_ner_span_f1": 0.8187793427230047,
    "best_dev_ner_precision": 0.71875,
    "best_dev_ner_recall": 0.7301587301587301,
    "best_dev_ner_span_f1": 0.7244094488188977,
    "dev_ner_precision": 0.6857142857142857,
    "dev_ner_recall": 0.7619047619047619,
    "dev_ner_span_f1": 0.7218045112781954
}