{
    "epoch": "1/20",
    "best_epoch": 1,
    "max_gpu_mem": "1.2733",
    "cur_ram": "2.4159",
    "time_epoch": "0:00:06",
    "time_total": "0:00:09",
    "best_train_ner_loss": 1500.1590490722656,
    "train_ner_loss": 1500.1590490722656,
    "best_train_sum": 0.002080856123662307,
    "train_sum": 0.002080856123662307,
    "best_dev_ner_loss": 1186.0656040736608,
    "dev_ner_loss": 1186.0656040736608,
    "best_dev_sum": 0.0,
    "dev_sum": 0.0,
    "best_train_ner_precision": 0.0010680500457735734,
    "best_train_ner_recall": 0.040229885057471264,
    "best_train_ner_span_f1": 0.002080856123662307,
    "train_ner_precision": 0.0010680500457735734,
    "train_ner_recall": 0.040229885057471264,
    "train_ner_span_f1": 0.002080856123662307,
    "best_dev_ner_precision": 0.0,
    "best_dev_ner_recall": 0.0,
    "best_dev_ner_span_f1": 0.0,
    "dev_ner_precision": 0.0,
    "dev_ner_recall": 0.0,
    "dev_ner_span_f1": 0.0
}