{
    "epoch": "2/20",
    "best_epoch": 1,
    "max_gpu_mem": "2.5878",
    "cur_ram": "2.4283",
    "time_epoch": "0:00:08",
    "time_total": "0:00:17",
    "best_train_ner_loss": 1500.1590490722656,
    "train_ner_loss": 738.147378692627,
    "best_train_sum": 0.0002722940776038122,
    "train_sum": 0.0002722940776038122,
    "best_dev_ner_loss": 1186.0656040736608,
    "dev_ner_loss": 120.67632130214146,
    "best_dev_sum": 0.0,
    "dev_sum": 0.0,
    "best_train_ner_precision": 0.0010680500457735734,
    "best_train_ner_recall": 0.040229885057471264,
    "best_train_ner_span_f1": 0.002080856123662307,
    "train_ner_precision": 0.0001465630954125751,
    "train_ner_recall": 0.0019157088122605363,
    "train_ner_span_f1": 0.0002722940776038122,
    "best_dev_ner_precision": 0.0,
    "best_dev_ner_recall": 0.0,
    "best_dev_ner_span_f1": 0.0,
    "dev_ner_precision": 0.0,
    "dev_ner_recall": 0.0,
    "dev_ner_span_f1": 0.0
}