{
    "epoch": "11/20",
    "best_epoch": 6,
    "max_gpu_mem": "2.5978",
    "cur_ram": "2.4344",
    "time_epoch": "0:00:07",
    "time_total": "0:01:30",
    "best_train_ner_loss": 18.32129772186279,
    "train_ner_loss": 2.102373924255371,
    "best_train_sum": 0.9695238095238096,
    "train_sum": 0.9695238095238096,
    "best_dev_ner_loss": 21.41996111188616,
    "dev_ner_loss": 29.085995265415736,
    "best_dev_sum": 0.7244094488188977,
    "dev_sum": 0.7164179104477612,
    "best_train_ner_precision": 0.7188612099644128,
    "best_train_ner_recall": 0.7739463601532567,
    "best_train_ner_span_f1": 0.7453874538745386,
    "train_ner_precision": 0.9640151515151515,
    "train_ner_recall": 0.975095785440613,
    "train_ner_span_f1": 0.9695238095238096,
    "best_dev_ner_precision": 0.71875,
    "best_dev_ner_recall": 0.7301587301587301,
    "best_dev_ner_span_f1": 0.7244094488188977,
    "dev_ner_precision": 0.676056338028169,
    "dev_ner_recall": 0.7619047619047619,
    "dev_ner_span_f1": 0.7164179104477612
}