{
    "epoch": "3/20",
    "best_epoch": 1,
    "max_gpu_mem": "2.5896",
    "cur_ram": "2.4284",
    "time_epoch": "0:00:07",
    "time_total": "0:00:25",
    "best_train_ner_loss": 1500.1590490722656,
    "train_ner_loss": 110.04118869781495,
    "best_train_sum": 0.0,
    "train_sum": 0.0,
    "best_dev_ner_loss": 1186.0656040736608,
    "dev_ner_loss": 83.97558947971889,
    "best_dev_sum": 0.0,
    "dev_sum": 0.0,
    "best_train_ner_precision": 0.0010680500457735734,
    "best_train_ner_recall": 0.040229885057471264,
    "best_train_ner_span_f1": 0.002080856123662307,
    "train_ner_precision": 0.0,
    "train_ner_recall": 0.0,
    "train_ner_span_f1": 0.0,
    "best_dev_ner_precision": 0.0,
    "best_dev_ner_recall": 0.0,
    "best_dev_ner_span_f1": 0.0,
    "dev_ner_precision": 0.0,
    "dev_ner_recall": 0.0,
    "dev_ner_span_f1": 0.0
}