{
    "epoch": "14/20",
    "best_epoch": 13,
    "max_gpu_mem": "2.5978",
    "cur_ram": "2.4370",
    "time_epoch": "0:00:07",
    "time_total": "0:01:55",
    "best_train_ner_loss": 1.4410997009277344,
    "train_ner_loss": 1.1127036285400391,
    "best_train_sum": 0.9884836852207294,
    "train_sum": 0.9884836852207294,
    "best_dev_ner_loss": 26.671620505196707,
    "dev_ner_loss": 28.059188842773438,
    "best_dev_sum": 0.7559055118110236,
    "dev_sum": 0.7328244274809159,
    "best_train_ner_precision": 0.9809523809523809,
    "best_train_ner_recall": 0.9865900383141762,
    "best_train_ner_span_f1": 0.9837631327602675,
    "train_ner_precision": 0.9903846153846154,
    "train_ner_recall": 0.9865900383141762,
    "train_ner_span_f1": 0.9884836852207294,
    "best_dev_ner_precision": 0.75,
    "best_dev_ner_recall": 0.7619047619047619,
    "best_dev_ner_span_f1": 0.7559055118110236,
    "dev_ner_precision": 0.7058823529411765,
    "dev_ner_recall": 0.7619047619047619,
    "dev_ner_span_f1": 0.7328244274809159
}