{
    "epoch": "4/20",
    "best_epoch": 4,
    "max_gpu_mem": "2.5959",
    "cur_ram": "2.4284",
    "time_epoch": "0:00:07",
    "time_total": "0:00:33",
    "best_train_ner_loss": 59.516620826721194,
    "train_ner_loss": 59.516620826721194,
    "best_train_sum": 0.28998849252013814,
    "train_sum": 0.28998849252013814,
    "best_dev_ner_loss": 39.112754004342214,
    "dev_ner_loss": 39.112754004342214,
    "best_dev_sum": 0.3396226415094339,
    "dev_sum": 0.3396226415094339,
    "best_train_ner_precision": 0.3631123919308357,
    "best_train_ner_recall": 0.2413793103448276,
    "best_train_ner_span_f1": 0.28998849252013814,
    "train_ner_precision": 0.3631123919308357,
    "train_ner_recall": 0.2413793103448276,
    "train_ner_span_f1": 0.28998849252013814,
    "best_dev_ner_precision": 0.28125,
    "best_dev_ner_recall": 0.42857142857142855,
    "best_dev_ner_span_f1": 0.3396226415094339,
    "dev_ner_precision": 0.28125,
    "dev_ner_recall": 0.42857142857142855,
    "dev_ner_span_f1": 0.3396226415094339
}