{
    "epoch": "10/20",
    "best_epoch": 6,
    "max_gpu_mem": "2.5978",
    "cur_ram": "2.4344",
    "time_epoch": "0:00:07",
    "time_total": "0:01:22",
    "best_train_ner_loss": 18.32129772186279,
    "train_ner_loss": 3.163332824707031,
    "best_train_sum": 0.9522900763358778,
    "train_sum": 0.9522900763358778,
    "best_dev_ner_loss": 21.41996111188616,
    "dev_ner_loss": 27.974565778459823,
    "best_dev_sum": 0.7244094488188977,
    "dev_sum": 0.7014925373134329,
    "best_train_ner_precision": 0.7188612099644128,
    "best_train_ner_recall": 0.7739463601532567,
    "best_train_ner_span_f1": 0.7453874538745386,
    "train_ner_precision": 0.9486692015209125,
    "train_ner_recall": 0.9559386973180076,
    "train_ner_span_f1": 0.9522900763358778,
    "best_dev_ner_precision": 0.71875,
    "best_dev_ner_recall": 0.7301587301587301,
    "best_dev_ner_span_f1": 0.7244094488188977,
    "dev_ner_precision": 0.6619718309859155,
    "dev_ner_recall": 0.746031746031746,
    "dev_ner_span_f1": 0.7014925373134329
}