{
    "epoch": "6/20",
    "best_epoch": 6,
    "max_gpu_mem": "5.2851",
    "cur_ram": "2.4321",
    "time_epoch": "0:00:09",
    "time_total": "0:00:59",
    "best_train_ner_loss": 30.56895519185949,
    "train_ner_loss": 30.56895519185949,
    "best_train_sum": 0.4246250986582478,
    "train_sum": 0.4246250986582478,
    "best_dev_ner_loss": 26.52231434413365,
    "dev_ner_loss": 26.52231434413365,
    "best_dev_sum": 0.5333333333333333,
    "dev_sum": 0.5333333333333333,
    "best_train_ner_precision": 0.3674863387978142,
    "best_train_ner_recall": 0.502803738317757,
    "best_train_ner_span_f1": 0.4246250986582478,
    "train_ner_precision": 0.3674863387978142,
    "train_ner_recall": 0.502803738317757,
    "train_ner_span_f1": 0.4246250986582478,
    "best_dev_ner_precision": 0.4731182795698925,
    "best_dev_ner_recall": 0.6111111111111112,
    "best_dev_ner_span_f1": 0.5333333333333333,
    "dev_ner_precision": 0.4731182795698925,
    "dev_ner_recall": 0.6111111111111112,
    "dev_ner_span_f1": 0.5333333333333333
}