{
    "epoch": "11/20",
    "best_epoch": 10,
    "max_gpu_mem": "5.2851",
    "cur_ram": "2.4371",
    "time_epoch": "0:00:09",
    "time_total": "0:01:50",
    "best_train_ner_loss": 8.286873782122576,
    "train_ner_loss": 7.598405449478714,
    "best_train_sum": 0.8888888888888888,
    "train_sum": 0.8888888888888888,
    "best_dev_ner_loss": 21.684839521135604,
    "dev_ner_loss": 20.768783024379186,
    "best_dev_sum": 0.8,
    "dev_sum": 0.7114093959731544,
    "best_train_ner_precision": 0.8810408921933085,
    "best_train_ner_recall": 0.8859813084112149,
    "best_train_ner_span_f1": 0.8835041938490213,
    "train_ner_precision": 0.8807339449541285,
    "train_ner_recall": 0.897196261682243,
    "train_ner_span_f1": 0.8888888888888888,
    "best_dev_ner_precision": 0.7692307692307693,
    "best_dev_ner_recall": 0.8333333333333334,
    "best_dev_ner_span_f1": 0.8,
    "dev_ner_precision": 0.6883116883116883,
    "dev_ner_recall": 0.7361111111111112,
    "dev_ner_span_f1": 0.7114093959731544
}