{
    "epoch": "8/20",
    "best_epoch": 7,
    "max_gpu_mem": "5.2851",
    "cur_ram": "2.4323",
    "time_epoch": "0:00:09",
    "time_total": "0:01:20",
    "best_train_ner_loss": 21.04856692420112,
    "train_ner_loss": 14.813256546303078,
    "best_train_sum": 0.7939508506616256,
    "train_sum": 0.7939508506616256,
    "best_dev_ner_loss": 21.323194776262557,
    "dev_ner_loss": 20.188299451555526,
    "best_dev_sum": 0.7837837837837838,
    "dev_sum": 0.776978417266187,
    "best_train_ner_precision": 0.6766256590509666,
    "best_train_ner_recall": 0.719626168224299,
    "best_train_ner_span_f1": 0.6974637681159421,
    "train_ner_precision": 0.8030592734225621,
    "train_ner_recall": 0.7850467289719626,
    "train_ner_span_f1": 0.7939508506616256,
    "best_dev_ner_precision": 0.7631578947368421,
    "best_dev_ner_recall": 0.8055555555555556,
    "best_dev_ner_span_f1": 0.7837837837837838,
    "dev_ner_precision": 0.8059701492537313,
    "dev_ner_recall": 0.75,
    "dev_ner_span_f1": 0.776978417266187
}