{
    "epoch": "9/20",
    "best_epoch": 7,
    "max_gpu_mem": "5.2851",
    "cur_ram": "2.4323",
    "time_epoch": "0:00:09",
    "time_total": "0:01:30",
    "best_train_ner_loss": 21.04856692420112,
    "train_ner_loss": 11.227775715015552,
    "best_train_sum": 0.8351851851851851,
    "train_sum": 0.8351851851851851,
    "best_dev_ner_loss": 21.323194776262557,
    "dev_ner_loss": 20.86215945652553,
    "best_dev_sum": 0.7837837837837838,
    "dev_sum": 0.7651006711409396,
    "best_train_ner_precision": 0.6766256590509666,
    "best_train_ner_recall": 0.719626168224299,
    "best_train_ner_span_f1": 0.6974637681159421,
    "train_ner_precision": 0.8275229357798165,
    "train_ner_recall": 0.8429906542056075,
    "train_ner_span_f1": 0.8351851851851851,
    "best_dev_ner_precision": 0.7631578947368421,
    "best_dev_ner_recall": 0.8055555555555556,
    "best_dev_ner_span_f1": 0.7837837837837838,
    "dev_ner_precision": 0.7402597402597403,
    "dev_ner_recall": 0.7916666666666666,
    "dev_ner_span_f1": 0.7651006711409396
}