{
    "epoch": "13/20",
    "best_epoch": 13,
    "max_gpu_mem": "5.2851",
    "cur_ram": "2.4371",
    "time_epoch": "0:00:09",
    "time_total": "0:02:09",
    "best_train_ner_loss": 3.825890223185221,
    "train_ner_loss": 3.825890223185221,
    "best_train_sum": 0.9425925925925925,
    "train_sum": 0.9425925925925925,
    "best_dev_ner_loss": 18.056817735944474,
    "dev_ner_loss": 18.056817735944474,
    "best_dev_sum": 0.802721088435374,
    "dev_sum": 0.802721088435374,
    "best_train_ner_precision": 0.9339449541284404,
    "best_train_ner_recall": 0.9514018691588785,
    "best_train_ner_span_f1": 0.9425925925925925,
    "train_ner_precision": 0.9339449541284404,
    "train_ner_recall": 0.9514018691588785,
    "train_ner_span_f1": 0.9425925925925925,
    "best_dev_ner_precision": 0.7866666666666666,
    "best_dev_ner_recall": 0.8194444444444444,
    "best_dev_ner_span_f1": 0.802721088435374,
    "dev_ner_precision": 0.7866666666666666,
    "dev_ner_recall": 0.8194444444444444,
    "dev_ner_span_f1": 0.802721088435374
}