{
    "epoch": "10/20",
    "best_epoch": 10,
    "max_gpu_mem": "5.2851",
    "cur_ram": "2.4323",
    "time_epoch": "0:00:09",
    "time_total": "0:01:39",
    "best_train_ner_loss": 8.286873782122576,
    "train_ner_loss": 8.286873782122576,
    "best_train_sum": 0.8835041938490213,
    "train_sum": 0.8835041938490213,
    "best_dev_ner_loss": 21.684839521135604,
    "dev_ner_loss": 21.684839521135604,
    "best_dev_sum": 0.8,
    "dev_sum": 0.8,
    "best_train_ner_precision": 0.8810408921933085,
    "best_train_ner_recall": 0.8859813084112149,
    "best_train_ner_span_f1": 0.8835041938490213,
    "train_ner_precision": 0.8810408921933085,
    "train_ner_recall": 0.8859813084112149,
    "train_ner_span_f1": 0.8835041938490213,
    "best_dev_ner_precision": 0.7692307692307693,
    "best_dev_ner_recall": 0.8333333333333334,
    "best_dev_ner_span_f1": 0.8,
    "dev_ner_precision": 0.7692307692307693,
    "dev_ner_recall": 0.8333333333333334,
    "dev_ner_span_f1": 0.8
}