{
    "epoch": "3/20",
    "best_epoch": 1,
    "max_gpu_mem": "5.2760",
    "cur_ram": "2.4266",
    "time_epoch": "0:00:09",
    "time_total": "0:00:29",
    "best_train_ner_loss": 1590.135036892361,
    "train_ner_loss": 106.99897635424578,
    "best_train_sum": 0.0,
    "train_sum": 0.0,
    "best_dev_ner_loss": 1443.284702845982,
    "dev_ner_loss": 100.72173527308873,
    "best_dev_sum": 0.0,
    "dev_sum": 0.0,
    "best_train_ner_precision": 0.0,
    "best_train_ner_recall": 0.0,
    "best_train_ner_span_f1": 0.0,
    "train_ner_precision": 0.0,
    "train_ner_recall": 0.0,
    "train_ner_span_f1": 0.0,
    "best_dev_ner_precision": 0.0,
    "best_dev_ner_recall": 0.0,
    "best_dev_ner_span_f1": 0.0,
    "dev_ner_precision": 0.0,
    "dev_ner_recall": 0.0,
    "dev_ner_span_f1": 0.0
}