{
    "epoch": "18/20",
    "best_epoch": 13,
    "max_gpu_mem": "5.2851",
    "cur_ram": "2.4373",
    "time_epoch": "0:00:09",
    "time_total": "0:02:58",
    "best_train_ner_loss": 3.825890223185221,
    "train_ner_loss": 1.399884859720866,
    "best_train_sum": 0.9813432835820896,
    "train_sum": 0.9813432835820896,
    "best_dev_ner_loss": 18.056817735944474,
    "dev_ner_loss": 25.246874128069198,
    "best_dev_sum": 0.802721088435374,
    "dev_sum": 0.7945205479452055,
    "best_train_ner_precision": 0.9339449541284404,
    "best_train_ner_recall": 0.9514018691588785,
    "best_train_ner_span_f1": 0.9425925925925925,
    "train_ner_precision": 0.9795158286778398,
    "train_ner_recall": 0.983177570093458,
    "train_ner_span_f1": 0.9813432835820896,
    "best_dev_ner_precision": 0.7866666666666666,
    "best_dev_ner_recall": 0.8194444444444444,
    "best_dev_ner_span_f1": 0.802721088435374,
    "dev_ner_precision": 0.7837837837837838,
    "dev_ner_recall": 0.8055555555555556,
    "dev_ner_span_f1": 0.7945205479452055
}