{
    "epoch": "2/20",
    "best_epoch": 1,
    "max_gpu_mem": "7.4539",
    "cur_ram": "2.7543",
    "time_epoch": "0:00:13",
    "time_total": "0:00:25",
    "best_train_ner_loss": 1178.5474670410156,
    "train_ner_loss": 378.805560874939,
    "best_train_sum": 0.0011918951132300357,
    "train_sum": 0.0011918951132300357,
    "best_dev_ner_loss": 837.9120832170759,
    "dev_ner_loss": 118.30087743486676,
    "best_dev_sum": 0.0,
    "dev_sum": 0.0,
    "best_train_ner_precision": 0.0006054601497137824,
    "best_train_ner_recall": 0.02095238095238095,
    "best_train_ner_span_f1": 0.0011769111432086876,
    "train_ner_precision": 0.0008673026886383347,
    "train_ner_recall": 0.0019047619047619048,
    "train_ner_span_f1": 0.0011918951132300357,
    "best_dev_ner_precision": 0.0,
    "best_dev_ner_recall": 0.0,
    "best_dev_ner_span_f1": 0.0,
    "dev_ner_precision": 0.0,
    "dev_ner_recall": 0.0,
    "dev_ner_span_f1": 0.0
}