{
    "epoch": "6/20",
    "best_epoch": 6,
    "max_gpu_mem": "7.4545",
    "cur_ram": "2.7552",
    "time_epoch": "0:00:13",
    "time_total": "0:01:24",
    "best_train_ner_loss": 14.255128860473633,
    "train_ner_loss": 14.255128860473633,
    "best_train_sum": 0.8145386766076421,
    "train_sum": 0.8145386766076421,
    "best_dev_ner_loss": 21.8629880632673,
    "dev_ner_loss": 21.8629880632673,
    "best_dev_sum": 0.7657142857142857,
    "dev_sum": 0.7657142857142857,
    "best_train_ner_precision": 0.7974452554744526,
    "best_train_ner_recall": 0.8323809523809523,
    "best_train_ner_span_f1": 0.8145386766076421,
    "train_ner_precision": 0.7974452554744526,
    "train_ner_recall": 0.8323809523809523,
    "train_ner_span_f1": 0.8145386766076421,
    "best_dev_ner_precision": 0.7444444444444445,
    "best_dev_ner_recall": 0.788235294117647,
    "best_dev_ner_span_f1": 0.7657142857142857,
    "dev_ner_precision": 0.7444444444444445,
    "dev_ner_recall": 0.788235294117647,
    "dev_ner_span_f1": 0.7657142857142857
}