{
    "epoch": "7/20",
    "best_epoch": 7,
    "max_gpu_mem": "7.4545",
    "cur_ram": "2.7552",
    "time_epoch": "0:00:13",
    "time_total": "0:01:39",
    "best_train_ner_loss": 8.909224548339843,
    "train_ner_loss": 8.909224548339843,
    "best_train_sum": 0.880301602262017,
    "train_sum": 0.880301602262017,
    "best_dev_ner_loss": 20.44152750287737,
    "dev_ner_loss": 20.44152750287737,
    "best_dev_sum": 0.7906976744186047,
    "dev_sum": 0.7906976744186047,
    "best_train_ner_precision": 0.871268656716418,
    "best_train_ner_recall": 0.8895238095238095,
    "best_train_ner_span_f1": 0.880301602262017,
    "train_ner_precision": 0.871268656716418,
    "train_ner_recall": 0.8895238095238095,
    "train_ner_span_f1": 0.880301602262017,
    "best_dev_ner_precision": 0.7816091954022989,
    "best_dev_ner_recall": 0.8,
    "best_dev_ner_span_f1": 0.7906976744186047,
    "dev_ner_precision": 0.7816091954022989,
    "dev_ner_recall": 0.8,
    "dev_ner_span_f1": 0.7906976744186047
}