{
    "epoch": "19/20",
    "best_epoch": 14,
    "max_gpu_mem": "7.4639",
    "cur_ram": "2.7554",
    "time_epoch": "0:00:13",
    "time_total": "0:04:30",
    "best_train_ner_loss": 0.8110937118530274,
    "train_ner_loss": 0.38567169189453127,
    "best_train_sum": 0.9933396764985728,
    "train_sum": 0.9933396764985728,
    "best_dev_ner_loss": 28.904313768659318,
    "dev_ner_loss": 32.928253173828125,
    "best_dev_sum": 0.8187134502923977,
    "dev_sum": 0.8000000000000002,
    "best_train_ner_precision": 0.9867172675521821,
    "best_train_ner_recall": 0.9904761904761905,
    "best_train_ner_span_f1": 0.988593155893536,
    "train_ner_precision": 0.9923954372623575,
    "train_ner_recall": 0.9942857142857143,
    "train_ner_span_f1": 0.9933396764985728,
    "best_dev_ner_precision": 0.813953488372093,
    "best_dev_ner_recall": 0.8235294117647058,
    "best_dev_ner_span_f1": 0.8187134502923977,
    "dev_ner_precision": 0.8,
    "dev_ner_recall": 0.8,
    "dev_ner_span_f1": 0.8000000000000002
}