{
    "epoch": "14/20",
    "best_epoch": 14,
    "max_gpu_mem": "7.4639",
    "cur_ram": "2.7553",
    "time_epoch": "0:00:13",
    "time_total": "0:03:19",
    "best_train_ner_loss": 0.8110937118530274,
    "train_ner_loss": 0.8110937118530274,
    "best_train_sum": 0.988593155893536,
    "train_sum": 0.988593155893536,
    "best_dev_ner_loss": 28.904313768659318,
    "dev_ner_loss": 28.904313768659318,
    "best_dev_sum": 0.8187134502923977,
    "dev_sum": 0.8187134502923977,
    "best_train_ner_precision": 0.9867172675521821,
    "best_train_ner_recall": 0.9904761904761905,
    "best_train_ner_span_f1": 0.988593155893536,
    "train_ner_precision": 0.9867172675521821,
    "train_ner_recall": 0.9904761904761905,
    "train_ner_span_f1": 0.988593155893536,
    "best_dev_ner_precision": 0.813953488372093,
    "best_dev_ner_recall": 0.8235294117647058,
    "best_dev_ner_span_f1": 0.8187134502923977,
    "dev_ner_precision": 0.813953488372093,
    "dev_ner_recall": 0.8235294117647058,
    "dev_ner_span_f1": 0.8187134502923977
}