{
    "epoch": "10/20",
    "best_epoch": 10,
    "max_gpu_mem": "7.4545",
    "cur_ram": "2.7552",
    "time_epoch": "0:00:13",
    "time_total": "0:02:22",
    "best_train_ner_loss": 3.116936264038086,
    "train_ner_loss": 3.116936264038086,
    "best_train_sum": 0.9659090909090909,
    "train_sum": 0.9659090909090909,
    "best_dev_ner_loss": 24.55056163242885,
    "dev_ner_loss": 24.55056163242885,
    "best_dev_sum": 0.7976878612716763,
    "dev_sum": 0.7976878612716763,
    "best_train_ner_precision": 0.96045197740113,
    "best_train_ner_recall": 0.9714285714285714,
    "best_train_ner_span_f1": 0.9659090909090909,
    "train_ner_precision": 0.96045197740113,
    "train_ner_recall": 0.9714285714285714,
    "train_ner_span_f1": 0.9659090909090909,
    "best_dev_ner_precision": 0.7840909090909091,
    "best_dev_ner_recall": 0.8117647058823529,
    "best_dev_ner_span_f1": 0.7976878612716763,
    "dev_ner_precision": 0.7840909090909091,
    "dev_ner_recall": 0.8117647058823529,
    "dev_ner_span_f1": 0.7976878612716763
}