{
    "epoch": "1/20",
    "best_epoch": 1,
    "max_gpu_mem": "3.4488",
    "cur_ram": "2.7353",
    "time_epoch": "0:00:07",
    "time_total": "0:00:10",
    "best_train_ner_loss": 1178.5474670410156,
    "train_ner_loss": 1178.5474670410156,
    "best_train_sum": 0.0011769111432086876,
    "train_sum": 0.0011769111432086876,
    "best_dev_ner_loss": 837.9120832170759,
    "dev_ner_loss": 837.9120832170759,
    "best_dev_sum": 0.0,
    "dev_sum": 0.0,
    "best_train_ner_precision": 0.0006054601497137824,
    "best_train_ner_recall": 0.02095238095238095,
    "best_train_ner_span_f1": 0.0011769111432086876,
    "train_ner_precision": 0.0006054601497137824,
    "train_ner_recall": 0.02095238095238095,
    "train_ner_span_f1": 0.0011769111432086876,
    "best_dev_ner_precision": 0.0,
    "best_dev_ner_recall": 0.0,
    "best_dev_ner_span_f1": 0.0,
    "dev_ner_precision": 0.0,
    "dev_ner_recall": 0.0,
    "dev_ner_span_f1": 0.0
}